Title,Title_Core,Title_Extra,Author,Author_Core,Author_Extra,Author_1,Author_Core_1,Author_Role_1,Author_2,Author_Core_2,Author_Role_2,Author_3,Author_Core_3,Author_Role_3,Author_4,Author_Core_4,Author_Role_4,Author_5,Author_Core_5,Author_Role_5,Author_6,Author_Core_6,Author_Role_6,Publisher,Publisher_1,Publisher_2,Publisher_Location,Publication_Month,Year,Edition,Format（开本）,Print_Run,Price[元],Market_Exchange_price_9品[元],Market_Exchange_Price_10品[元],Source,Category/Chapter,Footnotes,Comments,Original_OCR_Data,OCR_Process
一支驳壳枪,一支驳壳枪,,改编：集体 绘画：戴敦邦,,,改编：集体,集体,改编,绘画：戴敦邦,戴敦邦,绘画,,,,,,,,,,,,,上海人民,上海人民,,上海,6,1972,1版1次,60,,0.08,20,80,Ref002:1,单册：壹划,,,一支驳壳枪/出版社：上海人民/改编：集体/绘画：戴敦邦/72年6月1版1次60开/印数：未详定价：0.08元/市场交流价：/9品：20元/10品：80元,PaddlePaddle
一张奇怪的药方,一张奇怪的药方,,改编：刘汉勤 绘画：集体,,,改编：刘汉勤,刘汉勤,改编,绘画：集体,集体,绘画,,,,,,,,,,,,,山东人民,山东人民,,济南,6,1975,1版1次,60,110万,0.13,10,20,Ref002:1,单册：壹划,,,一张奇怪的药方/出版社：山东人民/改编：刘汉勤/绘画：集体/75年6月1版1次60开/印数：110万定价：0.13元/市场交流价：/9品：10元/10品：20元,PaddlePaddle
一块银元,一块银元,,改编：集体 绘画：集体,,,改编：集体,集体,改编,绘画：集体,集体,绘画,,,,,,,,,,,,,人民美术,人民美术,,,1,1972,1版1次,60,,0.11,10,25,Ref002:1,单册：壹划,,,一块银元/出版社：人民美术/改编：集体/绘画：集体/72年1月1版1次60开/印数：未详定价：0.11元/市场交流价：/9品：10元/10品：25元,PaddlePaddle
一颗红心献人民,一颗红心献人民,,改编：集体 绘画：集体,,,改编：集体,集体,改编,绘画：集体,集体,绘画,,,,,,,,,,,,,人民美术,人民美术,,,3,1972,1版1次,60,,0.1,25,60,Ref002:1,单册：壹划,,,一颗红心献人民/出版社：人民美术/改编：集体/绘画：集体/72年3月1版1次60开/印数：未详定价：0.10元/市场交流价：/9品：25元/10品：60元,PaddlePaddle
一块风化石,一块风化石,,改编：集体 绘画：集体,,,改编：集体,集体,改编,绘画：集体,集体,绘画,,,,,,,,,,,,,广东人民,广东人民,,广州,5,1972,1版1次,60,,0.08,40,120,Ref002:1,单册：壹划,,,一块风化石/出版社：广东人民/改编：集体/绘画：集体/72年5月1版1次60开/印数：未详定价：0.08元/市场交流价：/9品：40元/10品：120元,PaddlePaddle
一匹枣骝马,一匹枣骝马,,改编：柳家新 绘画：关庆留张树文,,,改编：柳家新,柳家新,改编,绘画：关庆留,关庆留,绘画,绘画：张树文,张树文,绘画,,,,,,,,,,陕西人民,陕西人民,,西安,1,1975,1版2次,60,50万,0.08,15.元[sic.],30,Ref002:1,单册：壹划,,,一匹枣骝马/出版社：陕西人民/改编：柳家新/绘画：关庆留张树文/75年1月1版2次60开/印数：50万定价：0.08元/市场交流价：/9品：15.元/10品：30元,PaddlePaddle
一把火,一把火,,改编：嵋石 绘画：王云光,,,改编：嵋石,嵋石,改编,绘画：王云光,王云光,绘画,,,,,,,,,,,,,辽宁人民美术,辽宁人民美术,,沈阳,2,1976,1版1次,64,30万,0.1,5,10,Ref002:1,单册：壹划,,,一把火/出版社：辽宁人民美术/改编：嵋石/绘画：王云光/76年2月1版1次64开/印数：30万定价：0.10元/市场交流价：/9品：5元/10品：10元,PaddlePaddle
一担水,一担水,,改编：贾明 绘画：振宇徐希,,,改编：贾明,贾明,改编,绘画：振宇,振宇,绘画,绘画：徐希,徐希,绘画,,,,,,,,,,人民美术,人民美术,,,9,1974,1版1次,64,100万,0.09,8,15,Ref002:1,单册：壹划,,Sic._Author_Core_3,7/一担水/出版社：人民美术/改编：贾明/绘画：振宇徐希/74年9月1版1次64开/印数：100万定价：0.09元/市场交流价：/9品：8元/10品：15元,PaddlePaddle
一次伏击战,一次伏击战,,改编：汪涛 绘画：张为民,,,改编：汪涛,汪涛,改编,绘画：张为民,张为民,绘画,,,,,,,,,,,,,浙江人民美术,浙江人民美术,,杭州,12,1972,1版1次,60,,0.07,10,25,Ref002:2,单册：壹划,,,一次伏击战/出版社：浙江人民美术/改编：汪涛/绘画：张为民/72年12月1版1次60开/印数：未详定价：0.07元/市场交流价：/9品：10元/10品：25元,PaddlePaddle
“一二五”赞歌（上）,“一二五”赞歌,（上）,改编：集体 绘画：集体,,,改编：集体,集体,改编,绘画：集体,集体,绘画,,,,,,,,,,,,,上海人民,上海人民,,上海,12,1971,1版1次,60,,0.14,,,Ref002:2,单册：壹划,,,“—二五”赞歌(上)/出版社：上海人民/改编：集体/绘画：集体/71年12月1版1次60开/印数：未详定价：0.14元,PaddlePaddle
“一二五”赞歌（下）,“一二五”赞歌,（下）,改编：集体 绘画：集体,,,改编：集体,集体,改编,绘画：集体,集体,绘画,,,,,,,,,,,,,上海人民,上海人民,,上海,12,1971,1版1次,60,,0.14,200（全套）,500,Ref002:2,单册：壹划,,,“一二五”赞歌(下)/出版社：上海人民/改编：集体/绘画：集体/71年12月1版1次60开/印数：未详定价：0.14元/市场交流价：/9品：200元（全套）/10品：500元,PaddlePaddle
一片丹心为人民,一片丹心为人民,,改编：集体 绘画：集体,,,改编：集体,集体,改编,绘画：集体,集体,绘画,,,,,,,,,,,,,吉林人民,吉林人民,,长春,12,1971,1版1次,60,,0.14,,,Ref002:2,单册：壹划,,,一片丹心为人民/出版社：吉林人民/改编：集体/绘画：集体/71年12月1版1次60开/印数：未详定价：0.14元/市场交流价：/9品：元/10品：元,PaddlePaddle
一张赌据,一张赌据,,改编：张丽英等 绘画：吴绍人,,,改编：张丽英,张丽英,改编,改编：等,等,改编,绘画：吴绍人,吴绍人,绘画,,,,,,,,,,河北美术,河北美术,,石家庄,11,1983,1版1次,64,11万,0.14,15,25,Ref002:2,单册：壹划,,,一张赌据/出版社：河北美术/改编：张丽英等/绘画：吴绍人/83年11月1版1次64开/印数：11万定价：0.14元/市场交流价：/9品：15元/10品：25元,PaddlePaddle
一件怪事,一件怪事,,改编：王根泉 绘画：汪观清,,,改编：王根泉,王根泉,改编,绘画：汪观清,汪观清,绘画,,,,,,,,,,,,,上海人民美术,上海人民美术,,上海,1,1984,2版2次,60,38万,0.13,25,40,Ref002:2,单册：壹划,,,一件怪事/出版社：上海人民美术/改编：王根泉/绘画：汪观清/84年1月2版2次60开/印数：38万定价：0.13元/市场交流价：/9品：25元/10品：40元,PaddlePaddle
少女和一千个追求者,少女和一千个追求者,,改编：裴石 绘画：裴石,,,改编：裴石,裴石,改编,绘画：裴石,裴石,绘画,,,,,,,,,,,,,天津人民美术,天津人民美术,,天津,7,1985,1版1次,64,33.25万,0.36,5,15,Ref002:2,单册：壹划,,,少女和一千个追求者/出版社：天津人民美术/改编：裴石/绘画：裴石/85年7月1版1次64开/印数：33.25万定价：0.36元/市场交流价：/9品：5元/10品：15元,PaddlePaddle
一个少女和一千个追求者,一个少女和一千个追求者,,改编：王素一 绘画：侯滨侯伟等,,,改编：王素一,王素一,改编,绘画：侯滨侯伟,侯滨侯伟,绘画,绘画：等,等,绘画,,,,,,,,,,中国连环画,中国连环画,,北京,12,1987,1版1次,64,5.1万,0.65,10,20,Ref002:2,单册：壹划,,Sic._Author_Core_2,一个少女和一千个追求者/出版社：中国连环画/改编：王素一/绘画：侯滨侯伟等/87年12月1版1次64开/印数：5.1万定价：0.65元/市场交流价：/9品：10元/10品：20元,PaddlePaddle
一袋金币,一袋金币,,改编：王根泉 绘画：殷光宇,,,改编：王根泉,王根泉,改编,绘画：殷光宇,殷光宇,绘画,,,,,,,,,,,,,上海人民美术,上海人民美术,,上海,1,1979,1版1次,64,70万,0.13,15,30,Ref002:3,单册：壹划,,,一袋金币/出版社：上海人民美术/改编：王根泉/绘画：殷光宇/79年1月1版1次64开/印数：70万 定价：0.13元/市场交流价：/9品：15元/10品：30元,PaddlePaddle
一夜新娘,一夜新娘,,改编：韦镭 绘画：梁启德,,,改编：韦镭,韦镭,改编,绘画：梁启德,梁启德,绘画,,,,,,,,,,,,,广西人民,广西人民,,南宁,8,1986,1版1次,64,6.15万,0.3,5,10,Ref002:3,单册：壹划,,,一夜新娘/出版社：广西人民/改编：韦镭/绘画：梁启德/86年8月1版1次64开/印数：6.15万定价：0.30元/市场交流价：/9品：5元/10品：10元,PaddlePaddle
一代球王,一代球王,,编文：子君 绘画：赵淑钦,,,编文：子君,子君,编文,绘画：赵淑钦,赵淑钦,绘画,,,,,,,,,,,,,岭南美术,岭南美术,,广州,8,1983,1版1次,64,10万,0.32,5,10,Ref002:3,单册：壹划,,,一代球王/出版社：岭南美术/编文：子君/绘画：赵淑钦/83年8月1版1次64开/印数：10万定价：0.32元/市场交流价：/9品：5元/10品：10元,PaddlePaddle
人变狐狸,人变狐狸,,改编：吴荆父 绘画：陈文光等,,,改编：吴荆父,吴荆父,改编,绘画：陈文光,陈文光,绘画,绘画：等,等,绘画,,,,,,,,,,广东人民,广东人民,,广州,12,1981,1版1次,64,68.1万,0.22,5,10,Ref002:3,单册：贰划,,,人变狐狸/出版社：广东人民/改编：吴荆父/绘画：陈文光等/81年12月1版1次64开/印数：68.1万定价：0.22元/市场交流价：/9品：5元/10品：10元,PaddlePaddle
七星剑传奇,七星剑传奇,,改编：菡原 绘画：何国华,,,改编：菡原,菡原,改编,绘画：何国华,何国华,绘画,,,,,,,,,,,,,河北美术,河北美术,,石家庄,8,1985,1版1次,64,43.2万,0.28,3,8,Ref002:3,单册：贰划,,,七星剑传奇/出版社：河北美术/改编：菡原/绘画：何国华/85年8月1版1次64开/印数：43.2万定价：0.28元/市场交流价：/9品：3元/10品：8元,PaddlePaddle
七星剑,七星剑,,改编：唐福春 绘画：肖天智,,,改编：唐福春,唐福春,改编,绘画：肖天智,肖天智,绘画,,,,,,,,,,,,,贵州人民,贵州人民,,贵阳,2,1984,1版1次,64,30万,0.17,4,10,Ref002:3,单册：贰划,,,七星剑/出版社：贵州人民/改编：唐福春/绘画：肖天智/84年2月1版1次64开/印数：30万定价：0.17元/市场交流价：/9品：4元/10品：10元,PaddlePaddle
八哥媒,八哥媒,,编文：杨木 绘画：项维仁,,,编文：杨木,杨木,编文,绘画：项维仁,项维仁,绘画,,,,,,,,,,,,,中国民间文艺,中国民间文艺,,北京,6,1985,1版1次,64,,0.16,10,15,Ref002:3,单册：贰划,,,八哥媒/出版社：中国民间文艺/编文：杨木/绘画：项维仁/85年6月1版1次64开/印数：未详定价：0.16元/市场交流价：/9品：10元/10品：15元,PaddlePaddle
八百鞭子,八百鞭子,,改编：吕荫樾 绘画：苏诗敏,,,改编：吕荫樾,吕荫樾,改编,绘画：苏诗敏,苏诗敏,绘画,,,,,,,,,,,,,河北美术,河北美术,,石家庄,5,1982,1版2次,64,63.5万,0.09,15,25,Ref002:3,单册：贰划,,,八百鞭子/出版社：河北美术/改编：吕荫/绘画：苏诗敏/82年5月1版2次64开/印数：63.5万定价：0.09元/市场交流价：/9品：15元/10品：25元,PaddlePaddle
八仙闹海,八仙闹海,,改编：李英群 绘画：姚柏肖梅清,,,改编：李英群,李英群,改编,绘画：姚柏,姚柏,绘画,绘画：肖梅清,肖梅清,绘画,,,,,,,,,,岭南美术,岭南美术,,广州,6,1983,1版2次,64,128.74万,0.18,15,30,Ref002:4,单册：贰划,,,八仙闹海/出版社：岭南美术/改编：李英群/绘画：姚柏肖梅清/83年6月1版2次64开/印数：128.74万定价：0.18元/市场交流价：/9品：15元/10品：30元,PaddlePaddle
十五贯,十五贯,,改编：王肇歧 绘画：贺友直,,,改编：王肇歧,王肇歧,改编,绘画：贺友直,贺友直,绘画,,,,,,,,,,,,,上海人民美术,上海人民美术,,上海,2,1979,1版1次,64,70万,0.16,60,200,Ref002:4,单册：贰划,,,十五贯/出版社：上海人民美术/改编：王肇歧/绘画：贺友直/79年2月1版1次64开/印数：70万定价：0.16元/市场交流价：/9品：60元/10品：200元,PaddlePaddle
人参姑娘,人参姑娘,,改编：王兆田 绘画：赵丁,,,改编：王兆田,王兆田,改编,绘画：赵丁,赵丁,绘画,,,,,,,,,,,,,人民美术,人民美术,,,4,1982,1版1次,64,9.8万,0.12,5,10,Ref002:4,单册：贰划,,,0/人参姑娘/出版社：人民美术/改编：王兆田/绘画：赵丁/82年4月1版1次64开/印数：9.8万定价：0.12元/市场交流价：/9品：5元/10品：10元,PaddlePaddle
二闯虎头礁,二闯虎头礁,,改编：田彩 绘画：罗兴,,,改编：田彩,田彩,改编,绘画：罗兴,罗兴,绘画,,,,,,,,,,,,,上海人民,上海人民,,上海,9,1973,1版1次,60,40万,0.12,20,50,Ref002:4,单册：贰划,,,二闯虎头礁/出版社：上海人民/改编：田彩/绘画：罗兴/73年9月1版1次60开/印数：40万定价：0.12元/市场交流价：/9品：20元/10品：50元,PaddlePaddle
力争上游,力争上游,,改编：集体 绘画：集体,,,改编：集体,集体,改编,绘画：集体,集体,绘画,,,,,,,,,,,,,上海人民,上海人民,,上海,4,1973,1版1次,60,40万,0.11,15,30,Ref002:4,单册：贰划,,,力争上游/出版社：上海人民/改编：集体/绘画：集体/73年4月1版1次60开/印数：40万定价：0.11元/市场交流价：/9品：15元/10品：30元,PaddlePaddle
儿童团长,儿童团长,,改编：杨志远 绘画：翟万英王大鹏,,,改编：杨志远,杨志远,改编,绘画：翟万英,翟万英,绘画,绘画：王大鹏,王大鹏,绘画,,,,,,,,,,辽宁人民,辽宁人民,,沈阳,5,1974,2版1次,64,,0.11,15,25,Ref002:4,单册：贰划,,,儿童团长/出版社：辽宁人民/改编：杨志远/绘画：翟万英王大鹏/74年5月2版1次64开/印数：未详定价：0.11元/市场交流价：/9品：15元/10品：25元,PaddlePaddle
儿童团长,儿童团长,,改编：杨志远 绘画：翟万英王大鹏,,,改编：杨志远,杨志远,改编,绘画：翟万英,翟万英,绘画,绘画：王大鹏,王大鹏,绘画,,,,,,,,,,辽宁人民,辽宁人民,,沈阳,4,1972,1版1次,60,,0.11,25,80,Ref002:4,单册：贰划,,,儿童团长/出版社：辽宁人民/改编：杨志远/绘画：翟万英王大鹏/72年4月1版1次60开/印数：未详定价：0.11元/市场交流价：/9品：25元/10品：80元,PaddlePaddle
八个“红小鬼”,八个“红小鬼”,,改编：张斌刘国良 绘图：沈在召 绘画：谢平,,,改编：张斌,张斌,改编,改编：刘国良,刘国良,改编,绘图：沈在召,沈在召,绘图,绘画：谢平,谢平,绘画,,,,,,,福建人民,福建人民,,福州,12,1973,1版1次,60,50万,0.07,15,25,Ref002:4,单册：贰划,,,八个“红小鬼”/出版社：福建人民/改编：张斌刘国良/绘图：沈在召谢平/73年12月1版1次60开/印数：50万定价：0.07元/市场交流价：/9品：15元/10品：25元,PaddlePaddle
九号公路大捷,九号公路大捷,,改编：集体 绘画：集体,,,改编：集体,集体,改编,绘画：集体,集体,绘画,,,,,,,,,,,,,上海人民,上海人民,,上海,9,1971,1版1次,60,,0.09,25,45,Ref002:5,单册：贰划,,,九号公路大捷/出版社：上海人民/改编：集体/绘画：集体/71年9月1版1次60开/印数：未详定价：0.09元/市场交流价：/9品：25元/10品：45元,PaddlePaddle
十九粮店,十九粮店,,改编：集体 绘画：集体,,,改编：集体,集体,改编,绘画：集体,集体,绘画,,,,,,,,,,,,,陕西人民,陕西人民,,西安,6,1971,1版1次,60,,0.13,60,150,Ref002:5,单册：贰划,,,十九粮店/出版社：陕西人民/改编：集体/绘画：集体/71年6月1版1次60开/印数：未详定价：0.13元/市场交流价：/9品：60元/10品：150元,PaddlePaddle
丁寨“铁西瓜”,丁寨“铁西瓜”,,改编：集体 绘画：集体,,,改编：集体,集体,改编,绘画：集体,集体,绘画,,,,,,,,,,,,,山东人民,山东人民,,济南,7,1973,1版2次,60,145万,0.11,10,25,Ref002:5,单册：贰划,,,丁寨“铁西瓜”/出版社：山东人民/改编：集体/绘画：集体/73年7月1版2次60开/印数：145万定价：0.11元/市场交流价：/9品：10元/10品：25元,PaddlePaddle
八一风暴,八一风暴,,改编：华士明 绘画：王勉顾曾平,,,改编：华士明,华士明,改编,绘画：王勉,王勉,绘画,绘画：顾曾平,顾曾平,绘画,,,,,,,,,,江苏人民,江苏人民,,南京,3,1978,1版1次,64,,0.16,20,35,Ref002:5,单册：贰划,,,八一风暴/出版社：江苏人民/改编：华士明/绘画：王勉、顾曾平/78年3月1版1次64开/印数：未详定价：0.16元/市场交流价：/9品：20元/10品：35元,PaddlePaddle
七月槐花香,七月槐花香,,改编：南箴 绘画：丁世昌金建华,,,改编：南箴,南箴,改编,绘画：丁世昌,丁世昌,绘画,绘画：金建华,金建华,绘画,,,,,,,,,,江苏人民,江苏人民,,南京,5,1974,1版1次,64,40万,0.12,5,8,Ref002:5,单册：贰划,,,七月槐花香/出版社：江苏人民/改编：南箴/绘画：丁世昌金建华/74年5月1版1次64开/印数：40万定价：0.12元/市场交流价：/9品：5元/10品：8元,PaddlePaddle
十二品正官,十二品正官,,改编：华士明 绘画：胡博综,,,改编：华士明,华士明,改编,绘画：胡博综,胡博综,绘画,,,,,,,,,,,,,江苏人民,江苏人民,,南京,9,1980,1版1次,64,4.052万,0.09,10,25,Ref002:5,单册：贰划,,,十二品正官/出版社：江苏人民/改编：华士明/绘画：胡博综/80年9月1版1次64开/印数：4.052万定价：0.09元/市场交流价：/9品：10元/10品：25元,PaddlePaddle
七进阿佤山,七进阿佤山,,改编：刘治贵 绘画：徐恒瑜吴寿石,,,改编：刘治贵,刘治贵,改编,绘画：徐恒瑜,徐恒瑜,绘画,绘画：吴寿石,吴寿石,绘画,,,,,,,,,,四川人民,四川人民,,成都,1,1983,1版1次,64,19.8万,0.18,80,150,Ref002:5,单册：贰划,,,七进阿佤山/出版社：四川人民/改编：刘治贵/绘画：徐恒瑜 吴寿石/83年1月1版1次64开/印数：19.8万定价：0.18元/市场交流价：/9品：80元/10品：150元,PaddlePaddle
人民列车,人民列车,,编文：集体 绘画：集体,,,编文：集体,集体,编文,绘画：集体,集体,绘画,,,,,,,,,,,,,天津人民美术,天津人民美术,,天津,9,1973,1版2次,64,,0.15,6,12,Ref002:5,单册：贰划,,,人民列车/出版社：天津人民美术/编文：集体/绘画：集体/73年9月1版2次64开/印数：未详定价：0.15元/市场交流价：/9品：6元/10品：12元,PaddlePaddle
人生,人生,,改编：马慧 绘画：高廷智张省莉,,,改编：马慧,马慧,改编,绘画：高廷智,高廷智,绘画,绘画：张省莉,张省莉,绘画,,,,,,,,,,陕西人民美术,陕西人民美术,,西安,12,1984,1版1次,64,22.57万,0.19,15,25,Ref002:6,单册：贰划,,,人生/出版社：陕西人民美术/改编：马慧/绘画：高廷智张省莉/84年12月1版1次64开/印数：22.57万定价：0.19元/市场交流价：/9品：15元/10品：25元,PaddlePaddle
人生,人生,,改编：张钟龄 绘画：颜宝臻,,,改编：张钟龄,张钟龄,改编,绘画：颜宝臻,颜宝臻,绘画,,,,,,,,,,,,,天津人民美术,天津人民美术,,天津,12,1983,1版1次,64,17.6万,0.13,15,30,Ref002:6,单册：贰划,,,人生/出版社：天津人民美术/改编：张钟龄/绘画：颜宝臻/83年12月1版1次64开/印数：17.6万定价：0.13元/市场交流价：/9品：15元/10品：30元,PaddlePaddle
二月风暴,二月风暴,,改编：雁羽 绘画：王纯信王聪,,,改编：雁羽,雁羽,改编,绘画：王纯信,王纯信,绘画,绘画：王聪,王聪,绘画,,,,,,,,,,黑龙江人民,黑龙江人民,,哈尔滨,9,1978,1版1次,64,21万,0.09,8,15,Ref002:6,单册：贰划,,Sic._Author_Core_3,二月风暴/出版社：黑龙江人民/改编：雁羽/绘画：王纯信王聪/78年9月1版1次64开/印数：21万定价：0.09元/市场交流价：/9品：8元/10品：15元,PaddlePaddle
二泉映月,二泉映月,,改编：吴炳伟等 绘画：毛震耀,,,改编：吴炳伟,吴炳伟,改编,改编：等,等,改编,绘画：毛震耀,毛震耀,绘画,,,,,,,,,,上海人民美术,上海人民美术,,上海,12,1980,1版1次,64,70万,0.13,8,15,Ref002:6,单册：贰划,,,二泉映月/出版社：上海人民美术/改编：吴炳伟等/绘画：毛震耀/80年12月1版1次64开/印数：70万定价：0.13元/市场交流价：/9品：8元/10品：15元,PaddlePaddle
十字军骑士（上）,十字军骑士,（上）,改编：王素一等 绘画：梁平波,,,改编：王素一,王素一,改编,改编：等,等,改编,绘画：梁平波,梁平波,绘画,,,,,,,,,,浙江人民美术,浙江人民美术,,杭州,10,1982,1版1次,64,50万,0.19,15,25,Ref002:6,单册：贰划,,,十字军骑士(上)/出版社：浙江人民美术/改编：王素一等/绘画：梁平波/82年10月1版1次64开/印数：50万定价：0.19元/市场交流价：/9品：15元/10品：25元,PaddlePaddle
十字军骑士（下）,十字军骑士,（下）,改编：王素一等 绘画：梁平波,,,改编：王素一,王素一,改编,改编：等,等,改编,绘画：梁平波,梁平波,绘画,,,,,,,,,,浙江人民美术,浙江人民美术,,杭州,1,1983,1版1次,64,50万,0.19,20,30,Ref002:6,单册：贰划,,,十字军骑士(下)/出版社：浙江人民美术/改编：王素一等/绘画：梁平波/83年1月1版1次64开/印数：50万定价：0.19元/市场交流价：/9品：20元/10品：30元,PaddlePaddle
十字军的覆灭（上）,十字军的覆灭,（上）,改编：黎服兵 绘画：黄云松张昌询,,,改编：黎服兵,黎服兵,改编,绘画：黄云松,黄云松,绘画,绘画：张昌询,张昌询,绘画,,,,,,,,,,岭南美术,岭南美术,,广州,4,1984,1版1次,64,56.47万,0.31,8,12,Ref002:6,单册：贰划,,,十字军的覆灭(上)/出版社：岭南美术/改编：黎服兵/绘画：黄云松张昌询/84年4月1版1次64开/印数：56.47万定价：0.31元/市场交流价：/9品：8元/10品：12元,PaddlePaddle
十字军的覆灭（下）,十字军的覆灭,（下）,改编：黎服兵 绘画：黄云松张昌询,,,改编：黎服兵,黎服兵,改编,绘画：黄云松,黄云松,绘画,绘画：张昌询,张昌询,绘画,,,,,,,,,,岭南美术,岭南美术,,广州,4,1984,1版1次,64,56.47万,0.28,8,12,Ref002:6,单册：贰划,,,十字军的覆灭(下)/出版社：岭南美术/改编：黎服兵/绘画：黄云松张昌询/84年4月1版1次64开/印数：56.47万定价：0.28元/市场交流价：/9品：8元/10品：12元,PaddlePaddle
80天环游地球,80天环游地球,,改编：韩幼文 绘画：黄云松张昌询,,,改编：韩幼文,韩幼文,改编,绘画：黄云松,黄云松,绘画,绘画：张昌询,张昌询,绘画,,,,,,,,,,浙江人民美术,浙江人民美术,,杭州,5,1984,1版1次,64,17万,0.19,20,40,Ref002:7,单册：贰划,,,80天环游地球/出版社：浙江人民美术/改编：韩幼文/绘画：黄云松张昌询/84年5月1版1次64开/印数：17万定价：0.19元/市场交流价：/9品：20元/10品：40元,PaddlePaddle
八十天环游地球,八十天环游地球,,改编：方兰 绘画：时圣时雍,,,改编：方兰,方兰,改编,绘画：时圣,时圣,绘画,绘画：时雍,时雍,绘画,,,,,,,,,,岭南美术,岭南美术,,广州,8,1984,1版1次,64,13.06万,0.35,8,15,Ref002:7,单册：贰划,,,八十天环游地球/出版社：岭南美术/改编：方兰/绘画：时圣时雍/84年8月1版1次64开/印数：13.06万定价：0.35元/市场交流价：/9品：8元/10品：15元,PaddlePaddle
八十天环游地球,八十天环游地球,,改编：王松生等 绘画：李锛,,,改编：王松生,王松生,改编,改编：等,等,改编,绘画：李锛,李锛,绘画,,,,,,,,,,中州书画,中州书画,,郑州,3,1982,1版1次,64,35.5万,0.17,10,20,Ref002:7,单册：贰划,,,八十天环游地球/出版社：中州书画/改编：王松生等/绘画：李锛/82年3月1版1次64开/印数：35.5万定价：0.17元/市场交流价：/9品：10元/10品：20元,PaddlePaddle
八十天环游地球,八十天环游地球,,改编：王亚法 绘画：华其敏,,,改编：王亚法,王亚法,改编,绘画：华其敏,华其敏,绘画,,,,,,,,,,,,,少年儿童,少年儿童,,上海,4,1983,1版1次,64,23万,0.17,8,12,Ref002:7,单册：贰划,,,八十天环游地球/出版社：少年儿童/改编：王亚法/绘画：华其敏/83年4月1版1次64开/印数：23万定价：0.17元/市场交流价：/9品：8元/10品：12元,PaddlePaddle
八十天环游地球,八十天环游地球,,改编：杨敬东 绘画：俞晓夫,,,改编：杨敬东,杨敬东,改编,绘画：俞晓夫,俞晓夫,绘画,,,,,,,,,,,,,湖南少年儿童,湖南少年儿童,,长沙,12,1982,1版1次,64,,0.17,15,35,Ref002:7,单册：贰划,,,八十天环游地球/出版社：湖南少年儿童/改编：杨敬东/绘画：俞晓夫/82年12月1版1次64开/印数：未详定价：0.17元/市场交流价：/9品：15元/10品：35元,PaddlePaddle
二渔夫,二渔夫,,改编：甘礼乐 绘画：韩和平,,,改编：甘礼乐,甘礼乐,改编,绘画：韩和平,韩和平,绘画,,,,,,,,,,,,,上海人民美术,上海人民美术,,上海,2,1979,1版2次,64,53万,0.08,20,50,Ref002:7,单册：贰划,,,二渔夫/出版社：上海人民美术/改编：甘礼乐/绘画：韩和平/79年2月1版2次64开/印数：53万定价：0.08元/市场交流价：/9品：20元/10品：50元,PaddlePaddle
人鸟之战,人鸟之战,,改编：陈建 绘画：林滨帆,,,改编：陈建,陈建,改编,绘画：林滨帆,林滨帆,绘画,,,,,,,,,,,,,广西人民,广西人民,,南宁,3,1985,1版1次,64,27.92万,0.16,6,12,Ref002:7,单册：贰划,,,人鸟之战/出版社：广西人民/改编：陈建/绘画：林滨帆/85年3月1版1次64开/印数：27.92万定价：0.16元/市场交流价：/9品：6元/10品：12元,PaddlePaddle
人与狼,人与狼,,改编：陈国英 绘画：成立,,,改编：陈国英,陈国英,改编,绘画：成立,成立,绘画,,,,,,,,,,,,,上海人民美术,上海人民美术,,上海,7,1985,1版1次,64,15.3万,0.3,8,15,Ref002:7,单册：贰划,,,人与狼/出版社：上海人民美术/改编：陈国英/绘画：成立/85年7月1版1次64开/印数：15.3万定价：0.30元/市场交流价：/9品：8元/10品：15元,PaddlePaddle
十五岁船长迪克·桑,十五岁船长迪克·桑,,改编：实子 绘画：雨立肖田,,,改编：实子,实子,改编,绘画：雨立,雨立,绘画,绘画：肖田,肖田,绘画,,,,,,,,,,湖南少年儿童,湖南少年儿童,,长沙,6,1983,1版1次,64,10.1万,0.17,8,15,Ref002:8,单册：贰划,,Sic._Author_Core_3,十五岁船长迪克·桑/出版社：湖南少年儿童/改编：实子/绘画：雨立、肖田/83年6月1版1次64开/印数：10.1万定价：0.17元/市场交流价：/9品：8元/10品：15元,PaddlePaddle
十二把椅子,十二把椅子,,改编：许治芳 绘画：汪观清,,,改编：许治芳,许治芳,改编,绘画：汪观清,汪观清,绘画,,,,,,,,,,,,,上海人民美术,上海人民美术,,上海,11,1983,2版5次,60,36.8万,0.21,30,80,Ref002:8,单册：贰划,,,十二把椅子/出版社：上海人民美术/改编：许治芳/绘画：汪观清/83年11月2版5次60开/印数：36.8万定价：0.21元/市场交流价：/9品：30元/10品：80元,PaddlePaddle
女娲,女娲,,改编：肖甘牛 绘画：孙为民聂鸥,,,改编：肖甘牛,肖甘牛,改编,绘画：孙为民,孙为民,绘画,绘画：聂鸥,聂鸥,绘画,,,,,,,,,,天津人民美术,天津人民美术,,天津,11,1982,1版1次,64,43.1万,0.11,15,25,Ref002:8,单册：叁划,,Sic._Author_Core_3,女娲/出版社：天津人民美术/改编：肖甘牛/绘画：孙为民聂 鸥/82年11月1版1次64开/印数：43.1万定价：0.11元/市场交流价：/9品：15元/10品：25元,PaddlePaddle
三国故事（上下）,三国故事,（上下）,改编：白宇 绘画：戴敦邦严启生等,,,改编：白宇,白宇,改编,绘画：戴敦邦,戴敦邦,绘画,绘画：严启生,严启生,绘画,绘画：等,等,绘画,,,,,,,人民美术,人民美术,,,1,1980,1版1次,60,150万,0.23,45（全套）,90,Ref002:8,单册：叁划,,,三国故事(上下)/出版社：人民美术/改编：白宇/绘画：戴敦邦严启生等/80年1月1版1次60开/印数：150万定价：0.23元/市场交流价：/9品：45元（全套）/10品：90元,PaddlePaddle
三探圆明园,三探圆明园,,改编：谭元杰 绘画：谭元杰,,,改编：谭元杰,谭元杰,改编,绘画：谭元杰,谭元杰,绘画,,,,,,,,,,,,,福建美术,福建美术,,福州,10,1985,1版1次,64,13.4万,0.31,5,10,Ref002:8,单册：叁划,,,三探圆明园/出版社：福建美术/改编：谭元杰/绘画：谭元杰/85年10月1版1次64开/印数：13.4万 定价：0.31元/市场交流价：/9品：5元/10品：10元,PaddlePaddle
三斧头程咬金,三斧头程咬金,,改编：苏馨 绘画：施大畏,,,改编：苏馨,苏馨,改编,绘画：施大畏,施大畏,绘画,,,,,,,,,,,,,少年儿童,少年儿童,,上海,8,1982,1版1次,64,81万,0.15,5,10,Ref002:8,单册：叁划,,,三斧头程咬金/出版社：少年儿童/改编：苏馨/绘画：施大畏/82年8月1版1次64开/印数：81万定价：0.15元/市场交流价：/9品：5元/10品：10元,PaddlePaddle
三滴血,三滴血,,改编：孙长江 绘画：马国强,,,改编：孙长江,孙长江,改编,绘画：马国强,马国强,绘画,,,,,,,,,,,,,中卅书画,中卅书画,,,6,1982,1版1次,64,6.3万,0.14,5,8,Ref002:8,单册：叁划,,,三滴血/出版社：中卅书画/改编：孙长江/绘画：马国强/82年6月1版1次64开/印数：6.3万定价：0.14元/市场交流价：/9品：5元/10品：8元,PaddlePaddle
三打祝家庄,三打祝家庄,,改编：高铁林等 绘画：阴衍江,,,改编：高铁林,高铁林,改编,改编：等,等,改编,绘画：阴衍江,阴衍江,绘画,,,,,,,,,,黑龙江人民,黑龙江人民,,哈尔滨,7,1979,1版1次,64,30万,0.17,8,15,Ref002:8,单册：叁划,,,三打祝家庄/出版社：黑龙江人民/改编：高铁林等/绘画：阴衍江/79年7月1版1次64开/印数：30万定价：0.17元/市场交流价：/9品：8元/10品：15元,PaddlePaddle
千里送京娘,千里送京娘,,改编：刘抒 绘画：叶毓中,,,改编：刘抒,刘抒,改编,绘画：叶毓中,叶毓中,绘画,,,,,,,,,,,,,上海人民美术,上海人民美术,,上海,3,1983,1版1次,64,22万,0.13,25,50,Ref002:9,单册：叁划,,,千里送京娘/出版社：上海人民美术/改编：刘抒/绘画：叶毓中/83年3月1版1次64开/印数：22万定价：0.13元/市场交流价：/9品：25元/10品：50元,PaddlePaddle
千里送京娘,千里送京娘,,改编：施友义 绘画：施友义,,,改编：施友义,施友义,改编,绘画：施友义,施友义,绘画,,,,,,,,,,,,,福建人民,福建人民,,福州,3,1982,1版1次,64,69万,0.17,8,20,Ref002:9,单册：叁划,,,千里送京娘/出版社：福建人民/改编：施友义/绘画：施友义/82年3月1版1次64开/印数：69万定价：0.17元/市场交流价：/9品：8元/10品：20元,PaddlePaddle
千里送京娘,千里送京娘,,改编：严丹 绘画：秋枫,,,改编：严丹,严丹,改编,绘画：秋枫,秋枫,绘画,,,,,,,,,,,,,宁夏人民,宁夏人民,,银川,10,1982,1版1次,64,17.6万,0.15,10,20,Ref002:9,单册：叁划,,,千里送京娘/出版社：宁夏人民/改编：严丹/绘画：秋枫/82年10月1版1次64开/印数：17.6万定价：0.15元/市场交流价：/9品：10元/10品：20元,PaddlePaddle
女娲神和聚宝盆,女娲神和聚宝盆,,改编：李亮 绘画：张增木,,,改编：李亮,李亮,改编,绘画：张增木,张增木,绘画,,,,,,,,,,,,,河北美术,河北美术,,石家庄,6,1985,1版1次,64,23.7万,0.19,5,8,Ref002:9,单册：叁划,,,女娲神和聚宝盆/出版社：河北美术/改编：李亮/绘画：张增木/85年6月1版1次64开/印数：23.7万定价：0.19元/市场交流价：/9品：5元/10品：8元,PaddlePaddle
马二先生,马二先生,,改编：文政 绘画：彭石根,,,改编：文政,文政,改编,绘画：彭石根,彭石根,绘画,,,,,,,,,,,,,岭南美术,岭南美术,,广州,5,1983,1版1次,64,19.56万,0.13,3,6,Ref002:9,单册：叁划,,,马二先生/出版社：岭南美术/改编：文政/绘画：彭石根/83年5月1版1次64开/印数：19.56万定价：0.13元/市场交流价：/9品：3元/10品：6元,PaddlePaddle
马二先生,马二先生,,改编：丁国联 绘画：陈国强,,,改编：丁国联,丁国联,改编,绘画：陈国强,陈国强,绘画,,,,,,,,,,,,,上海人民美术,上海人民美术,,上海,4,1985,1版1次,64,9.3万,0.22,10,15,Ref002:9,单册：叁划,,,马二先生/出版社：上海人民美术/改编：丁国联/绘画：陈国强/85年4月1版1次64开/印数：9.3万定价：0.22元/市场交流价：/9品：10元/10品：15元,PaddlePaddle
大禹治水,大禹治水,,改编：杨新 绘画：高适,,,改编：杨新,杨新,改编,绘画：高适,高适,绘画,,,,,,,,,,,,,人民美术,人民美术,,,11,1979,1版1次,64,164万,0.11,5,12,Ref002:9,单册：叁划,,,大禹治水/出版社：人民美术/改编：杨新/绘画：高适/79年11月1版1次64开/印数：164万定价：0.11元/市场交流价：/9品：5元/10品：12元,PaddlePaddle
大泽烈火,大泽烈火,,改编：上海师范大学中文系 绘画：戴敦邦,,,改编：上海师范大学中文系,上海师范大学中文系,改编,绘画：戴敦邦,戴敦邦,绘画,,,,,,,,,,,,,上海人民,上海人民,,上海,7,1977,1版1次,64,,0.13,20,40,Ref002:9,单册：叁划,,,大泽烈火/出版社：上海人民/改编：上海师范大学中文系/绘画：戴敦邦/77年7月1版1次64开/印数：未详定价：0.13元/市场交流价：/9品：20元/10品：40元,PaddlePaddle
小兵张嘎,小兵张嘎,,改编：集体 绘画：张品操,,,改编：集体,集体,改编,绘画：张品操,张品操,绘画,,,,,,,,,,,,,上海人民,上海人民,,上海,1,1973,新1版5次,60,381万,0.17,80,250,Ref002:10,单册：叁划,,,小兵张嘎/出版社：上海人民/改编：集体/绘画：张品操/73年1月新1版5次60开/印数：381万定价：0.17元/市场交流价：/9品：80元/10品：250元,PaddlePaddle
小兵张嘎,小兵张嘎,,改编：集体 绘画：尚国扬等,,,改编：集体,集体,改编,绘画：尚国扬,尚国扬,绘画,绘画：等,等,绘画,,,,,,,,,,江苏美术,江苏美术,,南京,4,1990,1版1次,64,4.45万,0.6,15,30,Ref002:10,单册：叁划,,,小兵张嘎/出版社：江苏美术/改编：集体/绘画：尚国扬等/90年4月1版1次64开/印数：4.45万定价：0.60元/市场交流价：/9品：15元/10品：30元,PaddlePaddle
小茂青擒敌,小茂青擒敌,,改编：集体 绘画：集体,,,改编：集体,集体,改编,绘画：集体,集体,绘画,,,,,,,,,,,,,北京人民,北京人民,,北京,2,1974,1版1次,60,,0.13,15,30,Ref002:10,单册：叁划,,,小茂青擒敌/出版社：北京人民/改编：集体/绘画：集体/74年2月1版1次60开/印数：未详定价：0.13元/市场交流价：/9品：15元/10品：30元,PaddlePaddle
小茂青参军,小茂青参军,,改编：集体 绘画：集体,,,改编：集体,集体,改编,绘画：集体,集体,绘画,,,,,,,,,,,,,北京人民,北京人民,,北京,6,1973,1版1次,60,,0.12,15,25,Ref002:10,单册：叁划,*该书仅出版上册。,,小茂青参军/出版社：北京人民/改编：集体/绘画：集体/73年6月1版1次60开/印数：未详定价：0.12元/市场交流价：/9品：15元/10品：25元,PaddlePaddle
小铁头夺马记,小铁头夺马记,,改编：集体 绘画：聂秀功章茂连等,,,改编：集体,集体,改编,绘画：聂秀功,聂秀功,绘画,绘画：章茂连,章茂连,绘画,绘画：等,等,绘画,,,,,,,江苏人民,江苏人民,,南京,4,1976,1版1次,60,60万,0.15,8,15,Ref002:10,单册：叁划,*该书版权页⽆定价。,,小铁头夺马记/出版社：江苏人民/改编：集体/绘画：聂秀功章茂连等/76年4月1版1次60开/印数：60万定价：0.15元/市场交流价：/9品：8元/10品：15元,PaddlePaddle
小铁头夺马记,小铁头夺马记,,改编：郎梨 绘画：吴懋祥,,,改编：郎梨,郎梨,改编,绘画：吴懋祥,吴懋祥,绘画,,,,,,,,,,,,,中国少年儿童,中国少年儿童,,北京,7,1983,1版1次,64,,0.15,8,15,Ref002:10,单册：叁划,,,小铁头夺马记/出版社：中国少年儿童/改编：郎梨/绘画：吴懋祥/83年7月1版1次64开/印数：未详定价：0.15元/市场交流价：/9品：8元/10品：15元,PaddlePaddle
飞雪迎春,飞雪迎春,,改编：萍乡地方剧团 绘画：刘大春陈丹青,,,改编：萍乡地方剧团,萍乡地方剧团,改编,绘画：刘大春,刘大春,绘画,绘画：陈丹青,陈丹青,绘画,,,,,,,,,,江西人民,江西人民,,南昌,9,1974,1版1次,60,60万,0.1,6,12,Ref002:10,单册：叁划,,,飞雪迎春/出版社：江西人民/改编：萍乡地方剧团/绘画：刘大春陈丹青/74年9月1版1次60开/印数：60万定价：0.10元/市场交流价：/9品：6元/10品：12元,PaddlePaddle
飞雪迎春（上）,飞雪迎春,（上）,改编：黄奕加 绘画：聂秀出朱新昌等,,,改编：黄奕加,黄奕加,改编,绘画：聂秀出,聂秀出,绘画,绘画：朱新昌,朱新昌,绘画,绘画：等,等,绘画,,,,,,,上海人民,上海人民,,上海,5,1976,1版1次,64,,0.15,10,18,Ref002:10,单册：叁划,,,飞雪迎春(上)/出版社：上海人民/改编：黄奕加/绘画：聂秀出朱新昌等/76年5月1版1次64开/印数：未详定价：0.15元/市场交流价：/9品：10元/10品：18元,PaddlePaddle
小英雄雨来,小英雄雨来,,改编：王渭山 绘画：余家乐,,,改编：王渭山,王渭山,改编,绘画：余家乐,余家乐,绘画,,,,,,,,,,,,,上海人民美术,上海人民美术,,上海,1,1984,1版1次,64,,,8,15,Ref002:11,单册：叁划,,,小英雄雨来/出版社：上海人民美术/改编：王渭山/绘画：余家乐/84年1月1版1次64开/市场交流价：/9品：8元/10品：15元,PaddlePaddle
小英雄雨来（朝鲜文）,小英雄雨来,（朝鲜文）,改编：张玉珊 绘画：王玉良等,,,改编：张玉珊,张玉珊,改编,绘画：王玉良,王玉良,绘画,绘画：等,等,绘画,,,,,,,,,,辽宁人民,辽宁人民,,沈阳,4,1979,1版1次,64,0.84万,0.12,25,40,Ref002:11,单册：叁划,,,小英雄雨来(朝鲜文)/出版社：辽宁人民/改编：张玉珊/绘画：王玉良等/79年4月1版1次64开/印数：0.84万定价：0.12元/市场交流价：/9品：25元/10品：40元,PaddlePaddle
小英雄雨来,小英雄雨来,,改编：刘学三等 绘画：高宝生,,,改编：刘学三,刘学三,改编,改编：等,等,改编,,,,绘画：高宝生,高宝生,绘画,,,,,,,人民美术,人民美术,,,8,1974,1版1次,64,180万,0.1,10,25,Ref002:11,单册：叁划,,,小英雄雨来/出版社：人民美术/改编：刘学三等/绘画：高宝生/74年8月1版1次64开/印数：180万定价：0.10元/市场交流价：/9品：10元/10品：25元,PaddlePaddle
小柱头智送鸡毛信,小柱头智送鸡毛信,,编文：郑聪魏 绘画：王怀骐,,,编文：郑聪魏,郑聪魏,编文,绘画：王怀骐,王怀骐,绘画,,,,,,,,,,,,,河北人民,河北人民,,石家庄,5,1972,1版1次,60,,0.11,12,20,Ref002:11,单册：叁划,,,小柱头智送鸡毛信/出版社：河北人民/编文：郑聪魏/绘画：王怀骐/72年5月1版1次60开/印数：未详定价：0.11元/市场交流价：/9品：12元/10品：20元,PaddlePaddle
山里红梅,山里红梅,,改编：集体 绘画：李苇成,,,改编：集体,集体,改编,绘画：李苇成,李苇成,绘画,,,,,,,,,,,,,江苏人民,江苏人民,,南京,6,1975,1版1次,60,60万,0.09,15,25,Ref002:11,单册：叁划,,,山里红梅/出版社：江苏人民/改编：集体/绘画：李苇成/75年6月1版1次60开/印数：60万定价：0.09元/市场交流价：/9品：15元/10品：25元,PaddlePaddle
山妹,山妹,,改编：徐明福 绘画：贺友直,,,改编：徐明福,徐明福,改编,绘画：贺友直,贺友直,绘画,,,,,,,,,,,,,上海人民,上海人民,,上海,11,1975,1版1次,64,,0.07,15,30,Ref002:11,单册：叁划,,,山妹/出版社：上海人民/改编：徐明福/绘画：贺友直/75年11月1版1次64开/印数：未详 定价：0.07元/市场交流价：/9品：15元/10品：30元,PaddlePaddle
三村的战斗,三村的战斗,,改编：集体 绘画：集体,,,改编：集体,集体,改编,绘画：集体,集体,绘画,,,,,,,,,,,,,山东人民,山东人民,,济南,7,1973,1版2次,60,150万,0.11,10,20,Ref002:11,单册：叁划,,,三村的战斗/出版社：山东人民/改编：集体/绘画：集体/73年7月1版2次60开/印数：150万 定价：0.11元/市场交流价：/9品：10元/10品：20元,PaddlePaddle
三进校门,三进校门,,改编：集体 绘画：集体,,,改编：集体,集体,改编,绘画：集体,集体,绘画,,,,,,,,,,,,,上海人民,上海人民,,上海,12,1971,1版1次,60,,0.06,25,45,Ref002:11,单册：叁划,,,三进校门/出版社：上海人民/改编：集体/绘画：集体/71年12月1版1次60开/印数：未详定价：0.06元/市场交流价：/9品：25元/10品：45元,PaddlePaddle
大寨战歌,大寨战歌,,改编：集体 绘画：集体,,,改编：集体,集体,改编,绘画：集体,集体,绘画,,,,,,,,,,,,,上海人民,上海人民,,上海,7,1973,1版1次,60,50万,0.16,100,300,Ref002:12,单册：叁划,,,大寨战歌/出版社：上海人民/改编：集体/绘画：集体/73年7月1版1次60开/印数：50万定价：0.16元/市场交流价：/9品：100元/10品：300元,PaddlePaddle
大战虎口岩,大战虎口岩,,改编：集体 绘画：集体,,,改编：集体,集体,改编,绘画：集体,集体,绘画,,,,,,,,,,,,,上海人民,上海人民,,上海,5,1973,1版1次,60,100万,0.1,15,50,Ref002:12,单册：叁划,,,大战虎口岩/出版社：上海人民/改编：集体/绘画：集体/73年5月1版1次60开/印数：100万定价：0.10元/市场交流价：/9品：15元/10品：50元,PaddlePaddle
大战“气老虎”,大战“气老虎”,,编著：集体 绘画：集体,,,编著：集体,集体,编著,绘画：集体,集体,绘画,,,,,,,,,,,,,人民美术,人民美术,,,1,1976,1版1次,64,100万,0.12,5,15,Ref002:12,单册：叁划,,,大战“气老虎”/出版社：人民美术 28/编著：集体/绘画：集体/76年1月1版1次64开/印数：100万定价：0.12元/市场交流价：/9品：5元/10品：15元,PaddlePaddle
大江飞渡,大江飞渡,,改编：集体 绘画：集体,,,改编：集体,集体,改编,绘画：集体,集体,绘画,,,,,,,,,,,,,安徽人民美术,安徽人民美术,,,5,1973,1版2次,60,,0.11,15,25,Ref002:12,单册：叁划,,,大江飞渡/出版社：安徽人民美术/改编：集体/绘画：集体/73年5月1版2次60开/印数：未详定价：0.11元/市场交流价：/9品：15元/10品：25元,PaddlePaddle
大虎和二虎,大虎和二虎,,改编：集体 绘画：华三川,,,改编：集体,集体,改编,绘画：华三川,华三川,绘画,,,,,,,,,,,,,天津人民美术,天津人民美术,,天津,2,1973,1版1次,60,,0.1,60,120,Ref002:12,单册：叁划,,,大虎和二虎/出版社：天津人民美术/改编：集体/绘画：华三川/73年2月1版1次60开/印数：未详定价：0.10元/市场交流价：/9品：60元/10品：120元,PaddlePaddle
飞毛腿的故事,飞毛腿的故事,,改编：周有恒 绘画：马林,,,改编：周有恒,周有恒,改编,绘画：马林,马林,绘画,,,,,,,,,,,,,陕西人民,陕西人民,,西安,1,1975,1版2次,60,45万,0.09,15,30,Ref002:12,单册：叁划,,,飞毛腿的故事/出版社：陕西人民/改编：周有恒/绘画：马林/75年1月1版2次60开/印数：45万定价：0.09元/市场交流价：/9品：15元/10品：30元,PaddlePaddle
大橹的故事,大橹的故事,,改编：蔡星耀 绘画：罗希贤,,,改编：蔡星耀,蔡星耀,改编,绘画：罗希贤,罗希贤,绘画,,,,,,,,,,,,,上海人民,上海人民,,上海,9,1974,1版1次,64,120万,0.1,10,20,Ref002:12,单册：叁划,,,大橹的故事/出版社：上海人民/改编：蔡星耀/绘画：罗希贤/74年9月1版1次64开/印数：120万定价：0.10元/市场交流价：/9品：10元/10品：20元,PaddlePaddle
飞车擒特,飞车擒特,,改编：郑梦星 绘画：许志棍洪伟阔,,,改编：郑梦星,郑梦星,改编,绘画：许志棍,许志棍,绘画,绘画：洪伟阔,洪伟阔,绘画,,,,,,,,,,福建人民,福建人民,,福州,5,1975,1版1次,60,,0.11,15,25,Ref002:12,单册：叁划,,,飞车擒特/出版社：福建人民/改编：郑梦星/绘画：许志棍洪伟阔/75年5月1版1次60开/印数：未详定价：0.11元/市场交流价：/9品：15元/10品：25元,PaddlePaddle
三防常识,三防常识,,改编：集体 绘画：集体,,,改编：集体,集体,改编,绘画：集体,集体,绘画,,,,,,,,,,,,,甘肃人民,甘肃人民,,兰州,5,1973,1版1次,64,50万,0.14,60,120,Ref002:13,单册：叁划,,,三防常识/出版社：甘肃人民/改编：集体/绘画：集体/73年5月1版1次64开/印数：50万定价：0.14元/市场交流价：/9品：60元/10品：120元,PaddlePaddle
小爆破手,小爆破手,,改编：李毓琦 绘画：聂秀功章茂连等,,,改编：李毓琦,李毓琦,改编,绘画：聂秀功,聂秀功,绘画,绘画：章茂连,章茂连,绘画,绘画：等,等,绘画,,,,,,,江苏人民,江苏人民,,南京,7,1976,1版1次,64,60万,0.09,5,10,Ref002:13,单册：叁划,,,小爆破手/出版社：江苏人民/改编：李毓琦/绘画：聂秀功章茂连等/76年7月1版1次64开/印数：60万定价：0.09元/市场交流价：/9品：5元/10品：10元,PaddlePaddle
小猪倌,小猪倌,,改编：集体 绘画：集体,,,改编：集体,集体,改编,绘画：集体,集体,绘画,,,,,,,,,,,,,山东人民,山东人民,,济南,5,1975,1版1次,64,50万,0.08,5,10,Ref002:13,单册：叁划,,,小猪倌/出版社：山东人民/改编：集体/绘画：集体/75年5月1版1次64开/印数：50万定价：0.08元/市场交流价：/9品：5元/10品：10元,PaddlePaddle
小兵东东,小兵东东,,改编：集体 绘画：李德波武新英等,,,改编：集体,集体,改编,绘画：李德波,李德波,绘画,绘画：武新英,武新英,绘画,绘画：等,等,绘画,,,,,,,天津人民美术,天津人民美术,,天津,3,1975,1版2次,64,,0.09,8,15,Ref002:13,单册：叁划,,,小兵东东/出版社：天津人民美术/改编：集体/绘画：李德波武新英等/75年3月1版2次64开/印数：未详定价：0.09元/市场交流价：/9品：8元/10品：15元,PaddlePaddle
小鹰展翅,小鹰展翅,,改编：海力 绘画：集体,,,改编：海力,海力,改编,绘画：集体,集体,绘画,,,,,,,,,,,,,天津人民美术,天津人民美术,,天津,4,1974,1版1次,64,,0.09,5,12,Ref002:13,单册：叁划,,,小鹰展翅/出版社：天津人民美术/改编：海力/绘画：集体/74年4月1版1次64开/印数：未详定价：0.09元/市场交流价：/9品：5元/10品：12元,PaddlePaddle
小铜锣,小铜锣,,改编：张荣春 绘画：集体,,,改编：张荣春,张荣春,改编,绘画：集体,集体,绘画,,,,,,,,,,,,,天津人民美术,天津人民美术,,天津,4,1974,1版1次,64,,0.1,5,10,Ref002:13,单册：叁划,,,7/小铜锣/出版社：天津人民美术/改编：张荣春/绘画：集体/74年4月1版1次64开/印数：未详定价：0.10元/市场交流价：/9品：5元/10品：10元,PaddlePaddle
小龙学外语,小龙学外语,,改编：集体 绘画：集体,,,改编：集体,集体,改编,绘画：集体,集体,绘画,,,,,,,,,,,,,天津人民美术,天津人民美术,,天津,2,1973,1版1次,60,,0.07,20,50,Ref002:13,单册：叁划,,,小龙学外语/出版社：天津人民美术/改编：集体/绘画：集体/73年2月1版1次60开/印数：未详定价：0.07元/市场交流价：/9品：20元/10品：50元,PaddlePaddle
小猎手,小猎手,,改编：滕凤山 绘画：尹桂馥,,,改编：滕凤山,滕凤山,改编,绘画：尹桂馥,尹桂馥,绘画,,,,,,,,,,,,,黑龙江人民,黑龙江人民,,哈尔滨,8,1975,1版1次,64,55万,0.1,8,15,Ref002:13,单册：叁划,,,小猎手/出版社：黑龙江人民/改编：滕凤山/绘画：尹桂馥/75年8月1版1次64开/印数：55万定价：0.10元/市场交流价：/9品：8元/10品：15元,PaddlePaddle
小红擒敌,小红擒敌,,改编：集体 绘画：集体,,,改编：集体,集体,改编,绘画：集体,集体,绘画,,,,,,,,,,,,,江苏人民,江苏人民,,南京,6,1973,1版2次,60,,0.07,15,30,Ref002:14,单册：叁划,,,小红擒敌/出版社：江苏人民/改编：集体/绘画：集体/73年6月1版2次60开/印数：未详定价：0.07元/市场交流价：/9品：15元/10品：30元,PaddlePaddle
小交通海生,小交通海生,,改编：阮立威等 绘画：陈福耀,,,改编：阮立威,阮立威,改编,改编：等,等,改编,绘画：陈福耀,陈福耀,绘画,,,,,,,,,,广东人民,广东人民,,广州,1,1975,1版1次,60,,0.13,15,25,Ref002:14,单册：叁划,,,小交通海生/出版社：广东人民 K/改编：阮立威等/绘画：陈福耀/75年1月1版1次60开/印数：未详定价：0.13元/市场交流价：/9品：15元/10品：25元,PaddlePaddle
小鳗,小鳗,,改编：马立 绘画：马开达王泽焕,,,改编：马立,马立,改编,绘画：马开达,马开达,绘画,绘画：王泽焕,王泽焕,绘画,,,,,,,,,,浙江人民,浙江人民,,杭州,12,1974,1版1次,60,80万,0.08,10,30,Ref002:14,单册：叁划,,,小鳗/出版社：浙江人民/改编：马立/绘画：马开达王泽焕/74年12月1版1次60开/印数：80万定价：0.08元/市场交流价：/9品：10元/10品：30元,PaddlePaddle
小英雄阮友充,小英雄阮友充,,改编：秘自义 绘画：尹庆芳,,,改编：秘自义,秘自义,改编,绘画：尹庆芳,尹庆芳,绘画,,,,,,,,,,,,,河北人民,河北人民,,石家庄,5,1972,1版1次,60,,0.05,20,35,Ref002:14,单册：叁划,,,小英雄阮友充/出版社：河北人民/改编：秘自义/绘画：尹庆芳/72年5月1版1次60开/印数：未详定价：0.05元/市场交流价：/9品：20元/10品：35元,PaddlePaddle
小雁齐飞,小雁齐飞,,改编：甘礼乐 绘画：毛用坤,,,改编：甘礼乐,甘礼乐,改编,绘画：毛用坤,毛用坤,绘画,,,,,,,,,,,,,上海人民,上海人民,,上海,9,1972,新1版1次,60,,0.1,25,50,Ref002:14,单册：叁划,,,6/小雁齐飞/出版社：上海人民/改编：甘礼乐/绘画：毛用坤/72年9月新1版1次60开/印数：未详定价：0.10元/市场交流价：/9品：25元/10品：50元,PaddlePaddle
小雄鹰,小雄鹰,,改编：李玉福 绘画：宋武征李鼎元,,,改编：李玉福,李玉福,改编,绘画：宋武征,宋武征,绘画,绘画：李鼎元,李鼎元,绘画,,,,,,,,,,甘肃人民,甘肃人民,,兰州,10,1973,1版2次,60,35万,0.13,20,35,Ref002:14,单册：叁划,,,小雄鹰/出版社：甘肃人民/改编：李玉福/绘画：宋武征李鼎元/73年10月1版2次60开/印数：35万定价：0.13元/市场交流价：/9品：20元/10品：35元,PaddlePaddle
小旅客,小旅客,,改编：江涛 绘画：徐屏林亦香,,,改编：江涛,江涛,改编,绘画：徐屏,徐屏,绘画,绘画：林亦香,林亦香,绘画,,,,,,,,,,浙江人民,浙江人民,,杭州,5,1975,1版2次,60,60万,0.08,8,15,Ref002:14,单册：叁划,,,小旅客/出版社：浙江人民/改编：江涛/绘画：徐屏林亦香/75年5月1版2次60开/印数：60万定价：0.08元/市场交流价：/9品：8元/10品：15元,PaddlePaddle
小保管上任,小保管上任,,改编：吴有汉 绘画：刘小玄,,,改编：吴有汉,吴有汉,改编,绘画：刘小玄,刘小玄,绘画,,,,,,,,,,,,,江西人民,江西人民,,南昌,1,1974,1版1次,60,15万,0.1,20,35,Ref002:14,单册：叁划,,,小保管上任/出版社：江西人民/改编：吴有汉/绘画：刘小玄/74年1月1版1次60开/印数：15万定价：0.10元/市场交流价：/9品：20元/10品：35元,PaddlePaddle
小刀会,小刀会,,改编：集体 绘画：赵宏本王亦秋,,,改编：集体,集体,改编,绘画：赵宏本,赵宏本,绘画,绘画：王亦秋,王亦秋,绘画,,,,,,,,,,上海人民,上海人民,,上海,11,1974,1版1次,60,80万,0.17,150,400,Ref002:15,单册：叁划,,,小刀会/出版社：上海人民/改编：集体/绘画：赵宏本王亦秋/74年11月1版1次60开/印数：80万定价：0.17元/市场交流价：/9品：150元/10品：400元,PaddlePaddle
小英雄谢荣策,小英雄谢荣策,,改编：集体 绘画：集体,,,改编：集体,集体,改编,绘画：集体,集体,绘画,,,,,,,,,,,,,辽宁人民,辽宁人民,,沈阳,3,1972,1版1次,60,,0.12,40,80,Ref002:15,单册：叁划,,,小英雄谢荣策/出版社：辽宁人民/改编：集体/绘画：集体/72年3月1版1次60开/印数：未详定价：0.12元/市场交流价：/9品：40元/10品：80元,PaddlePaddle
女闯将,女闯将,,改编：李松年等 绘画：集体,,,改编：李松年,李松年,改编,改编：等,等,改编,绘画：集体,集体,绘画,,,,,,,,,,山西人民,山西人民,,太原,12,1976,1版1次,64,7.05万,0.12,8,15,Ref002:15,单册：叁划,,,女闯将/出版社：山西人民/改编：李松年等/绘画：集体/76年12月1版1次64开/印数：7.05万定价：0.12元/市场交流价：/9品：8元/10品：15元,PaddlePaddle
女队长,女队长,,改编：石坚 绘画：王建,,,改编：石坚,石坚,改编,绘画：王建,王建,绘画,,,,,,,,,,,,,天津人民美术,天津人民美术,,天津,7,1977,1版1次,60,,0.09,10,18,Ref002:15,单册：叁划,,,女队长/出版社：天津人民美术/改编：石坚/绘画：王建/77年7月1版1次60开/印数：未详定价：0.09元/市场交流价：/9品：10元/10品：18元,PaddlePaddle
女清洁工,女清洁工,,改编：丁峰 绘画：邓泰和,,,改编：丁峰,丁峰,改编,绘画：邓泰和,邓泰和,绘画,,,,,,,,,,,,,上海人民,上海人民,,上海,3,1976,1版1次,64,,0.09,8,15,Ref002:15,单册：叁划,,,女清洁工/出版社：上海人民/改编：丁峰/绘画：邓泰和/76年3月1版1次64开/印数：未详定价：0.09元/市场交流价：/9品：8元/10品：15元,PaddlePaddle
女矿工,女矿工,,改编：集体 绘画：曲新元常青儒,,,改编：集体,集体,改编,绘画：曲新元,曲新元,绘画,绘画：常青儒,常青儒,绘画,,,,,,,,,,黑龙江人民,黑龙江人民,,哈尔滨,10,1975,1版1次,64,30万,0.07,5,10,Ref002:15,单册：叁划,,,女矿工/出版社：黑龙江人民/改编：集体/绘画：曲新元常青儒/75年10月1版1次64开/印数：30万定价：0.07元/市场交流价：/9品：5元/10品：10元,PaddlePaddle
女装卸工,女装卸工,,改编：集体 绘画：集体,,,改编：集体,集体,改编,绘画：集体,集体,绘画,,,,,,,,,,,,,天津人民美术,天津人民美术,,天津,5,1973,1版1次,60,,0.1,15,25,Ref002:15,单册：叁划,,,女装卸工/出版社：天津人民美术/改编：集体/绘画：集体/73年5月1版1次60开/印数：未详定价：0.10元/市场交流价：/9品：15元/10品：25元,PaddlePaddle
飞鹰崖,飞鹰崖,,改编：集体 绘画：集体,,,改编：集体,集体,改编,绘画：集体,集体,绘画,,,,,,,,,,,,,广东人民,广东人民,,广州,1,1975,1版1次,60,,0.2,40,80,Ref002:15,单册：叁划,,,飞鹰崖/出版社：广东人民/改编：集体/绘画：集体/75年1月1版1次60开/印数：未详定价：0.20元/市场交流价：/9品：40元/10品：80元,PaddlePaddle
孔老二罪恶的一生,孔老二罪恶的一生,,改编：萧甘 绘画：顾炳鑫贺友直,,,改编：萧甘,萧甘,改编,绘画：顾炳鑫,顾炳鑫,绘画,绘画：贺友直,贺友直,绘画,,,,,,,,,,上海人民,上海人民,,上海,6,1974,1版1次,60,250万,0.09,80,200,Ref002:16,单册：叁划,,,孔老二罪恶的一生/出版社：上海人民/改编：萧甘/绘画：顾炳鑫贺友直/74年6月1版1次60开/印数：250万定价：0.09元/市场交流价：/9品：80元/10品：200元,PaddlePaddle
门合,门合,,改编：集体 绘画：集体,,,改编：集体,集体,改编,绘画：集体,集体,绘画,,,,,,,,,,,,,上海市出版革命组,上海市出版革命组,,上海,7,1970,1版1次,60,,0.14,80,200,Ref002:16,单册：叁划,,,门合/出版社：上海市出版革命组/改编：集体/绘画：集体/70年7月1版1次60开/印数：未详定价：0.14元/市场交流价：/9品：80元/10品：200元,PaddlePaddle
门合,门合,,改编：集体 绘画：集体,,,改编：集体,集体,改编,绘画：集体,集体,绘画,,,,,,,,,,,,,浙江人民,浙江人民,,杭州,7,1968,1版1次,60,20万,0.1,350,900,Ref002:16,单册：叁划,,,门合/出版社：浙江人民/改编：集体/绘画：集体/68年7月1版1次60开/印数：20万定价：0.10元/市场交流：/9品：350元/10品：900元,PaddlePaddle
于家沟的怒火,于家沟的怒火,,改编：集体 绘画：集体,,,改编：集体,集体,改编,绘画：集体,集体,绘画,,,,,,,,,,,,,吉林人民,吉林人民,,长春,7,1974,1版1次,64,160万,0.09,15,30,Ref002:16,单册：叁划,,,于家沟的怒火/出版社：吉林人民/改编：集体/绘画：集体/74年7月1版1次64开/印数：160万定价：0.09元/市场交流价：/9品：15元/10品：30元,PaddlePaddle
小砍刀（上下）,小砍刀,（上下）,改编：集体 绘画：尚扬陈贻福,,,改编：集体,集体,改编,绘画：尚扬,尚扬,绘画,绘画：陈贻福,陈贻福,绘画,,,,,,,,,,天津人民美术,天津人民美术,,天津,8,1973,1版1次,60,65万,0.13,50,100,Ref002:16,单册：叁划,,,小砍刀(上下)/出版社：天津人民美术/改编：集体/绘画：尚 扬 陈贻福/73年8月1版1次60开/印数：65万定价：0.13元/市场交流价：/9品：50元/10品：100元,PaddlePaddle
上学之前,上学之前,,改编：集体 绘画：集体,,,改编：集体,集体,改编,绘画：集体,集体,绘画,,,,,,,,,,,,,天津人民美术,天津人民美术,,天津,4,1973,1版1次,60,,0.1,25,50,Ref002:16,单册：叁划,,,上学之前/出版社：天津人民美术/改编：集体/绘画：集体/73年4月1版1次60开/印数：未详定价：0.10元/市场交流价：/9品：25元/10品：50元,PaddlePaddle
山村女教师,山村女教师,,改编：黄元德黄奕阳 绘画：林俊龙王振裕,,,改编：黄元德,黄元德,改编,改编：黄奕阳,黄奕阳,改编,绘画：林俊龙,林俊龙,绘画,绘画：王振裕,王振裕,绘画,,,,,,,福建人民,福建人民,,福州,12,1977,1版1次,60,,0.13,25,40,Ref002:16,单册：叁划,,,山村女教师/出版社：福建人民/改编：黄元德黄奕阳/绘画：林俊龙 王振裕/77年12月1版1次60开/印数：未详定价：0.13元/市场交流价：/9品：25元/10品：40元,PaddlePaddle
广阔天地炼红心,广阔天地炼红心,,改编：集体 绘画：集体,,,改编：集体,集体,改编,绘画：集体,集体,绘画,,,,,,,,,,,,,上海人民,上海人民,,上海,11,1971,1版1次,60,100万,0.09,30,100,Ref002:16,单册：叁划,,,广阔天地炼红心/出版社：上海人民/改编：集体/绘画：集体/71年11月1版1次60开/印数：100万定价：0.09元/市场交流价：/9品：30元/10品：100元,PaddlePaddle
小莲子,小莲子,,改编：戈令 绘画：杜滋龄,,,改编：戈令,戈令,改编,绘画：杜滋龄,杜滋龄,绘画,,,,,,,,,,,,,中国少年儿童,中国少年儿童,,北京,7,1983,1版1次,64,,0.11,8,15,Ref002:17,单册：叁划,,,小莲子/出版社：中国少年儿童/改编：戈令/绘画：杜滋龄/83年7月1版1次64开/印数：未详定价：0.11元/市场交流价：/9品：8元/10品：15元,PaddlePaddle
小筏夫,小筏夫,,改编：水泓 绘画：周长春,,,改编：水泓,水泓,改编,绘画：周长春,周长春,绘画,,,,,,,,,,,,,福建人民,福建人民,,福州,11,1983,1版1次,64,16.85万,0.15,5,8,Ref002:17,单册：叁划,,,小筏夫/出版社：福建人民/改编：水泓/绘画：周长春/83年11月1版1次64开/印数：16.85万定价：0.15元/市场交流价：/9品：5元/10品：8元,PaddlePaddle
小筏夫,小筏夫,,改编：钱晓刚 绘画：陈全胜,,,改编：钱晓刚,钱晓刚,改编,绘画：陈全胜,陈全胜,绘画,,,,,,,,,,,,,上海人民,上海人民,,上海,9,1975,1版1次,64,,0.1,8,15,Ref002:17,单册：叁划,,,小筏夫/出版社：上海人民/改编：钱晓刚/绘画：陈全胜/75年9月1版1次64开/印数：未详定价：0.10元/市场交流价：/9品：8元/10品：15元,PaddlePaddle
小萝卜头,小萝卜头,,改编：吴其柔 绘画：罗盘,,,改编：吴其柔,吴其柔,改编,绘画：罗盘,罗盘,绘画,,,,,,,,,,,,,上海人民美术,上海人民美术,,上海,3,1985,1版1次,64,15.8万,0.17,10,25,Ref002:17,单册：叁划,,,小萝卜头/出版社：上海人民美术/改编：吴其柔/绘画：罗盘/85年3月1版1次64开/印数：15.8万定价：0.17元/市场交流价：/9品：10元/10品：25元,PaddlePaddle
小歌仙,小歌仙,,改编：吴翕斌 绘画：洪月明,,,改编：吴翕斌,吴翕斌,改编,绘画：洪月明,洪月明,绘画,,,,,,,,,,,,,浙江少年儿童,浙江少年儿童,,杭州,1,1985,1版1次,64,18.8万,0.16,5,8,Ref002:17,单册：叁划,,,小歌仙/出版社：浙江少年儿童/改编：吴翕斌/绘画：洪月明/85年1月1版1次64开/印数：18.8万定价：0.16元/市场交流价：/9品：5元/10品：8元,PaddlePaddle
小金马的故事,小金马的故事,,改编：张乃仁 绘画：孙永印苏新平,,,改编：张乃仁,张乃仁,改编,绘画：孙永印,孙永印,绘画,绘画：苏新平,苏新平,绘画,,,,,,,,,,内蒙古人民,内蒙古人民,,呼和浩特市,7,1978,1版1次,64,30.04万,0.13,5,10,Ref002:17,单册：叁划,,,小金马的故事/出版社：内蒙古人民/改编：张乃仁/绘画：孙永印苏新平/78年7月1版1次64开/印数：30.04万定价：0.13元/市场交流价：/9品：5元/10品：10元,PaddlePaddle
小砰砣,小砰砣,,改编：华士明 绘画：苏立群,,,改编：华士明,华士明,改编,绘画：苏立群,苏立群,绘画,,,,,,,,,,,,,江苏人民,江苏人民,,南京,2,1977,1版1次,64,30万,0.1,8,15,Ref002:17,单册：叁划,,,小砰砣/出版社：江苏人民/改编：华士明/绘画：苏立群/77年2月1版1次64开/印数：30万定价：0.10元/市场交流价：/9品：8元/10品：15元,PaddlePaddle
小英雄张锦辉,小英雄张锦辉,,改编：赖平等 绘画：俞梦彦,,,改编：赖平,赖平,改编,改编：等,等,改编,绘画：俞梦彦,俞梦彦,绘画,,,,,,,,,,福建人民,福建人民,,福州,10,1984,1版1次,64,15.876万,0.18,8,15,Ref002:17,单册：叁划,,,小英雄张锦辉/出版社：福建人民/改编：赖平等/绘画：俞梦彦/84年10月1版1次64开/印数：15.876万定价：0.18元/市场交流价：/9品：8元/10品：15元,PaddlePaddle
小铁道游击队员,小铁道游击队员,,改编：彦芳 绘画：张洪文,,,改编：彦芳,彦芳,改编,绘画：张洪文,张洪文,绘画,,,,,,,,,,,,,辽宁美术,辽宁美术,,沈阳,1,1985,1版1次,64,47.9万,0.3,10,20,Ref002:18,单册：叁划,,,小铁道游击队员/出版社：辽宁美术/改编：彦芳/绘画：张洪文/85年1月1版1次64开/印数：47.9万定价：0.30元/市场交流价：/9品：10元/10品：20元,PaddlePaddle
小铁道游击队员,小铁道游击队员,,改编：毛亮英 绘画：蔡世明武忠平,,,改编：毛亮英,毛亮英,改编,绘画：蔡世明,蔡世明,绘画,绘画：武忠平,武忠平,绘画,,,,,,,,,,安徽人民,安徽人民,,合肥,3,1984,1版1次,64,50万,0.2,8,15,Ref002:18,单册：叁划,,,小铁道游击队员/出版社：安徽人民/改编：毛亮英/绘画：蔡世明武忠平/84年3月1版1次64开/印数：50万定价：0.20元/市场交流价：/9品：8元/10品：15元,PaddlePaddle
小铁道游击队员,小铁道游击队员,,改编：范成璋 绘画：池长尧,,,改编：范成璋,范成璋,改编,绘画：池长尧,池长尧,绘画,,,,,,,,,,,,,浙江人民美术,浙江人民美术,,杭州,6,1984,1版1次,64,52万,0.21,10,20,Ref002:18,单册：叁划,,,小铁道游击队员/出版社：浙江人民美术/改编：范成璋/绘画：池长尧/84年6月1版1次64开/印数：52万定价：0.21元/市场交流价：/9品：10元/10品：20元,PaddlePaddle
小铁道游击队员,小铁道游击队员,,改编：李遵义 绘画：刘昌吉,,,改编：李遵义,李遵义,改编,绘画：刘昌吉,刘昌吉,绘画,,,,,,,,,,,,,吉林人民,吉林人民,,长春,3,1983,1版1次,64,31.345万,0.15,8,15,Ref002:18,单册：叁划,,,小铁道游击队员/出版社：吉林人民/改编：李遵义/绘画：刘昌吉/83年3月1版1次64开/印数：31.345万定价：0.15元/市场交流价：/9品：8元/10品：15元,PaddlePaddle
小游击队员,小游击队员,,改编：未详 绘画：董洪元,,,改编：未详,未详,改编,绘画：董洪元,董洪元,绘画,,,,,,,,,,,,,天津人民美术,天津人民美术,,天津,10,1973,2版1次,60,,0.22,150,400,Ref002:18,单册：叁划,,,2/。 小游击队员/出版社：天津人民美术/改编：未详/绘画：董洪元/73年10月2版1次60开/印数：未详定价：0.22元/市场交流价：/9品：150元/10品：400元,PaddlePaddle
小游击队员柳小猛,小游击队员柳小猛,,改编：未详 绘画：未详,,,改编：未详,未详,改编,绘画：未详,未详,绘画,,,,,,,,,,,,,天津人民美术,天津人民美术,,天津,10,1972,1版1次,60,,0.11,80,200,Ref002:18,单册：叁划,,,小游击队员柳小猛/出版社：天津人民美术/改编：未详/绘画：未详/72年10月1版1次60开/印数：未详定价：0.11元/市场交流价：/9品：80元/10品：200元,PaddlePaddle
小游击队员石星,小游击队员石星,,改编：曹积三 绘画：张成思,,,改编：曹积三,曹积三,改编,绘画：张成思,张成思,绘画,,,,,,,,,,,,,辽宁美术,辽宁美术,,沈阳,4,1980,1版1次,64,143万,0.12,10,20,Ref002:18,单册：叁划,,,小游击队员石星/出版社：辽宁美术/改编：曹积三/绘画：张成思/80年4月1版1次64开/印数：143万 定价：0.12元/市场交流价：/9品：10元/10品：20元,PaddlePaddle
于无声处,于无声处,,改编：丁扬 绘画：赵仁年罗希贤,,,改编：丁扬,丁扬,改编,绘画：赵仁年,赵仁年,绘画,绘画：罗希贤,罗希贤,绘画,,,,,,,,,,上海人民美术,上海人民美术,,上海,1,1979,1版1次,64,30万,0.13,20,35,Ref002:18,单册：叁划,,,于无声处/出版社：上海人民美术/改编：丁扬/绘画：赵仁年 罗希贤/79年1月1版1次64开/印数：30万定价：0.13元/市场交流价：/9品：20元/10品：35元,PaddlePaddle
小山娃,小山娃,,改编：何溶 绘画：关景宇赵宝林,,,改编：何溶,何溶,改编,绘画：关景宇,关景宇,绘画,绘画：赵宝林,赵宝林,绘画,,,,,,,,,,人民美术,人民美术,,,10,1976,1版1次,64,102万,0.08,20（上下）,30,Ref002:19,单册：叁划,,,小山娃/出版社：人民美术/改编：何溶/绘画：关景宇赵宝林/76年10月1版1次64开/印数：102万定价：0.08元/市场交流价：/9品：20元（上下）/10品：30元,PaddlePaddle
山菊花（上下）,山菊花,（上下）,改编：鲁连文 绘画：刘凤山,,,改编：鲁连文,鲁连文,改编,绘画：刘凤山,刘凤山,绘画,,,,,,,,,,,,,吉林人民,吉林人民,,长春,7,1982,1版1次,64,59.2万,0.17,20（上下）,30,Ref002:19,单册：叁划,,,山菊花(上下)/出版社：吉林人民/改编：鲁连文/绘画：刘凤山/82年7月1版1次64开/印数：59.2万定价：0.17元/市场交流价：/9品：20元（上下）/10品：30元,PaddlePaddle
山菊花（上下）,山菊花,（上下）,改编：孙仲晓 绘画：王启民袁大仪,,,改编：孙仲晓,孙仲晓,改编,绘画：王启民,王启民,绘画,绘画：袁大仪,袁大仪,绘画,,,,,,,,,,天津人民美术,天津人民美术,,天津,8,1982,1版1次,64,48.1万,0.21,20（上下）,30,Ref002:19,单册：叁划,,,山菊花(上下)/出版社：天津人民美术/改编：孙仲晓/绘画：王启民袁大仪/82年8月1版1次64开/印数：48.1万定价：0.21元/市场交流价：/9品：20元（上下）/10品：30元,PaddlePaddle
哈默博士的奇迹,哈默博士的奇迹,,改编：金国芜等等 绘画：徐锡林,,,改编：金国芜,金国芜,改编,改编：等,等,改编,改编：等,等,改编,绘画：徐锡林,徐锡林,绘画,,,,,,,辽宁美术,辽宁美术,,沈阳,2,1990,1版1次,64,,1.4,20,40,Ref002:19,单册：叁划,,,哈默博士的奇迹/出版社：辽宁美术/改编：金国芜等/绘画：徐锡林/90年2月1版1次64开/印数：未详定价：1.40元/市场交流价：/9品：20元/10品：40元,PaddlePaddle
山城风云,山城风云,,改编：沙铁军 绘画：汪国新,,,改编：沙铁军,沙铁军,改编,绘画：汪国新,汪国新,绘画,,,,,,,,,,,,,湖北人民,湖北人民,,武汉,7,1980,1版1次,64,8.5万,0.24,20,40,Ref002:19,单册：叁划,,,山城风云/出版社：湖北人民/改编：沙铁军/绘画：汪国新/80年7月1版1次64开/印数：8.5万定价：0.24元/市场交流价：/9品：20元/10品：40元,PaddlePaddle
山猫嘴说媒,山猫嘴说媒,,改编：雪冰 绘画：孙为民聂鸥,,,改编：雪冰,雪冰,改编,绘画：孙为民,孙为民,绘画,绘画：聂鸥,聂鸥,绘画,,,,,,,,,,中国曲艺,中国曲艺,,北京,12,1982,1版1次,64,,0.2,8,15,Ref002:19,单册：叁划,,Sic._Author_Core_3,山猫嘴说媒/出版社：中国曲艺/改编：雪冰/绘画：孙为民聂鸥/82年12月1版1次64开/印数：未详定价：0.20元/市场交流价：/9品：8元/10品：15元,PaddlePaddle
大浪淘沙,大浪淘沙,,改编：雪冰 绘画：孙为民聂鸥,,,改编：雪冰,雪冰,改编,绘画：孙为民,孙为民,绘画,绘画：聂鸥,聂鸥,绘画,,,,,,,,,,中国曲艺,中国曲艺,,北京,12,1982,1版1次,64,,0.2,8,15,Ref002:19,单册：叁划,,Sic._Author_Core_3,大浪淘沙/出版社：中国曲艺/改编：雪冰/绘画：孙为民聂 鸥/82年12月1版1次64开/印数：未详定价：0.20元/市场交流价：/9品：8元/10品：15元,PaddlePaddle
大佛下的战斗,大佛下的战斗,,改编：尹正明 绘画：雷德祖,,,改编：尹正明,尹正明,改编,绘画：雷德祖,雷德祖,绘画,,,,,,,,,,,,,安徽人民,安徽人民,,合肥,7,1984,1版1次,60,42万,0.33,20,50,Ref002:19,单册：叁划,,,大佛下的战斗/出版社：安徽人民/改编：尹正明/绘画：雷德祖/84年7月1版1次60开/印数：42万定价：0.33元/市场交流价：/9品：20元/10品：50元,PaddlePaddle
三家巷,三家巷,,改编：韦祺 绘画：梅汉珍纹川,,,改编：韦祺,韦祺,改编,绘画：梅汉珍,梅汉珍,绘画,绘画：纹川,纹川,绘画,,,,,,,,,,岭南美术,岭南美术,,广州,10,1982,1版1次,64,50.6万,0.26,15,25,Ref002:20,单册：叁划,,,三家巷/出版社：岭南美术/改编：韦祺/绘画：梅汉珍纹川/82年10月1版1次64开/印数：50.6万定价：0.26元/市场交流价：/9品：15元/10品：25元,PaddlePaddle
三闯狮子院,三闯狮子院,,改编：陈识金 绘画：张国维,,,改编：陈识金,陈识金,改编,绘画：张国维,张国维,绘画,,,,,,,,,,,,,江苏美术,江苏美术,,南京,5,1985,1版1次,64,15.8万,0.5,8,15,Ref002:20,单册：叁划,,,三闯狮子院/出版社：江苏美术/改编：陈识金/绘画：张国维/85年5月1版1次64开/印数：15.8万 定价：0.50元/市场交流价：/9品：8元/10品：15元,PaddlePaddle
三十年奇遇,三十年奇遇,,改编：余松岩 绘画：赵克标吴奕政,,,改编：余松岩,余松岩,改编,绘画：赵克标,赵克标,绘画,绘画：吴奕政,吴奕政,绘画,,,,,,,,,,岭南美术,岭南美术,,广州,6,1985,1版1次,64,,0.42,15,25,Ref002:20,单册：叁划,,,三十年奇遇/出版社：岭南美术/改编：余松岩/绘画：赵克标吴奕政/85年6月1版1次64开/印数：未详定价：0.42元/市场交流价：/9品：15元/10品：25元,PaddlePaddle
三家福,三家福,,改编：丁宪武等 绘画：刘昌华,,,改编：丁宪武,丁宪武,改编,改编：等,等,改编,绘画：刘昌华,刘昌华,绘画,,,,,,,,,,江苏美术,江苏美术,,南京,9,1984,1版1次,64,11.96万,0.14,5,10,Ref002:20,单册：叁划,,,三家福/出版社：江苏美术/改编：丁宪武等/绘画：刘昌华/84年9月1版1次64开/印数：11.96万定价：0.14元/市场交流价：/9品：5元/10品：10元,PaddlePaddle
三探魔鬼湖,三探魔鬼湖,,改编：邱国华 绘画：王弘力秋耘,,,改编：邱国华,邱国华,改编,绘画：王弘力,王弘力,绘画,绘画：秋耘,秋耘,绘画,,,,,,,,,,福建人民,福建人民,,福州,4,1981,1版1次,64,18.04万,0.11,15,25,Ref002:20,单册：叁划,,Sic._Author_Core_3,三探魔鬼湖/出版社：福建人民/改编：邱国华/绘画：王弘力秋耘/81年4月1版1次64开/印数：18.04万定价：0.11元/市场交流价：/9品：15元/10品：25元,PaddlePaddle
山道弯弯,山道弯弯,,改编：裴开新 绘画：裴开新钟小秀,,,改编：裴开新,裴开新,改编,绘画：裴开新,裴开新,绘画,绘画：钟小秀,钟小秀,绘画,,,,,,,,,,人民美术,人民美术,,,6,1983,1版1次,64,11万,0.13,10,20,Ref002:20,单册：叁划,,,山道弯弯/出版社：人民美术/改编：裴开新/绘画：裴开新钟小秀/83年6月1版1次64开/印数：11万定价：0.13元/市场交流价：/9品：10元/10品：20元,PaddlePaddle
山道弯弯,山道弯弯,,改编：春夫 绘画：邹建平,,,改编：春夫,春夫,改编,绘画：邹建平,邹建平,绘画,,,,,,,,,,,,,湖南美术,湖南美术,,长沙,2,1983,1版1次,64,10.5万,0.16,10,15,Ref002:20,单册：叁划,,,山道弯弯/出版社：湖南美术/改编：春夫/绘画：邹建平/83年2月1版1次64开/印数：10.5万定价：0.16元/市场交流价：/9品：10元/10品：15元,PaddlePaddle
山道弯弯,山道弯弯,,改编：王金 绘画：林树昭杨风,,,改编：王金,王金,改编,绘画：林树昭,林树昭,绘画,绘画：杨风,杨风,绘画,,,,,,,,,,辽宁美术,辽宁美术,,沈阳,8,1984,1版1次,64,7.56万,0.17,15,25,Ref002:20,单册：叁划,,Sic._Author_Core_3,山道弯弯/出版社：辽宁美术/改编：王金/绘画：林树昭杨风/84年8月1版1次64开/印数：7.56万定价：0.17元/市场交流价：/9品：15元/10品：25元,PaddlePaddle
万水千山,万水千山,,编文：王恩国 绘画：李皓,,,编文：王恩国,王恩国,编文,绘画：李皓,李皓,绘画,,,,,,,,,,,,,辽宁美术,辽宁美术,,沈阳,6,1979,1版1次,64,50万,0.19,25,50,Ref002:21,单册：叁划,,,万水千山/出版社：辽宁美术/编文：王恩国/绘画：李皓/79年6月1版1次64开/印数：50万定价：0.19元/市场交流价：/9品：25元/10品：50元,PaddlePaddle
万水千山,万水千山,,改编：李笃才 绘画：集体,,,改编：李笃才,李笃才,改编,绘画：集体,集体,绘画,,,,,,,,,,,,,天津人民美术,天津人民美术,,天津,11,1977,1版1次,64,,0.2,15,30,Ref002:21,单册：叁划,,,万水千山/出版社：天津人民美术/改编：李笃才/绘画：集体/77年11月1版1次64开/印数：未详定价：0.20元/市场交流价：/9品：15元/10品：30元,PaddlePaddle
子夜,子夜,,改编：缪德璋缪 绘画：孙彬张自启,,,改编：缪德璋缪,缪德璋缪,改编,绘画：孙彬,孙彬,绘画,绘画：张自启,张自启,绘画,,,,,,,,,,甘肃人民,甘肃人民,,兰州,3,1984,1版1次,60,6.4万,0.29,30,70,Ref002:21,单册：叁划,,Sic._Author_Core_1,子夜/出版社：甘肃人民/改编：缪德璋缪/绘画：孙彬张自启/84年3月1版1次60开/印数：6.4万定价：0.29元/市场交流价：/9品：30元/10品：70元,PaddlePaddle
三战王牌,三战王牌,,改编：王乐群 绘画：李俊琪,,,改编：王乐群,王乐群,改编,绘画：李俊琪,李俊琪,绘画,,,,,,,,,,,,,黑龙江人民,黑龙江人民,,哈尔滨,11,1979,1版1次,64,20万,0.1,8,15,Ref002:21,单册：叁划,,,三战王牌/出版社：黑龙江人民/改编：王乐群/绘画：李俊琪/79年11月1版1次64开/印数：20万定价：0.10元/市场交流价：/9品：8元/10品：15元,PaddlePaddle
马五哥和尕豆妹,马五哥和尕豆妹,,改编：刘国尧王正伟 绘画：苏朗,,,改编：刘国尧,刘国尧,改编,改编：王正伟,王正伟,改编,绘画：苏朗,苏朗,绘画,,,,,,,,,,宁夏人民,宁夏人民,,银川,4,1982,1版1次,64,15.2万,0.12,5,15,Ref002:21,单册：叁划,,,马五哥和尕豆妹/出版社：宁夏人民/改编：刘国尧王正伟/绘画：苏朗/82年4月1版1次64开/印数：15.2万定价：0.12元/市场交流价：/9品：5元/10品：15元,PaddlePaddle
大将徐海东,大将徐海东,,改编：王照运 绘画：李人毅,,,改编：王照运,王照运,改编,绘画：李人毅,李人毅,绘画,,,,,,,,,,,,,辽宁美术,辽宁美术,,沈阳,10,1984,1版1次,64,66万,0.29,15,25,Ref002:21,单册：叁划,,,大将徐海东/出版社：辽宁美术/改编：王照运/绘画：李人毅/84年10月1版1次64开/印数：66万定价：0.29元/市场交流价：/9品：15元/10品：25元,PaddlePaddle
大雁山（上下）,大雁山,（上下）,改编：石洪林等 绘画：杨一明于绍文等,,,改编：石洪林,石洪林,改编,改编：等,等,改编,绘画：杨一明,杨一明,绘画,绘画：于绍文,于绍文,绘画,绘画：等,等,绘画,,,,北京人民,北京人民,,北京,2,1977,1版1次,60,,0.15,35（全套）,60,Ref002:21,单册：叁划,,,大雁山(上下)/出版社：北京人民/改编：石洪林等/绘画：杨一明于绍文等/77年2月1版1次60开/印数：未详定价：0.15元/市场交流价：/9品：35元（全套）/10品：60元,PaddlePaddle
大雁山,大雁山,,改编：张启太 绘画：严庚辰,,,改编：张启太,张启太,改编,绘画：严庚辰,严庚辰,绘画,,,,,,,,,,,,,黑龙江人民,黑龙江人民,,哈尔滨,1,1979,1版1次,64,25.8万,0.2,15,25,Ref002:21,单册：叁划,,,大雁山/出版社：黑龙江人民/改编：张启太/绘画：严庚辰/79年1月1版1次64开/印数：25.8万定价：0.20元/市场交流价：/9品：15元/10品：25元,PaddlePaddle
小帕蒂的生日,小帕蒂的生日,,改编：毛亮英 绘画：谭晓春,,,改编：毛亮英,毛亮英,改编,绘画：谭晓春,谭晓春,绘画,,,,,,,,,,,,,天津人民美术,天津人民美术,,天津,4,1977,1版1次,64,,0.09,8,15,Ref002:22,单册：叁划,,,小帕蒂的生日/出版社：天津人民美术/改编：毛亮英/绘画：谭晓春/77年4月1版1次64开/印数：未详定价：0.09元/市场交流价：/9品：8元/10品：15元,PaddlePaddle
三怪客,三怪客,,改编：戴晓权 绘画：雷德祖,,,改编：戴晓权,戴晓权,改编,绘画：雷德祖,雷德祖,绘画,,,,,,,,,,,,,江苏人民,江苏人民,,南京,12,1980,1版1次,64,15万,0.1,20,40,Ref002:22,单册：叁划,,,三怪客/出版社：江苏人民/改编：戴晓权/绘画：雷德祖/80年12月1版1次64开/印数：15万定价：0.10元/市场交流价：/9品：20元/10品：40元,PaddlePaddle
小船长历险记,小船长历险记,,改编：王亚法 绘画：雷德祖星河,,,改编：王亚法,王亚法,改编,绘画：雷德祖,雷德祖,绘画,绘画：星河,星河,绘画,,,,,,,,,,少年儿童,少年儿童,,上海,5,1983,1版1次,64,21万,0.29,15,25,Ref002:22,单册：叁划,,Sic._Author_Core_3,小船长历险记/出版社：少年儿童/改编：王亚法/绘画：雷德祖星河/83年5月1版1次64开/印数：21万定价：0.29元/市场交流价：/9品：15元/10品：25元,PaddlePaddle
大人国,大人国,,改编：马玲玲 绘画：程十发程多多,,,改编：马玲玲,马玲玲,改编,绘画：程十发,程十发,绘画,绘画：程多多,程多多,绘画,,,,,,,,,,上海人民美术,上海人民美术,,上海,4,1979,1版1次,60,100万,0.11,10,25,Ref002:22,单册：叁划,,Title_missing_sic.,出版社：上海人民美术/改编：马玲玲/绘画：程十发程多多/79年4月1版1次60开/印数：100万定价：0.11元/市场交流价：/9品：10元/10品：25元,PaddlePaddle
大雷雨,大雷雨,,改编：鹤仙等 绘画：黄强根,,,改编：鹤仙,鹤仙,改编,改编：等,等,改编,绘画：黄强根,黄强根,绘画,,,,,,,,,,上海人民美术,上海人民美术,,上海,5,1984,1版1次,64,30万,0.25,8,20,Ref002:22,单册：叁划,,,大雷雨/出版社：上海人民美术/改编：鹤仙等/绘画：黄强根/84年5月1版1次64开/印数：30万定价：0.25元/市场交流价：/9品：8元/10品：20元,PaddlePaddle
大雷雨,大雷雨,,改编：方文 绘画：张崇政,,,改编：方文,方文,改编,绘画：张崇政,张崇政,绘画,,,,,,,,,,,,,江苏人民,江苏人民,,南京,9,1983,1版1次,64,11.6万,0.15,10,15,Ref002:22,单册：叁划,,,大雷雨/出版社：江苏人民/改编：方文/绘画：张崇政/83年9月1版1次64开/印数：11.6万 定价：0.15元/市场交流价：/9品：10元/10品：15元,PaddlePaddle
上尉的女儿,上尉的女儿,,改编：于惠 绘画：胡振宇,,,改编：于惠,于惠,改编,绘画：胡振宇,胡振宇,绘画,,,,,,,,,,,,,辽宁美术,辽宁美术,,沈阳,4,1983,1版1次,64,14.15万,0.21,20,40,Ref002:22,单册：叁划,,,上尉的女儿/出版社：辽宁美术/改编：于惠/绘画：胡振宇/83年4月1版1次64开/印数：14.15万定价：0.21元/市场交流价：/9品：20元/10品：40元,PaddlePaddle
上尉的女儿,上尉的女儿,,改编：亭录等 绘画：于成业高丽雅,,,改编：亭录,亭录,改编,改编：等,等,改编,绘画：于成业,于成业,绘画,绘画：高丽雅,高丽雅,绘画,,,,,,,江苏人民,江苏人民,,南京,2,1981,1版1次,64,15万,0.26,10,20,Ref002:22,单册：叁划,,Sic._Author_Core_1,上尉的女儿/出版社：江苏人民/改编：亭录等/绘画：于成业高丽雅/81年2月1版1次64开/印数：15万定价：0.26元/市场交流价：/9品：10元/10品：20元,PaddlePaddle
三个法庭,三个法庭,,改编：费声福 绘画：费声福,,,改编：费声福,费声福,改编,绘画：费声福,费声福,绘画,,,,,,,,,,,,,人民美术,人民美术,,,9,1979,1版1次,60,130万,0.09,10,25,Ref002:23,单册：叁划,,,三个法庭/出版社：人民美术/改编：费声福/绘画：费声福/79年9月1版1次60开/印数：130万定价：0.09元/市场交流价：/9品：10元/10品：25元,PaddlePaddle
马戏团,马戏团,,改编：邓柯 绘画：邓柯,,,改编：邓柯,邓柯,改编,绘画：邓柯,邓柯,绘画,,,,,,,,,,,,,广东人民,广东人民,,广州,2,1985,1版1次,64,,0.38,10,20,Ref002:23,单册：叁划,,,马戏团/出版社：广东人民/改编：邓柯/绘画：邓柯/85年2月1版1次64开/印数：未详定价：0.38元/市场交流价：/9品：10元/10品：20元,PaddlePaddle
文成公主,文成公主,,改编：吴延 绘画：刘馗,,,改编：吴延,吴延,改编,绘画：刘馗,刘馗,绘画,,,,,,,,,,,,,辽宁美术,辽宁美术,,沈阳,1,1980,1版1次,64,50万,0.24,40,60,Ref002:23,单册：肆划,,,文成公主/出版社：辽宁美术/改编：吴延/绘画：刘馗/80年1月1版1次64开/印数：50万定价：0.24元/市场交流价：/9品：40元/10品：60元,PaddlePaddle
孔雀东南飞,孔雀东南飞,,编文：邵甄吴延官 绘者：王叔晖,,,编文：邵甄,邵甄,编文,编文：吴延官,吴延官,编文,绘者：王叔晖,王叔晖,绘者,,,,,,,,,,人民美术,人民美术,,,9,1981,2版10次,60,140.7万,0.07,30,80,Ref002:23,单册：肆划,,,孔雀东南飞/出版社：人民美术/编文：邵甄吴延官/绘者：王叔晖/81年9月2版10次60开/印数：140.7万定价：0.07元/市场交流价：/9品：30元/10品：80元,PaddlePaddle
文同画竹,文同画竹,,编文：何增鸾刘太焰 绘画：胥复常,,,编文：何增鸾,何增鸾,编文,编文：刘太焰,刘太焰,编文,绘画：胥复常,胥复常,绘画,,,,,,,,,,四川人民,四川人民,,成都,8,1982,1版1次,64,70.5万,0.1,15,30,Ref002:23,单册：肆划,,,文同画竹/出版社：四川人民/编文：何增鸾刘太焰/绘画：胥复常/82年8月1版1次64开/印数：70.5万定价：0.10元/市场交流价：/9品：15元/10品：30元,PaddlePaddle
长生殿,长生殿,,改编：闻起 绘画：卢延光,,,改编：闻起,闻起,改编,绘画：卢延光,卢延光,绘画,,,,,,,,,,,,,中国戏剧,中国戏剧,,北京,6,1985,1版1次,60,,0.44,25,45,Ref002:23,单册：肆划,,Title_missing_sic.,出版社：中国戏剧/改编：闻起/绘画：卢延光/85年6月1版1次60开/印数：未详定价：0.44元/市场交流价：/9品：25元/10品：45元,PaddlePaddle
长发妹,长发妹,,改编：肖甘牛 绘画：王培方,,,改编：肖甘牛,肖甘牛,改编,绘画：王培方,王培方,绘画,,,,,,,,,,,,,广西人民,广西人民,,南宁,10,1980,1版1次,64,29.4万,0.09,10,20,Ref002:23,单册：肆划,,,长发妹/出版社：广西人民/改编：肖甘牛/绘画：王培方/80年10月1版1次64开/印数：29.4万 定价：0.09元/市场交流价：/9品：10元/10品：20元,PaddlePaddle
长发妹,长发妹,,改编：任伍 绘画：赵国经,,,改编：任伍,任伍,改编,绘画：赵国经,赵国经,绘画,,,,,,,,,,,,,中国少年儿童,中国少年儿童,,北京,6,1982,1版1次,64,58万,0.11,10,25,Ref002:23,单册：肆划,,,长发妹/0/出版社：中国少年儿童/改编：任伍/绘画：赵国经/82年6月1版1次64开/印数：58万定价：0.11元/市场交流价：/9品：10元/10品：25元,PaddlePaddle
双玉蝉（样书）,双玉蝉,（样书）,改编：顾士友 绘画：戴宏海,,,改编：顾士友,顾士友,改编,绘画：戴宏海,戴宏海,绘画,,,,,,,,,,,,,福建人民,福建人民,,福州,6,1980,1版2次,60,,,180,250,Ref002:24,单册：肆划,,,双玉蝉(样书)/出版社：福建人民/改编：顾士友/绘画：戴宏海/80年6月1版2次60开/市场交流价：/9品：180元/10品：250元,PaddlePaddle
双玉蝉,双玉蝉,,改编：顾士友 绘画：戴宏海,,,改编：顾士友,顾士友,改编,绘画：戴宏海,戴宏海,绘画,,,,,,,,,,,,,福建人民,福建人民,,福州,6,1980,1版1次,60,65.05万,0.12,20,50,Ref002:24,单册：肆划,,,双玉蝉/出版社：福建人民/改编：顾士友/绘画：戴宏海/80年6月1版1次60开/印数：65.05万定价：0.12元/市场交流价：/9品：20元/10品：50元,PaddlePaddle
孔雀姑娘,孔雀姑娘,,改编：肖甘牛 绘画：陈白一陈明大,,,改编：肖甘牛,肖甘牛,改编,绘画：陈白一,陈白一,绘画,绘画：陈明大,陈明大,绘画,,,,,,,,,,湖南人民,湖南人民,,长沙,3,1981,1版1次,64,37万,0.1,20,40,Ref002:24,单册：肆划,,,孔雀姑娘/出版社：湖南人民/改编：肖甘牛/绘画：陈白一陈明大/81年3月1版1次64开/印数：37万定价：0.10元/市场交流价：/9品：20元/10品：40元,PaddlePaddle
孔雀胆,孔雀胆,,改编：阎肃 绘画：赵仁年刘祥群,,,改编：阎肃,阎肃,改编,绘画：赵仁年,赵仁年,绘画,绘画：刘祥群,刘祥群,绘画,,,,,,,,,,人民美术,人民美术,,,12,1981,1版1次,64,89万,0.15,15,25,Ref002:24,单册：肆划,,,孔雀胆/出版社：人民美术/改编：阎肃/绘画：赵仁年刘祥群/81年12月1版1次64开/印数：89万定价：0.15元/市场交流价：/9品：15元/10品：25元,PaddlePaddle
孔雀胆,孔雀胆,,改编：王海清 绘画：秀公聂磊,,,改编：王海清,王海清,改编,绘画：秀公,秀公,绘画,绘画：聂磊,聂磊,绘画,,,,,,,,,,江苏人民,江苏人民,,南京,4,1983,1版1次,64,13.1万,0.21,8,15,Ref002:24,单册：肆划,,Sic._Author_Core_3,孔雀胆/出版社：江苏人民/改编：王海清/绘画：秀公聂磊/83年4月1版1次64开/印数：13.1万 定价：0.21元/市场交流价：/9品：8元/10品：15元,PaddlePaddle
孔雀胆,孔雀胆,,改编：刘汉佐 绘画：王企玫,,,改编：刘汉佐,刘汉佐,改编,绘画：王企玫,王企玫,绘画,,,,,,,,,,,,,天津人民美术,天津人民美术,,天津,3,1979,1版1次,64,50万,0.15,20,60,Ref002:24,单册：肆划,,,孔雀胆/出版社：天津人民美术/改编：刘汉佐/绘画：王企玫/79年3月1版1次64开/印数：50万定价：0.15元/市场交流价：/9品：20元/10品：60元,PaddlePaddle
孔雀胆,孔雀胆,,改编：云声 绘画：邵子振,,,改编：云声,云声,改编,绘画：邵子振,邵子振,绘画,,,,,,,,,,,,,黑龙江人民,黑龙江人民,,哈尔滨,12,1981,1版1次,64,43.7[sic.],0.21,15,25,Ref002:24,单册：肆划,,Print_run_sic. ,孔雀胆/出版社：黑龙江人民/改编：云声/绘画：邵子振/81年12月1版1次64开/印数：43.7 定价：0.21元/市场交流价：/9品：15元/10品：25元,PaddlePaddle
孔雀胆,孔雀胆,,改编：湘川 绘画：陈安民,,,改编：湘川,湘川,改编,绘画：陈安民,陈安民,绘画,,,,,,,,,,,,,湖北,湖北,,武汉,10,1983,1版1次,64,10万,0.21,10,155,Ref002:24,单册：肆划,,,孔雀胆/出版社：湖北/改编：湘川/绘画：陈安民/83年10月1版1次64开/印数：10万定价：0.21元/市场交流价：/9品：10元/10品：155元,PaddlePaddle
王昭君,王昭君,,改编：于秀溪 绘画：孟庆江,,,改编：于秀溪,于秀溪,改编,绘画：孟庆江,孟庆江,绘画,,,,,,,,,,,,,甘肃人民,甘肃人民,,兰州,7,1980,1版1次,64,20.08万,0.22,30,60,Ref002:25,单册：肆划,,,王昭君/出版社：甘肃人民/改编：于秀溪/绘画：孟庆江/80年7月1版1次64开/印数：20.08万定价：0.22元/市场交流价：/9品：30元/10品：60元,PaddlePaddle
王昭君,王昭君,,改编：陈长民 绘画：笑雨汤云,,,改编：陈长民,陈长民,改编,绘画：笑雨,笑雨,绘画,绘画：汤云,汤云,绘画,,,,,,,,,,上海人民美术,上海人民美术,,上海,3,1981,1版1次,64,53万,0.26,20,40,Ref002:25,单册：肆划,,Sic._Author_Core_3,王昭君/出版社：上海人民美术/改编：陈长民/绘画：笑雨汤云/81年3月1版1次64开/印数：53万定价：0.26元/市场交流价：/9品：20元/10品：40元/B,PaddlePaddle
王昭君,王昭君,,改编：吴宗尧 绘画：张晓飞,,,改编：吴宗尧,吴宗尧,改编,绘画：张晓飞,张晓飞,绘画,,,,,,,,,,,,,江苏人民,江苏人民,,南京,3,1980,1版1次,64,30万,0.24,25,40,Ref002:25,单册：肆划,,,王昭君/出版社：江苏人民/改编：吴宗尧/绘画：张晓飞/80年3月1版1次64开/印数：30万定价：0.24元/市场交流价：/9品：25元/10品：40元,PaddlePaddle
王昭君,王昭君,,改编：辛观地 绘画：徐有武,,,改编：辛观地,辛观地,改编,绘画：徐有武,徐有武,绘画,,,,,,,,,,,,,浙江人民美术,浙江人民美术,,杭州,3,1980,1版1次,64,100万,0.23,20,50,Ref002:25,单册：肆划,,,王昭君/出版社：浙江人民美术/改编：辛观地/绘画：徐有武/80年3月1版1次64开/印数：100万定价：0.23元/市场交流价：/9品：20元/10品：50元,PaddlePaddle
王昭君,王昭君,,改编：羡智 绘画：晁锡弟,,,改编：羡智,羡智,改编,绘画：晁锡弟,晁锡弟,绘画,,,,,,,,,,,,,河北人民,河北人民,,石家庄,2,1982,1版1次,64,21.5万,0.26,40,60,Ref002:25,单册：肆划,,,王昭君/出版社：河北人民/改编：羡智/绘画：晁锡弟/82年2月1版1次64开/印数：21.5万 定价：0.26元/市场交流价：/9品：40元/10品：60元,PaddlePaddle
王昭君,王昭君,,改编：李大发 绘画：韩硕施大畏,,,改编：李大发,李大发,改编,绘画：韩硕,韩硕,绘画,绘画：施大畏,施大畏,绘画,,,,,,,,,,四川人民,四川人民,,成都,8,1981,1版1次,60,12.73万,0.23,30,60,Ref002:25,单册：肆划,,,王昭君/出版社：四川人民/改编：李大发/绘画：韩硕施大畏/81年8月1版1次60开/印数：12.73万定价：0.23元/市场交流价：/9品：30元/10品：60元,PaddlePaddle
包拯三掷砚,包拯三掷砚,,改编：蒋金燕 绘画：费龙翔,,,改编：蒋金燕,蒋金燕,改编,绘画：费龙翔,费龙翔,绘画,,,,,,,,,,,,,上海人民美术,上海人民美术,,上海,4,1982,1版1次,64,60万,0.09,15,30,Ref002:25,单册：肆划,,,包拯三掷砚/出版社：上海人民美术/改编：蒋金燕/绘画：费龙翔/82年4月1版1次64开/印数：60万定价：0.09元/市场交流价：/9品：15元/10品：30元,PaddlePaddle
不怕鬼的故事,不怕鬼的故事,,改编：谢宝耿 绘画：顾炳鑫刘旦宅等,,,改编：谢宝耿,谢宝耿,改编,绘画：顾炳鑫,顾炳鑫,绘画,绘画：刘旦宅,刘旦宅,绘画,绘画：等,等,绘画,,,,,,,上海人民美术,上海人民美术,,上海,4,1979,1版1次,64,100万,0.2,30,60,Ref002:25,单册：肆划,,,不怕鬼的故事/出版社：上海人民美术/改编：谢宝耿/绘画：顾炳鑫刘旦宅等/79年4月1版1次64开/印数：100万定价：0.20元/市场交流价：/9品：30元/10品：60元,PaddlePaddle
木兰从军,木兰从军,,改编：俞沛铭 绘画：项维仁,,,改编：俞沛铭,俞沛铭,改编,绘画：项维仁,项维仁,绘画,,,,,,,,,,,,,少年儿童,少年儿童,,上海,6,1983,1版2次,64,,,5,10,Ref002:26,单册：肆划,,,木兰从军/出版社：少年儿童/改编：俞沛铭/绘画：项维仁/83年6月1版2次64开/印数：未详/市场交流价：/9品：5元/10品：10元,PaddlePaddle
木兰从军,木兰从军,,改编：龙光沛 绘画：张世申,,,改编：龙光沛,龙光沛,改编,绘画：张世申,张世申,绘画,,,,,,,,,,,,,贵州人民,贵州人民,,贵阳,12,1980,1版1次,64,12万,0.07,10,20,Ref002:26,单册：肆划,,,木兰从军/出版社：贵州人民/改编：龙光沛/绘画：张世申/80年12月1版1次64开/印数：12万定价：0.07元市/场交流价：/9品：10元/10品：20元,PaddlePaddle
王佐断臂,王佐断臂,,改编：陆士达 绘画：徐正平,,,改编：陆士达,陆士达,改编,绘画：徐正平,徐正平,绘画,,,,,,,,,,,,,上海人民美术,上海人民美术,,上海,7,1983,2版5次,60,48万,0.15,10,20,Ref002:26,单册：肆划,,,王佐断臂/出版社：上海人民美术/改编：陆士达/绘画：徐正平/83年7月2版5次60开/印数：48万定价：0.15元/市场交流价：/9品：10元/10品：20元,PaddlePaddle
太后之死,太后之死,,改编：陈之夫 绘画：张新国卢新东,,,改编：陈之夫,陈之夫,改编,绘画：张新国,张新国,绘画,绘画：卢新东,卢新东,绘画,,,,,,,,,,宁夏人民,宁夏人民,,银川,11,1983,1版1次,64,19.2万,0.23,15,30,Ref002:26,单册：肆划,,,太后之死/出版社：宁夏人民/改编：陈之夫/绘画：张新国卢新东/83年11月1版1次64开/印数：19.2万定价：0.23元/市场交流价：/9品：15元/10品：30元,PaddlePaddle
天国女帅,天国女帅,,改编：集体 绘画：戴仁,,,改编：集体,集体,改编,绘画：戴仁,戴仁,绘画,,,,,,,,,,,,,天津人民美术,天津人民美术,,天津,12,1977,1版1次,64,,0.08,15,30,Ref002:26,单册：肆划,,,天国女帅/出版社：天津人民美术/改编：集体/绘画：戴仁/77年12月1版1次64开/印数：未详定价：0.08元/市场交流价：/9品：15元/10品：30元,PaddlePaddle
王莽赶刘秀,王莽赶刘秀,,改编：洛康 绘画：解永钧罗敬箴,,,改编：洛康,洛康,改编,绘画：解永钧,解永钧,绘画,绘画：罗敬箴,罗敬箴,绘画,,,,,,,,,,河北美术,河北美术,,石家庄,8,1984,1版1次,64,16.5万,0.23,10,15,Ref002:26,单册：肆划,,,王莽赶刘秀/出版社：河北美术/改编：洛康/绘画：解永钧 罗敬箴/84年8月1版1次64开/印数：16.5万定价：0.23元/市场交流价：/9品：10元/10品：15元,PaddlePaddle
王安石的故事,王安石的故事,,改编：王亮功 绘画：陈令长倪绍勇,,,改编：王亮功,王亮功,改编,绘画：陈令长,陈令长,绘画,绘画：倪绍勇,倪绍勇,绘画,,,,,,,,,,江西人民,江西人民,,南昌,5,1983,1版1次,64,3万,0.19,15,35,Ref002:26,单册：肆划,,,王安石的故事/出版社：江西人民/改编：王亮功/绘画：陈令长倪绍勇/83年5月1版1次64开/印数：3万定价：0.19元/市场交流价：/9品：15元/10品：35元,PaddlePaddle
夫人城,夫人城,,改编：田衣 绘画：于水吴声,,,改编：田衣,田衣,改编,绘画：于水,于水,绘画,绘画：吴声,吴声,绘画,,,,,,,,,,上海人民美术,上海人民美术,,上海,2,1983,2版5次,64,21万,0.15,15,35,Ref002:26,单册：肆划,,,夫人城/出版社：上海人民美术/改编：田衣/绘画：于水吴声/83年2月2版5次64开/印数：21万定价：0.15元/市场交流价：/9品：15元/10品：35元,PaddlePaddle
乌白旗,乌白旗,,改编：觉本氏 绘画：王企玫,,,改编：觉本氏,觉本氏,改编,绘画：王企玫,王企玫,绘画,,,,,,,,,,,,,福建人民,福建人民,,福州,4,1980,1版1次,60,34.05万,0.12,30,80,Ref002:27,单册：肆划,,,乌白旗/出版社：福建人民/改编：觉本氏/绘画：王企玫/80年4月1版1次60开/印数：34.05万定价：0.12元/市场交流价：/9品：30元/10品：80元,PaddlePaddle
水浒故事（上下）,水浒故事,（上下）,改编：白宇 绘画：韩硕施大畏,,,改编：白宇,白宇,改编,绘画：韩硕,韩硕,绘画,绘画：施大畏,施大畏,绘画,,,,,,,,,,人民美术,人民美术,,,8,1980,1版1次,60,200万,0.24,40,80,Ref002:27,单册：肆划,,,水浒故事(上下)/出版社：人民美术/改编：白宇/绘画：韩硕施大畏/80年8月1版1次60开/印数：200万定价：0.24元/市场交流价：/9品：40元/10品：80元,PaddlePaddle
历法风云,历法风云,,改编：邹向前 绘画：胡克文,,,改编：邹向前,邹向前,改编,绘画：胡克文,胡克文,绘画,,,,,,,,,,,,,辽宁美术,辽宁美术,,沈阳,10,1984,1版1次,64,6.84万,0.26,8,15,Ref002:27,单册：肆划,,,历法风云/出版社：辽宁美术/改编：邹向前/绘画：胡克文/84年10月1版1次64开/印数：6.84万定价：0.26元/市场交流价：/9品：8元/10品：15元,PaddlePaddle
历史上劳动人民的反孔斗争,历史上劳动人民的反孔斗争,,改编：本社 绘画：赵宏本等,,,改编：本社,本社,改编,绘画：赵宏本,赵宏本,绘画,绘画：等,等,绘画,,,,,,,,,,上海人民,上海人民,,上海,7,1975,1版1次,64,,0.16,60,180,Ref002:27,单册：肆划,,,历史上劳动人民的反孔斗争/出版社：上海人民/改编：本社/绘画：赵宏本等/75年7月1版1次64开/印数：未详定价：0.16元/市场交流价：/9品：60元/10品：180元,PaddlePaddle
太平军痛打洋枪队,太平军痛打洋枪队,,改编：董阳声 绘画：陈光镒,,,改编：董阳声,董阳声,改编,绘画：陈光镒,陈光镒,绘画,,,,,,,,,,,,,上海人民美术,上海人民美术,,上海,1,1978,1版1次,64,,0.09,25,60,Ref002:27,单册：肆划,,,太平军痛打洋枪队/出版社：上海人民美术/改编：董阳声/绘画：陈光镒/78年1月1版1次64开/印数：未详定价：0.09元/市场交流价：/9品：25元/10品：60元,PaddlePaddle
木棉庵,木棉庵,,改编：徐涂 绘画：徐恒瑜,,,改编：徐涂,徐涂,改编,绘画：徐恒瑜,徐恒瑜,绘画,,,,,,,,,,,,,上海人民美术,上海人民美术,,上海,11,1983,1版1次,64,23.85万,0.15,25,70,Ref002:27,单册：肆划,,,木棉庵/出版社：上海人民美术/改编：徐涂/绘画：徐恒瑜/83年11月1版1次64开/印数：23.85万定价：0.15元/市场交流价：/9品：25元/10品：70元,PaddlePaddle
公子扶苏,公子扶苏,,改编：羽放 绘画：于水,,,改编：羽放,羽放,改编,绘画：于水,于水,绘画,,,,,,,,,,,,,江苏美术,江苏美术,,南京,9,1984,1版1次,64,10.39万,0.26,10,20,Ref002:27,单册：肆划,,,公子扶苏/出版社：江苏美术/改编：羽放/绘画：于水/84年9月1版1次64开/印数：10.39万定价：0.26元/市场交流价：/9品：10元/10品：20元,PaddlePaddle
卞和三献宝,卞和三献宝,,改编：林正让 绘画：王井,,,改编：林正让,林正让,改编,绘画：王井,王井,绘画,,,,,,,,,,,,,福建人民,福建人民,,福州,4,1981,1版1次,64,21.038万,0.11,20,40,Ref002:27,单册：肆划,,,卞和三献宝/出版社：福建人民/改编：林正让/绘画：王井/81年4月1版1次64开/印数：21.038万定价：0.11元/市场交流价：/9品：20元/10品：40元,PaddlePaddle
牛郎织女,牛郎织女,,改编：王亚平 绘画：张岳健,,,改编：王亚平,王亚平,改编,绘画：张岳健,张岳健,绘画,,,,,,,,,,,,,人民美术,人民美术,,,10,1980,1版1次,60,110万,0.19,20,40,Ref002:28,单册：肆划,,Title_missing_sic.,出版社：人民美术/改编：王亚平/绘画：张岳健/80年10月1版1次60开/印数：110万定价：0.19元/市场交流价：/9品：20元/10品：40元,PaddlePaddle
年四旺,年四旺,,改编：集体 绘画：集体,,,改编：集体,集体,改编,绘画：集体,集体,绘画,,,,,,,,,,,,,浙江人民,浙江人民,,杭州,,1966,1版1次,64,,0.05,450,900,Ref002:28,单册：肆划,,,年四旺/出版社：浙江人民/改编：集体/绘画：集体/66年1版1次64开/印数：未详定价：0.05元/市场交流价：/9品：450元/10品：900元,PaddlePaddle
无私无畏干革命,无私无畏干革命,,改编：集体 绘画：集体,,,改编：集体,集体,改编,绘画：集体,集体,绘画,,,,,,,,,,,,,湖北人民,湖北人民,,武汉,4,1972,1版1次,60,,0.07,100,200,Ref002:28,单册：肆划,,,无私无畏干革命/出版社：湖北人民/改编：集体/绘画：集体/72年4月1版1次60开/印数：未祥定价：0.07元/市场交流价：/9品：100元/10品：200元,PaddlePaddle
巴黎公社,巴黎公社,,改编：丛颂 绘画：张定华,,,改编：丛颂,丛颂,改编,绘画：张定华,张定华,绘画,,,,,,,,,,,,,浙江人民,浙江人民,,杭州,2,1972,1版2次,60,,0.07,10,25,Ref002:28,单册：肆划,,,巴黎公社/出版社：浙江人民/改编：丛颂/绘画：张定华/72年2月1版2次60开/印数：未详定价：0.07元/市场交流价：/9品：10元/10品：25元,PaddlePaddle
天罗地网,天罗地网,,改编：集体 绘画：集体,,,改编：集体,集体,改编,绘画：集体,集体,绘画,,,,,,,,,,,,,江西新华书店,江西新华书店,,,9,1970,1版1次,60,,0.07,80,120,Ref002:28,单册：肆划,,,天罗地网/出版社：江西新华书店/改编：集体/绘画：集体/70年9月1版1次60开/印数：未详定价：0.07元/市场交流价：/9品：80元/10品：120元,PaddlePaddle
比翼双飞,比翼双飞,,改编：白克强 绘画：盛增祥,,,改编：白克强,白克强,改编,绘画：盛增祥,盛增祥,绘画,,,,,,,,,,,,,上海人民,上海人民,,上海,12,1974,1版1次,60,60万,0.1,15,25,Ref002:28,单册：肆划,,,比翼双飞/出版社：上海人民/改编：白克强/绘画：盛增祥/74年12月1版1次60开/印数：60万定价：0.10元/市场交流价：/9品：15元/10品：25元,PaddlePaddle
井冈山的新赤卫队,井冈山的新赤卫队,,改编：集体 绘画：集体,,,改编：集体,集体,改编,绘画：集体,集体,绘画,,,,,,,,,,,,,江西省新华书店,江西省新华书店,,南昌,9,1970,1版1次,60,,0.07,60,120,Ref002:28,单册：肆划,,,井冈山的新赤卫队/出版社：江西省新华书店/改编：集体/绘画：集体/70年9月1版1次60开/印数：未详定价：0.07元/市场交流价：/9品：60元/10品：120元,PaddlePaddle
云盘峰,云盘峰,,改编：集体 绘画：集体,,,改编：集体,集体,改编,绘画：集体,集体,绘画,,,,,,,,,,,,,湖北人民,湖北人民,,武汉,6,1972,1版1次,60,,0.08,15,30,Ref002:28,单册：肆划,,,云盘峰/出版社：湖北人民/改编：集体/绘画：集体/72年6月1版1次60开/印数：未详定价：0.08元/市场交流价：/9品：15元/10品：30元,PaddlePaddle
水上交通站,水上交通站,,改编：集体 绘画：沈行工等,,,改编：集体,集体,改编,绘画：沈行工,沈行工,绘画,绘画：等,等,绘画,,,,,,,,,,江苏人民,江苏人民,,南京,2,1974,1版1次,60,40万,0.13,15,30,Ref002:29,单册：肆划,,,水上交通站/出版社：江苏人民/改编：集体/绘画：沈行工等/74年2月1版1次60开/印数：40万定价：0.13元/市场交流价：/9品：15元/10品：30元,PaddlePaddle
水上交通站,水上交通站,,改编：集体 绘画：沈行工等,,,改编：集体,集体,改编,绘画：沈行工,沈行工,绘画,绘画：等,等,绘画,,,,,,,,,,人民美术,人民美术,,,9,1974,1版2次,64,200万,0.14,10,20,Ref002:29,单册：肆划,,,水上交通站/出版社：人民美术/改编：集体/绘画：沈行工等/74年9月1版2次64开/印数：200万定价：0.14元/市场交流价：/9品：10元/10品：20元,PaddlePaddle
水上交通站,水上交通站,,改编：赵胜源 绘画：徐冬林,,,改编：赵胜源,赵胜源,改编,绘画：徐冬林,徐冬林,绘画,,,,,,,,,,,,,江西人民,江西人民,,南昌,11,1973,1版1次,60,25万,0.14,15,25,Ref002:29,单册：肆划,,,水上交通站/出版社：江西人民/改编：赵胜源/绘画：徐冬林/73年11月1版1次60开/印数：25万定价：0.14元/市场交流价：/9品：15元/10品：25元,PaddlePaddle
水上交通站,水上交通站,,改编：赵男 绘画：孙福林乔长义,,,改编：赵男,赵男,改编,绘画：孙福林,孙福林,绘画,绘画：乔长义,乔长义,绘画,,,,,,,,,,黑龙江人民,黑龙江人民,,哈尔滨,6,1975,1版1次,64,10万,0.11,15,25,Ref002:29,单册：肆划,,,水上交通站/出版社：黑龙江人民/改编：赵男/绘画：孙福林乔长义/75年6月1版1次64开/印数：10万定价：0.11元/市场交流价：/9品：15元/10品：25元,PaddlePaddle
水上交通站,水上交通站,,改编：刘维仁孙景文 绘画：冯玉太,,,改编：刘维仁,刘维仁,改编,改编：孙景文,孙景文,改编,绘画：冯玉太,冯玉太,绘画,,,,,,,,,,辽宁人民,辽宁人民,,沈阳,5,1976,1版1次,64,30万,0.11,20,40,Ref002:29,单册：肆划,,,水上交通站/出版社：辽宁人民/改编：刘维仁孙景文/绘画：冯玉太/76年5月1版1次64开/印数：30万定价：0.11元/市场交流价：/9品：20元/10品：40元,PaddlePaddle
水上交通站,水上交通站,,改编：陈梅鼎 绘画：戴敦邦许根荣,,,改编：陈梅鼎,陈梅鼎,改编,绘画：戴敦邦,戴敦邦,绘画,绘画：许根荣,许根荣,绘画,,,,,,,,,,上海人民,上海人民,,上海,7,1973,1版1次,60,70万,0.11,20,40,Ref002:29,单册：肆划,,,水上交通站/出版社：上海人民/改编：陈梅鼎/绘画：戴敦邦许根荣/73年7月1版1次60开/印数：70万定价：0.11元/市场交流价：/9品：20元/10品：40元,PaddlePaddle
水乡儿童团,水乡儿童团,,改编：徐凤仪 绘画：郭荣,,,改编：徐凤仪,徐凤仪,改编,绘画：郭荣,郭荣,绘画,,,,,,,,,,,,,江苏人民,江苏人民,,南京,11,1974,1版1次,64,80万,0.14,8,15,Ref002:29,单册：肆划,,,水乡儿童团/出版社：江苏人民/改编：徐凤仪/绘画：郭荣/74年11月1版1次64开/印数：80万定价：0.14元/市场交流价：/9品：8元/10品：15元,PaddlePaddle
水上擒敌,水上擒敌,,改编：曹治淮 绘画：王怀骐,,,改编：曹治淮,曹治淮,改编,绘画：王怀骐,王怀骐,绘画,,,,,,,,,,,,,河北人民,河北人民,,石家庄,2,1976,1版1次,64,75万,0.08,5,15,Ref002:29,单册：肆划,,,水上擒敌/出版社：河北人民/改编：曹治淮/绘画：王怀骐/76年2月1版1次64开/印数：75万定价：0.08元/市场交流价：/9品：5元/10品：15元,PaddlePaddle
优秀共产党员王恒德,优秀共产党员王恒德,,改编：集体 绘画：集体,,,改编：集体,集体,改编,绘画：集体,集体,绘画,,,,,,,,,,,,,陕西人民,陕西人民,,西安,2,1972,1版1次,60,,0.18,60,150,Ref002:30,单册：肆划,,,优秀共产党员王恒德/出版社：陕西人民/改编：集体/绘画：集体/72年2月1版1次60开/印数：未祥定价：0.18元/市场交流价：/9品：60元/10品：150元,PaddlePaddle
工人阶级硬骨头王芝桐,工人阶级硬骨头王芝桐,,改编：集体 绘画：集体,,,改编：集体,集体,改编,绘画：集体,集体,绘画,,,,,,,,,,,,,黑龙江人民,黑龙江人民,,哈尔滨,9,1971,1版1次,60,,0.12,40,100,Ref002:30,单册：肆划,,,工人阶级硬骨头王芝桐/出版社：黑龙江人民/改编：集体/绘画：集体/71年9月1版1次60开/印数：未详定价：0.12元/市场交流价：/9品：40元/10品：100元,PaddlePaddle
无产阶级优秀战士王国福,无产阶级优秀战士王国福,,改编：集体 绘画：集体,,,改编：集体,集体,改编,绘画：集体,集体,绘画,,,,,,,,,,,,,北京市新华书店,北京市新华书店,,北京,4,1970,1版1次,60,,0.17,60,120,Ref002:30,单册：肆划,,,无产阶级优秀战士王国福/出版社：北京市新华书店/。 改编：集体/绘画：集体/70年4月1版1次60开/印数：未详定价：0.17元/市场交流价：/9品：60元/10品：120元,PaddlePaddle
王国福的故事,王国福的故事,,改编：集体 绘画：集体,,,改编：集体,集体,改编,绘画：集体,集体,绘画,,,,,,,,,,,,,人民美术,人民美术,,,2,1977,1版1次,64,50万,0.12,15,25,Ref002:30,单册：肆划,,,王国福的故事/出版社：人民美术/改编：集体/绘画：集体/77年2月1版1次64开/印数：50万定价：0.12元/市场交流价：/9品：15元/10品：25元,PaddlePaddle
铁人王进喜,铁人王进喜,,改编：集体 绘画：集体,,,改编：集体,集体,改编,绘画：集体,集体,绘画,,,,,,,,,,,,,上海人民,上海人民,,上海,12,1971,1版1次,60,,0.14,180,350,Ref002:30,单册：肆划,,,铁人王进喜/出版社：上海人民/改编：集体/绘画：集体/71年12月1版1次60开/印数：未详定价：0.14元/市场交流价：/9品：180元/10品：350元,PaddlePaddle
铁人王进喜,铁人王进喜,,改编：集体 绘画：集体,,,改编：集体,集体,改编,绘画：集体,集体,绘画,,,,,,,,,,,,,上海人民,上海人民,,上海,5,1977,1版1次,64,,0.15,20,60,Ref002:30,单册：肆划,,,铁人王进喜/出版社：上海人民/改编：集体/绘画：集体/77年5月1版1次64开/印数：未详定价：0.15元/市场交流价：/9品：20元/10品：60元,PaddlePaddle
“铁人”王进喜,“铁人”王进喜,,编文：集体 绘画：集体,,,编文：集体,集体,编文,绘画：集体,集体,绘画,,,,,,,,,,,,,人民美术,人民美术,,,2,1973,1版1次,64,,0.14,100,250,Ref002:30,单册：肆划,,,“铁人”王进喜/出版社：人民美术/编文：集体/绘画：集体/73年2月1版1次64开/印数：未详定价：0.14元/市场交流价：/9品：100元/10品：250元,PaddlePaddle
铁人王进喜,铁人王进喜,,编文：杨云庆 绘画：张冠哲,,,编文：杨云庆,杨云庆,编文,绘画：张冠哲,张冠哲,绘画,,,,,,,,,,,,,黑龙江人民,黑龙江人民,,哈尔滨,4,1975,1版1次,64,20万,0.1,80,150,Ref002:30,单册：肆划,,,铁人王进喜/出版社：黑龙江人民/编文：杨云庆/绘画：张冠哲/75年4月1版1次64开/印数：20万定价：0.10元/市场交流价：/9品：80元/10品：150元,PaddlePaddle
无限忠于毛主席的川藏运输线上十英雄,无限忠于毛主席的川藏运输线上十英雄,,改编：集体 绘画：集体,,,改编：集体,集体,改编,绘画：集体,集体,绘画,,,,,,,,,,,,,天津人民美术,天津人民美术,,天津,1,1970,1版1次,60,,0.13,300,800,Ref002:31,单册：肆划,,,无限忠于毛主席的川藏运输线上十英雄/出版社：天津人民美术/改编：集体/绘画：集体/70年1月1版1次60开/印数：未详定价：0.13元/市场交流价：/9品：300元/10品：800元,PaddlePaddle
无限忠于毛主席的川藏运输线上十英雄,无限忠于毛主席的川藏运输线上十英雄,,改编：集体 绘画：集体,,,改编：集体,集体,改编,绘画：集体,集体,绘画,,,,,,,,,,,,,人民美术,人民美术,,,5,1970,1版1次,60,,0.09,80,250,Ref002:31,单册：肆划,,,无限忠于毛主席的川藏运输线上十英雄/出版社：人民美术/改编：集体/绘画：集体/70年5月1版1次60开/印数：未详定价：0.09元/市场交流价：/9品：80元/10品：250元,PaddlePaddle
王根凤,王根凤,,改编：集体 绘画：集体,,,改编：集体,集体,改编,绘画：集体,集体,绘画,,,,,,,,,,,,,浙江工农画报社,浙江工农画报社,,,8,1969,1版1次,60,,0.15,200,400,Ref002:31,单册：肆划,,,王根凤/出版社：浙江工农画报社/改编：集体/绘画：集体/69年8月1版1次60开/印数：未详 定价：0.15元/市场交流价：/9品：200元/10品：400元,PaddlePaddle
为革命战斗不息,为革命战斗不息,,改编：集体 绘画：集体,,,改编：集体,集体,改编,绘画：集体,集体,绘画,,,,,,,,,,,,,辽宁人民,辽宁人民,,沈阳,4,1972,1版1次,60,,0.09,40,120,Ref002:31,单册：肆划,,,为革命战斗不息/出版社：辽人民/改编：集体/绘画：集体/72年4月1版1次60开/印数：未详定价：0.09元/市场交流价：/9品：40元/10品：120元,PaddlePaddle
为革命献出最后一滴血,为革命献出最后一滴血,,改编：集体 绘画：集体,,,改编：集体,集体,改编,绘画：集体,集体,绘画,,,,,,,,,,,,,湖北人民,湖北人民,,武汉,4,1972,2版1次,60,,0.12,40,120,Ref002:31,单册：肆划,,,为革命献出最后一滴血/出版社：湖北人民/改编：集体/绘画：集体/72年4月2版1次60开/印数：未详定价：0.12元/市场交流价：/9品：40元/10品：120元,PaddlePaddle
乌坚与小园,乌坚与小园,,改编：王琛銮 绘画：王琛銮,,,改编：王琛銮,王琛銮,改编,绘画：王琛銮,王琛銮,绘画,,,,,,,,,,,,,福建人民,福建人民,,福州,7,1972,1版1次,60,33万,0.08,20,50,Ref002:31,单册：肆划,,,乌坚与小园/出版社：福建人民/改编：王琛/绘画：王琛銮/72年7月1版1次60开/印数：33万定价：0.08元/市场交流价：/9品：20元/10品：50元,PaddlePaddle
王明福,王明福,,改编：集体 绘画：集体,,,改编：集体,集体,改编,绘画：集体,集体,绘画,,,,,,,,,,,,,营口市新华书店,营口市新华书店,,,12,1971,1版1次,60,,0.1,100,250,Ref002:31,单册：肆划,,,王明福/出版社：营口市新华书店/改编：集体/绘画：集体/71年12月1版1次60开/印数：未详定价：0.10元/市场交流价：/9品：100元/10品：250元,PaddlePaddle
王庆云,王庆云,,改编：集体 绘画：集体,,,改编：集体,集体,改编,绘画：集体,集体,绘画,,,,,,,,,,,,,浙江人民,浙江人民,,杭州,6,1971,1版1次,60,,0.09,80,200,Ref002:31,单册：肆划,,,王庆云/出版社：浙江人民/改编：集体/绘画：集体/71年6月1版1次60开/印数：未详定价：0.09元/市场交流价：/9品：80元/10品：200元,PaddlePaddle
王英洲,王英洲,,改编：集体 绘画：集体,,,改编：集体,集体,改编,绘画：集体,集体,绘画,,,,,,,,,,,,,湖北人民,湖北人民,,武汉,6,1971,1版1次,60,,0.16,500,1500,Ref002:32,单册：肆划,,,王英洲/出版社：湖北人民/改编：集体/绘画：集体/71年6月1版1次60开/印数：未详定价：0.16元/市场交流价：/9品：500元/10品：1500元,PaddlePaddle
友谊的长城,友谊的长城,,改编：阎志强 绘画：武建华,,,改编：阎志强,阎志强,改编,绘画：武建华,武建华,绘画,,,,,,,,,,,,,江苏人民,江苏人民,,南京,12,1974,1版1次,64,65万,0.08,10,20,Ref002:32,单册：肆划,,,友谊的长城/出版社：江苏人民/改编：阎志强/绘画：武建华/74年12月1版1次64开/印数：65万定价：0.08元/市场交流价：/9品：10元/10品：20元,PaddlePaddle
友谊之歌,友谊之歌,,改编：本社 绘画：吴吉仁,,,改编：本社,本社,改编,绘画：吴吉仁,吴吉仁,绘画,,,,,,,,,,,,,江西人民,江西人民,,南昌,6,1973,1版1次,60,25万,0.09,15,25,Ref002:32,单册：肆划,,,友谊之歌/出版社：江西人民/改编：本社/绘画：吴吉仁/73年6月1版1次60开/印数：25万定价：0.09元/市场交流价：/9品：15元/10品：25元,PaddlePaddle
毛泽东思想的赞歌,毛泽东思想的赞歌,,改编：集体 绘画：集体,,,改编：集体,集体,改编,绘画：集体,集体,绘画,,,,,,,,,,,,,辽宁人民美术,辽宁人民美术,,沈阳,2,1968,1版1次,60,,0.14,450,1000,Ref002:32,单册：肆划,,,毛泽东思想的赞歌/出版社：辽宁人民美术/改编：集体/绘画：集体/68年2月1版1次60开/印数：未详定价：0.14元/市场交流价：/9品：450元/10品：1000元,PaddlePaddle
风雪隆山岭,风雪隆山岭,,改编：金叙徐家胜 绘画：金叙徐家胜,,,改编：金叙,金叙,改编,改编：徐家胜,徐家胜,改编,绘画：金叙,金叙,绘画,绘画：徐家胜,徐家胜,绘画,,,,,,,浙江人民,浙江人民,,杭州,4,1976,1版1次,60,,0.1,15,30,Ref002:32,单册：肆划,,,风雪隆山岭/出版社：浙江人民/改编：金叙徐家胜/绘画：金叙徐家胜/76年4月1版1次60开/印数：未详定价：0.10元/市场交流价：/9品：15元/10品：30元,PaddlePaddle
风雪红梅,风雪红梅,,改编：集体 绘画：潘直亮,,,改编：集体,集体,改编,绘画：潘直亮,潘直亮,绘画,,,,,,,,,,,,,湖北人民,湖北人民,,武汉,8,1973,1版1次,60,20万,0.1,20,40,Ref002:32,单册：肆划,,,风雪红梅/出版社：湖北人民/改编：集体/绘画：潘直亮/73年8月1版1次60开/印数：20万定价：0.10元/市场交流价：/9品：20元/10品：40元,PaddlePaddle
风波,风波,,改编：林丹 绘画：桑麟康,,,改编：林丹,林丹,改编,绘画：桑麟康,桑麟康,绘画,,,,,,,,,,,,,上海人民,上海人民,,上海,9,1977,1版1次,64,,0.09,8,15,Ref002:32,单册：肆划,,,风波/出版社：上海人民/改编：林丹/绘画：桑麟康/77年9月1版1次64开/印数：未详定价：0.09元/市场交流价：/9品：8元/10品：15元,PaddlePaddle
风雪哨所,风雪哨所,,改编：苑书翰 绘画：辛宽良,,,改编：苑书翰,苑书翰,改编,绘画：辛宽良,辛宽良,绘画,,,,,,,,,,,,,辽宁人民,辽宁人民,,沈阳,11,1974,1版1次,64,100万,0.09,5,10,Ref002:32,单册：肆划,,,风雪哨所/出版社：辽宁人民/改编：苑书翰/绘画：辛宽良/74年11月1版1次64开/印数：100万定价：0.09元/市场交流价：/9品：5元/10品：10元,PaddlePaddle
方向盘上的风波,方向盘上的风波,,改编：集体 绘画：于秉正等,,,改编：集体,集体,改编,绘画：于秉正,于秉正,绘画,绘画：等,等,绘画,,,,,,,,,,广东人民,广东人民,,广州,12,1975,1版1次,60,,0.07,15,30,Ref002:33,单册：肆划,,,方向盘上的风波/出版社：广东人民/改编：集体/绘画：于秉正等/75年12月1版1次60开/印数：未详定价：0.07元/市场交流价：/9品：15元/10品：30元,PaddlePaddle
方学全,方学全,,改编：集体 绘画：集体,,,改编：集体,集体,改编,绘画：集体,集体,绘画,,,,,,,,,,,,,云南人民,云南人民,,昆明,4,1972,1版1次,60,13.05万,0.11,60,150,Ref002:33,单册：肆划,,,方学全/出版社：云南人民/改编：集体/绘画：集体/72年4月1版1次60开/印数：13.05万定价：0.11元/市场交流价：/9品：60元/10品：150元,PaddlePaddle
边卡驼铃,边卡驼铃,,改编：集体 绘画：集体,,,改编：集体,集体,改编,绘画：集体,集体,绘画,,,,,,,,,,,,,上海人民,上海人民,,上海,9,1972,1版2次,60,,0.09,20,70,Ref002:33,单册：肆划,,,边卡驼铃/出版社：上海人民/改编：集体/绘画：集体/72年9月1版2次60开/印数：未详定价：0.09元/市场交流价：/9品：20元/10品：70元,PaddlePaddle
王杰的故事,王杰的故事,,改编：吴文焕 绘画：王仲清等,,,改编：吴文焕,吴文焕,改编,绘画：王仲清,王仲清,绘画,绘画：等,等,绘画,绘画：等,等,绘画,,,,,,,上海市出版革命组,上海市出版革命组,,上海,3,1970,新版1次,60,,0.2,60,150,Ref002:33,单册：肆划,,,王杰的故事/出版社：上海市出版革命组/改编：吴文焕/绘画：王仲清郑家声等/70年3月新版1次60开/印数：未详定价：0.20元/市场交流价：/9品：60元/10品：150元,PaddlePaddle
边疆新人,边疆新人,,改编：集体 绘画：薛晓林,,,改编：集体,集体,改编,绘画：薛晓林,薛晓林,绘画,,,,,,,,,,,,,甘肃人民,甘肃人民,,兰州,10,1974,1版1次,60,50万,0.1,20,35,Ref002:33,单册：肆划,,,边疆新人/出版社：甘肃人民/改编：集体/绘画：薛晓林/74年10月1版1次60开/印数：50万定价：0.10元/市场交流价：/9品：20元/10品：35元,PaddlePaddle
边芝冈大捷,边芝冈大捷,,改编：孟森耀 绘画：颜梅华等,,,改编：孟森耀,孟森耀,改编,绘画：颜梅华,颜梅华,绘画,绘画：等,等,绘画,绘画：等,等,绘画,,,,,,,上海人民,上海人民,,上海,12,1973,1版1次,60,150万,0.08,20,40,Ref002:33,单册：肆划,,,0/边芝冈大捷/出版社：上海人民/改编：孟森耀/绘画：颜梅华张培础等/73年12月1版1次60开/印数：150万定价：0.08元/市场交流价：/9品：20元/10品：40元,PaddlePaddle
边海红旗,边海红旗,,改编：集体 绘画：林华忠等,,,改编：集体,集体,改编,绘画：林华忠,林华忠,绘画,绘画：等,等,绘画,,,,,,,,,,广东人民,广东人民,,广州,12,1974,1版1次,60,,0.12,20,50,Ref002:33,单册：肆划,,,边海红旗/出版社：广东人民/改编：集体/绘画：林华忠等/74年12月1版1次60开/印数：未详定价：0.12元/市场交流价：/9品：20元/10品：50元,PaddlePaddle
边防线上,边防线上,,改编：杜南 绘画：陈丹青,,,改编：杜南,杜南,改编,绘画：陈丹青,陈丹青,绘画,,,,,,,,,,,,,江西人民,江西人民,,南昌,4,1974,1版1次,60,40万,0.08,20,40,Ref002:33,单册：肆划,,,边防线上/出版社：江西人民/改编：杜南/绘画：陈丹青/74年4月1版1次60开/印数：40万定价：0.08元/市场交流价：/9品：20元/10品：40元,PaddlePaddle
斗川岛,斗川岛,,改编：徐建时 绘画：顾乃深,,,改编：徐建时,徐建时,改编,绘画：顾乃深,顾乃深,绘画,,,,,,,,,,,,,江苏人民,江苏人民,,南京,4,1974,1版2次,60,110万,0.12,20,50,Ref002:34,单册：肆划,,,斗川岛/出版社：江苏人民/改编：徐建时/绘画：顾乃深/74年4月1版2次60开/印数：110万 定价：0.12元/市场交流价：/9品：20元/10品：50元,PaddlePaddle
斗川岛,斗川岛,,改编：刘凤桥 绘画：刘廷相,,,改编：刘凤桥,刘凤桥,改编,绘画：刘廷相,刘廷相,绘画,,,,,,,,,,,,,辽宁美术,辽宁美术,,沈阳,7,1979,1版1次,64,72.85万,0.17,15,30,Ref002:34,单册：肆划,,,斗川岛/出版社：辽宁美术/改编：刘凤桥/绘画：刘廷相/79年7月1版1次64开/印数：72.85万定价：0.17元/市场交流价：/9品：15元/10品：30元,PaddlePaddle
斗牛,斗牛,,改编：本社 绘画：谷青,,,改编：本社,本社,改编,绘画：谷青,谷青,绘画,,,,,,,,,,,,,江西人民,江西人民,,南昌,12,1973,1版1次,60,35万,0.16,15,25,Ref002:34,单册：肆划,,,斗牛/出版社：江西人民/改编：本社/绘画：谷青/73年12月1版1次60开/印数：35万定价：0.16元/市场交流价：/9品：15元/10品：25元,PaddlePaddle
斗熊,斗熊,,改编：金灼 绘画：丁世弼詹忠,,,改编：金灼,金灼,改编,绘画：丁世弼,丁世弼,绘画,绘画：詹忠,詹忠,绘画,,,,,,,,,,天津人民美术,天津人民美术,,天津,4,1979,1版1次,64,50万,0.2,20,40,Ref002:34,单册：肆划,,Sic._Author_Core_3,斗熊/出版社：天津人民美术/改编：金灼/绘画：丁世弼詹忠/79年4月1版1次64开/印数：50万定价：0.20元/市场交流价：/9品：20元/10品：40元,PaddlePaddle
火烧“野牛”,火烧“野牛”,,改编：和逊 绘画：集体,,,改编：和逊,和逊,改编,绘画：集体,集体,绘画,,,,,,,,,,,,,浙江人民,浙江人民,,杭州,2,1974,1版1次,60,100万,0.1,10,20,Ref002:34,单册：肆划,,,0/火烧“野牛”/出版社：浙江人民/改编：和逊/绘画：集体/74年2月1版1次60开/印数：100万 定价：0.10元/市场交流价：/9品：10元/10品：20元,PaddlePaddle
火烧“野牛”,火烧“野牛”,,改编：王琛銮 绘画：王琛銮,,,改编：王琛銮,王琛銮,改编,绘画：王琛銮,王琛銮,绘画,,,,,,,,,,,,,福建人民,福建人民,,福州,12,1973,1版1次,60,,0.13,15,30,Ref002:34,单册：肆划,,,火烧“野牛”/出版社：福建人民/改编：王琛/绘画：王琛銮/73年12月1版1次60开/印数：未详定价：0.13元/市场交流价：/9品：15元/10品：30元,PaddlePaddle
火烧“野牛”,火烧“野牛”,,改编：刘华盛 绘画：姚勤赵延龄,,,改编：刘华盛,刘华盛,改编,绘画：姚勤赵延龄,姚勤赵延龄,绘画,,,,,,,,,,,,,黑龙江人民,黑龙江人民,,哈尔滨,11,1974,1版1次,64,40万,0.13,15,25,Ref002:34,单册：肆划,,Sic._Author_Core_2,火烧“野牛”/出版社：黑龙江人民/改编：刘华盛/绘画：姚勤赵延龄/74年11月1版1次64开/印数：40万定价：0.13元/市场交流价：/9品：15元/10品：25元,PaddlePaddle
火苗,火苗,,改编：集体 绘画：陈扬睿等,,,改编：集体,集体,改编,绘画：陈扬睿,陈扬睿,绘画,绘画：等,等,绘画,,,,,,,,,,北京人民,北京人民,,北京,2,1976,1版1次,60,,0.11,10,20,Ref002:34,单册：肆划,,,火苗/出版社：北京人民/改编：集体/绘画：陈扬睿等/76年2月1版1次60开/印数：未详定价：0.11元/市场交流价：/9品：10元/10品：20元,PaddlePaddle
长征路上,长征路上,,改编：定兴 绘画：邓秀刘建平等,,,改编：定兴,定兴,改编,绘画：邓秀,邓秀,绘画,绘画：刘建平,刘建平,绘画,绘画：等,等,绘画,,,,,,,天津人民美术,天津人民美术,,天津,10,1974,1版2次,64,,0.16,15,25,Ref002:35,单册：肆划,,Sic._Author_Core_2,长征路上/出版社：天津人民美术/改编：定兴/绘画：邓秀刘建平等/74年10月1版2次64开/印数：未详定价：0.16元/市场交流价：/9品：15元/10品：25元,PaddlePaddle
长空激战,长空激战,,改编：红铁鹰广鹰文 绘画：红铁鹰广鹰文,,,改编：红铁鹰,红铁鹰,改编,改编：广鹰文,广鹰文,改编,绘画：红铁鹰,红铁鹰,绘画,绘画：广鹰文,广鹰文,绘画,,,,,,,广西人民,广西人民,,南宁,7,1973,1版2次,60,80万,0.12,15,25,Ref002:35,单册：肆划,,,长空激战/出版社：广西人民/改编：红铁鹰广鹰文/绘画：红铁鹰广鹰文/73年7月1版2次60开/印数：80万定价：0.12元/市场交流价：/9品：15元/10品：25元,PaddlePaddle
“公”树的秘密,“公”树的秘密,,改编：陈沫 绘画：赵国经王美芳,,,改编：陈沫,陈沫,改编,绘画：赵国经,赵国经,绘画,绘画：王美芳,王美芳,绘画,,,,,,,,,,天津人民美术,天津人民美术,,天津,11,1977,1版1次,64,,0.11,15,40,Ref002:35,单册：肆划,,,“公”树的秘密/出版社：天津人民美术/改编：陈沫/绘画：赵国经王美芳/77年11月1版1次64开/印数：未详定价：0.11元/市场交流价：/9品：15元/10品：40元,PaddlePaddle
王孝和,王孝和,,改编：大鲁 绘画：华三川,,,改编：大鲁,大鲁,改编,绘画：华三川,华三川,绘画,,,,,,,,,,,,,上海人民美术,上海人民美术,,上海,9,1984,1版1次,60,50万,0.28,35,100,Ref002:35,单册：肆划,,,王孝和/出版社：上海人民美术/改编：大鲁/绘画：华三川/84年9月1版1次60开/印数：50万定价：0.28元/市场交流价：/9品：35元/10品：100元,PaddlePaddle
历史上劳动妇女革命故事选,历史上劳动妇女革命故事选,,改编：丁国联等 绘画：罗希贤等,,,改编：丁国联,丁国联,改编,改编：等,等,改编,绘画：罗希贤,罗希贤,绘画,绘画：等,等,绘画,,,,,,,上海人民,上海人民,,上海,11,1975,1版1次,64,,0.08,15,30,Ref002:35,单册：肆划,,,历史上劳动妇女革命故事选/出版社：上海人民/改编：丁国联等/绘画：罗希贤等/75年11月1版1次64开/印数：未详定价：0.08元/市场交流价：/9品：15元/10品：30元,PaddlePaddle
寸土不让,寸土不让,,编文：集体 绘画：集体,,,编文：集体,集体,编文,绘画：集体,集体,绘画,,,,,,,,,,,,,广东人民,广东人民,,广州,1,1975,1版1次,60,,0.05,30,60,Ref002:35,单册：肆划,,,寸土不让/出版社：广东人民/编文：集体/绘画：集体/75年1月1版1次60开/印数：未详定价：0.05元/市场交流价：/9品：30元/10品：60元,PaddlePaddle
心向北京,心向北京,,编文：曾富源王为林 绘画：杨英镖,,,编文：曾富源,曾富源,编文,编文：王为林,王为林,编文,绘画：杨英镖,杨英镖,绘画,,,,,,,,,,上海人民美术,上海人民美术,,上海,3,1977,1版1次,64,,0.15,20,40,Ref002:35,单册：肆划,,,心向北京/出版社：上海人民美术/编文：曾富源王为林/绘画：杨英镖/77年3月1版1次64开/印数：未详定价：0.15元/市场交流价：/9品：20元/10品：40元,PaddlePaddle
火烧孔家店,火烧孔家店,,改编：姜衍忠 绘画：王晓明等,,,改编：姜衍忠,姜衍忠,改编,绘画：王晓明,王晓明,绘画,绘画：等,等,绘画,,,,,,,,,,吉林人民,吉林人民,,长春,1,1976,1版1次,64,80万,0.08,10,20,Ref002:35,单册：肆划,,,火烧孔家店/出版社：吉林人民/改编：姜衍忠/绘画：王晓明等/76年1月1版1次64开/印数：80万定价：0.08元/市场交流价：/9品：10元/10品：20元,PaddlePaddle
为革命造就一代新人,为革命造就一代新人,,改编：集体 绘画：集体,,,改编：集体,集体,改编,绘画：集体,集体,绘画,,,,,,,,,,,,,吉林人民,吉林人民,,长春,8,1970,1版1次,60,,0.2,200,400,Ref002:36,单册：肆划,,,为革命造就一代新人/出版社：吉林人民/改编：集体/绘画：集体/70年8月1版1次60开/印数：未详定价：0.20元/市场交流价：/9品：200元/10品：400元,PaddlePaddle
“公”字的凯歌,“公”字的凯歌,,改编：集体 绘画：集体,,,改编：集体,集体,改编,绘画：集体,集体,绘画,,,,,,,,,,,,,解放军文艺,解放军文艺,,北京,2,1968,1版1次,64,,0.19,800,2000,Ref002:36,单册：肆划,,,“公”字的凯歌/出版社：解放军文艺/改编：集体/绘画：集体/68年2月1版1次64开/印数：未详定价：0.19元/市场交流价：/9品：800元/10品：2000元,PaddlePaddle
韦拔群（上下）,韦拔群,（上下）,改编：宇文 绘画：钱生发,,,改编：宇文,宇文,改编,绘画：钱生发,钱生发,绘画,,,,,,,,,,,,,上海人民美术,上海人民美术,,上海,6,1981,1版1次,64,29万,0.14,80（全套）,150,Ref002:36,单册：肆划,,,韦拔群(上下)/出版社：上海人民美术/改编：宇文/绘画：钱生发/81年6月1版1次64开/印数：29万定价：0.14元/市场交流价：/9品：80元（全套）/10品：150元,PaddlePaddle
东溪风波,东溪风波,,改编：秀云 绘画：丁世弼,,,改编：秀云,秀云,改编,绘画：丁世弼,丁世弼,绘画,,,,,,,,,,,,,天津人民美术,天津人民美术,,天津,1,1985,1版1次,64,23.37万,0.32,20（全套）,30,Ref002:36,单册：肆划,《韦拔群》下册少见,,东溪风波/出版社：天津人民美术/改编：秀云/绘画：丁世弼/85年1月1版1次64开/印数：23.37万定价：0.32元/市场交流价：/9品：20元（全套）/10品：30元,PaddlePaddle
风暴,风暴,,改编：费声福吴兆修 绘画：费声福,,,改编：费声福,费声福,改编,改编：吴兆修,吴兆修,改编,绘画：费声福,费声福,绘画,,,,,,,,,,人民美术,人民美术,,,11,1977,2版2次,60,100万,0.26,50,100,Ref002:36,单册：肆划,,,风暴/出版社：人民美术/改编：费声福吴兆修/绘画：费声福/77年11月2版2次60开/印数：100万定价：0.26元/市场交流价：/9品：50元/10品：100元,PaddlePaddle
火种（上下）,火种,（上下）,改编：李大发 绘画：罗希贤,,,改编：李大发,李大发,改编,绘画：罗希贤,罗希贤,绘画,,,,,,,,,,,,,上海人民美术,上海人民美术,,上海,3,1982,1版1次,64,40万,2,20,40,Ref002:36,单册：肆划,,,火种(上下)/出版社：上海人民美术/改编：李大发/绘画：罗希贤/82年3月1版1次64开/印数：40万定价：2.00元/市场交流价：/9品：20元/10品：40元,PaddlePaddle
火莲,火莲,,改编：管和用 绘画：孙才清,,,改编：管和用,管和用,改编,绘画：孙才清,孙才清,绘画,,,,,,,,,,,,,长江文艺,长江文艺,,武汉,5,1984,1版1次,64,30万,0.21,10,20,Ref002:36,单册：肆划,,,火莲/出版社：长江文艺/改编：管和用/绘画：孙才清/84年5月1版1次64开/印数：30万定价：0.21元/市场交流价：/9品：10元/10品：20元,PaddlePaddle
风雨如磐,风雨如磐,,编文：宗和 绘画：潘晋拔刘启端,,,编文：宗和,宗和,编文,绘画：潘晋拔,潘晋拔,绘画,绘画：刘启端,刘启端,绘画,,,,,,,,,,岭南美术,岭南美术,,广州,12,1981,1版1次,64,,0.21,10,20,Ref002:36,单册：肆划,,,风雨如磐/出版社：岭南美术/编文：宗和/绘画：潘晋拔刘启端/81年12月1版1次64开/印数：未详定价：0.21元/市场交流价：/9品：10元/10品：20元,PaddlePaddle
少年爆炸队,少年爆炸队,,改编：黄毅 绘画：张鹏,,,改编：黄毅,黄毅,改编,绘画：张鹏,张鹏,绘画,,,,,,,,,,,,,陕西人民美术,陕西人民美术,,西安,6,1984,1版1次,64,25万,0.22,5,10,Ref002:37,单册：肆划,,,少年爆炸队/出版社：陕西人民美术/改编：黄毅/绘画：张鹏/84年6月1版1次64开/印数：25万定价：0.22元/市场交流价：/9品：5元/10品：10元,PaddlePaddle
少年彭德怀,少年彭德怀,,改编：龙懋勤 绘画：张文永,,,改编：龙懋勤,龙懋勤,改编,绘画：张文永,张文永,绘画,,,,,,,,,,,,,四川人民,四川人民,,成都,1,1985,1版1次,64,3.65万,0.24,10,15,Ref002:37,单册：肆划,,,少年彭德怀/出版社：四川人民/改编：龙懋勤/绘画：张文永/85年1月1版1次64开/印数：3.65万定价：0.24元/市场交流价：/9品：10元/10品：15元,PaddlePaddle
少年从军记,少年从军记,,改编：于敏 绘画：于沙,,,改编：于敏,于敏,改编,绘画：于沙,于沙,绘画,,,,,,,,,,,,,辽宁美术,辽宁美术,,沈阳,2,1984,1版1次,64,28.9万,0.22,5,10,Ref002:37,单册：肆划,,,少年从军记/出版社：辽宁美术/改编：于敏/绘画：于沙/84年2月1版1次64开/印数：28.9万 定价：0.22元/市场交流价：/9品：5元/10品：10元,PaddlePaddle
方志敏,方志敏,,改编：石景麟 绘画：李永志,,,改编：石景麟,石景麟,改编,绘画：李永志,李永志,绘画,,,,,,,,,,,,,辽宁美术,辽宁美术,,沈阳,4,1981,1版1次,64,3.299万,0.18,20,30,Ref002:37,单册：肆划,,,方志敏/出版社：辽宁美术/改编：石景麟/绘画：李永志/81年4月1版1次64开/印数：3.299万定价：0.18元/市场交流价：/9品：20元/10品：30元,PaddlePaddle
少帅传奇,少帅传奇,,改编：王金中 绘画：季平等,,,改编：王金中,王金中,改编,绘画：季平,季平,绘画,绘画：等,等,绘画,,,,,,,,,,宁夏人民,宁夏人民,,银川,10,1984,1版1次,64,41.04万,0.25,10,15,Ref002:37,单册：肆划,,,少帅传奇/出版社：宁夏人民/改编：王金中/绘画：季平等/84年10月1版1次64开/印数：41.04万定价：0.25元/市场交流价：/9品：10元/10品：15元,PaddlePaddle
五妹告状,五妹告状,,编文：李厚健 绘画：陈敏陆华等,,,编文：李厚健,李厚健,编文,绘画：陈敏陆华,陈敏,绘画,绘画：陈敏陆华,陆华,绘画,绘画：等,等,绘画,,,,,,,未来出版社,未来出版社,,西安,8,1985,1版1次,64,30万,0.27,5,15,Ref002:37,单册：肆划,,,五妹告状/出版社：未来出版社/编文：李厚健/绘画：陈敏陆华等/85年8月1版1次64开/印数：30万定价：0.27元/市场交流价：/9品：5元/10品：15元,PaddlePaddle
从奴隶到将军（上下）,从奴隶到将军,（上下）,改编：钱志清 绘画：汪观清,,,改编：钱志清,钱志清,改编,绘画：汪观清,汪观清,绘画,,,,,,,,,,,,,上海人民美术,上海人民美术,,上海,10,1983,1版1次,64,12.5万,0.17,30,50,Ref002:37,单册：肆划,,,从奴隶到将军（上下）/出版社：上海人民美术/改编：钱志清/绘画：汪观清/83年10月1版1次64开/印数：12.5万定价：0.17元/市场交流价：/9品：30元/10品：50元,PaddlePaddle
不准出生的人,不准出生的人,,改编：陈述 绘画：诸韬,,,改编：陈述,陈述,改编,绘画：诸韬,诸韬,绘画,,,,,,,,,,,,,人民美术,人民美术,,,3,1979,1版1次,64,88万,0.16,20,30,Ref002:37,单册：肆划,,,不准出生的人/出版社：人民美术/改编：陈述/绘画：诸韬/79年3月1版1次64开/印数：88万定价：0.16元/市场交流价：/9品：20元/10品：30元,PaddlePaddle
太空里的强盗,太空里的强盗,,改编：韩永昌 绘者：杜凤宝,,,改编：韩永昌,韩永昌,改编,绘者：杜凤宝,杜凤宝,绘者,,,,,,,,,,,,,河北美术,河北美术,,石家庄,7,1982,1版1次,64,34.8万,0.11,3,6,Ref002:38,单册：肆划,,,太空里的强盗/出版社：河北美术/改编：韩永昌/绘者：杜凤宝/82年7月1版1次64开/印数：34.8万定价：0.11元/市场交流价：/9品：3元/10品：6元,PaddlePaddle
太平镇血案,太平镇血案,,改编：乔好贤 绘画：谌孝安,,,改编：乔好贤,乔好贤,改编,绘画：谌孝安,谌孝安,绘画,,,,,,,,,,,,,中州书画社,中州书画社,,郑州,7,1981,1版1次,64,93.5万,0.15,5,10,Ref002:38,单册：肆划,,,太平镇血案/出版社：中州书画社/改编：乔好贤/绘画：谌孝安/81年7月1版1次64开/印数：93.5万 定价：0.15元/市场交流价：/9品：5元/10品：10元,PaddlePaddle
木匠迎亲,木匠迎亲,,改编：吴其柔 绘画：盛亮贤沈悌如,,,改编：吴其柔,吴其柔,改编,绘画：盛亮贤,盛亮贤,绘画,绘画：沈悌如,沈悌如,绘画,,,,,,,,,,上海人民美术,上海人民美术,,上海,8,1978,2版11次,64,,0.11,60,150,Ref002:38,单册：肆划,,,木匠迎亲/出版社：上海人民美术/改编：吴其柔/绘画：盛亮贤 沈悌如/78年8月2版11次64开/印数：未详定价：0.11元/市场交流价：/9品：60元/10品：150元,PaddlePaddle
木匠退亲,木匠退亲,,改编：丁峰 绘画：庄根生,,,改编：丁峰,丁峰,改编,绘画：庄根生,庄根生,绘画,,,,,,,,,,,,,上海人民美术,上海人民美术,,上海,6,1978,1版1次,64,,0.1,5,10,Ref002:38,单册：肆划,,,木匠退亲/出版社：上海人民美术/改编：丁峰/绘画：庄根生/78年6月1版1次64开/印数：未详定价：0.10元/市场交流价：/9品：5元/10品：10元,PaddlePaddle
水下尖兵,水下尖兵,,改编：陈斌 绘画：孙宝堂,,,改编：陈斌,陈斌,改编,绘画：孙宝堂,孙宝堂,绘画,,,,,,,,,,,,,上海人民美术,上海人民美术,,上海,7,1978,1版1次,64,,0.09,8,15,Ref002:38,单册：肆划,,,水下尖兵/出版社：上海人民美术/改编：陈斌/绘画：孙宝堂/78年7月1版1次64开/印数：未详定价：0.09元/市场交流价：/9品：8元/10品：15元,PaddlePaddle
水冲龙王庙,水冲龙王庙,,改编：周调 绘者：蔡超,,,改编：周调,周调,改编,绘者：蔡超,蔡超,绘者,,,,,,,,,,,,,人民美术,人民美术,,,9,1982,1版1次,60,53万,0.14,20,40,Ref002:38,单册：肆划,,,水冲龙王庙/出版社：人民美术/改编：周调/绘者：蔡超/82年9月1版1次60开/印数：53万定价：0.14元/市场交流价：/9品：20元/10品：40元,PaddlePaddle
天山深处的“大兵”,天山深处的“大兵”,,改编：郑谋梅 绘画：金奎,,,改编：郑谋梅,郑谋梅,改编,绘画：金奎,金奎,绘画,,,,,,,,,,,,,上海人民美术,上海人民美术,,上海,11,1983,1版1次,64,10万,0.14,10,15,Ref002:38,单册：肆划,,,天山深处的“大兵”/出版社：上海人民美术/改编：郑谋梅/绘画：金奎/83年11月1版1次64开/印数：10万定价：0.14元/市场交流价：/9品：10元/10品：15元,PaddlePaddle
天涯芳草,天涯芳草,,改编：胡斌 绘画：胡斌,,,改编：胡斌,胡斌,改编,绘画：胡斌,胡斌,绘画,,,,,,,,,,,,,人民美术,人民美术,,,1,1982,1版1次,64,54万,0.14,5,8,Ref002:38,单册：肆划,,,天涯芳草/出版社：人民美术/改编：胡斌/绘画：胡斌/82年1月1版1次64开/印数：54万定价：0.14元/市场交流价：/9品：5元/10品：8元,PaddlePaddle
艺海群英（上）,艺海群英,（上）,改编：学伟 绘画：翟欣建曹立伟,,,改编：学伟,学伟,改编,绘画：翟欣建,翟欣建,绘画,绘画：曹立伟,曹立伟,绘画,,,,,,,,,,中国曲艺,中国曲艺,,北京,,,,64,,0.2,15,20,Ref002:39,单册：肆划,,,艺海群英(上)/出版社：中国曲艺/改编：学伟/绘画：翟欣建曹立伟/64开定价：0.20元/印数：未详/市场交流价：/9品：15元/10品：20元,PaddlePaddle
艺海群英（下）,艺海群英,（下）,改编：学伟 绘画：翟欣建曹立伟,,,改编：学伟,学伟,改编,绘画：翟欣建,翟欣建,绘画,绘画：曹立伟,曹立伟,绘画,,,,,,,,,,中国曲艺,中国曲艺,,北京,,,,64,,0.2,10,15,Ref002:39,单册：肆划,,,艺海群英(下)/出版社：中国曲艺/改编：学伟/绘画：翟欣建 曹立伟/64开印数：未详/定价：0.20元/市场交流价：/9品：10元/10品：15元,PaddlePaddle
艺林女杰,艺林女杰,,改编：缪德彰 绘画：史殿生,,,改编：缪德彰,缪德彰,改编,绘画：史殿生,史殿生,绘画,,,,,,,,,,,,,辽宁美术,辽宁美术,,沈阳,10,1985,1版1次,64,1.25万,0.3,15,20,Ref002:39,单册：肆划,,,艺林女杰/出版社：辽宁美术/改编：缪德彰/绘画：史殿生/85年10月1版1次64开/印数：1.25万定价：0.30元/市场交流价：/9品：15元/10品：20元,PaddlePaddle
内当家,内当家,,改编：刘矛潭 绘画：杜恒范,,,改编：刘矛潭,刘矛潭,改编,绘画：杜恒范,杜恒范,绘画,,,,,,,,,,,,,上海人民美术,上海人民美术,,上海,5,1983,1版1次,64,17万,0.11,5,15,Ref002:39,单册：肆划,《艺海群英》未标明出版年份,,内当家/出版社：上海人民美术/改编：刘矛潭/绘画：杜恒范/83年5月1版1次64开/印数：17万定价：0.11元/市场交流价：/9品：5元/10品：15元,PaddlePaddle
内奸,内奸,,改编：郑谋梅 绘画：胡震国王守中,,,改编：郑谋梅,郑谋梅,改编,绘画：胡震国,胡震国,绘画,绘画：王守中,王守中,绘画,,,,,,,,,,上海人民美术,上海人民美术,,上海,5,1981,1版1次,64,70万,0.15,15,25,Ref002:39,单册：肆划,,,内奸/出版社：上海人民美术/改编：郑谋梅/绘画：胡震国王守中/81年5月1版1次64开/印数：70万定价：0.15元/市场交流价：/9品：15元/10品：25元,PaddlePaddle
长征途中,长征途中,,改编：王树华 绘画：邱胜贤,,,改编：王树华,王树华,改编,绘画：邱胜贤,邱胜贤,绘画,,,,,,,,,,,,,江西人民,江西人民,,南昌,12,1977,1版1次,64,10万,0.11,5,15,Ref002:39,单册：肆划,,,长征途中/出版社：江西人民/改编：王树华/绘画：邱胜贤/77年12月1版1次64开/印数：10万定价：0.11元/市场交流价：/9品：5元/10品：15元,PaddlePaddle
方向盘,方向盘,,改编：水世戴 绘画：尚金声等,,,改编：水世戴,水世戴,改编,绘画：尚金声,尚金声,绘画,绘画：等,等,绘画,,,,,,,,,,天津人民美术,天津人民美术,,天津,9,1977,1版1次,64,,0.09,5,10,Ref002:39,单册：肆划,,,方向盘/出版社：天津人民美术/改编：水世戴/绘画：尚金声等/77年9月1版1次64开/印数：未详定价：0.09元/市场交流价：/9品：5元/10品：10元,PaddlePaddle
开河之前,开河之前,,改编：王良莹 绘画：集体,,,改编：王良莹,王良莹,改编,绘画：集体,集体,绘画,,,,,,,,,,,,,上海人民,上海人民,,上海,7,1977,1版1次,64,,0.07,8,15,Ref002:39,单册：肆划,,,开河之前/出版社：上海人民/改编：王良莹/绘画：集体/77年7月1版1次64开/印数：未详定价：0.07元/市场交流价：/9品：8元/10品：15元,PaddlePaddle
风雨双河,风雨双河,,改编：叶庆瑞 绘画：胡博综,,,改编：叶庆瑞,叶庆瑞,改编,绘画：胡博综,胡博综,绘画,,,,,,,,,,,,,江苏美术,江苏美术,,南京,12,1984,1版1次,64,10.26万,0.27,15,25,Ref002:40,单册：肆划,,,风雨双河/出版社：江苏美术/改编：叶庆瑞/绘画：胡博综/84年12月1版1次64开/印数：10.26万定价：0.27元/市场交流价：/9品：15元/10品：25元,PaddlePaddle
风雨罗霄路,风雨罗霄路,,改编：王良莹 绘画：张昌洵,,,改编：王良莹,王良莹,改编,绘画：张昌洵,张昌洵,绘画,,,,,,,,,,,,,浙江人民,浙江人民,,杭州,6,1978,1版1次,64,,0.09,15,30,Ref002:40,单册：肆划,,,风雨罗霄路/出版社：浙江人民/改编：王良莹/绘画：张昌洵/78年6月1版1次64开/印数：未详定价：0.09元/市场交流价：/9品：15元/10品：30元,PaddlePaddle
风雨罗霄路,风雨罗霄路,,改编：孙剑影 绘画：张天寿,,,改编：孙剑影,孙剑影,改编,绘画：张天寿,张天寿,绘画,,,,,,,,,,,,,江苏人民,江苏人民,,南京,4,1979,1版1次,64,30万,0.11,25,45,Ref002:40,单册：肆划,,,风雨罗霄路/出版社：江苏人民/改编：孙剑影/绘画：张天寿/79年4月1版1次64开/印数：30万 定价：0.11元/市场交流价：/9品：25元/10品：45元,PaddlePaddle
风雨罗霄路,风雨罗霄路,,改编：曾宪宇 绘画：仲札等,,,改编：曾宪宇,曾宪宇,改编,绘画：仲札,仲札,绘画,绘画：等,等,绘画,,,,,,,,,,黑龙江人民,黑龙江人民,,哈尔滨,5,1981,1版1次,64,5.6万,0.09,10,20,Ref002:40,单册：肆划,,Sic._Author_Core_2,风雨罗霄路/出版社：黑龙江人民/改编：曾宪宇/绘画：仲札等/81年5月1版1次64开/印数：5.6万定价：0.09元/市场交流价：/9品：10元/10品：20元,PaddlePaddle
丹心谱,丹心谱,,改编：任宝贤等 绘画：关景宇赵宝林,,,改编：任宝贤,任宝贤,改编,改编：等,等,改编,绘画：关景宇,关景宇,绘画,绘画：赵宝林,赵宝林,绘画,,,,,,,人民美术,人民美术,,,2,1980,1版1次,64,29万,0.26,15,30,Ref002:40,单册：肆划,,,丹心谱/出版社：人民美术/改编：任宝贤等/绘画：关景宇赵宝林/80年2月1版1次64开/印数：29万定价：0.26元/市场交流价：/9品：15元/10品：30元,PaddlePaddle
无花果,无花果,,编文：叶文玲 绘画：叶雄,,,编文：叶文玲,叶文玲,编文,绘画：叶雄,叶雄,绘画,,,,,,,,,,,,,上海人民美术,上海人民美术,,上海,3,1980,1版1次,64,20万,0.12,8,15,Ref002:40,单册：肆划,,,无花果/出版社：上海人民美术/编文：叶文玲/绘画：叶雄/80年3月1版1次64开/印数：20万定价：0.12元/市场交流价：/9品：8元/10品：15元,PaddlePaddle
无敌的战士,无敌的战士,,改编：辛果 绘画：刘端吴成槐,,,改编：辛果,辛果,改编,绘画：刘端,刘端,绘画,绘画：吴成槐,吴成槐,绘画,,,,,,,,,,辽宁美术,辽宁美术,,沈阳,1,1981,1版1次,64,114万,0.17,4,8,Ref002:40,单册：肆划,,,无敌的战士/出版社：辽宁美术/改编：辛果/绘画：刘端吴成槐/81年1月1版1次64开/印数：114万定价：0.17元/市场交流价：/9品：4元/10品：8元,PaddlePaddle
为奴隶的母亲,为奴隶的母亲,,改编：张友元 绘画：陈文杰,,,改编：张友元,张友元,改编,绘画：陈文杰,陈文杰,绘画,,,,,,,,,,,,,人民美术,人民美术,,,11,1983,1版1次,64,17.5万,0.12,20,40,Ref002:40,单册：肆划,,,为奴隶的母亲/出版社：人民美术/改编：张友元/绘画：陈文杰/83年11月1版1次64开/印数：17.5万定价：0.12元/市场交流价：/S/9品：20元/10品：40元,PaddlePaddle
公鸡老大,公鸡老大,,改编：云旋等 绘画：范生福王重义,,,改编：云旋,云旋,改编,改编：等,等,改编,绘画：范生福,范生福,绘画,绘画：王重义,王重义,绘画,,,,,,,浙江少年儿童,浙江少年儿童,,杭州,12,1984,1版1次,64,3.65[sic.],0.2,10,20,Ref002:41,单册：肆划,,Sic._Author_Core_1,公鸡老大/出版社：浙江少年儿童/改编：云旋等/绘画：范生福王重义/84年12月1版1次64开/印数：3.65定价：0.20元/市场交流价：/9品：10元/10品：20元,PaddlePaddle
丰收,丰收,,改编：吴其柔 绘画：谌孝安,,,改编：吴其柔,吴其柔,改编,绘画：谌孝安,谌孝安,绘画,,,,,,,,,,,,,上海人民美术,上海人民美术,,上海,2,1982,1版1次,64,20万,0.17,15,25,Ref002:41,单册：肆划,,,丰收/出版社：上海人民美术/改编：吴其柔/绘画：谌孝安/82年2月1版1次64开/印数：20万定价：0.17元/市场交流价：/9品：15元/10品：25元,PaddlePaddle
六十年的变迁（一）,六十年的变迁,（一）,改编：赵祥汉 绘画：查加伍,,,改编：赵祥汉,赵祥汉,改编,绘画：查加伍,查加伍,绘画,,,,,,,,,,,,,长江文艺,长江文艺,,武汉,11,1984,1版1次,64,13.3万,0.3,10,20,Ref002:41,单册：肆划,,,六十年的变迁（一）/出版社：长江文艺/改编：赵祥汉/绘画：查加伍/84年11月1版1次64开/印数：13.3万定价：0.30元/市场交流价：/9品：10元/10品：20元,PaddlePaddle
月秀山下的阴影,月秀山下的阴影,,改编：郑清川陈寓中 绘画：兆钟伟曾琦,,,改编：郑清川,郑清川,改编,改编：陈寓中,陈寓中,改编,绘画：兆钟伟,兆钟伟,绘画,绘画：曾琦,曾琦,绘画,,,,,,,北京,北京,,北京,6,1981,1版1次,60,125万,0.17,5,10,Ref002:41,单册：肆划,,Sic._Author_Core_4,月秀山下的阴影/出版社：北京/改编：郑清川陈寓中/绘画：兆钟伟 曾琦/81年6月1版1次60开/印数：125万定价：0.17元/市场交流价：/9品：5元/10品：10元,PaddlePaddle
风雪雄鹰,风雪雄鹰,,改编：海力 绘画：余友力韩书力,,,改编：海力,海力,改编,绘画：余友力,余友力,绘画,绘画：韩书力,韩书力,绘画,,,,,,,,,,天津人民美术,天津人民美术,,天津,9,1977,1版1次,64,,0.11,10,20,Ref002:41,单册：肆划,,,风雪雄鹰/出版社：天津人民美术/改编：海力/绘画：余友力韩书力/77年9月1版1次64开/印数：未详定价：0.11元/市场交流价：/9品：10元/10品：20元,PaddlePaddle
“支支”历险记,“支支”历险记,,改编：辽洋胡霜 绘画：罗枫,,,改编：辽洋,辽洋,改编,改编：胡霜,胡霜,改编,绘画：罗枫,罗枫,绘画,,,,,,,,,,浙江人民美术,浙江人民美术,,杭州,4,1985,1版1次,64,8.15万,0.19,5,10,Ref002:41,单册：肆划,,,“支支”历险记/出版社：浙江人民美术/改编：辽洋胡霜/绘画：罗枫/85年4月1版1次64开/印数：8.15万定价：0.19元/市场交流价：/9品：5元/10品：10元,PaddlePaddle
井冈红缨,井冈红缨,,改编：孙海浪 绘画：易至群,,,改编：孙海浪,孙海浪,改编,绘画：易至群,易至群,绘画,,,,,,,,,,,,,上海人民美术,上海人民美术,,上海,2,1980,1版1次,64,80万,0.14,5,10,Ref002:41,单册：肆划,,,井冈红缨/出版社：上海人民美术/改编：孙海浪/绘画：易至群/80年2月1版1次64开/印数：80万 定价：0.14元/市场交流价：/9品：5元/10品：10元,PaddlePaddle
中国人,中国人,,改编：徐志强 绘画：梁启德,,,改编：徐志强,徐志强,改编,绘画：梁启德,梁启德,绘画,,,,,,,,,,,,,广西人民,广西人民,,南宁,5,1984,1版1次,64,28.95万,0.29,10,20,Ref002:41,单册：肆划,,,中国人/出版社：广西人民/改编：徐志强/绘画：梁启德/84年5月1版1次64开/印数：28.95万定价：0.29元/市场交流价：/9品：10元/10品：20元,PaddlePaddle
贝拉,贝拉,,改编：林珂 绘画：俞晓夫,,,改编：林珂,林珂,改编,绘画：俞晓夫,俞晓夫,绘画,,,,,,,,,,,,,天津人民美术,天津人民美术,,天津,3,1983,1版1次,60,13.5万,0.11,15,30,Ref002:42,单册：肆划,,,贝拉/出版社：天津人民美术/改编：林珂/绘画：俞晓夫/83年3月1版1次60开/印数：13.5万定价：0.11元/市场交流价：/9品：15元/10品：30元,PaddlePaddle
丘克与盖克,丘克与盖克,,改编：潘荣才 绘画：立民双草,,,改编：潘荣才,潘荣才,改编,绘画：立民,立民,绘画,绘画：双草,双草,绘画,,,,,,,,,,广西人民,广西人民,,南宁,6,1982,1版1次,64,18.1万,0.12,10,35,Ref002:42,单册：肆划,,,丘克与盖克/出版社：广西人民/改编：潘荣才/绘画：立民双草/82年6月1版1次64开/印数：18.1万定价：0.12元/市场交流价：/9品：10元/10品：35元,PaddlePaddle
丘克和盖克,丘克和盖克,,改编：文竹风 绘画：薛雁群,,,改编：文竹风,文竹风,改编,绘画：薛雁群,薛雁群,绘画,,,,,,,,,,,,,辽宁美术,辽宁美术,,沈阳,1,1985,1版1次,64,5.53万,0.3,10,30,Ref002:42,单册：肆划,,,丘克和盖克/出版社：辽宁美术/改编：文竹风/绘画：薛雁群/85年1月1版1次64开/印数：5.53万 定价：0.30元/市场交流价：/9品：10元/10品：30元,PaddlePaddle
丘克和盖克,丘克和盖克,,改编：任鑫娣 绘者：管齐骏,,,改编：任鑫娣,任鑫娣,改编,绘者：管齐骏,管齐骏,绘者,,,,,,,,,,,,,上海人民美术,上海人民美术,,上海,5,1981,1版1次,64,20万,0.09,10,20,Ref002:42,单册：肆划,,,丘克和盖克/出版社：上海人民美术/改编：任鑫娣/绘者：管齐骏/81年5月1版1次64开/印数：20万定价：0.09元/市场交流价：/9品：10元/10品：20元,PaddlePaddle
王子与贫儿,王子与贫儿,,改编：周扬 绘画：徐锡林,,,改编：周扬,周扬,改编,绘画：徐锡林,徐锡林,绘画,,,,,,,,,,,,,人民美术,人民美术,,,5,1981,1版1次,64,100万,0.17,10,20,Ref002:42,单册：肆划,,,王子与贫儿/出版社：人民美术/改编：周扬/绘画：徐锡林/81年5月1版1次64开/印数：100万定价：0.17元/市场交流价：/9品：10元/10品：20元,PaddlePaddle
王子与贫儿（上下）,王子与贫儿,（上下）,改编：叶惠元贺书昌 绘画：丘玮,,,改编：叶惠元,叶惠元,改编,改编：贺书昌,贺书昌,改编,绘画：丘玮,丘玮,绘画,,,,,,,,,,辽宁美术,辽宁美术,,沈阳,4,1984,1版1次,64,12.5万,0.32,15（全套）,25,Ref002:42,单册：肆划,,,王子与贫儿(上下)/出版社：辽宁美术/改编：叶惠元贺书昌/绘画：丘玮/84年4月1版1次64开/印数：12.5万定价：0.32元/市场交流价：/9品：15元（全套）/10品：25元,PaddlePaddle
王子复仇记,王子复仇记,,改编：志中 绘者：胡克文,,,改编：志中,志中,改编,绘者：胡克文,胡克文,绘者,,,,,,,,,,,,,人民美术,人民美术,,,9,1981,1版1次,64,89万,0.15,15,25,Ref002:42,单册：肆划,,,王子复仇记/出版社：人民美术/改编：志中/绘者：胡克文/81年9月1版1次64开/印数：89万定价：0.15元/市场交流价：/9品：15元/10品：25元,PaddlePaddle
公主的羽衣,公主的羽衣,,改编：崔合美 绘画：庞邦本,,,改编：崔合美,崔合美,改编,绘画：庞邦本,庞邦本,绘画,,,,,,,,,,,,,湖南少年儿童,湖南少年儿童,,长沙,1,1985,1版1次,64,20万,0.33,20,40,Ref002:42,单册：肆划,,,公主的羽衣/出版社：湖南少年儿童/改编：崔合美/绘画：庞邦本/85年1月1版1次64开/印数：20万定价：0.33元/市场交流价：/9品：20元/10品：40元,PaddlePaddle
以革命的名义,以革命的名义,,改编：朱新晖大苗 绘者：董洪元王重义,,,改编：朱新晖,朱新晖,改编,改编：大苗,大苗,改编,绘者：董洪元,董洪元,绘者,绘者：王重义,王重义,绘者,,,,,,,人民美术,人民美术,,,6,1982,2版2次,64,41万,0.26,20,45,Ref002:43,单册：肆划,,,以革命的名义/出版社：人民美术/改编：朱新晖大苗/绘者：董洪元王重义/82年6月2版2次64开/印数：41万定价：0.26元/市场交流价：/9品：20元/10品：45元,PaddlePaddle
以革命的名义,以革命的名义,,改编：陈云生 绘画：雷德祖雷似祖,,,改编：陈云生,陈云生,改编,绘画：雷德祖,雷德祖,绘画,绘画：雷似祖,雷似祖,绘画,,,,,,,,,,浙江人民美术,浙江人民美术,,杭州,2,1983,1版1次,64,4.7万,0.18,30,80,Ref002:43,单册：肆划,,,以革命的名义/出版社：浙江人民美术/改编：陈云生/绘画：雷德祖雷似祖/83年2月1版1次64开/印数：4.7万定价：0.18元/市场交流价：/9品：30元/10品：80元,PaddlePaddle
六千浬寻母记,六千浬寻母记,,改编：邹洪根 绘画：潘胜奎,,,改编：邹洪根,邹洪根,改编,绘画：潘胜奎,潘胜奎,绘画,,,,,,,,,,,,,辽宁美术,辽宁美术,,沈阳,10,1984,1版1次,64,15.45万,0.2,10,15,Ref002:43,单册：肆划,,,六千浬寻母记/出版社：辽宁美术/改编：邹洪根/绘画：潘胜奎/84年10月1版1次64开/印数：15.45万定价：0.20元/市场交流价：/9品：10元/10品：15元,PaddlePaddle
六千哩寻母,六千哩寻母,,改编：胡雁 绘画：贺友直,,,改编：胡雁,胡雁,改编,绘画：贺友直,贺友直,绘画,,,,,,,,,,,,,上海人民美术,上海人民美术,,上海,5,1982,1版7次,64,66.1万,0.12,15,25,Ref002:43,单册：肆划,,,六千哩寻母/出版社：上海人民美术/改编：胡雁/绘画：贺友直/82年5月1版7次64开/印数：66.1万定价：0.12元/市场交流价：/9品：15元/10品：25元,PaddlePaddle
无产阶级的歌,无产阶级的歌,,改编：吴兆修 绘画：陈衍宁汤小铭,,,改编：吴兆修,吴兆修,改编,绘画：陈衍宁,陈衍宁,绘画,绘画：汤小铭,汤小铭,绘画,,,,,,,,,,人民美术,人民美术,,,8,1974,1版1次,60,210万,0.12,10,20,Ref002:43,单册：肆划,,,无产阶级的歌/出版社：人民美术/改编：吴兆修/绘画：陈衍宁汤小铭/74年8月1版1次60开/印数：210万定价：0.12元/市场交流价：/9品：10元/10品：20元,PaddlePaddle
幻灭（上下）,幻灭,（上下）,改编：薛蔚 绘画：程嬗,,,改编：薛蔚,薛蔚,改编,绘画：程嬗,程嬗,绘画,,,,,,,,,,,,,福建人民,福建人民,,福州,12,1983,1版1次,64,18.35万,0.21,10（全套）,15,Ref002:43,单册：肆划,,,幻灭(上下)/出版社：福建人民/改编：薛蔚/绘画：程嬗/83年12月1版1次64开/印数：18.35万定价：0.21元/市场交流价：/9品：10元（全套）/10品：15元,PaddlePaddle
幻灭,幻灭,,改编：淑均 绘者：广军,,,改编：淑均,淑均,改编,绘者：广军,广军,绘者,,,,,,,,,,,,,人民美术,人民美术,,,2,1985,1版1次,64,10万,0.55,25,35,Ref002:43,单册：肆划,,,幻灭/出版社：人民美术/改编：淑均/绘者：广军/85年2月1版1次64开/印数：10万定价：0.55元/市场交流价：/9品：25元/10品：35元,PaddlePaddle
气球探险记,气球探险记,,改编：王远 绘画：黄宗湖,,,改编：王远,王远,改编,绘画：黄宗湖,黄宗湖,绘画,,,,,,,,,,,,,广西人民,广西人民,,南宁,12,1984,1版1次,64,34万,0.21,10,25,Ref002:43,单册：肆划,,,气球探险记/出版社：广西人民/改编：王远/绘画：黄宗湖/84年12月1版1次64开/印数：34万定价：0.21元/市场交流价：/9品：10元/10品：25元,PaddlePaddle
少年鼓手的命运,少年鼓手的命运,,改编：庄宏安 绘画：李冠国,,,改编：庄宏安,庄宏安,改编,绘画：李冠国,李冠国,绘画,,,,,,,,,,,,,辽宁美术,辽宁美术,,沈阳,4,1985,1版2次,64,25.93万,0.38,15,20,Ref002:44,单册：肆划,,,少年鼓手的命运/出版社：辽宁美术/改编：庄宏安/绘画：李冠国/85年4月1版2次64开/印数：25.93万定价：0.38元/市场交流价：/9品：15元/10品：20元,PaddlePaddle
少年鼓手的命运,少年鼓手的命运,,改编：顾光 绘画：吴瑞龙,,,改编：顾光,顾光,改编,绘画：吴瑞龙,吴瑞龙,绘画,,,,,,,,,,,,,上海人民美术,上海人民美术,,上海,11,1980,1版1次,64,75万,0.13,12,20,Ref002:44,单册：肆划,,,少年鼓手的命运/出版社：上海人民美术/改编：顾光/绘画：吴瑞龙/80年11月1版1次64开/印数：75万定价：0.13元/市场交流价：/9品：12元/10品：20元,PaddlePaddle
巴黎圣母院,巴黎圣母院,,改编：颖萱 绘画：王新斌曹淑琴,,,改编：颖萱,颖萱,改编,绘画：王新斌,王新斌,绘画,绘画：曹淑琴,曹淑琴,绘画,,,,,,,,,,吉林人民,吉林人民,,长春,11,1980,1版1次,64,34.406万,0.15,20,40,Ref002:44,单册：肆划,,,巴黎圣母院/出版社：吉林人民/改编：颖萱/绘画：王新斌、曹淑琴/80年11月1版1次64开/印数：34.406万定价：0.15元/市场交流价：/9品：20元/10品：40元,PaddlePaddle
巴黎公社小英雄,巴黎公社小英雄,,改编：赵一新 绘画：丁荣魁,,,改编：赵一新,赵一新,改编,绘画：丁荣魁,丁荣魁,绘画,,,,,,,,,,,,,上海人民美术,上海人民美术,,上海,8,1979,1版1次,64,13万,0.14,25,50,Ref002:44,单册：肆划,,,巴黎公社小英雄/出版社：上海人民美术/改编：赵一新/绘画：丁荣魁/79年8月1版1次64开/印数：13万定价：0.14元/市场交流价：/9品：25元/10品：50元,PaddlePaddle
牛虻,牛虻,,改编：吉志西 绘画：胡克礼,,,改编：吉志西,吉志西,改编,绘画：胡克礼,胡克礼,绘画,,,,,,,,,,,,,辽宁美术,辽宁美术,,沈阳,7,1980,1版1次,64,48万,0.24,10,30,Ref002:44,单册：肆划,,,牛虻/出版社：辽宁美术/改编：吉志西/绘画：胡克礼/80年7月1版1次64开/印数：48万定价：0.24元/市场交流价：/9品：10元/10品：30元,PaddlePaddle
马可·波罗,马可·波罗,,改编：费成康陈梅龙 绘画：江云,,,改编：费成康,费成康,改编,改编：陈梅龙,陈梅龙,改编,绘画：江云,江云,绘画,,,,,,,,,,上海人民美术,上海人民美术,,上海,2,1982,1版1次,64,20万,0.16,8,15,Ref002:44,单册：肆划,,,马可·波罗/出版社：上海人民美术/改编：费成康陈梅龙/绘画：江云/82年2月1版1次64开/印数：20万定价：0.16元/市场交流价：/9品：8元/10品：15元,PaddlePaddle
无头骑士,无头骑士,,改编：晓莲 绘画：沈勇,,,改编：晓莲,晓莲,改编,绘画：沈勇,沈勇,绘画,,,,,,,,,,,,,内蒙古人民,内蒙古人民,,呼和浩特市,12,1984,1版1次,64,40万,0.24,10,15,Ref002:44,单册：肆划,,,无头骑士/出版社：内蒙古人民/改编：晓莲/绘画：沈勇/84年12月1版1次64开/印数：40万定价：0.24元/市场交流价：/9品：10元/10品：15元,PaddlePaddle
从马夫到戏剧大师,从马夫到戏剧大师,,改编：王丽英王素一 绘者：英浩胡若军,,,改编：王丽英,王丽英,改编,改编：王素一,王素一,改编,绘者：英浩,英浩,绘者,绘者：胡若军,胡若军,绘者,,,,,,,四川少年儿童,四川少年儿童,,成都,11,1984,1版1次,64,13.82万,0.16,10,20,Ref002:44,单册：肆划,,,从马夫到戏剧大师/出版社：四川少年儿童/改编：王丽英王素一/绘者：英浩胡若军/84年11月1版1次64开/印数：13.82万定价：0.16元/市场交流价：/9品：10元/10品：20元,PaddlePaddle
贝多芬,贝多芬,,改编：甘礼乐 绘画：崔君沛金冈,,,改编：甘礼乐,甘礼乐,改编,绘画：崔君沛,崔君沛,绘画,绘画：金冈,金冈,绘画,,,,,,,,,,上海人民美术,上海人民美术,,上海,9,1982,1版1次,64,8.5万,0.17,10,25,Ref002:45,单册：肆划,,Sic._Author_Core_3,贝多芬/出版社：上海人民美术/改编：甘礼乐/绘画：崔君沛金冈/82年9月1版1次64开/印数：8.5万定价：0.17元/市场交流价：/9品：10元/10品：25元,PaddlePaddle
木偶奇遇记,木偶奇遇记,,改编：张若 绘画：吴文渊,,,改编：张若,张若,改编,绘画：吴文渊,吴文渊,绘画,,,,,,,,,,,,,天津人民美术,天津人民美术,,天津,8,1980,1版1次,60,14万,0.22,20,30,Ref002:45,单册：肆划,,,木偶奇遇记/出版社：天津人民美术/改编：张若/绘画：吴文渊/80年8月1版1次60开/印数：14万定价：0.22元/市场交流价：/9品：20元/10品：30元,PaddlePaddle
木偶奇遇记,木偶奇遇记,,改编：李菁 绘画：东海,,,改编：李菁,李菁,改编,绘画：东海,东海,绘画,,,,,,,,,,,,,北京出版,北京出版,,北京,2,1981,1版1次,64,,0.11,20,40,Ref002:45,单册：肆划,,,木偶奇遇记/出版社：北京出版/改编：李菁/绘画：东海/81年2月1版1次64开/印数：未详定价：0.11元/市场交流价：/9品：20元/10品：40元,PaddlePaddle
木偶奇遇记,木偶奇遇记,,改编：沙铁军 绘画：皱世俊王良瑜,,,改编：沙铁军,沙铁军,改编,绘画：皱世俊,皱世俊,绘画,绘画：王良瑜,王良瑜,绘画,,,,,,,,,,四川人民,四川人民,,成都,7,1981,1版1次,64,22万,0.18,20,30,Ref002:45,单册：肆划,,,木偶奇遇记/出版社：四川人民/改编：沙铁军/绘画：皱世俊王良瑜/81年7月1版1次64开/印数：22万定价：0.18元/市场交流价：/9品：20元/10品：30元,PaddlePaddle
白娘子,白娘子,,改编：吴芝君汪宜蕾 绘画：秀公新昌,,,改编：吴芝君,吴芝君,改编,改编：汪宜蕾,汪宜蕾,改编,绘画：秀公,秀公,绘画,绘画：新昌,新昌,绘画,,,,,,,江苏人民,江苏人民,,南京,4,1979,1版1次,64,60万,0.13,8,15,Ref002:45,单册：伍划,,,白娘子/出版社：江苏人民/改编：吴芝君汪宜蕾/绘画：秀公新昌/79年4月1版1次64开/印数：60万定价：0.13元/市场交流价：/9品：8元/10品：15元,PaddlePaddle
白蛇传,白蛇传,,改编：邹向前 绘画：姜录,,,改编：邹向前,邹向前,改编,绘画：姜录,姜录,绘画,,,,,,,,,,,,,黑龙江人民,黑龙江人民,,哈尔滨,6,1982,1版1次,64,28.45万,0.17,10,20,Ref002:45,单册：伍划,,,白蛇传/出版社：黑龙江人民/改编：邹向前/绘画：姜录/82年6月1版1次64开/印数：28.45万定价：0.17元/市场交流价：/9品：10元/10品：20元,PaddlePaddle
白蛇传,白蛇传,,改编：路南 绘者：孟庆江,,,改编：路南,路南,改编,绘者：孟庆江,孟庆江,绘者,,,,,,,,,,,,,人民美术,人民美术,,,3,1981,1版1次,64,134万,0.18,15,25,Ref002:45,单册：伍划,,,白蛇传/出版社：人民美术/改编：路南/绘者：孟庆江/81年3月1版1次64开/印数：134万定价：0.18元/市场交流价：/9品：15元/10品：25元,PaddlePaddle
白蛇传,白蛇传,,改编：厉建祖 绘画：孙昌茵,,,改编：厉建祖,厉建祖,改编,绘画：孙昌茵,孙昌茵,绘画,,,,,,,,,,,,,上海人民美术,上海人民美术,,上海,9,1981,1版1次,64,115万,0.17,20,40,Ref002:45,单册：伍划,,,白蛇传/出版社：上海人民美术/改编：厉建祖/绘画：孙昌茵/81年9月1版1次64开/印数：115万定价：0.17元/市场交流价：/9品：20元/10品：40元,PaddlePaddle
龙女牧羊,龙女牧羊,,改编：孙锦常 绘画：卢延光,,,改编：孙锦常,孙锦常,改编,绘画：卢延光,卢延光,绘画,,,,,,,,,,,,,岭南美术,岭南美术,,广州,1,1983,1版1次,64,10万,0.21,50,110,Ref002:46,单册：伍划,,,龙女牧羊/出版社：岭南美术/改编：孙锦常/绘画：卢延光/83年1月1版1次64开/印数：10万定价：0.21元/市场交流价：/9品：50元/10品：110元,PaddlePaddle
龙犬驸马,龙犬驸马,,改编：李英群 绘画：姚柏钟荣,,,改编：李英群,李英群,改编,绘画：姚柏,姚柏,绘画,绘画：钟荣,钟荣,绘画,,,,,,,,,,岭南美术,岭南美术,,广州,7,1987,1版1次,64,,0.29,30,50,Ref002:46,单册：伍划,,,龙犬驸马/出版社：岭南美术/改编：李英群/绘画：姚柏钟荣/87年7月1版1次64开/印数：未详定价：0.29元/市场交流价：/9品：30元/10品：50元,PaddlePaddle
玄武门事变,玄武门事变,,改编：高铁林 绘画：孙承民,,,改编：高铁林,高铁林,改编,绘画：孙承民,孙承民,绘画,,,,,,,,,,,,,黑龙江美术,黑龙江美术,,哈尔滨,10,1984,1版1次,64,18.6万,0.24,5,10,Ref002:46,单册：伍划,,,玄武门事变/出版社：黑龙江美术/改编：高铁林/绘画：孙承民/84年10月1版1次64开/印数：18.6万定价：0.24元/市场交流价：/9品：5元/10品：10元,PaddlePaddle
玄武门之变,玄武门之变,,改编：金谷 绘画：庞先健,,,改编：金谷,金谷,改编,绘画：庞先健,庞先健,绘画,,,,,,,,,,,,,岭南美术,岭南美术,,广州,3,1983,1版1次,64,32.47万,0.27,5,15,Ref002:46,单册：伍划,,,玄武门之变/出版社：岭南美术/改编：金谷/绘画：庞先健/83年3月1版1次64开/印数：32.47万定价：0.27元/市场交流价：/9品：5元/10品：15元,PaddlePaddle
甲午海战,甲午海战,,改编：林锴 绘画：林锴,,,改编：林锴,林锴,改编,绘画：林锴,林锴,绘画,,,,,,,,,,,,,人民美术,人民美术,,,12,1977,1版1次,60,100万,0.17,30,60,Ref002:46,单册：伍划,,,甲午海战/出版社：人民美术/改编：林谐/绘画：林锴/77年12月1版1次60开/印数：100万定价：0.17元/市场交流价：/9品：30元/10品：60元,PaddlePaddle
甲午海战,甲午海战,,改编：竺乾华 绘画：赵文玉,,,改编：竺乾华,竺乾华,改编,绘画：赵文玉,赵文玉,绘画,,,,,,,,,,,,,浙江人民美术,浙江人民美术,,杭州,4,1980,1版1次,64,70万,0.19,20,50,Ref002:46,单册：伍划,,,甲午海战/出版社：浙江人民美术/改编：竺乾华/绘画：赵文玉/80年4月1版1次64开/印数：70万定价：0.19元/市场交流价：/9品：20元/10品：50元,PaddlePaddle
节义千龄,节义千龄,,编文：王肇岐 绘画：于水吴声,,,编文：王肇岐,王肇岐,编文,绘画：于水,于水,绘画,绘画：吴声,吴声,绘画,,,,,,,,,,上海人民美术,上海人民美术,,上海,3,1984,1版1次,64,15.4万,0.22,15,40,Ref002:46,单册：伍划,,,节义千龄/出版社：上海人民美术/编文：王肇岐/绘画：于水吴声/84年3月1版1次64开/印数：15.4万定价：0.22元/市场交流价：/9品：15元/10品：40元,PaddlePaddle
东海人鱼,东海人鱼,,改编：叶诗芳张士亮 绘画：董洪元,,,改编：叶诗芳,叶诗芳,改编,改编：张士亮,张士亮,改编,绘画：董洪元,董洪元,绘画,,,,,,,,,,天津人民美术,天津人民美术,,天津,6,1979,1版1次,60,20万,0.18,25,70,Ref002:46,单册：伍划,,,东海人鱼/出版社：天津人民美术/改编：叶诗芳张士亮/绘画：董洪元/79年6月1版1次60开/印数：20万定价：0.18元/市场交流价：/9品：25元/10品：70元,PaddlePaddle
古人勤学故事,古人勤学故事,,改编：林林谢宝耿 绘画：刘旦宅等,,,改编：林林,林林,改编,改编：谢宝耿,谢宝耿,改编,绘画：刘旦宅,刘旦宅,绘画,绘画：等,等,绘画,,,,,,,上海人民美术,上海人民美术,,上海,7,1979,1版1次,60,90万,0.13,20,60,Ref002:47,单册：伍划,,,古人勤学故事/出版社：上海人民美术/改编：林林谢宝耿/绘画：刘旦宅等/79年7月1版1次60开/印数：90万定价：0.13元/市场交流价：/9品：20元/10品：60元,PaddlePaddle
古人勤学故事,古人勤学故事,,改编：李英敏 绘画：王弘力等,,,改编：李英敏,李英敏,改编,绘画：王弘力,王弘力,绘画,绘画：等,等,绘画,,,,,,,,,,辽宁美术,辽宁美术,,沈阳,5,1980,1版1次,64,10万,0.17,30,60,Ref002:47,单册：伍划,,,古人勤学故事/出版社：辽宁美术/改编：李英敏/绘画：王弘力等/80年5月1版1次64开/印数：10万定价：0.17元/市场交流价：/9品：30元/10品：60元,PaddlePaddle
古代画家故事,古代画家故事,,改编：超明 绘画：周道银,,,改编：超明,超明,改编,绘画：周道银,周道银,绘画,,,,,,,,,,,,,人民美术,人民美术,,,3,1985,1版1次,64,,0.64,15,30,Ref002:47,单册：伍划,,,古代画家故事/出版社：人民美术/改编：超明/绘画：周道银/85年3月1版1次64开/印数：未详定价：0.64元/市场交流价：/9品：15元/10品：30元,PaddlePaddle
古诗童之路,古诗童之路,,编文：潘真 绘画：张增木,,,编文：潘真,潘真,编文,绘画：张增木,张增木,绘画,,,,,,,,,,,,,河北美术,河北美术,,石家庄,9,1985,1版1次,64,6.1万,0.38,15,30,Ref002:47,单册：伍划,,,古诗童之路/出版社：河北美术/编文：潘真/绘画：张增木/85年9月1版1次64开/印数：6.1万定价：0.38元/市场交流价：/9品：15元/10品：30元,PaddlePaddle
打渔杀家,打渔杀家,,改编：王肇岐 绘画：黄全昌,,,改编：王肇岐,王肇岐,改编,绘画：黄全昌,黄全昌,绘画,,,,,,,,,,,,,上海人民美术,上海人民美术,,上海,5,1984,1版1次,64,39万,0.17,15,30,Ref002:47,单册：伍划,,,打渔杀家/出版社：上海人民美术/改编：王肇岐/绘画：黄全昌/84年5月1版1次64开/印数：39万定价：0.17元/市场交流价：/9品：15元/10品：30元,PaddlePaddle
叶天士学医,叶天士学医,,改编：廉俊生 绘画：费龙翔,,,改编：廉俊生,廉俊生,改编,绘画：费龙翔,费龙翔,绘画,,,,,,,,,,,,,上海人民美术,上海人民美术,,上海,9,1982,1版1次,64,10万,0.09,10,20,Ref002:47,单册：伍划,,,叶天士学医/出版社：上海人民美术/改编：廉俊生/绘画：费龙翔/82年9月1版1次64开/印数：10万定价：0.09元/市场交流价：/9品：10元/10品：20元,PaddlePaddle
北规雄,北规雄,,改编：叶森 绘画：石嵋,,,改编：叶森,叶森,改编,绘画：石嵋,石嵋,绘画,,,,,,,,,,,,,青海人民,青海人民,,西宁,2,1981,1版1次,64,18万,0.07,10,20,Ref002:47,单册：伍划,,,北规雄/出版社：青海人民/改编：叶森/绘画：石嵋/81年2月1版1次64开/印数：18万定价：0.07元/市场交流价：/9品：10元/10品：20元,PaddlePaddle
出使西域,出使西域,,改编：徐建中 绘画：江恩莲,,,改编：徐建中,徐建中,改编,绘画：江恩莲,江恩莲,绘画,,,,,,,,,,,,,岭南美术,岭南美术,,广州,11,1982,1版1次,64,13.5万,0.21,10,20,Ref002:47,单册：伍划,,,出使西域/出版社：岭南美术/改编：徐建中/绘画：江恩莲/82年11月1版1次64开/印数：13.5万定价：0.21元/市场交流价：/9品：10元/10品：20元,PaddlePaddle
玉宸宫奇冤,玉宸宫奇冤,,改编：吴秀英 绘画：周申,,,改编：吴秀英,吴秀英,改编,绘画：周申,周申,绘画,,,,,,,,,,,,,天津人民美术,天津人民美术,,天津,7,1985,1版1次,64,20万,0.21,8,15,Ref002:48,单册：伍划,,,玉宸宫奇冤/出版社：天津人民美术/改编：吴秀英/绘画：周申/85年7月1版1次64开/印数：20万定价：0.21元/市场交流价：/9品：8元/10品：15元,PaddlePaddle
甘罗十二为丞相,甘罗十二为丞相,,改编：鹤仙 绘画：赵仁年,,,改编：鹤仙,鹤仙,改编,绘画：赵仁年,赵仁年,绘画,,,,,,,,,,,,,少年儿童,少年儿童,,上海,12,1985,1版1次,64,23.5万,0.19,5,10,Ref002:48,单册：伍划,,,甘罗十二为丞相/出版社：少年儿童/改编：鹤仙/绘画：赵仁年/85年12月1版1次64开/印数：23.5万定价：0.19元/市场交流价：/9品：5元/10品：10元,PaddlePaddle
孙悟空仗义救鸳鸯,孙悟空仗义救鸳鸯,,改编：尚羡智 绘者：豁志,,,改编：尚羡智,尚羡智,改编,绘者：豁志,豁志,绘者,,,,,,,,,,,,,河北美术,河北美术,,石家庄,7,1983,1版1次,64,39.5万,0.15,5,10,Ref002:48,单册：伍划,,,孙悟空仗义救鸳鸯/出版社：河北美术/改编：尚羡智/绘者：豁志/83年7月1版1次64开/印数：39.5万定价：0.15元/市场交流价：/9品：5元/10品：10元,PaddlePaddle
司马迁,司马迁,,改编：武锋冯新广 绘者：陈冬至,,,改编：武锋,武锋,改编,改编：冯新广,冯新广,改编,绘者：陈冬至,陈冬至,绘者,,,,,,,,,,河北美术,河北美术,,石家庄,9,1983,1版1次,64,2.2万,0.16,10,20,Ref002:48,单册：伍划,,,司马迁/出版社：河北美术/改编：武锋冯新广/绘者：陈冬至/83年9月1版1次64开/印数：2.2万定价：0.16元/市场交流价：/9品：10元/10品：20元,PaddlePaddle
打豹记,打豹记,,改编：毛亮英肖孔 绘画：罗盘,,,改编：毛亮英,毛亮英,改编,改编：肖孔,肖孔,改编,绘画：罗盘,罗盘,绘画,,,,,,,,,,上海人民,上海人民,,上海,2,1974,1版1次,60,150万,0.06,35,60,Ref002:48,单册：伍划,,Sic._Author_Core_2,打豹记/出版社：上海人民/改编：毛亮英肖孔/绘画：罗盘/74年2月1版1次60开/印数：150万定价：0.06元/市场交流价：/9品：35元/10品：60元,PaddlePaddle
打豹记,打豹记,,编文：刘建平 绘画：刘建平,,,编文：刘建平,刘建平,编文,绘画：刘建平,刘建平,绘画,,,,,,,,,,,,,天津人民,天津人民,,天津,10,1973,1版1次,60,,0.09,40,80,Ref002:48,单册：伍划,,,打豹记/出版社：天津人民/编文：刘建平/绘画：刘建平/73年10月1版1次60开/印数：未详 定价：0.09元/市场交流价：/9品：40元/10品：80元,PaddlePaddle
兄弟民兵,兄弟民兵,,改编：成荣 绘画：汪绚秋,,,改编：成荣,成荣,改编,绘画：汪绚秋,汪绚秋,绘画,,,,,,,,,,,,,上海市出版革命组,上海市出版革命组,,上海,3,1970,1版2次,60,,0.08,30,60,Ref002:48,单册：伍划,,,兄弟民兵/出版社：上海市出版革命组/改编：成荣/绘画：汪绚秋/70年3月1版2次60开/印数：未详定价：0.08元/市场交流价：/9品：30元/10品：60元,PaddlePaddle
兄弟队,兄弟队,,改编：集体 绘画：郭同江,,,改编：集体,集体,改编,绘画：郭同江,郭同江,绘画,,,,,,,,,,,,,广东人民,广东人民,,广州,11,1972,1版1次,60,,0.12,15,35,Ref002:48,单册：伍划,,,兄弟队/出版社：广东人民/改编：集体/绘画：郭同江/72年11月1版1次60开/印数：未详定价：0.12元/市场交流价：/9品：15元/10品：35元,PaddlePaddle
号子嘹亮,号子嘹亮,,改编：包裕成 绘画：集体,,,改编：包裕成,包裕成,改编,绘画：集体,集体,绘画,,,,,,,,,,,,,上海人民,上海人民,,上海,9,1975,1版1次,64,,0.08,8,15,Ref002:49,单册：伍划,,,号子嘹亮/出版社：上海人民/改编：包裕成/绘画：集体/75年9月1版1次64开/印数：未详定价：0.08元/市场交流价：/9品：8元/10品：15元,PaddlePaddle
号声嘹亮,号声嘹亮,,改编：集体 绘画：李家衡,,,改编：集体,集体,改编,绘画：李家衡,李家衡,绘画,,,,,,,,,,,,,四川人民,四川人民,,成都,10,1975,1版1次,60,,0.09,10,25,Ref002:49,单册：伍划,,,号声嘹亮/出版社：四川人民/改编：集体/绘画：李家衡/75年10月1版1次60开/印数：未详定价：0.09元/市场交流价：/9品：10元/10品：25元,PaddlePaddle
号上大队,号上大队,,改编：集体 绘画：集体,,,改编：集体,集体,改编,绘画：集体,集体,绘画,,,,,,,,,,,,,上海人民,上海人民,,上海,5,1971,1版1次,60,,0.1,30,100,Ref002:49,单册：伍划,,,号上大队/出版社：上海人民/改编：集体/绘画：集体/71年5月1版1次60开/印数：未详定价：0.10元/市场交流价：/9品：30元/10品：100元,PaddlePaddle
号角,号角,,改编：集体 绘画：集体,,,改编：集体,集体,改编,绘画：集体,集体,绘画,,,,,,,,,,,,,江苏人民,江苏人民,,南京,5,1972,1版1次,60,,0.1,40,120,Ref002:49,单册：伍划,,,号角/出版社：江苏人民/改编：集体/绘画：集体/72年5月1版1次60开/印数：未详定价：0.10元/市场交流价：/9品：40元/10品：120元,PaddlePaddle
龙生与虎生,龙生与虎生,,改编：集体 绘图：王修涛韩莎莎,,,改编：集体,集体,改编,绘图：王修涛,王修涛,绘图,绘图：韩莎莎,韩莎莎,绘图,,,,,,,,,,江西人民,江西人民,,南昌,5,1974,1版1次,60,30万,0.15,30,70,Ref002:49,单册：伍划,,,龙生与虎生/出版社：江西人民/改编：集体/绘图：王修涛韩莎莎/74年5月1版1次60开/印数：30万定价：0.15元/市场交流价：/9品：30元/10品：70元,PaddlePaddle
目标,目标,,改编：施国佐王银华 绘画：许金国朱国勤,,,改编：施国佐,施国佐,改编,改编：王银华,王银华,改编,绘画：许金国,许金国,绘画,绘画：朱国勤,朱国勤,绘画,,,,,,,上海人民,上海人民,,上海,10,1976,1版1次,64,,0.07,5,15,Ref002:49,单册：伍划,,,目标/出版社：上海人民/改编：施国佐王银华/绘画：许金国朱国勤/76年10月1版1次64开/印数：未详定价：0.07元/市场交流价：/9品：5元/10品：15元,PaddlePaddle
目标,目标,,改编：贾昌 绘图：王立生,,,改编：贾昌,贾昌,改编,绘图：王立生,王立生,绘图,,,,,,,,,,,,,天津人民美术,天津人民美术,,天津,10,1975,1版1次,64,,0.1,5,10,Ref002:49,单册：伍划,,,目标/出版社：天津人民美术/改编：贾昌/绘图：王立生/75年10月1版1次64开/印数：未详定价：0.10元/市场交流价：/9品：5元/10品：10元,PaddlePaddle
龙泉激流,龙泉激流,,改编：集体 绘画：甘文,,,改编：集体,集体,改编,绘画：甘文,甘文,绘画,,,,,,,,,,,,,黑龙江人民,黑龙江人民,,哈尔滨,8,1976,1版1次,64,30万,0.09,10,20,Ref002:49,单册：伍划,,,龙泉激流/出版社：黑龙江人民/改编：集体/绘画：甘文/76年8月1版1次64开/印数：30万定价：0.09元/市场交流价：/9品：10元/10品：20元,PaddlePaddle
闪闪的红星（上）,闪闪的红星,（上）,改编：集体 绘画：陈水远夕淋,,,改编：集体,集体,改编,绘画：陈水远,陈水远,绘画,绘画：夕淋,夕淋,绘画,,,,,,,,,,江西人民,江西人民,,南昌,2,1973,1版1次,60,100万,0.18,,,Ref002:50,单册：伍划,,Sic._Author_Core_3,闪闪的红星(上)/出版社：江西人民/改编：集体/绘画：陈水远夕淋/73年2月1版1次60开/印数：100万定价：0.18元,PaddlePaddle
闪闪的红星（下）,闪闪的红星,（下）,改编：集体 绘画：陈水远蔡锡林,,,改编：集体,集体,改编,绘画：陈水远,陈水远,绘画,绘画：蔡锡林,蔡锡林,绘画,,,,,,,,,,江西人民,江西人民,,南昌,7,1973,1版1次,60,40万,0.18,150（全套）,300（全套）,Ref002:50,单册：伍划,,,闪闪的红星(下)/出版社：江西人民/改编：集体/绘画：陈水远 蔡锡林/73年7月1版1次60开/印数：40万定价：0.18元/市场交流价：/9品：150元（全套）/10品：300元（全套）,PaddlePaddle
闪闪的红星,闪闪的红星,,改编：张连寿 绘图：关庆留等,,,改编：张连寿,张连寿,改编,绘图：关庆留,关庆留,绘图,绘图：等,等,绘图,,,,,,,,,,陕西人民,陕西人民,,西安,8,1973,1版1次,60,10万,0.21,120,250,Ref002:50,单册：伍划,,,闪闪的红星/出版社：陕西人民/改编：张连寿/绘图：关庆留等/73年8月1版1次60开/印数：10万定价：0.21元/市场交流价：/9品：120元/10品：250元,PaddlePaddle
闪闪的红星,闪闪的红星,,改编：王佩家 绘画：王纯信杨沙,,,改编：王佩家,王佩家,改编,绘画：王纯信,王纯信,绘画,绘画：杨沙,杨沙,绘画,,,,,,,,,,黑龙江人民,黑龙江人民,,哈尔滨,1,1974,1版2次,60,117万,0.17,90,250,Ref002:50,单册：伍划,,,闪闪的红星/出版社：黑龙江人民/改编：王佩家/绘画：王纯信杨沙/74年1月1版2次60开/印数：117万定价：0.17元/市场交流价：/9品：90元/10品：250元,PaddlePaddle
闪闪的红星（上）,闪闪的红星,（上）,改编：集体 绘画：集体,,,改编：集体,集体,改编,绘画：集体,集体,绘画,,,,,,,,,,,,,天津人民,天津人民,,天津,12,1971,1版1次,60,,0.12,,,Ref002:50,单册：伍划,,,闪闪的红星(上)/出版社：天津人民/改编：集体/绘画：集体/71年12月1版1次60开/印数：未详定价：0.12元,PaddlePaddle
闪闪的红星（下）,闪闪的红星,（下）,改编：集体 绘画：集体,,,改编：集体,集体,改编,绘画：集体,集体,绘画,,,,,,,,,,,,,天津人民美术,天津人民美术,,天津,7,1973,1版1次,60,,0.12,120（全套）,250,Ref002:50,单册：伍划,,,闪闪的红星(下)/出版社：天津人民美术/改编：集体/绘画：集体/73年7月1版1次60开/印数：未详定价：0.12元/市场交流价：/9品：120元（全套）/10品：250元,PaddlePaddle
奴隶的新生,奴隶的新生,,编文：周桂林 绘画：周继雄,,,编文：周桂林,周桂林,编文,绘画：周继雄,周继雄,绘画,,,,,,,,,,,,,四川人民,四川人民,,成都,12,1973,1版1次,60,,0.08,50,100,Ref002:50,单册：伍划,,,奴隶的新生/出版社：四川人民/编文：周桂林/绘画：周继雄/73年12月1版1次60开/印数：未详定价：0.08元/市场交流价：/9品：50元/10品：100元,PaddlePaddle
主角,主角,,改编：陆鸿道 绘画：袁继光 绘图：等,,,改编：陆鸿道,陆鸿道,改编,绘画：袁继光,袁继光,绘画,绘图：等,等,绘图,,,,,,,,,,上海人民,上海人民,,上海,10,1975,1版1次,64,,0.07,8,20,Ref002:50,单册：伍划,,,主角/出版社：上海人民/改编：陆鸿道/绘画：袁继光等/75年10月1版1次64开/印数：未详定价：0.07元/市场交流价：/9品：8元/10品：20元,PaddlePaddle
白求恩,白求恩,,改编：李忠翔 绘画：李忠翔,,,改编：李忠翔,李忠翔,改编,绘画：李忠翔,李忠翔,绘画,,,,,,,,,,,,,云南人民,云南人民,,昆明,7,1973,1版1次,60,7万,0.15,70,160,Ref002:51,单册：伍划,,,白求恩/出版社：云南人民/改编：李忠翔/绘画：李忠翔/73年7月1版1次60开/印数：7万定价：0.15元/市场交流价：/9品：70元/10品：160元,PaddlePaddle
白求恩在中国,白求恩在中国,,改编：钟志诚 绘画：许荣初 绘图：等,,,改编：钟志诚,钟志诚,改编,绘画：许荣初,许荣初,绘画,绘图：等,等,绘图,,,,,,,,,,辽宁人民,辽宁人民,,沈阳,3,1974,1版1次,64,60万,0.16,20,40,Ref002:51,单册：伍划,,,白求恩在中国/出版社：辽宁人民/改编：钟志诚/绘画：许荣初等/74年3月1版1次64开/印数：60万定价：0.16元/市场交流价：/9品：20元/10品：40元,PaddlePaddle
白求恩在中国,白求恩在中国,,改编：钟志诚 绘画：许荣初 绘图：等,,,改编：钟志诚,钟志诚,改编,绘画：许荣初,许荣初,绘画,绘图：等,等,绘图,,,,,,,,,,人民美术,人民美术,,,8,1975,1版1次,64,95万,0.15,15,40,Ref002:51,单册：伍划,,,白求恩在中国/出版社：人民美术/改编：钟志诚/绘画：许荣初等/75年8月1版1次64开/印数：95万定价：0.15元/市场交流价：/9品：15元/10品：40元,PaddlePaddle
白求恩,白求恩,,改编：吴文焕 绘画：胡克文 绘图：盛亮贤等,,,改编：吴文焕,吴文焕,改编,绘画：胡克文,胡克文,绘画,绘图：盛亮贤,盛亮贤,绘图,绘图：等,等,绘图,,,,,,,上海人民,上海人民,,上海,9,1973,1版1次,60,20万,0.14,35,100,Ref002:51,单册：伍划,,,白求恩/出版社：上海人民/改编：吴文焕/绘画：胡克文 盛亮贤等/73年9月1版1次60开/印数：20万定价：0.14元/市场交流价：/9品：35元/10品：100元,PaddlePaddle
白求恩,白求恩,,改编：集体 绘画：集体,,,改编：集体,集体,改编,绘画：集体,集体,绘画,,,,,,,,,,,,,安徽省革命委员会,安徽省革命委员会,,,12,1971,1版1次,60,,0.06,80,150,Ref002:51,单册：伍划,,,白求恩/出版社：安徽省革命委员会/改编：集体/绘画：集体/71年12月1版1次60开/印数：未详定价：0.06元/市场交流价：/9品：80元/10品：150元,PaddlePaddle
电视塔下,电视塔下,,改编：钟晓阳 绘画：集体,,,改编：钟晓阳,钟晓阳,改编,绘画：集体,集体,绘画,,,,,,,,,,,,,上海人民,上海人民,,上海,7,1975,1版1次,64,,0.07,10,20,Ref002:51,单册：伍划,,,电视塔下/出版社：上海人民/改编：钟晓阳/绘画：集体/75年7月1版1次64开/印数：未详 定价：0.07元/市场交流价：/9品：10元/10品：20元,PaddlePaddle
电话水线,电话水线,,编文：集体 绘画：集体,,,编文：集体,集体,编文,绘画：集体,集体,绘画,,,,,,,,,,,,,浙江人民,浙江人民,,杭州,5,1973,1版1次,60,60万,0.07,10,20,Ref002:51,单册：伍划,,,电话水线/出版社：浙江人民/编文：集体/绘画：集体/73年5月1版1次60开/印数：60万定价：0.07元/市场交流价：/9品：10元/10品：20元,PaddlePaddle
瓜秧的秘密,瓜秧的秘密,,改编：高宝生 绘画：高宝生,,,改编：高宝生,高宝生,改编,绘画：高宝生,高宝生,绘画,,,,,,,,,,,,,人民美术,人民美术,,,1,1972,1版1次,60,,0.08,15,50,Ref002:51,单册：伍划,,,2 瓜秧的秘密/e/出版社：人民美术/改编：高宝生/绘画：高宝生/72年1月1版1次60开/印数：未详定价：0.08元/市场交流价：/9品：15元/10品：50元,PaddlePaddle
北部湾畔红色娘子军,北部湾畔红色娘子军,,改编：集体 绘画：集体,,,改编：集体,集体,改编,绘画：集体,集体,绘画,,,,,,,,,,,,,广西人民,广西人民,,南宁,6,1972,1版1次,60,,0.14,50,120,Ref002:52,单册：伍划,,,北部湾畔红色娘子军/出版社：广西人民/改编：集体/绘画：集体/72年6月1版1次60开/印数：未详定价：0.14元/市场交流价：/9品：50元/10品：120元,PaddlePaddle
北京时间,北京时间,,改编：李光羽 绘画：集体,,,改编：李光羽,李光羽,改编,绘画：集体,集体,绘画,,,,,,,,,,,,,上海人民,上海人民,,上海,6,1976,1版1次,64,,0.08,20,40,Ref002:52,单册：伍划,,,北京时间/出版社：上海人民/改编：李光羽/绘画：集体/76年6月1版1次64开/印数：未详定价：0.08元/市场交流价：/9品：20元/10品：40元,PaddlePaddle
东海之滨大寨花,东海之滨大寨花,,改编：集体 绘画：集体,,,改编：集体,集体,改编,绘画：集体,集体,绘画,,,,,,,,,,,,,上海人民,上海人民,,上海,2,1972,1版1次,60,,0.1,50,160,Ref002:52,单册：伍划,,,东海之滨大寨花/出版社：上海人民/改编：集体/绘画：集体/72年2月1版1次60开/印数：未详定价：0.10元/市场交流价：/9品：50元/10品：160元,PaddlePaddle
东海猛虎,东海猛虎,,改编：万九如等 绘画：孙梅芳 绘图：等,,,改编：万九如,万九如,改编,改编：等,等,改编,绘画：孙梅芳,孙梅芳,绘画,绘图：等,等,绘图,,,,,,,福建人民,福建人民,,福州,4,1976,1版2次,60,,0.12,15,30,Ref002:52,单册：伍划,,,东海猛虎/出版社：福建人民/改编：万九如等/绘画：孙梅芳等/76年4月1版2次60开/印数：未详定价：0.12元/市场交流价：/9品：15元/10品：30元,PaddlePaddle
东郭先生,东郭先生,,改编：集体 绘画：刘继卣,,,改编：集体,集体,改编,绘画：刘继卣,刘继卣,绘画,,,,,,,,,,,,,人民美术,人民美术,,,11,1972,2版2次,64,,0.11,60,120,Ref002:52,单册：伍划,,,东郭先生/出版社：人民美术/改编：集体/绘画：刘继卣/72年11月2版2次64开/印数：未详定价：0.11元/市场交流价：/9品：60元/10品：120元,PaddlePaddle
宁学金,宁学金,,改编：集体 绘画：集体,,,改编：集体,集体,改编,绘画：集体,集体,绘画,,,,,,,,,,,,,陕西人民,陕西人民,,西安,2,1970,1版1次,60,,0.1,80,250,Ref002:52,单册：伍划,,,宁学金/出版社：陕西人民/改编：集体/绘画：集体/70年2月1版1次60开/印数：未详定价：0.10元/市场交流价：/9品：80元/10品：250元,PaddlePaddle
半篮花生,半篮花生,,改编：史中培 绘画：贺友直,,,改编：史中培,史中培,改编,绘画：贺友直,贺友直,绘画,,,,,,,,,,,,,上海人民,上海人民,,上海,5,1975,1版1次,64,40万,0.06,15,30,Ref002:52,单册：伍划,,,半篮花生/出版社：上海人民/改编：史中培/绘画：贺友直/75年5月1版1次64开/印数：40万定价：0.06元/市场交流价：/9品：15元/10品：30元,PaddlePaddle
半篮花生,半篮花生,,改编：东方涛等 绘画：钱贵荪,,,改编：东方涛,东方涛,改编,改编：等,等,改编,绘画：钱贵荪,钱贵荪,绘画,,,,,,,,,,浙江人民,浙江人民,,杭州,9,1975,1版1次,60,100万,0.09,15,30,Ref002:52,单册：伍划,,,半篮花生/出版社：浙江人民/改编：东方涛等/绘画：钱贵荪/75年9月1版1次60开/印数：100万定价：0.09元/市场交流价：/9品：15元/10品：30元,PaddlePaddle
出航之前,出航之前,,改编：集体 绘画：梅树石,,,改编：集体,集体,改编,绘画：梅树石,梅树石,绘画,,,,,,,,,,,,,广东人民,广东人民,,广州,10,1973,1版1次,60,,0.14,20,40,Ref002:53,单册：伍划,,,出航之前/出版社：广东人民/改编：集体/绘画：梅树石/73年10月1版1次60开/印数：未详定价：0.14元/市场交流价：/9品：20元/10品：40元,PaddlePaddle
厉家寨,厉家寨,,改编：集体 绘画：集体,,,改编：集体,集体,改编,绘画：集体,集体,绘画,,,,,,,,,,,,,山东人民,山东人民,,济南,1,1972,1版1次,60,,0.15,80,300,Ref002:53,单册：伍划,,,厉家寨/出版社：山东人民/改编：集体/绘画：集体/72年1月1版1次60开/印数：未详定价：0.15元/市场交流价：/9品：80元/10品：300元,PaddlePaddle
“模范饲养员”叶洪海,“模范饲养员”叶洪海,,改编：集体 绘画：集体,,,改编：集体,集体,改编,绘画：集体,集体,绘画,,,,,,,,,,,,,人民美术,人民美术,,,1,1972,1版1次,60,,0.1,30,90,Ref002:53,单册：伍划,,,“模范饲养员”叶洪海/出版社：人民美术/改编：集体/绘画：集体/72年1月1版1次60开/印数：未详定价：0.10元/市场交流价：/9品：30元/10品：90元,PaddlePaddle
发生在旅店里的故事,发生在旅店里的故事,,改编：集体 绘画：集体,,,改编：集体,集体,改编,绘画：集体,集体,绘画,,,,,,,,,,,,,广东人民,广东人民,,广州,5,1972,1版1次,60,,0.1,20,35,Ref002:53,单册：伍划,,,发生在旅店里的故事/出版社：广东人民/改编：集体/绘画：集体/72年5月1版1次60开/印数：未详定价：0.10元/市场交流价：/9品：20元/10品：35元,PaddlePaddle
古井新生,古井新生,,编文：武建华 绘者：阎志翔,,,编文：武建华,武建华,编文,绘者：阎志翔,阎志翔,绘者,,,,,,,,,,,,,江苏人民,江苏人民,,南京,11,1976,1版1次,60,30万,0.14,20,50,Ref002:53,单册：伍划,,,古井新生/出版社：江苏人民/编文：武建华/绘者：阎志翔/76年11月1版1次60开/印数：30万定价：0.14元/市场交流价：/9品：20元/10品：50元,PaddlePaddle
永远紧握手中枪,永远紧握手中枪,,编文：集体 绘画：顾炳鑫,,,编文：集体,集体,编文,绘画：顾炳鑫,顾炳鑫,绘画,,,,,,,,,,,,,上海人民,上海人民,,上海,12,1970,1版1次,60,,0.07,60,150,Ref002:53,单册：伍划,,,永远紧握手中枪/出版社：上海人民/编文：集体/绘画：顾炳鑫/70年12月1版1次60开/印数：未详定价：0.07元/市场交流价：/9品：60元/10品：150元,PaddlePaddle
巧云和小锡匠,巧云和小锡匠,,改编：孙韦 绘画：凌清,,,改编：孙韦,孙韦,改编,绘画：凌清,凌清,绘画,,,,,,,,,,,,,江苏美术,江苏美术,,南京,2,1985,1版1次,64,15.732万,0.18,25,60,Ref002:53,单册：伍划,,,巧云和小锡匠/出版社：江苏美术/改编：孙韦/绘画：凌清/85年2月1版1次64开/印数：15.732万定价：0.18元/市场交流价：/9品：25元/10品：60元,PaddlePaddle
古玩疑案,古玩疑案,,改编：竺乾华 绘者：钟增亚崔德,,,改编：竺乾华,竺乾华,改编,绘者：钟增亚,钟增亚,绘者,绘者：崔德,崔德,绘者,,,,,,,,,,人民美术,人民美术,,,6,1983,1版1次,64,56万,0.16,5,10,Ref002:53,单册：伍划,,Sic._Author_Core_3,古玩疑案/出版社：人民美术/改编：竺乾华/绘者：钟增亚崔德/83年6月1版1次64开/印数：56万定价：0.16元/市场交流价：/9品：5元/10品：10元,PaddlePaddle
东进 东进,东进 东进,,改编：王肇岐 绘画：候德剑,,,改编：王肇岐,王肇岐,改编,绘画：候德剑,候德剑,绘画,,,,,,,,,,,,,上海人民美术,上海人民美术,,上海,2,1980,1版1次,64,20万,0.2,20,60,Ref002:54,单册：伍划,,,东进 东进/出版社：上海人民美术/改编：王肇岐/绘画：候德剑/80年2月1版1次64开/印数：20万定价：0.20元/市场交流价：/9品：20元/10品：60元,PaddlePaddle
东海骨肉情,东海骨肉情,,改编：集体 绘画：集体,,,改编：集体,集体,改编,绘画：集体,集体,绘画,,,,,,,,,,,,,上海人民,上海人民,,上海,6,1976,1版1次,64,,0.09,10,20,Ref002:54,单册：伍划,,,东海骨肉情/出版社：上海人民/改编：集体/绘画：集体/76年6月1版1次64开/印数：未详定价：0.09元/市场交流价：/9品：10元/10品：20元,PaddlePaddle
东陵盗宝传奇,东陵盗宝传奇,,改编：石峰 绘画：王金泰,,,改编：石峰,石峰,改编,绘画：王金泰,王金泰,绘画,,,,,,,,,,,,,群众出版社,群众出版社,,北京,3,1985,1版1次,60,,0.5,15,30,Ref002:54,单册：伍划,,,东陵盗宝传奇/出版社：群众出版社/改编：石峰/绘画：王金泰/85年3月1版1次60开/印数：未详定价：0.50元/市场交流价：/9品：15元/10品：30元,PaddlePaddle
东陵大盗,东陵大盗,,改编：苏华 绘画：思涛韦海,,,改编：苏华,苏华,改编,绘画：思涛,思涛,绘画,绘画：韦海,韦海,绘画,,,,,,,,,,岭南美术,岭南美术,,广州,11,1985,1版1次,64,,0.38,10,20,Ref002:54,单册：伍划,,Sic._Author_Core_3,东陵大盗/出版社：岭南美术/改编：苏华/绘画：思涛韦 海/85年11月1版1次64开/印数：未详定价：0.38元/市场交流价：/9品：10元/10品：20元,PaddlePaddle
占领鹰峰山,占领鹰峰山,,编文：朱羽郭建守 绘画：黄永生陈敏逸,,,编文：朱羽郭建守,朱羽郭建守,编文,绘画：黄永生陈敏逸,黄永生陈敏逸,绘画,,,,,,,,,,,,,福建人民,福建人民,,福州,8,1978,1版1次,60,,0.14,15,30,Ref002:54,单册：伍划,,Sic._Author_Core_2,占领鹰峰山/出版社：福建人民/编文：朱羽郭建守/绘画：黄永生陈敏逸/78年8月1版1次60开/印数：未详0.14元/市场交流价：/9品：15元/10品：30元,PaddlePaddle
东方欲晓,东方欲晓,,改编：赵吉南 绘画：王重义等,,,改编：赵吉南,赵吉南,改编,绘画：王重义,王重义,绘画,绘画：等,等,绘画,,,,,,,,,,上海人民美术,上海人民美术,,上海,1,1984,1版1次,64,56.7万,0.2,15（二册）,20,Ref002:54,单册：伍划,,,东方欲晓/出版社：上海人民美术/改编：赵吉南/绘画：王重义等/84年1月1版1次64开/印数：56.7万定价：0.20元/市场交流价：/9品：15元（二册）/10品：20元,PaddlePaddle
东藏魔影（上下）,东藏魔影,（上下）,改编：李大发 绘画：孟喜元孟昕,,,改编：李大发,李大发,改编,绘画：孟喜元,孟喜元,绘画,绘画：孟昕,孟昕,绘画,,,,,,,,,,上海人民美术,上海人民美术,,上海,11,1990,1版1次,64,2.08万,2,15,25,Ref002:54,单册：伍划,,Sic._Author_Core_3,东藏魔影(上下)/出版社：上海人民美术/改编：李大发/绘画：孟喜元孟昕/90年11月1版1次64开/印数：2.08万 定价：2.00元/市场交流价：/9品：15元/10品：25元,PaddlePaddle
东方（上下）,东方,（上下）,改编：王文莹 绘者：费长富 绘画：等,,,改编：王文莹,王文莹,改编,绘者：费长富,费长富,绘者,绘画：等,等,绘画,,,,,,,,,,人民美术,人民美术,,,6,1982,1版1次,64,78万,0.34,20,30,Ref002:54,单册：伍划,,,东方（上下）/出版社：人民美术/改编：王文莹/绘者：费长富等/82年6月1版1次64开/印数：78万定价：0.34元/市场交流价：/9品：20元/10品：30元,PaddlePaddle
龙门暴动,龙门暴动,,改编：季一德 绘画：陈云华,,,改编：季一德,季一德,改编,绘画：陈云华,陈云华,绘画,,,,,,,,,,,,,上海人民美术,上海人民美术,,上海,9,1978,1版1次,64,,0.13,10,20,Ref002:55,单册：伍划,,,龙门暴动/出版社：上海人民美术/改编：季一德/绘画：陈云华/78年9月1版1次64开/印数：未详定价：0.13元/市场交流价：/9品：10元/10品：20元,PaddlePaddle
龙虎风云记,龙虎风云记,,改编：刘四成 绘画：许金国黄志民,,,改编：刘四成,刘四成,改编,绘画：许金国,许金国,绘画,绘画：黄志民,黄志民,绘画,,,,,,,,,,上海人民美术,上海人民美术,,上海,8,1982,1版1次,64,37万,0.19,10,20,Ref002:55,单册：伍划,,,龙虎风云记/出版社：上海人民美术/改编：刘四成/绘画：许金国黄志民/82年8月1版1次64开/印数：37万定价：0.19元/市场交流价：/9品：10元/10品：20元,PaddlePaddle
龙腾虎跃,龙腾虎跃,,改编：王榷 绘画：任兆祥,,,改编：王榷,王榷,改编,绘画：任兆祥,任兆祥,绘画,,,,,,,,,,,,,四川美术,四川美术,,成都,2,1985,1版1次,64,19.5万,0.3,8,15,Ref002:55,单册：伍划,,,龙腾虎跃/出版社：四川美术/改编：王榷/绘画：任兆祥/85年2月1版1次64开/印数：19.5万定价：0.30元/市场交流价：/9品：8元/10品：15元,PaddlePaddle
龙山游击队,龙山游击队,,改编：梅文 绘者：梁长林戴顺智,,,改编：梅文,梅文,改编,绘者：梁长林,梁长林,绘者,绘者：戴顺智,戴顺智,绘者,,,,,,,,,,人民美术,人民美术,,,2,1985,1版1次,64,31.5万,0.57,8,15,Ref002:55,单册：伍划,,,龙山游击队/出版社：人民美术/改编：梅文/绘者：梁长林、戴顺智/85年2月1版1次64开/印数：31.5万定价：0.57元/市场交流价：/9品：8元/10品：15元,PaddlePaddle
龙洞擒贼,龙洞擒贼,,改编：佚佚 绘画：蒋伟民,,,改编：佚佚,佚佚,改编,绘画：蒋伟民,蒋伟民,绘画,,,,,,,,,,,,,上海人民美术,上海人民美术,,上海,3,1985,1版1次,64,28.3万,0.26,5,10,Ref002:55,单册：伍划,,,龙洞擒贼/出版社：上海人民美术/改编：佚佚/绘画：蒋伟民/85年3月1版1次64开/印数：28.3万定价：0.26元/市场交流价：/9品：5元/10品：10元,PaddlePaddle
石门二柳,石门二柳,,改编：黑梅 绘画：潘小庆,,,改编：黑梅,黑梅,改编,绘画：潘小庆,潘小庆,绘画,,,,,,,,,,,,,江苏美术,江苏美术,,南京,10,1984,1版1次,64,12.4万,0.12,10,15,Ref002:55,单册：伍划,,,石门二柳/出版社：江苏美术/改编：黑梅/绘画：潘小庆/84年10月1版1次64开/印数：12.4万定价：0.12元/市场交流价：/9品：10元/10品：15元,PaddlePaddle
石头梦,石头梦,,改编：于秀溪 绘画：于大武,,,改编：于秀溪,于秀溪,改编,绘画：于大武,于大武,绘画,,,,,,,,,,,,,人民美术,人民美术,,,5,1981,1版1次,64,54.5万,0.11,8,15,Ref002:55,单册：伍划,,,石头梦/出版社：人民美术/改编：于秀溪/绘画：于大武/81年5月1版1次64开/印数：54.5万定价：0.11元/市场交流价：/9品：8元/10品：15元,PaddlePaddle
乌石将军,乌石将军,,改编：孙中晓 绘画：齐程翔,,,改编：孙中晓,孙中晓,改编,绘画：齐程翔,齐程翔,绘画,,,,,,,,,,,,,辽宁美术,辽宁美术,,沈阳,3,1985,1版1次,64,30.7万,0.41,8,15,Ref002:55,单册：伍划,,,乌石将军/出版社：辽宁美术/改编：孙中晓/绘画：齐程翔/85年3月1版1次64开/印数：30.7万定价：0.41元/市场交流价：/9品：8元/10品：15元,PaddlePaddle
四渡赤水,四渡赤水,,改编：集体 绘画：集体,,,改编：集体,集体,改编,绘画：集体,集体,绘画,,,,,,,,,,,,,人民美术,人民美术,,,2,1978,1版1次,64,100万,0.12,15,30,Ref002:56,单册：伍划,,,四渡赤水/出版社：人民美术/改编：集体/绘画：集体/78年2月1版1次64开/印数：100万定价：0.12元/市场交流价：/9品：15元/10品：30元,PaddlePaddle
四渡赤水,四渡赤水,,改编：王梦孺牛 绘画：钟开天,,,改编：王梦,王梦,改编,改编：孺牛,孺牛,改编,绘画：钟开天,钟开天,绘画,,,,,,,,,,湖南美术,湖南美术,,长沙,7,1984,1版1次,64,36.4万,0.26,8,15,Ref002:56,单册：伍划,,Sic._Author_Core_1,四渡赤水/出版社：湖南美术/改编：王梦孺牛/绘画：钟开天/84年7月1版1次64开/印数：36.4万定价：0.26元/市场交流价：/9品：8元/10品：15元,PaddlePaddle
四十八天歼灭战,四十八天歼灭战,,改编：威宏 绘画：吴绪经,,,改编：威宏,威宏,改编,绘画：吴绪经,吴绪经,绘画,,,,,,,,,,,,,安徽人民,安徽人民,,合肥,2,1984,1版1次,64,50万,0.12,5,10,Ref002:56,单册：伍划,,,四十八天歼灭战/出版社：安徽人民/改编：威宏/绘画：吴绪经/84年2月1版1次64开/印数：50万定价：0.12元/市场交流价：/9品：5元/10品：10元,PaddlePaddle
“四人帮”现形记,“四人帮”现形记,,改编：余勇等 绘画：余勇等,,,改编：余勇,余勇,改编,改编：等,等,改编,绘画：余勇,余勇,绘画,绘画：等,等,绘画,,,,,,,人民美术,人民美术,,,1,1978,1版1次,60,50万,0.1,40,120,Ref002:56,单册：伍划,,,“四人帮”现形记/出版社：人民美术/改编：余勇等/绘画：余勇等/78年1月1版1次60开/印数：50万定价：0.10元/市场交流价：/9品：40元/10品：120元,PaddlePaddle
白卷先生,白卷先生,,改编：吴其柔 绘画：苏正刚,,,改编：吴其柔,吴其柔,改编,绘画：苏正刚,苏正刚,绘画,,,,,,,,,,,,,上海人民美术,上海人民美术,,上海,3,1980,1版1次,64,10万,0.17,40,120,Ref002:56,单册：伍划,,,白卷先生/出版社：上海人民美术/改编：吴其柔/绘画：苏正刚/80年3月1版1次64开/印数：10万定价：0.17元/市场交流价：/9品：40元/10品：120元,PaddlePaddle
白毛女,白毛女,,改编：大鲁 绘画：华三川,,,改编：大鲁,大鲁,改编,绘画：华三川,华三川,绘画,,,,,,,,,,,,,上海人民美术,上海人民美术,,上海,2,1979,1版4次,60,67万,0.22,150,400,Ref002:56,单册：伍划,,,0/白毛女/出版社：上海人民美术/改编：大鲁/绘画：华三川/79年2月1版4次60开/印数：67万 定价：0.22元/市场交流价：/9品：150元/10品：400元,PaddlePaddle
白莲,白莲,,改编：陈梅鼎 绘画：曾晓浒,,,改编：陈梅鼎,陈梅鼎,改编,绘画：曾晓浒,曾晓浒,绘画,,,,,,,,,,,,,上海人民美术,上海人民美术,,上海,1,1984,1版1次,64,10万,0.16,5,10,Ref002:56,单册：伍划,,,白莲/出版社：上海人民美术/改编：陈梅鼎/绘画：曾晓浒/84年1月1版1次64开/印数：10万定价：0.16元/市场交流价：/9品：5元/10品：10元,PaddlePaddle
白梨屯的枪声,白梨屯的枪声,,改编：罗炳阳张承良 绘画：田民胜,,,改编：罗炳阳,罗炳阳,改编,改编：张承良,张承良,改编,绘画：田民胜,田民胜,绘画,,,,,,,,,,长江文艺,长江文艺,,武汉,9,1984,1版1次,64,34.5万,0.19,10,25,Ref002:56,单册：伍划,,,白梨屯的枪声/出版社：长江文艺/改编：罗炳阳张承良/绘画：田民胜/84年9月1版1次64开/印数：34.5万定价：0.19元/市场交流价：/9品：10元/10品：25元,PaddlePaddle
北斗,北斗,,改编：徐礼娴 绘画：张惠斌,,,改编：徐礼娴,徐礼娴,改编,绘画：张惠斌,张惠斌,绘画,,,,,,,,,,,,,辽宁美术,辽宁美术,,沈阳,2,1983,1版2次,64,61.4万,0.24,8,15,Ref002:57,单册：伍划,,,北斗/出版社：辽宁美术/改编：徐礼娴/绘画：张惠斌/83年2月1版2次64开/印数：61.4万 定价：0.24元/市场交流价：/9品：8元/10品：15元,PaddlePaddle
北上,北上,,改编：李育柏 绘画：沈尧伊,,,改编：李育柏,李育柏,改编,绘画：沈尧伊,沈尧伊,绘画,,,,,,,,,,,,,吉林人民,吉林人民,,长春,1,1983,1版1次,64,11万,0.25,15,35,Ref002:57,单册：伍划,,,北上/出版社：吉林人民/改编：李育柏/绘画：沈尧伊/83年1月1版1次64开/印数：11万定价：0.25元/市场交流价：/9品：15元/10品：35元,PaddlePaddle
叶秋红（上）,叶秋红,（上）,改编：刘钧 绘画：悦朋成林,,,改编：刘钧,刘钧,改编,绘画：悦朋,悦朋,绘画,绘画：成林,成林,绘画,,,,,,,,,,吉林人民,吉林人民,,长春,8,1982,1版1次,64,47.9万,0.2,,,Ref002:57,单册：伍划,,Sic._Author_Core_3,叶秋红(上)/出版社：吉林人民/改编：刘钧/绘画：悦朋成林/82年8月1版1次64开/印数：47.9万定价：0.20元,PaddlePaddle
叶秋红（下）,叶秋红,（下）,改编：刘钧 绘画：悦朋成林,,,改编：刘钧,刘钧,改编,绘画：悦朋,悦朋,绘画,绘画：成林,成林,绘画,,,,,,,,,,吉林人民,吉林人民,,长春,8,1982,1版1次,64,47.9万,0.2,35（全套）,55,Ref002:57,单册：伍划,,Sic._Author_Core_3,叶秋红(下)/出版社：吉林人民/改编：刘钧/绘画：悦朋成林/82年8月1版1次64开/印数：47.9万定价：0.20元/市场交流价：/9品：35元（全套）/10品：55元,PaddlePaddle
平津决战,平津决战,,改编：张盛良 绘画：王师颉,,,改编：张盛良,张盛良,改编,绘画：王师颉,王师颉,绘画,,,,,,,,,,,,,湖南美术,湖南美术,,长沙,6,1984,1版1次,64,68.2万,0.22,8,15,Ref002:57,单册：伍划,,,平津决战/出版社：湖南美术/改编：张盛良/绘画：王师颉/84年6月1版1次64开/印数：68.2万 定价：0.22元/市场交流价：/9品：8元/10品：15元,PaddlePaddle
巧攻葛家堡,巧攻葛家堡,,改编：梅德生 绘画：盛亮贤,,,改编：梅德生,梅德生,改编,绘画：盛亮贤,盛亮贤,绘画,,,,,,,,,,,,,上海人民美术,上海人民美术,,上海,7,1982,1版2次,64,125万,0.13,15,30,Ref002:57,单册：伍划,,,巧攻葛家堡/出版社：上海人民美术/改编：梅德生/绘画：盛亮贤/82年7月1版2次64开/印数：125万定价：0.13元/市场交流价：/9品：15元/10品：30元,PaddlePaddle
布达拉宫的枪声,布达拉宫的枪声,,改编：岑歌 绘画：候德剑袁峰,,,改编：岑歌,岑歌,改编,绘画：候德剑,候德剑,绘画,绘画：袁峰,袁峰,绘画,,,,,,,,,,江苏少年儿童,江苏少年儿童,,南京,12,1985,1版1次,64,7.7万,0.36,10,20,Ref002:57,单册：伍划,,,布达拉宫的枪声/出版社：江苏少年儿童/改编：岑歌/绘画：候德剑袁峰/85年12月1版1次64开/印数：7.7万定价：0.36元/市场交流价：/9品：10元/10品：20元,PaddlePaddle
归心似箭,归心似箭,,改编：甄曾 绘画：李俊琪,,,改编：甄曾,甄曾,改编,绘画：李俊琪,李俊琪,绘画,,,,,,,,,,,,,辽宁美术,辽宁美术,,沈阳,9,1981,1版1次,64,39.8万,0.25,15,25,Ref002:57,单册：伍划,,,归心似箭/出版社：辽宁美术/改编：甄曾/绘画：李俊琪/81年9月1版1次64开/印数：39.8万定价：0.25元/市场交流价：/9品：15元/10品：25元,PaddlePaddle
生死场,生死场,,改编：赵欣野 绘者：阴衍江,,,改编：赵欣野,赵欣野,改编,绘者：阴衍江,阴衍江,绘者,,,,,,,,,,,,,黑龙江美术,黑龙江美术,,哈尔滨,1,1985,1版1次,64,12.7万,0.24,20,40,Ref002:58,单册：伍划,,,生死场/出版社：黑龙江美术/改编：赵欣野/绘者：阴衍江/85年1月1版1次64开/印数：12.7万定价：0.24元/市场交流价：/9品：20元/10品：40元,PaddlePaddle
白眉王传奇,白眉王传奇,,改编：卞福顺 绘画：赵奇,,,改编：卞福顺,卞福顺,改编,绘画：赵奇,赵奇,绘画,,,,,,,,,,,,,辽宁美术,辽宁美术,,沈阳,9,1985,1版1次,64,14.4万,0.47,8,15,Ref002:58,单册：伍划,,,白眉王传奇/出版社：辽宁美术/改编：卞福顺/绘画：赵奇/85年9月1版1次64开/印数：14.4万定价：0.47元/市场交流价：/9品：8元/10品：15元,PaddlePaddle
对子先生,对子先生,,改编：槐山 绘画：张文忠,,,改编：槐山,槐山,改编,绘画：张文忠,张文忠,绘画,,,,,,,,,,,,,四川人民,四川人民,,成都,12,1984,1版1次,64,7万,0.12,15,25,Ref002:58,单册：伍划,,,对子先生/出版社：四川人民/改编：槐山/绘画：张文忠/84年12月1版1次64开/印数：7万定价：0.12元/市场交流价：/9品：15元/10品：25元,PaddlePaddle
印佗罗的秘密,印佗罗的秘密,,改编：王亚法 绘画：潘鸿海,,,改编：王亚法,王亚法,改编,绘画：潘鸿海,潘鸿海,绘画,,,,,,,,,,,,,少年儿童,少年儿童,,上海,9,1983,1版1次,64,28.2万,0.14,5,10,Ref002:58,单册：伍划,,,印佗罗的秘密/出版社：少年儿童/改编：王亚法/绘画：潘鸿海/83年9月1版1次64开/印数：28.2万 定价：0.14元/市场交流价：/9品：5元/10品：10元,PaddlePaddle
失去影子的人,失去影子的人,,改编：袁烈州 绘画：顾盼潘鸿海,,,改编：袁烈州,袁烈州,改编,绘画：顾盼,顾盼,绘画,绘画：潘鸿海,潘鸿海,绘画,,,,,,,,,,江苏人民,江苏人民,,南京,1,1981,1版1次,64,13万,0.12,5,15,Ref002:58,单册：伍划,,,失去影子的人/出版社：江苏人民/改编：袁烈州/绘画：顾盼潘鸿海/81年1月1版1次64开/印数：13万定价：0.12元/市场交流价：/9品：5元/10品：15元,PaddlePaddle
失踪的女人,失踪的女人,,改编：冷冰川 绘者：冷冰川,,,改编：冷冰川,冷冰川,改编,绘者：冷冰川,冷冰川,绘者,,,,,,,,,,,,,中国连环画,中国连环画,,北京,11,1985,1版1次,64,5.8万,0.23,8,15,Ref002:58,单册：伍划,,,失踪的女人/出版社：中国连环画/改编：冷冰川/绘者：冷冰川/85年11月1版1次64开/印数：5.8万定价：0.23元/市场交流价：/9品：8元/10品：15元,PaddlePaddle
白奴,白奴,,改编：戴晓权 绘画：雨中肖力等,,,改编：戴晓权,戴晓权,改编,绘画：雨中肖力,雨中肖力,绘画,绘画：等,等,绘画,,,,,,,,,,江苏美术,江苏美术,,南京,6,1984,1版1次,64,13万,0.28,10,20,Ref002:58,单册：伍划,,Sic._Author_Core_2,白奴/出版社：江苏美术/改编：戴晓权/绘画：雨中肖力等/84年6月1版1次64开/印数：13万定价：0.28元/市场交流价：/9品：10元/10品：20元,PaddlePaddle
白雪公主,白雪公主,,改编：徐礼娴 绘画：徐锡林,,,改编：徐礼娴,徐礼娴,改编,绘画：徐锡林,徐锡林,绘画,,,,,,,,,,,,,天津人民美术,天津人民美术,,天津,11,1981,1版1次,64,27.6万,0.11,20,40,Ref002:58,单册：伍划,,,白雪公主/出版社：天津人民美术/改编：徐礼娴/绘画：徐锡林/81年11月1版1次64开/印数：27.6万定价：0.11元/市场交流价：/9品：20元/10品：40元,PaddlePaddle
古奥运会传奇,古奥运会传奇,,改编：史策 绘画：雷德祖,,,改编：史策,史策,改编,绘画：雷德祖,雷德祖,绘画,,,,,,,,,,,,,重庆,重庆,,重庆,12,1984,1版1次,64,14.8万,0.33,20,50,Ref002:59,单册：伍划,,,古奥运会传奇/出版社：重庆/改编：史策/绘画：雷德祖/84年12月1版1次64开/印数：14.8万定价：0.33元/市场交流价：/9品：20元/10品：50元,PaddlePaddle
古奥运会传奇（上）,古奥运会传奇,（上）,改编：燕夫 绘画：徐刚等,,,改编：燕夫,燕夫,改编,绘画：徐刚,徐刚,绘画,绘画：等,等,绘画,,,,,,,,,,广西人民,广西人民,,南宁,8,1984,1版1次,64,31.7万,0.16,,,Ref002:59,单册：伍划,,,古奥运会传奇(上)/出版社：广西人民/改编：燕夫/绘画：徐刚等/84年8月1版1次64开/印数：31.7万定价：0.16元,PaddlePaddle
古奥运会传奇（下）,古奥运会传奇,（下）,改编：燕夫 绘画：苏里等,,,改编：燕夫,燕夫,改编,绘画：苏里,苏里,绘画,绘画：等,等,绘画,,,,,,,,,,广西人民,广西人民,,南宁,8,1984,1版1次,64,31.7万,0.17,25（全套）,40,Ref002:59,单册：伍划,,,古奥运会传奇(下)/出版社：广西人民/改编：燕夫/绘画：苏里等/84年8月1版1次64开/印数：31.7万定价：0.17元/市场交流价：/9品：25元（全套）/10品：40元,PaddlePaddle
古堡的秘密,古堡的秘密,,改编：晨光 绘画：胡博综朱成梁,,,改编：晨光,晨光,改编,绘画：胡博综,胡博综,绘画,绘画：朱成梁,朱成梁,绘画,,,,,,,,,,少年儿童,少年儿童,,上海,12,1982,1版1次,64,22万,0.17,5,15,Ref002:59,单册：伍划,,,古堡的秘密/出版社：少年儿童/改编：晨光/绘画：胡博综 朱成梁/82年12月1版1次64开/印数：22万定价：0.17元/市场交流价：/9品：5元/10品：15元,PaddlePaddle
古堡,古堡,,改编：王宁 绘画：汪晓曙,,,改编：王宁,王宁,改编,绘画：汪晓曙,汪晓曙,绘画,,,,,,,,,,,,,人民美术,人民美术,,,3,1982,1版1次,64,46万,0.13,20,40,Ref002:59,单册：伍划,,,古堡/出版社：人民美术/改编：王宁/绘画：汪晓曙/82年3月1版1次64开/印数：46万定价：0.13元/市场交流价：/9品：20元/10品：40元,PaddlePaddle
外国科学家（一）,外国科学家,（一）,改编：松鹰 绘画：周长江等,,,改编：松鹰,松鹰,改编,绘画：周长江,周长江,绘画,绘画：等,等,绘画,,,,,,,,,,上海人民美术,上海人民美术,,上海,7,1980,1版1次,64,30万,0.17,5,15,Ref002:59,单册：伍划,,,外国科学家（一）/出版社：上海人民美术/改编：松鹰/绘画：周长江等/80年7月1版1次64开/印数：30万定价：0.17元/市场交流价：/9品：5元/10品：15元,PaddlePaddle
外国科学家（二）,外国科学家,（二）,改编：张庆麟 绘画：钱自成等,,,改编：张庆麟,张庆麟,改编,绘画：钱自成,钱自成,绘画,绘画：等,等,绘画,,,,,,,,,,上海人民美术,上海人民美术,,上海,4,1981,1版1次,64,25.5万,0.17,10,20,Ref002:59,单册：伍划,,,外国科学家（二）/出版社：上海人民美术/改编：张庆麟/绘画：钱自成等/81年4月1版1次64开/印数：25.5万定价：0.17元/市场交流价：/9品：10元/10品：20元,PaddlePaddle
古隧道的秘密,古隧道的秘密,,改编：陈新 绘画：梁启德,,,改编：陈新,陈新,改编,绘画：梁启德,梁启德,绘画,,,,,,,,,,,,,少年儿童,少年儿童,,上海,9,1983,1版1次,64,27万,0.14,8,15,Ref002:59,单册：伍划,,,古隧道的秘密/出版社：少年儿童/改编：陈新/绘画：梁启德/83年9月1版1次64开/印数：27万定价：0.14元/市场交流价：/9品：8元/10品：15元,PaddlePaddle
出卖心的人,出卖心的人,,改编：董耀根 绘画：陆元林,,,改编：董耀根,董耀根,改编,绘画：陆元林,陆元林,绘画,,,,,,,,,,,,,上海人民美术,上海人民美术,,上海,10,1984,1版1次,64,18.3万,0.13,5,10,Ref002:60,单册：伍划,,,出卖心的人/出版社：上海人民美术/改编：董耀根/绘画：陆元林/84年10月1版1次64开/印数：18.3万定价：0.13元/市场交流价：/9品：5元/10品：10元,PaddlePaddle
他还在战斗,他还在战斗,,改编：李遵义 绘画：姚洪斌,,,改编：李遵义,李遵义,改编,绘画：姚洪斌,姚洪斌,绘画,,,,,,,,,,,,,吉林人民,吉林人民,,长春,2,1979,1版1次,64,8万,0.07,8,15,Ref002:60,单册：伍划,,,他还在战斗/出版社：吉林人民/改编：李遵义/绘画：姚洪斌/79年2月1版1次64开/印数：8万定价：0.07元/市场交流价：/9品：8元/10品：15元,PaddlePaddle
达曼戈,达曼戈,,改编：丁国联 绘画：周长江,,,改编：丁国联,丁国联,改编,绘画：周长江,周长江,绘画,,,,,,,,,,,,,上海人民美术,上海人民美术,,上海,10,1983,1版1次,64,19.9万,0.16,5,10,Ref002:60,单册：伍划,,,达曼戈/出版社：上海人民美术/改编：丁国联/绘画：周长江/83年10月1版1次64开/印数：19.9万定价：0.16元/市场交流价：/9品：5元/10品：10元,PaddlePaddle
宏碧缘（上下）,宏碧缘,（上下）,改编：卞福川 绘画：盛鹤年,,,改编：卞福川,卞福川,改编,绘画：盛鹤年,盛鹤年,绘画,,,,,,,,,,,,,辽宁美术,辽宁美术,,沈阳,10,1985,1版1次,64,12.4万,0.56,20,35,Ref002:60,单册：陆划,,,宏碧缘(上下)/出版社：辽宁美术/改编：卞福川/绘画：盛鹤年/85年10月1版1次64开/印数：12.4万定价：0.56元/市场交流价：/9品：20元/10品：35元,PaddlePaddle
红樓梦故事,红樓梦故事,,改编：吴其柔 绘画：戴敦邦,,,改编：吴其柔,吴其柔,改编,绘画：戴敦邦,戴敦邦,绘画,,,,,,,,,,,,,人民美术,人民美术,,,8,1985,1版2次,60,7万,0.74,70,150,Ref002:60,单册：陆划,,,出版社：人民美术/改编：吴其柔/绘画：戴敦邦/85年8月1版2次60开/印数：7万定价：0.74元/市场交流价：/9品：70元/10品：150元,PaddlePaddle
红娘子,红娘子,,改编：杨永青 绘画：杨永青,,,改编：杨永青,杨永青,改编,绘画：杨永青,杨永青,绘画,,,,,,,,,,,,,人民美术,人民美术,,,4,1979,1版1次,64,146万,0.16,30,50,Ref002:60,单册：陆划,,,红娘子/出版社：人民美术/改编：杨永青/绘画：杨永青/79年4月1版1次64开/印数：146万定价：0.16元/市场交流价：/9品：30元/10品：50元,PaddlePaddle
红玉,红玉,,改编：王瑞芳 绘画：郑家声,,,改编：王瑞芳,王瑞芳,改编,绘画：郑家声,郑家声,绘画,,,,,,,,,,,,,上海人民美术,上海人民美术,,上海,8,1980,1版1次,64,100万,0.08,10,15,Ref002:60,单册：陆划,,,红玉/D/出版社：上海人民美术/改编：王瑞芳/绘画：郑家声/80年8月1版1次64开/印数：100万定价：0.08元/市场交流价：/9品：10元/10品：15元,PaddlePaddle
那拉氏,那拉氏,,编文：杨新 绘画：敦邦等,,,编文：杨新,杨新,编文,绘画：敦邦,敦邦,绘画,绘画：等,等,绘画,,,,,,,,,,人民美术,人民美术,,,3,1978,1版1次,60,120万,0.14,30,100,Ref002:60,单册：陆划,,,那拉氏/出版社：人民美术/编文：杨新/绘画：敦邦等/78年3月1版1次60开/印数：120万定价：0.14元/市场交流价：/9品：30元/10品：100元,PaddlePaddle
红灯女儿,红灯女儿,,改编：惠伊深刘铁澂等 绘画：董凤章,,,改编：惠伊深,惠伊深,改编,改编：刘铁澂,刘铁澂,改编,改编：等,等,改编,绘画：董凤章,董凤章,绘画,,,,,,,天津人民美术,天津人民美术,,天津,7,1975,1版1次,64,,0.11,20,35,Ref002:61,单册：陆划,,,红灯女儿/出版社：天津人民美术/改编：惠伊深刘铁激等/绘画：董凤章/75年7月1版1次64开/印数：未详定价：0.11元/市场交流价：/9品：20元/10品：35元,PaddlePaddle
红灯照,红灯照,,改编：杨霜 绘画：丁世弼,,,改编：杨霜,杨霜,改编,绘画：丁世弼,丁世弼,绘画,,,,,,,,,,,,,江西人民美术,江西人民美术,,,10,1978,1版1次,64,30万,0.17,25,50,Ref002:61,单册：陆划,,,红灯照/出版社：江西人民美术/改编：杨霜/绘画：丁世弼/78年10月1版1次64开/印数：30万定价：0.17元/市场交流价：/9品：25元/10品：50元,PaddlePaddle
红灯照,红灯照,,改编：戴晓权 绘画：郭红雁,,,改编：戴晓权,戴晓权,改编,绘画：郭红雁,郭红雁,绘画,,,,,,,,,,,,,江苏人民,江苏人民,,南京,9,1979,1版1次,64,20万,0.16,20,40,Ref002:61,单册：陆划,,,红灯照/出版社：江苏人民/改编：戴晓权/绘画：郭红雁/79年9月1版1次64开/印数：20万定价：0.16元/市场交流价：/9品：20元/10品：40元,PaddlePaddle
红灯照,红灯照,,改编：吴禾农 绘画：周申,,,改编：吴禾农,吴禾农,改编,绘画：周申,周申,绘画,,,,,,,,,,,,,上海人民美术,上海人民美术,,上海,9,1980,1版1次,64,45万,0.22,30,70,Ref002:61,单册：陆划,,,红灯照/出版社：上海人民美术/改编：吴禾农/绘画：周申/80年9月1版1次64开/印数：45万定价：0.22元/市场交流价：/9品：30元/10品：70元,PaddlePaddle
红灯照,红灯照,,改编：王育生 绘画：何宁崔君沛等,,,改编：王育生,王育生,改编,绘画：何宁,何宁,绘画,绘画：崔君沛,崔君沛,绘画,绘画：等,等,绘画,,,,,,,人民美术,人民美术,,,9,1979,1版1次,64,150万,0.17,20,50,Ref002:61,单册：陆划,,,红灯照/出版社：人民美术/改编：王育生/绘画：何宁崔君沛等/79年9月1版1次64开/印数：150万定价：0.17元/市场交流价：/9品：20元/10品：50元,PaddlePaddle
红灯照,红灯照,,改编：海滨 绘画：李钟录王立贤,,,改编：海滨,海滨,改编,绘画：李钟录,李钟录,绘画,绘画：王立贤,王立贤,绘画,,,,,,,,,,辽宁美术,辽宁美术,,沈阳,8,1981,1版1次,64,20万,0.19,15,30,Ref002:61,单册：陆划,,,红灯照/出版社：辽宁美术/改编：海滨/绘画：李钟录王立贤/81年8月1版1次64开/印数：20万定价：0.19元/市场交流价：/9品：15元/10品：30元,PaddlePaddle
红灯照,红灯照,,编文：乔迈 绘画：温国良,,,编文：乔迈,乔迈,编文,绘画：温国良,温国良,绘画,,,,,,,,,,,,,吉林人民,吉林人民,,长春,1,1980,1版1次,64,70万,0.19,30,60,Ref002:61,单册：陆划,,,红灯照/出版社：吉林人民/编文：乔迈/绘画：温国良/80年1月1版1次64开/印数：70万定价：0.19元/市场交流价：/9品：30元/10品：60元,PaddlePaddle
名将之死,名将之死,,改编：元人 绘画：苏维贤,,,改编：元人,元人,改编,绘画：苏维贤,苏维贤,绘画,,,,,,,,,,,,,岭南美术,岭南美术,,广州,7,1988,1版1次,64,,0.43,15,30,Ref002:61,单册：陆划,,,名将之死/出版社：岭南美术/改编：元人/绘画：苏维贤/88年7月1版1次64开/印数：未详定价：0.43元/市场交流价：/9品：15元/10品：30元,PaddlePaddle
刘邦,刘邦,,改编：诸福章 绘画：樊玉民,,,改编：诸福章,诸福章,改编,绘画：樊玉民,樊玉民,绘画,,,,,,,,,,,,,陕西人民美术,陕西人民美术,,西安,9,1982,1版1次,64,26.5万,0.19,10,20,Ref002:62,单册：陆划,,,刘邦/出版社：陕西人民美术/改编：诸福章/绘画：樊玉民/82年9月1版1次64开/印数：26.5万定价：0.19元/市场交流价：/9品：10元/10品：20元,PaddlePaddle
刘三姐,刘三姐,,改编：马定忠 绘画：杨全生,,,改编：马定忠,马定忠,改编,绘画：杨全生,杨全生,绘画,,,,,,,,,,,,,天津人民美术,天津人民美术,,天津,3,1982,1版1次,64,50.2万,0.17,25,60,Ref002:62,单册：陆划,,,刘三姐/出版社：天津人民美术/改编：马定忠/绘画：杨全生/82年3月1版1次64开/印数：50.2万定价：0.17元/市场交流价：/9品：25元/10品：60元,PaddlePaddle
刘海砍樵,刘海砍樵,,改编：陈大兴 绘画：陈白一陈明大,,,改编：陈大兴,陈大兴,改编,绘画：陈白一,陈白一,绘画,绘画：陈明大,陈明大,绘画,,,,,,,,,,湖南少年儿童,湖南少年儿童,,长沙,5,1984,1版1次,64,15.5万,0.2,25,60,Ref002:62,单册：陆划,,,刘海砍樵/出版社：湖南少年儿童/改编：陈大兴/绘画：陈白一陈明大/84年5月1版1次64开/印数：15.5万定价：0.20元/市场交流价：/9品：25元/10品：60元,PaddlePaddle
李世民登基,李世民登基,,改编：李震川 绘画：晓飞晓霞,,,改编：李震川,李震川,改编,绘画：晓飞,晓飞,绘画,绘画：晓霞,晓霞,绘画,,,,,,,,,,河北美术,河北美术,,石家庄,10,1984,1版1次,64,23.7万,0.23,8,15,Ref002:62,单册：陆划,,,李世民登基/出版社：河北美术/改编：李震川/绘画：晓飞晓霞/84年10月1版1次64开/印数：23.7万定价：0.23元/市场交流价：/9品：8元/10品：15元,PaddlePaddle
乔老爷上轿,乔老爷上轿,,改编：丁国联 绘画：夏书玉,,,改编：丁国联,丁国联,改编,绘画：夏书玉,夏书玉,绘画,,,,,,,,,,,,,上海人民美术,上海人民美术,,上海,4,1979,1版1次,64,50万,0.13,25,50,Ref002:62,单册：陆划,,,乔老爷上轿/出版社：上海人民美术/改编：丁国联/绘画：夏书玉/79年4月1版1次64开/印数：50万定价：0.13元/市场交流价：/9品：25元/10品：50元,PaddlePaddle
李慧娘,李慧娘,,改编：王肇岐 绘画：徐恒瑜,,,改编：王肇岐,王肇岐,改编,绘画：徐恒瑜,徐恒瑜,绘画,,,,,,,,,,,,,上海人民美术,上海人民美术,,上海,10,1982,1版1次,64,25万,0.13,30,80,Ref002:62,单册：陆划,,,李慧娘/出版社：上海人民美术/改编：王肇岐/绘画：徐恒瑜/82年10月1版1次64开/印数：25万定价：0.13元/市场交流价：/9品：30元/10品：80元,PaddlePaddle
李清照,李清照,,改编：金文明 绘画：胡永凯,,,改编：金文明,金文明,改编,绘画：胡永凯,胡永凯,绘画,,,,,,,,,,,,,上海人民美术,上海人民美术,,上海,8,1982,1版1次,64,21万,0.16,8,15,Ref002:62,单册：陆划,,,李清照/出版社：上海人民美术/改编：金文明/绘画：胡永凯/82年8月1版1次64开/印数：21万定价：0.16元/市场交流价：/9品：8元/10品：15元,PaddlePaddle
后会有期,后会有期,,改编：林翎 绘画：黄冠余,,,改编：林翎,林翎,改编,绘画：黄冠余,黄冠余,绘画,,,,,,,,,,,,,人民音乐,人民音乐,,北京,4,1983,1版1次,64,25.503万,0.13,8,15,Ref002:62,单册：陆划,,,后会有期/出版社：人民音乐/改编：林翎/绘画：黄冠余/83年4月1版1次64开/印数：25.503万定价：0.13元/市场交流价：/9品：8元/10品：15元,PaddlePaddle
西瓜炮,西瓜炮,,改编：王金中 绘画：董风章,,,改编：王金中,王金中,改编,绘画：董风章,董风章,绘画,,,,,,,,,,,,,天津人民美术,天津人民美术,,天津,5,1979,1版1次,64,35万,0.09,20,40,Ref002:63,单册：陆划,,,西瓜炮/出版社：天津人民美术/改编：王金中/绘画：董风章/79年5月1版1次64开/印数：35万定价：0.09元/市场交流价：/9品：20元/10品：40元,PaddlePaddle
纸上谈兵,纸上谈兵,,改编：鱼翔 绘画：马忠群李林祥等,,,改编：鱼翔,鱼翔,改编,绘画：马忠群,马忠群,绘画,绘画：李林祥,李林祥,绘画,绘画：等,等,绘画,,,,,,,辽宁美术,辽宁美术,,沈阳,8,1981,1版1次,64,23万,0.21,12,25,Ref002:63,单册：陆划,,,纸上谈兵/出版社：辽宁美术/改编：鱼翔/绘画：马忠群李林祥等/81年8月1版1次64开/印数：23万定价：0.21元/市场交流价：/9品：12元/10品：25元,PaddlePaddle
灯花,灯花,,改编：谢树森 绘画：高云高云慧,,,改编：谢树森,谢树森,改编,绘画：高云,高云,绘画,绘画：高云慧,高云慧,绘画,,,,,,,,,,江苏人民,江苏人民,,南京,4,1981,1版1次,64,20万,0.09,10,20,Ref002:63,单册：陆划,,,灯花/出版社：江苏人民/改编：谢树森/绘画：高云高云慧/81年4月1版1次64开/印数：20万定价：0.09元/市场交流价：/9品：10元/10品：20元,PaddlePaddle
孙悟空大战三妖,孙悟空大战三妖,,改编：于越 绘画：李德庆,,,改编：于越,于越,改编,绘画：李德庆,李德庆,绘画,,,,,,,,,,,,,辽宁美术,辽宁美术,,沈阳,4,1982,1版1次,64,55.1万,0.23,10,20,Ref002:63,单册：陆划,,,孙悟空大战三妖/出版社：辽宁美术/改编：于越/绘画：李德庆/82年4月1版1次64开/印数：55.1万定价：0.23元/市场交流价：/9品：10元/10品：20元,PaddlePaddle
华佗与曹操,华佗与曹操,,改编：李新娟 绘画：费声福,,,改编：李新娟,李新娟,改编,绘画：费声福,费声福,绘画,,,,,,,,,,,,,河北美术,河北美术,,石家庄,6,1985,1版1次,64,6.2万,0.37,20,40,Ref002:63,单册：陆划,,,华佗与曹操/出版社：河北美术/改编：李新娟/绘画：费声福/85年6月1版1次64开/印数：6.2万定价：0.37元/市场交流价：/9品：20元/10品：40元,PaddlePaddle
关汉卿,关汉卿,,改编：蓝光 绘画：剑忠照耀,,,改编：蓝光,蓝光,改编,绘画：剑忠,剑忠,绘画,绘画：照耀,照耀,绘画,,,,,,,,,,人民美术,人民美术,,,12,1984,1版1次,64,,0.2,15,30,Ref002:63,单册：陆划,,"Sic._Author_Core_2, Author_Core_3",关汉卿/出版社：人民美术/改编：蓝光/绘画：剑忠照耀/84年12月1版1次64开/印数：未详定价：0.20元/市场交流价：/9品：15元/10品：30元,PaddlePaddle
关汉卿,关汉卿,,改编：陈大海 绘画：卢延光,,,改编：陈大海,陈大海,改编,绘画：卢延光,卢延光,绘画,,,,,,,,,,,,,岭南美术,岭南美术,,广州,2,1981,1版1次,64,,0.2,15,25,Ref002:63,单册：陆划,,,关汉卿/出版社：岭南美术/改编：陈大海/绘画：卢延光/81年2月1版1次64开/印数：未详定价：0.20元/市场交流价：/9品：15元/10品：25元,PaddlePaddle
关汉卿,关汉卿,,改编：曲水低 绘画：王靖洲,,,改编：曲水低,曲水低,改编,绘画：王靖洲,王靖洲,绘画,,,,,,,,,,,,,人民美术,人民美术,,,10,1982,2版4次,64,28万,0.15,60,110,Ref002:63,单册：陆划,,,关汉卿/出版社：人民美术/改编：曲水低/绘画：王靖洲/82年10月2版4次64开/印数：28万定价：0.15元/市场交流价：/9品：60元/10品：110元,PaddlePaddle
死城的传说,死城的传说,,改编：刘兴诗 绘画：叶毓中,,,改编：刘兴诗,刘兴诗,改编,绘画：叶毓中,叶毓中,绘画,,,,,,,,,,,,,湖南美术,湖南美术,,长沙,4,1985,1版1次,64,17.6万,0.18,10,20,Ref002:64,单册：陆划,,,死城的传说/出版社：湖南美术/改编：刘兴诗/绘画：叶毓中/85年4月1版1次64开/印数：17.6万 定价：0.18元/市场交流价：/9品：10元/10品：20元,PaddlePaddle
红石口,红石口,,改编：集体 绘画：集体,,,改编：集体,集体,改编,绘画：集体,集体,绘画,,,,,,,,,,,,,北京人民,北京人民,,北京,8,1977,1版1次,60,,0.22,30,50,Ref002:64,单册：陆划,,,红石口/出版社：北京人民/改编：集体/绘画：集体/77年8月1版1次60开/印数：未详定价：0.22元/市场交流价：/9品：30元/10品：50元,PaddlePaddle
红石口（上下）,红石口,（上下）,改编：李晨声 绘画：赵宝林关景宇,,,改编：李晨声,李晨声,改编,绘画：赵宝林,赵宝林,绘画,绘画：关景宇,关景宇,绘画,,,,,,,,,,天津人民美术,天津人民美术,,天津,7,1976,1版1次,64,,0.15,20,30,Ref002:64,单册：陆划,,,红石口(上下)/出版社：天津人民美术/改编：李晨声/绘画：赵宝林关景宇/76年7月1版1次64开/印数：未详定价：0.15元/市场交流价：/9品：20元/10品：30元,PaddlePaddle
列车上的战斗,列车上的战斗,,改编：集体 绘画：集体,,,改编：集体,集体,改编,绘画：集体,集体,绘画,,,,,,,,,,,,,四川人民,四川人民,,成都,12,1973,1版1次,60,,0.14,30,60,Ref002:64,单册：陆划,,,列车上的战斗/出版社：四川人民/改编：集体/绘画：集体/73年12月1版1次60开/印数：未详定价：0.14元/市场交流价：/9品：30元/10品：60元,PaddlePaddle
红山岛,红山岛,,改编：宁军 绘画：集体,,,改编：宁军,宁军,改编,绘画：集体,集体,绘画,,,,,,,,,,,,,上海人民,上海人民,,上海,5,1972,1版1次,60,,0.11,35,100,Ref002:64,单册：陆划,《红山岛》上海人民版封面与出版革命组版本不同，且少见。,,红山岛/出版社：上海人民/改编：宁军/绘画：集体/72年5月1版1次60开/印数：未详定价：0.11元/市场交流价：/9品：35元/10品：100元,PaddlePaddle
红山岛,红山岛,,改编：宁军 绘画：集体,,,改编：宁军,宁军,改编,绘画：集体,集体,绘画,,,,,,,,,,,,,上海市出版革命组,上海市出版革命组,,上海,8,1970,1版1次,60,,0.11,25,80,Ref002:64,单册：陆划,,,红山岛/出版社：上海市出版革命组/改编：宁军/绘画：集体/70年8月1版1次60开/印数：未详定价：0.11元/市场交流价：/9品：25元/10品：80元,PaddlePaddle
红太阳照亮了西房身,红太阳照亮了西房身,,改编：集体 绘画：集体,,,改编：集体,集体,改编,绘画：集体,集体,绘画,,,,,,,,,,,,,辽宁人民,辽宁人民,,沈阳,9,1972,1版1次,60,,0.14,35,120,Ref002:64,单册：陆划,,,红太阳照亮了西房身/出版社：辽宁人民/改编：集体/绘画：集体/72年9月1版1次60开/印数：未详定价：0.14元/市场交流价：/9品：35元/10品：120元,PaddlePaddle
红色线路,红色线路,,改编：集体 绘画：集体,,,改编：集体,集体,改编,绘画：集体,集体,绘画,,,,,,,,,,,,,上海人民,上海人民,,上海,7,1971,1版2次,60,,0.09,40,120,Ref002:64,单册：陆划,,,红色线路/出版社：上海人民/改编：集体/绘画：集体/71年7月1版2次60开/印数：未详定价：0.09元/市场交流价：/9品：40元/10品：120元,PaddlePaddle
红枫岭,红枫岭,,改编：夏风 绘画：解永钧,,,改编：夏风,夏风,改编,绘画：解永钧,解永钧,绘画,,,,,,,,,,,,,河北人民,河北人民,,石家庄,5,1976,1版1次,64,50万,0.14,10,20,Ref002:65,单册：陆划,,,红枫岭/出版社：河北人民/改编：夏风/绘画：解永钧/76年5月1版1次64开/印数：50万定价：0.14元/市场交流价：/9品：10元/10品：20元,PaddlePaddle
红色广播站,红色广播站,,改编：王雄韬 绘画：集体,,,改编：王雄韬,王雄韬,改编,绘画：集体,集体,绘画,,,,,,,,,,,,,人民美术,人民美术,,,4,1976,1版1次,64,100万,0.06,5,10,Ref002:65,单册：陆划,,,红色广播站/出版社：人民美术/改编：王雄韬/绘画：集体/76年4月1版1次64开/印数：100万定价：0.06元/市场交流价：/9品：5元/10品：10元,PaddlePaddle
红心铸金堤,红心铸金堤,,改编：景胜 绘画：杨作文吴菊芬等,,,改编：景胜,景胜,改编,绘画：杨作文,杨作文,绘画,绘画：吴菊芬,吴菊芬,绘画,绘画：等,等,绘画,,,,,,,河北人民,河北人民,,石家庄,10,1973,1版1次,64,7.5万,0.08,20,45,Ref002:65,单册：陆划,,,红心铸金堤/出版社：河北人民/改编：景胜/绘画：杨作文吴菊芬等/73年10月1版1次64开/印数：7.5万定价：0.08元/市场交流价：/9品：20元/10品：45元,PaddlePaddle
红梅向阳,红梅向阳,,改编：赵振威 绘画：集体,,,改编：赵振威,赵振威,改编,绘画：集体,集体,绘画,,,,,,,,,,,,,上海人民,上海人民,,上海,4,1976,1版1次,64,,0.07,10,20,Ref002:65,单册：陆划,,,红梅向阳/出版社：上海人民/改编：赵振威/绘画：集体/76年4月1版1次64开/印数：未详定价：0.07元/市场交流价：/9品：10元/10品：20元,PaddlePaddle
红石崖,红石崖,,改编：赵素堂等 绘画：李有华邵悦文等,,,改编：赵素堂,赵素堂,改编,改编：等,等,改编,绘画：李有华,李有华,绘画,绘画：邵悦文,邵悦文,绘画,绘画：等,等,绘画,,,,人民美术,人民美术,,,10,1976,1版1次,64,100万,0.1,10,20,Ref002:65,单册：陆划,,Sic._Author_Core_1,红石崖/出版社：人民美术/改编：赵素堂等/绘画：李有华邵悦文等/76年10月1版1次64开/印数：100万定价：0.10元/市场交流价：/9品：10元/10品：20元,PaddlePaddle
红松岭,红松岭,,改编：竺乾华 绘画：陆军,,,改编：竺乾华,竺乾华,改编,绘画：陆军,陆军,绘画,,,,,,,,,,,,,江西人民,江西人民,,南昌,5,1976,1版1次,64,20万,0.11,10,20,Ref002:65,单册：陆划,,,红松岭/出版社：江西人民/改编：竺乾华/绘画：陆军/76年5月1版1次64开/印数：20万定价：0.11元/市场交流价：/9品：10元/10品：20元,PaddlePaddle
红旗渠,红旗渠,,改编：集体 绘画：集体,,,改编：集体,集体,改编,绘画：集体,集体,绘画,,,,,,,,,,,,,河南、人民美术,河南,人民美术,,9,1973,1版2次,64,45.5万,0.18,40,90,Ref002:65,单册：陆划,,,红旗渠/出版社：河南、人民美术/改编：集体/绘画：集体/73年9月1版2次64开/印数：45.5万 定价：0.18元/市场交流价：/9品：40元/10品：90元,PaddlePaddle
红军村的红小兵,红军村的红小兵,,改编：邵劲之 绘画：汪国新田期松,,,改编：邵劲之,邵劲之,改编,绘画：汪国新,汪国新,绘画,绘画：田期松,田期松,绘画,,,,,,,,,,湖北人民,湖北人民,,武汉,10,1975,1版1次,64,,0.09,10,15,Ref002:65,单册：陆划,,,红军村的红小兵/出版社：湖北人民/改编：邵劲之/绘画：汪国新田期松/75年10月1版1次64开/印数：未详定价：0.09元/市场交流价：/9品：10元/10品：15元,PaddlePaddle
红松村的故事,红松村的故事,,改编：孙叔明 绘画：徐华令,,,改编：孙叔明,孙叔明,改编,绘画：徐华令,徐华令,绘画,,,,,,,,,,,,,浙江人民,浙江人民,,杭州,8,1974,1版2次,60,90万,0.08,15,30,Ref002:66,单册：陆划,,,红松村的故事/出版社：浙江人民/改编：孙叔明/绘画：徐华令/74年8月1版2次60开/印数：90万定价：0.08元/市场交流价：/9品：15元/10品：30元,PaddlePaddle
红岭一枝枪,红岭一枝枪,,改编：集体 绘画：集体,,,改编：集体,集体,改编,绘画：集体,集体,绘画,,,,,,,,,,,,,江西人民,江西人民,,南昌,9,1972,1版1次,60,,0.16,20,45,Ref002:66,单册：陆划,,,红岭一枝枪/出版社：江西人民/改编：集体/绘画：集体/72年9月1版1次60开/印数：未详定价：0.16元/市场交流价：/9品：20元/10品：45元,PaddlePaddle
红小兵张建国,红小兵张建国,,改编：集体 绘画：集体,,,改编：集体,集体,改编,绘画：集体,集体,绘画,,,,,,,,,,,,,广东人民,广东人民,,广州,5,1972,2版1次,60,,0.08,40,100,Ref002:66,单册：陆划,,,红小兵张建国/出版社：广东人民/改编：集体/绘画：集体/72年5月2版1次60开/印数：未详定价：0.08元/市场交流价：/9品：40元/10品：100元,PaddlePaddle
红雨,红雨,,改编：严霞峰 绘画：汤云鹤,,,改编：严霞峰,严霞峰,改编,绘画：汤云鹤,汤云鹤,绘画,,,,,,,,,,,,,江西人民,江西人民,,南昌,10,1975,1版1次,60,40万,0.16,40,100,Ref002:66,单册：陆划,,,红雨/出版社：江西人民/改编：严霞峰/绘画：汤云鹤/75年10月1版1次60开/印数：40万定价：0.16元/市场交流价：/9品：40元/10品：100元,PaddlePaddle
红日高照野鸡坪,红日高照野鸡坪,,改编：集体 绘画：集体,,,改编：集体,集体,改编,绘画：集体,集体,绘画,,,,,,,,,,,,,湖南人民美术,湖南人民美术,,,2,1971,1版1次,60,,0.09,50,180,Ref002:66,单册：陆划,,,红日高照野鸡坪/出版社：湖南人民美术/改编：集体/绘画：集体/71年2月1版1次60开/印数：未详定价：0.09元/市场交流价：/9品：50元/10品：180元,PaddlePaddle
团结胜利的凯歌,团结胜利的凯歌,,改编：集体 绘画：集体,,,改编：集体,集体,改编,绘画：集体,集体,绘画,,,,,,,,,,,,,人民美术,人民美术,,,4,1972,1版1次,60,,0.14,40,100,Ref002:66,单册：陆划,,,团结胜利的凯歌/出版社：人民美术/改编：集体/绘画：集体/72年4月1版1次60开/印数：未详定价：0.14元/市场交流价：/9品：40元/10品：100元,PaddlePaddle
团山怒火,团山怒火,,改编：集体 绘画：集体,,,改编：集体,集体,改编,绘画：集体,集体,绘画,,,,,,,,,,,,,江西人民,江西人民,,南昌,1,1972,1版1次,60,,0.13,30,70,Ref002:66,单册：陆划,,,团山怒火/出版社：江西人民/改编：集体/绘画：集体/72年1月1版1次60开/印数：未详定价：0.13元/市场交流价：/9品：30元/10品：70元,PaddlePaddle
交通站的故事,交通站的故事,,改编：大鲁 绘画：华三川,,,改编：大鲁,大鲁,改编,绘画：华三川,华三川,绘画,,,,,,,,,,,,,上海人民美术,上海人民美术,,上海,6,1982,1版13次,60,93万,0.17,30,80,Ref002:66,单册：陆划,,,0 交通站的故事/出版社：上海人民美术/改编：大鲁/绘画：华三川/82年6月1版13次60开/印数：93万定价：0.17元/市场交流价：/9品：30元/10品：80元,PaddlePaddle
江心跳板,江心跳板,,改编：潘年 绘画：劳思吴放,,,改编：潘年,潘年,改编,绘画：劳思,劳思,绘画,绘画：吴放,吴放,绘画,,,,,,,,,,江苏人民,江苏人民,,南京,5,1974,1版2次,60,100万,0.15,20,60,Ref002:67,单册：陆划,,Sic._Author_Core_3,江心跳板/出版社：江苏人民/改编：潘年/绘画：劳思吴放/74年5月1版2次60开/印数：100万定价：0.15元/市场交流价：/9品：20元/10品：60元,PaddlePaddle
江潮烈火,江潮烈火,,改编：理陶 绘画：徐晓平马明仲等,,,改编：理陶,理陶,改编,绘画：徐晓平,徐晓平,绘画,绘画：马明仲,马明仲,绘画,绘画：等,等,绘画,,,,,,,江苏人民,江苏人民,,南京,1,1975,1版1次,60,60万,0.12,30,80,Ref002:67,单册：陆划,,,江潮烈火/出版社：江苏人民/改编：理陶/绘画：徐晓平马明仲等/75年1月1版1次60开/印数：60万定价：0.12元/市场交流价：/9品：30元/10品：80元,PaddlePaddle
江上夺枪,江上夺枪,,改编：胡曰龙 绘画：胡曰龙朱植人,,,改编：胡曰龙,胡曰龙,改编,绘画：胡曰龙,胡曰龙,绘画,绘画：朱植人,朱植人,绘画,,,,,,,,,,浙江人民,浙江人民,,杭州,2,1974,1版1次,60,40万,0.08,10,25,Ref002:67,单册：陆划,,,江上夺枪/出版社：浙江人民/改编：胡曰龙/绘画：胡曰龙 朱植人/74年2月1版1次60开/印数：40万定价：0.08元/市场交流价：/9品：10元/10品：25元,PaddlePaddle
江防图,江防图,,改编：本社 绘画：是有福吴锦瑜,,,改编：本社,本社,改编,绘画：是有福,是有福,绘画,绘画：吴锦瑜,吴锦瑜,绘画,,,,,,,,,,江苏人民,江苏人民,,南京,5,1975,1版1次,60,60万,0.11,20,40,Ref002:67,单册：陆划,,,江防图/出版社：江苏人民/改编：本社/绘画：是有福吴锦瑜/75年5月1版1次60开/印数：60万定价：0.11元/市场交流价：/9品：20元/10品：40元,PaddlePaddle
江上新歌,江上新歌,,改编：程锦川 绘画：谢颖,,,改编：程锦川,程锦川,改编,绘画：谢颖,谢颖,绘画,,,,,,,,,,,,,上海人民,上海人民,,上海,4,1976,1版1次,64,,0.06,8,15,Ref002:67,单册：陆划,,,江上新歌/出版社：上海人民/改编：程锦川/绘画：谢颖/76年4月1版1次64开/印数：未详定价：0.06元/市场交流价：/9品：8元/10品：15元,PaddlePaddle
江上的战斗,江上的战斗,,改编：李遵义 绘画：赵书全,,,改编：李遵义,李遵义,改编,绘画：赵书全,赵书全,绘画,,,,,,,,,,,,,吉林人民,吉林人民,,长春,5,1975,1版1次,64,100万,0.1,5,10,Ref002:67,单册：陆划,《江畔朝阳》仅出版了第⼀册。,,江上的战斗/出版社：吉林人民/改编：李遵义/绘画：赵书全/75年5月1版1次64开/印数：100万定价：0.10元/市场交流价：/9品：5元/10品：10元,PaddlePaddle
江畔朝阳（一）,江畔朝阳,（一）,改编：集体 绘画：集体,,,改编：集体,集体,改编,绘画：集体,集体,绘画,,,,,,,,,,,,,上海人民,上海人民,,上海,5,1975,1版1次,64,50万,0.16,15,30,Ref002:67,单册：陆划,,,江畔朝阳(一)/出版社：上海人民/改编：集体/绘画：集体/75年5月1版1次64开/印数：50万定价：0.16元/市场交流价：/9品：15元/10品：30元,PaddlePaddle
红心永向毛主席,红心永向毛主席,,改编：集体 绘画：集体,,,改编：集体,集体,改编,绘画：集体,集体,绘画,,,,,,,,,,,,,解放军文艺,解放军文艺,,北京,2,1968,1版1次,64,,0.11,300,600,Ref002:67,单册：陆划,,,红心永向毛主席/出版社：解放军文艺/改编：集体/绘画：集体/68年2月1版1次64开/印数：未详定价：0.11元/市场交流价：/9品：300元/10品：600元,PaddlePaddle
自力更生绘新图,自力更生绘新图,,改编：集体 绘画：集体,,,改编：集体,集体,改编,绘画：集体,集体,绘画,,,,,,,,,,,,,江西省新华书店,江西省新华书店,,南昌,5,1970,1版1次,60,3万,0.12,80,350,Ref002:68,单册：陆划,,,自力更生绘新图/出版社：江西省新华书店/改编：集体/绘画：集体/70年5月1版1次60开/印数：3万定价：0.12元/市场交流价：/9品：80元/10品：350元,PaddlePaddle
自觉的哨兵,自觉的哨兵,,改编：集体 绘画：集体,,,改编：集体,集体,改编,绘画：集体,集体,绘画,,,,,,,,,,,,,黑龙江人民,黑龙江人民,,哈尔滨,11,1972,1版1次,60,,0.12,25,50,Ref002:68,单册：陆划,,,自觉的哨兵/出版社：黑龙江人民/改编：集体/绘画：集体/72年11月1版1次60开/印数：未详定价：0.12元/市场交流价：/9品：25元/10品：50元,PaddlePaddle
关键时刻,关键时刻,,改编：马立等 绘画：任海荣,,,改编：马立,马立,改编,改编：等,等,改编,绘画：任海荣,任海荣,绘画,,,,,,,,,,浙江人民,浙江人民,,杭州,8,1975,1版1次,60,30万,0.07,15,25,Ref002:68,单册：陆划,,,关键时刻/出版社：浙江人民/改编：马立等/绘画：任海荣/75年8月1版1次60开/印数：30万定价：0.07元/市场交流价：/9品：15元/10品：25元,PaddlePaddle
杨今月,杨今月,,改编：集体 绘画：集体,,,改编：集体,集体,改编,绘画：集体,集体,绘画,,,,,,,,,,,,,吉林人民,吉林人民,,长春,4,1970,1版1次,60,,0.17,60,180,Ref002:68,单册：陆划,,,杨今月/出版社：吉林人民/改编：集体/绘画：集体/70年4月1版1次60开/印数：未详定价：0.17元/市场交流价：/9品：60元/10品：180元,PaddlePaddle
关成富,关成富,,改编：集体 绘画：集体,,,改编：集体,集体,改编,绘画：集体,集体,绘画,,,,,,,,,,,,,河北人民,河北人民,,石家庄,1,1971,1版1次,60,,0.13,90,300,Ref002:68,单册：陆划,,,关成富/出版社：河北人民/改编：集体/绘画：集体/71年1月1版1次60开/印数：未详定价：0.13元/市场交流价：/9品：90元/10品：300元,PaddlePaddle
关成富,关成富,,改编：集体 绘画：集体,,,改编：集体,集体,改编,绘画：集体,集体,绘画,,,,,,,,,,,,,人民美术,人民美术,,,1,1971,1版1次,60,,0.09,60,250,Ref002:68,单册：陆划,,,关成富/出版社：人民美术/改编：集体/绘画：集体/71年1月1版1次60开/印数：未详定价：0.09元/市场交流价未详：/9品：60元/10品：250元,PaddlePaddle
扬鞭向前,扬鞭向前,,改编：李坚 绘画：王柏松,,,改编：李坚,李坚,改编,绘画：王柏松,王柏松,绘画,,,,,,,,,,,,,天津人民美术,天津人民美术,,天津,6,1975,1版1次,60,,0.12,10,20,Ref002:68,单册：陆划,,,扬鞭向前/出版社：天津人民美术/改编：李坚/绘画：王柏松/75年6月1版1次60开/印数：未详定价：0.12元/市场交流价：/9品：10元/10品：20元,PaddlePaddle
孙悟空三打白骨精,孙悟空三打白骨精,,改编：集体 绘画：赵宏本钱笑呆,,,改编：集体,集体,改编,绘画：赵宏本,赵宏本,绘画,绘画：钱笑呆,钱笑呆,绘画,,,,,,,,,,上海人民,上海人民,,上海,4,1973,1版4次,60,70万,0.11,80,250,Ref002:68,单册：陆划,,,孙悟空三打白骨精/出版社：上海人民/改编：集体/绘画：赵宏本钱笑呆/73年4月1版4次60开/印数：70万定价：0.11元/市场交流价：/9品：80元/10品：250元,PaddlePaddle
红日照亮乌金岭,红日照亮乌金岭,,改编：朱源星陈秉均 绘画：梁明诚唐大禧,,,改编：朱源星,朱源星,改编,改编：陈秉均,陈秉均,改编,绘画：梁明诚,梁明诚,绘画,绘画：唐大禧,唐大禧,绘画,,,,,,,广东人民,广东人民,,广州,5,1975,1版1次,64,,0.08,30,50,Ref002:69,单册：陆划,,,红日照亮乌金岭/出版社：广东人民/改编：朱源星陈秉均/绘画：梁明诚唐大禧/75年5月1版1次64开/印数：未详定价：0.08元/市场交流价：/9品：30元/10品：50元,PaddlePaddle
运动场上,运动场上,,改编：少童 绘画：孙海晨,,,改编：少童,少童,改编,绘画：孙海晨,孙海晨,绘画,,,,,,,,,,,,,内蒙古人民,内蒙古人民,,呼和浩特市,10,1975,1版3次,64,31万,0.11,25,50,Ref002:69,单册：陆划,,,运动场上/出版社：内蒙古人民/改编：少童/绘画：孙海晨/75年10月1版3次64开/印数：31万定价：0.11元/市场交流价：/9品：25元/10品：50元,PaddlePaddle
老支书的故事（一）,老支书的故事,（一）,改编：大鲁 绘画：陈云华,,,改编：大鲁,大鲁,改编,绘画：陈云华,陈云华,绘画,,,,,,,,,,,,,上海人民,上海人民,,上海,5,1973,1版1次,60,70万,0.12,,,Ref002:69,单册：陆划,,,老支书的故事(一)/出版社：上海人民/改编：大鲁/绘画：陈云华/73年5月1版1次60开/印数：70万定价：0.12元,PaddlePaddle
老支书的故事（二）,老支书的故事,（二）,改编：左泥 绘画：陈云华,,,改编：左泥,左泥,改编,绘画：陈云华,陈云华,绘画,,,,,,,,,,,,,上海人民,上海人民,,上海,9,1973,1版1次,60,40万,0.1,80（全套）,150,Ref002:69,单册：陆划,《老支书的故事》第二分册少于第一分册，故市场交流价，第二册的价格高于第一册。,,老支书的故事(二)/出版社：上海人民/改编：左泥/绘画：陈云华/73年9月1版1次60开/印数：40万定价：0.10元/市场交流价：/9品：80元（全套）/10品：150元,PaddlePaddle
老班长,老班长,,改编：罗运凯 绘画：吴乙坚,,,改编：罗运凯,罗运凯,改编,绘画：吴乙坚,吴乙坚,绘画,,,,,,,,,,,,,广西人民,广西人民,,南宁,11,1975,1版1次,60,30万,0.1,20,30,Ref002:69,单册：陆划,,,老班长/出版社：广西人民/改编：罗运凯/绘画：吴乙坚/75年11月1版1次60开/印数：30万定价：0.10元/市场交流价：/9品：20元/10品：30元,PaddlePaddle
老会长的女儿,老会长的女儿,,改编：胡乃江 绘画：刘宝仲,,,改编：胡乃江,胡乃江,改编,绘画：刘宝仲,刘宝仲,绘画,,,,,,,,,,,,,内蒙古人民,内蒙古人民,,呼和浩特市,8,1974,1版1次,64,31万,0.1,15,25,Ref002:69,单册：陆划,,,老会长的女儿/出版社：内蒙古人民/改编：胡乃江/绘画：刘宝仲/74年8月1版1次64开/印数：31万定价：0.10元/市场交流价：/9品：15元/10品：25元,PaddlePaddle
吉祥的凤凰,吉祥的凤凰,,改编：李大业 绘画：蒋宜勋,,,改编：李大业,李大业,改编,绘画：蒋宜勋,蒋宜勋,绘画,,,,,,,,,,,,,四川人民,四川人民,,成都,5,1973,1版1次,60,27万,0.07,40,80,Ref002:69,单册：陆划,,,吉祥的凤凰/出版社：四川人民/改编：李大业/绘画：蒋宜勋/73年5月1版1次60开/印数：27万定价：0.07元/市场交流价：/9品：40元/10品：80元,PaddlePaddle
合龙,合龙,,改编：顾光 绘画：集体,,,改编：顾光,顾光,改编,绘画：集体,集体,绘画,,,,,,,,,,,,,上海人民,上海人民,,上海,4,1977,1版1次,64,,0.08,8,15,Ref002:69,单册：陆划,,,合龙/出版社：上海人民/改编：顾光/绘画：集体/77年4月1版1次64开/印数：未详定价：0.08元/市场交流价：/9品：8元/10品：15元,PaddlePaddle
李全洲,李全洲,,改编：集体 绘画：集体,,,改编：集体,集体,改编,绘画：集体,集体,绘画,,,,,,,,,,,,,湖北人民,湖北人民,,武汉,7,1970,1版1次,60,,0.08,80,300,Ref002:70,单册：陆划,,,李全洲/出版社：湖北人民/改编：集体/绘画：集体/70年7月1版1次60开/印数：未详定价：0.08元/市场交流价：/9品：80元/10品：300元,PaddlePaddle
李全洲,李全洲,,改编：集体 绘画：集体,,,改编：集体,集体,改编,绘画：集体,集体,绘画,,,,,,,,,,,,,上海人民,上海人民,,上海,8,1971,1版1次,60,,0.09,40,150,Ref002:70,单册：陆划,,,李全洲/出版社：上海人民/改编：集体/绘画：集体/71年8月1版1次60开/印数：未详定价：0.09元/市场交流价：/9品：40元/10品：150元,PaddlePaddle
李维超,李维超,,改编：集体 绘画：集体,,,改编：集体,集体,改编,绘画：集体,集体,绘画,,,,,,,,,,,,,人民美术,人民美术,,,6,1972,1版3次,60,,0.12,30,100,Ref002:70,单册：陆划,,,李维超/出版社：人民美术/改编：集体/绘画：集体/72年6月1版3次60开/印数：未详定价：0.12元/市场交流价：/9品：30元/10品：100元,PaddlePaddle
李维超,李维超,,改编：石林 绘画：薛树森等,,,改编：石林,石林,改编,绘画：薛树森,薛树森,绘画,绘画：等,等,绘画,,,,,,,,,,河北人民,河北人民,,石家庄,5,1972,1版1次,60,,0.15,40,100,Ref002:70,单册：陆划,,Sic._Author_Core_2,李维超/出版社：河北人民/改编：石林/绘画：薛树森等/72年5月1版1次60开/印数：未详定价：0.15元/市场交流价：/9品：40元/10品：100元,PaddlePaddle
人民的好医生—李月华,人民的好医生,李月华,改编：朱锡林等 绘画：朱锡林高峰等,,,改编：朱锡林,朱锡林,改编,改编：等,等,改编,绘画：朱锡林,朱锡林,绘画,绘画：高峰,高峰,绘画,绘画：等,等,绘画,,,,浙江人民,浙江人民,,杭州,4,1976,1版1次,60,,0.08,25,70,Ref002:70,单册：陆划,,Sic._Author_Core_1,人民的好医生一李月华/出版社：浙江人民/改编：朱锡林等/绘画：朱锡林高峰等/76年4月1版1次60开/印数：未详定价：0.08元/市场交流价：/9品：25元/10品：70元,PaddlePaddle
灰狐狸的秘密,灰狐狸的秘密,,改编：集体 绘画：集体,,,改编：集体,集体,改编,绘画：集体,集体,绘画,,,,,,,,,,,,,山东人民,山东人民,,济南,5,1974,1版1次,60,70万,0.08,15,25,Ref002:70,单册：陆划,,,灰狐狸的秘密/出版社：山东人民/改编：集体/绘画：集体/74年5月1版1次60开/印数：70万定价：0.08元/市场交流价：/9品：15元/10品：25元,PaddlePaddle
地下游击队,地下游击队,,改编：司徒虹 绘画：张定华,,,改编：司徒虹,司徒虹,改编,绘画：张定华,张定华,绘画,,,,,,,,,,,,,浙江人民,浙江人民,,杭州,1,1973,1版1次,60,60万,0.12,20,45,Ref002:70,单册：陆划,,,地下游击队/出版社：浙江人民/改编：司徒虹/绘画：张定华/73年1月1版1次60开/印数：60万定价：0.12元/市场交流价：/9品：20元/10品：45元,PaddlePaddle
军号长鸣,军号长鸣,,改编：马正泉 绘画：盛元富,,,改编：马正泉,马正泉,改编,绘画：盛元富,盛元富,绘画,,,,,,,,,,,,,浙江人民,浙江人民,,杭州,8,1974,1版2次,60,50万,0.08,10,25,Ref002:70,单册：陆划,,,军号长鸣/出版社：浙江人民/改编：马正泉/绘画：盛元富/74年8月1版2次60开/印数：50万定价：0.08元/市场交流价：/9品：10元/10品：25元,PaddlePaddle
地雷战,地雷战,,改编：梅安才等 绘画：张为民,,,改编：梅安才,梅安才,改编,改编：等,等,改编,绘画：张为民,张为民,绘画,,,,,,,,,,浙江人民,浙江人民,,杭州,12,1972,1版2次,60,,0.15,60,200,Ref002:71,单册：陆划,,,地雷战/出版社：浙江人民/改编：梅安才等/绘画：张为民/72年12月1版2次60开/印数：未详定价：0.15元/市场交流价：/9品：60元/10品：200元,PaddlePaddle
地雷战,地雷战,,改编：梅安才等 绘画：张为民,,,改编：梅安才,梅安才,改编,改编：等,等,改编,绘画：张为民,张为民,绘画,,,,,,,,,,人民美术,人民美术,,,12,1972,1版2次,64,,0.15,30,100,Ref002:71,单册：陆划,,,地雷战/出版社：人民美术/改编：梅安才等/绘画：张为民/72年12月1版2次64开/印数：未详定价：0.15元/市场交流价：/9品：30元/10品：100元,PaddlePaddle
地道战,地道战,,改编：哲枚等 绘画：集体,,,改编：哲枚,哲枚,改编,改编：等,等,改编,绘画：集体,集体,绘画,,,,,,,,,,人民美术,人民美术,,,12,1971,1版1次,60,,0.17,60,180,Ref002:71,单册：陆划,,,地道战/出版社：人民美术/改编：哲枚等/绘画：集体/71年12月1版1次60开/印数：未详定价：0.17元/市场交流价：/9品：60元/10品：180元,PaddlePaddle
地道战,地道战,,改编：集体 绘画：集体,,,改编：集体,集体,改编,绘画：集体,集体,绘画,,,,,,,,,,,,,天津人民美术,天津人民美术,,天津,1,1970,1版1次,60,,0.16,50,200,Ref002:71,单册：陆划,,,地道战/出版社：天津人民美术/改编：集体/绘画：集体/70年1月1版1次60开/印数：未详定价：0.16元/市场交流价：/9品：50元/10品：200元,PaddlePaddle
列宁在十月,列宁在十月,,改编：集体 绘画：顾炳鑫等,,,改编：集体,集体,改编,绘画：顾炳鑫,顾炳鑫,绘画,绘画：等,等,绘画,,,,,,,,,,上海人民,上海人民,,上海,11,1970,1版1次,60,,0.12,60,250,Ref002:71,单册：陆划,,,列宁在十月/出版社：上海人民/改编：集体/绘画：顾炳鑫等/70年11月1版1次60开/印数：未详 定价：0.12元/市场交流价：/9品：60元/10品：250元,PaddlePaddle
列宁在十月,列宁在十月,,改编：集体 绘画：顾炳鑫,,,改编：集体,集体,改编,绘画：顾炳鑫,顾炳鑫,绘画,,,,,,,,,,,,,上海人民,上海人民,,上海,6,1972,1版6次,60,,0.12,50,140,Ref002:71,单册：陆划,,,列宁在十月/出版社：上海人民/改编：集体/绘画：顾炳鑫/72年6月1版6次60开/印数：未详 定价：0.12元/市场交流价：/9品：50元/10品：140元,PaddlePaddle
列宁在一九一八年,列宁在一九一八年,,改编：集体 绘画：顾炳鑫,,,改编：集体,集体,改编,绘画：顾炳鑫,顾炳鑫,绘画,,,,,,,,,,,,,上海人民,上海人民,,上海,6,1972,1版1次,60,,0.13,60,220,Ref002:71,单册：陆划,,,0/列宁在一九一八年/出版社：上海人民/改编：集体/绘画：顾炳鑫/72年6月1版1次60开/印数：未详定价：0.13元/市场交流价：/9品：60元/10品：220元,PaddlePaddle
列宁在1918年,列宁在1918年,,改编：集体 绘画：董洪元,,,改编：集体,集体,改编,绘画：董洪元,董洪元,绘画,,,,,,,,,,,,,人民美术,人民美术,,,2,1977,1版3次,60,,0.19,30,100,Ref002:71,单册：陆划,,,列宁在1918年/出版社：人民美术/改编：集体/绘画：董洪元/77年2月1版3次60开/印数：未详定价：0.19元/市场交流价：/9品：30元/10品：100元,PaddlePaddle
刘文学,刘文学,,改编：集体 绘画：王仲清胡克文等,,,改编：集体,集体,改编,绘画：王仲清,王仲清,绘画,绘画：胡克文,胡克文,绘画,绘画：等,等,绘画,,,,,,,上海人民,上海人民,,上海,4,1973,2版4次,60,382万,0.08,20,70,Ref002:72,单册：陆划,,,刘文学/出版社：上海人民/改编：集体/绘画：王仲清胡克文等/73年4月2版4次60开/印数：382万定价：0.08元/市场交流价：/9品：20元/10品：70元,PaddlePaddle
毛主席的好孩子—刘文学,毛主席的好孩子,刘文学,改编：黄一德 绘画：王仲清等,,,改编：黄一德,黄一德,改编,绘画：王仲清,王仲清,绘画,绘画：等,等,绘画,,,,,,,,,,上海市出版革组,上海市出版革组,,,5,1970,1版2次,60,,0.11,50,120,Ref002:72,单册：陆划,,,毛主席的好孩子一刘文学/出版社：上海市出版革组/改编：黄一德/绘画：王仲清等/70年5月1版2次60开/印数：未详定价：0.11元/市场交流价：/9品：50元/10品：120元,PaddlePaddle
刘胡兰,刘胡兰,,改编：集体 绘画：俞理等,,,改编：集体,集体,改编,绘画：俞理,俞理,绘画,绘画：等,等,绘画,,,,,,,,,,上海人民,上海人民,,上海,5,1972,1版1次,60,,0.13,30,100,Ref002:72,单册：陆划,,,刘胡兰/出版社：上海人民/改编：集体/绘画：俞理等/72年5月1版1次60开/印数：未详定价：0.13元/市场交流价：/9品：30元/10品：100元,PaddlePaddle
夺枪记,夺枪记,,改编：吕锡炎 绘画：陈贡琳俞怡生等,,,改编：吕锡炎,吕锡炎,改编,绘画：陈贡琳,陈贡琳,绘画,绘画：俞怡生,俞怡生,绘画,绘画：等,等,绘画,,,,,,,江西人民,江西人民,,南昌,10,1975,1版1次,60,60万,0.13,10,20,Ref002:72,单册：陆划,,,夺枪记/出版社：江西人民/改编：吕锡炎/绘画：陈贡琳俞怡生等/75年10月1版1次60开/印数：60万定价：0.13元/市场交流价：/9品：10元/10品：20元,PaddlePaddle
争夺,争夺,,改编：集体 绘画：赵仁年等,,,改编：集体,集体,改编,绘画：赵仁年,赵仁年,绘画,绘画：等,等,绘画,,,,,,,,,,上海人民,上海人民,,上海,2,1975,1版2次,60,155万,0.1,15,30,Ref002:72,单册：陆划,,,0/争夺/出版社：上海人民/改编：集体/绘画：赵仁年等/75年2月1版2次60开/印数：155万定价：0.10元/市场交流价：/9品：15元/10品：30元,PaddlePaddle
阳光灿烂红旗艳,阳光灿烂红旗艳,,改编：集体 绘画：集体,,,改编：集体,集体,改编,绘画：集体,集体,绘画,,,,,,,,,,,,,上海人民,上海人民,,上海,3,1972,1版1次,60,,0.08,30,100,Ref002:72,单册：陆划,,,阳光灿烂红旗艳/出版社：上海人民/改编：集体/绘画：集体/72年3月1版1次60开/印数：未详定价：0.08元/市场交流价：/9品：30元/10品：100元,PaddlePaddle
党的好女儿—毕英兰,党的好女儿,毕英兰,改编：汾飞 绘画：蒋仲兴,,,改编：汾飞,汾飞,改编,绘画：蒋仲兴,蒋仲兴,绘画,,,,,,,,,,,,,辽宁省新华书店,辽宁省新华书店,,沈阳,10,1971,1版1次,60,,0.11,60,150,Ref002:72,单册：陆划,,,党的好女儿一毕英兰/出版社：辽宁省新华书店/改编：汾飞/绘画：蒋仲兴/71年10月1版1次60开/印数：未详定价0.11元/市场交流价：/9品：60元/10品：150元,PaddlePaddle
甘洒热血为人民,甘洒热血为人民,,改编：集体 绘画：红宇,,,改编：集体,集体,改编,绘画：红宇,红宇,绘画,,,,,,,,,,,,,浙江人民美术,浙江人民美术,,杭州,1,1971,1版1次,60,,0.09,60,150,Ref002:72,单册：陆划,,,甘洒热血为人民/出版社：浙江人民美术/改编：集体/绘画：红宇/71年1月1版1次60开/印数：未详定价0.09元/市场交流价：/9品：60元/10品：150元,PaddlePaddle
向阳院的故事,向阳院的故事,,改编：秦节 绘画：顾炳鑫,,,改编：秦节,秦节,改编,绘画：顾炳鑫,顾炳鑫,绘画,,,,,,,,,,,,,上海人民,上海人民,,上海,1,1976,1版1次,64,,0.14,60,200,Ref002:73,单册：陆划,,,向阳院的故事/出版社：上海人民/改编：秦节/绘画：顾炳鑫/76年1月1版1次64开/印数：未详定价：0.14元/市场交流价：/9品：60元/10品：200元,PaddlePaddle
向阳院的故事,向阳院的故事,,改编：高梅义 绘画：肖玉磊何保全等,,,改编：高梅义,高梅义,改编,绘画：肖玉磊,肖玉磊,绘画,绘画：何保全,何保全,绘画,绘画：等,等,绘画,,,,,,,安徽人民,安徽人民,,合肥,6,1975,1版1次,64,,0.17,20,40,Ref002:73,单册：陆划,,,向阳院的故事/出版社：安徽人民/改编：高梅义/绘画：肖玉磊何保全等/75年6月1版1次64开/印数：未详定价：0.17元/市场交流价：/9品：20元/10品：40元,PaddlePaddle
机密图纸,机密图纸,,改编：周振天 绘画：侯树年刘胜利等,,,改编：周振天,周振天,改编,绘画：侯树年,侯树年,绘画,绘画：刘胜利,刘胜利,绘画,绘画：等,等,绘画,,,,,,,天津人民美术,天津人民美术,,天津,9,1975,1版1次,64,,0.2,20,40,Ref002:73,单册：陆划,,,机密图纸/出版社：天津人民美术/改编：周振天/绘画：侯树年刘胜利等/75年9月1版1次64开/印数：未详定价：0.20元/市场交流价：/9品：20元/10品：40元,PaddlePaddle
机智的通信兵,机智的通信兵,,改编：集体 绘画：李洪渊广声等,,,改编：集体,集体,改编,绘画：李洪渊,李洪渊,绘画,绘画：广声,广声,绘画,绘画：等,等,绘画,,,,,,,广东人民,广东人民,,广州,8,1973,1版1次,64,50万,0.07,10,20,Ref002:73,单册：陆划,,Sic._Author_Core_3,机智的通信兵/出版社：广东人民/改编：集体/绘画：李洪渊广声等/73年8月1版1次64开/印数：50万定价：0.07元/市场交流价：/9品：10元/10品：20元,PaddlePaddle
机警的孩子,机警的孩子,,改编：集体 绘画：李铁生汪玉山等,,,改编：集体,集体,改编,绘画：李铁生,李铁生,绘画,绘画：汪玉山,汪玉山,绘画,绘画：等,等,绘画,,,,,,,上海人民,上海人民,,上海,6,1973,1版1次,60,100万,0.07,20,50,Ref002:73,单册：陆划,,,机警的孩子/出版社：上海人民/改编：集体/绘画：李铁生汪玉山等/73年6月1版1次60开/印数：100万定价：0.07元/市场交流价：/9品：20元/10品：50元,PaddlePaddle
年四旺,年四旺,,改编：集体 绘画：集体,,,改编：集体,集体,改编,绘画：集体,集体,绘画,,,,,,,,,,,,,浙江人民美术,浙江人民美术,,杭州,2,1968,1版1次,60,10万,0.08,120,300,Ref002:73,单册：陆划,,,年四旺/出版社：浙江人民美术/改编：集体/绘画：集体/68年2月1版1次60开/印数：10万定价：0.08元/市场交流价：/9品：120元/10品：300元,PaddlePaddle
双喜嫂,双喜嫂,,改编：集体 绘画：顾曾平,,,改编：集体,集体,改编,绘画：顾曾平,顾曾平,绘画,,,,,,,,,,,,,江苏人民,江苏人民,,南京,11,1973,1版1次,60,100万,0.13,20,40,Ref002:73,单册：陆划,,,双喜嫂/出版社：江苏人民/改编：集体/绘画：顾曾平/73年11月1版1次60开/印数：100万 定价：0.13元/市场交流价：/9品：20元/10品：40元,PaddlePaddle
灯伢儿,灯伢儿,,改编：吴文焕 绘画：陈云华,,,改编：吴文焕,吴文焕,改编,绘画：陈云华,陈云华,绘画,,,,,,,,,,,,,上海人民,上海人民,,上海,4,1974,1版1次,60,100万,0.09,20,60,Ref002:73,单册：陆划,,,灯儿/出版社：上海人民/改编：吴文焕/绘画：陈云华/74年4月1版1次60开/印数：100万定价：0.09元/市场交流价：/9品：20元/10品：60元,PaddlePaddle
先秦法家人物故事选,先秦法家人物故事选,,改编：集体 绘画：丁斌曾等,,,改编：集体,集体,改编,绘画：丁斌曾,丁斌曾,绘画,绘画：丁斌曾,丁斌曾,绘画,绘画：等,等,绘画,,,,,,,浙江人民,浙江人民,,杭州,12,1974,1版1次,60,100万,0.1,25,50,Ref002:74,单册：陆划,,,先秦法家人物故事选/出版社：浙江人民/改编：集体/绘画：丁斌曾吴大成等/74年12月1版1次60开/印数：100万定价：0.10元/市场交流价：/9品：25元/10品：50元,PaddlePaddle
竹园风云,竹园风云,,改编：崔铭先 绘画：崔铭先车进等,,,改编：崔铭先,崔铭先,改编,绘画：崔铭先,崔铭先,绘画,绘画：车进,车进,绘画,绘画：等,等,绘画,,,,,,,浙江人民,浙江人民,,杭州,6,1975,1版1次,60,110万,0.11,10,20,Ref002:74,单册：陆划,,,竹园风云/出版社：浙江人民/改编：崔铭先/绘画：崔铭先车 进等/75年6月1版1次60开/印数：110万定价：0.11元/市场交流价：/9品：10元/10品：20元,PaddlePaddle
在轮船上,在轮船上,,改编：秦节 绘画：集体,,,改编：秦节,秦节,改编,绘画：集体,集体,绘画,,,,,,,,,,,,,上海人民,上海人民,,上海,12,1974,1版1次,60,60万,0.07,10,25,Ref002:74,单册：陆划,,,在轮船上/出版社：上海人民/改编：秦节/绘画：集体/74年12月1版1次60开/印数：60万定价：0.07元/市场交流价：/9品：10元/10品：25元,PaddlePaddle
连心扁担,连心扁担,,改编：集体 绘画：集体,,,改编：集体,集体,改编,绘画：集体,集体,绘画,,,,,,,,,,,,,河北人民,河北人民,,石家庄,2,1976,1版1次,64,30万,0.08,25,45,Ref002:74,单册：陆划,,,连心扁担/出版社：河北人民/改编：集体/绘画：集体/76年2月1版1次64开/印数：30万定价：0.08元/市场交流价：/9品：25元/10品：45元,PaddlePaddle
西门豹治业,西门豹治业,,编文：受鸣沈舟 绘画：杨青华,,,编文：受鸣,受鸣,编文,编文：沈舟,沈舟,编文,绘画：杨青华,杨青华,绘画,,,,,,,,,,上海人民,上海人民,,上海,10,1975,1版1次,64,,0.07,20,40,Ref002:74,单册：陆划,,Sic._Author_Core_2,西门豹治业/出版社：上海人民/编文：受鸣沈舟/绘画：杨青华/75年10月1版1次64开/印数：未详定价：0.07元/市场交流价：/9品：20元/10品：40元,PaddlePaddle
西门豹破除迷信,西门豹破除迷信,,改编：张参 绘画：王亦秋,,,改编：张参,张参,改编,绘画：王亦秋,王亦秋,绘画,,,,,,,,,,,,,河北人民,河北人民,,石家庄,1,1975,1版1次,64,130万,0.07,40,80,Ref002:74,单册：陆划,,,西门豹破除迷信/出版社：河北人民/改编：张参/绘画：王亦秋/75年1月1版1次64开/印数：130万定价：0.07元/市场交流价：/9品：40元/10品：80元,PaddlePaddle
西门豹除巫,西门豹除巫,,改编：王滋华 绘画：田乔,,,改编：王滋华,王滋华,改编,绘画：田乔,田乔,绘画,,,,,,,,,,,,,安徽人民,安徽人民,,合肥,4,1976,1版1次,64,,0.07,20,40,Ref002:74,单册：陆划,,,西门豹除巫/出版社：安徽人民/改编：王滋华/绘画：田乔/76年4月1版1次64开/印数：未详定价：0.07元/市场交流价：/9品：20元/10品：40元,PaddlePaddle
初春的早晨,初春的早晨,,改编：徐明福 绘画：集体,,,改编：徐明福,徐明福,改编,绘画：集体,集体,绘画,,,,,,,,,,,,,上海人民,上海人民,,上海,6,1975,1版1次,64,40万,0.09,15,40,Ref002:74,单册：陆划,,,初春的早晨/出版社：上海人民/改编：徐明福/绘画：集体/75年6月1版1次64开/印数：40万定价：0.09元/市场交流价：/9品：15元/10品：40元,PaddlePaddle
壮丽青春,壮丽青春,,改编：集体 绘画：集体,,,改编：集体,集体,改编,绘画：集体,集体,绘画,,,,,,,,,,,,,黑龙江人民,黑龙江人民,,哈尔滨,9,1972,1版1次,60,,0.1,40,100,Ref002:75,单册：陆划,,,壮丽青春/出版社：黑龙江人民/改编：集体/绘画：集体/72年9月1版1次60开/印数：未详定价：0.10元/市场交流价：/9品：40元/10品：100元,PaddlePaddle
壮志压倒千重山,壮志压倒千重山,,改编：集体 绘画：集体,,,改编：集体,集体,改编,绘画：集体,集体,绘画,,,,,,,,,,,,,上海人民,上海人民,,上海,10,1971,1版1次,60,,0.08,50,200,Ref002:75,单册：陆划,,,壮志压倒千重山/出版社：上海人民/改编：集体/绘画：集体/71年10月1版1次60开/印数：未详定价：0.08元/市场交流价：/9品：50元/10品：200元,PaddlePaddle
血防线上,血防线上,,改编：集体 绘画：徐有武,,,改编：集体,集体,改编,绘画：徐有武,徐有武,绘画,,,,,,,,,,,,,上海人民,上海人民,,上海,3,1973,1版1次,60,40万,0.1,30,70,Ref002:75,单册：陆划,,,血防线上/出版社：上海人民/改编：集体/绘画：徐有武/73年3月1版1次60开/印数：40万定价：0.10元/市场交流价：/9品：30元/10品：70元,PaddlePaddle
老槐树的秘密,老槐树的秘密,,改编：徐斌 绘画：陈光镒盛亮贤等,,,改编：徐斌,徐斌,改编,绘画：陈光镒,陈光镒,绘画,绘画：盛亮贤,盛亮贤,绘画,绘画：等,等,绘画,,,,,,,上海人民,上海人民,,上海,10,1976,1版1次,64,,0.06,15,30,Ref002:75,单册：陆划,,,0/老槐树的秘密/出版社：上海人民/改编：徐斌/绘画：陈光镒 盛亮贤等/76年10月1版1次64开/印数：未详定价：0.06元/市场交流价：/9品：15元/10品：30元,PaddlePaddle
闯出为人民服务的广阔天地,闯出为人民服务的广阔天地,,改编：集体 绘画：集体,,,改编：集体,集体,改编,绘画：集体,集体,绘画,,,,,,,,,,,,,上海人民,上海人民,,上海,6,1971,1版1次,60,,0.09,40,120,Ref002:75,单册：陆划,,,闯出为人民服务的广阔天地/出版社：上海人民/改编：集体/绘画：集体/71年6月1版1次60开/印数：未详定价：0.09元/市场交流价：/9品：40元/10品：120元,PaddlePaddle
安全问题,安全问题,,改编：集体 绘画：李世南,,,改编：集体,集体,改编,绘画：李世南,李世南,绘画,,,,,,,,,,,,,人民美术,人民美术,,,8,1972,2版1次,64,,0.12,30,50,Ref002:75,单册：陆划,,,安全问题/出版社：人民美术/改编：集体/绘画：李世南/72年8月2版1次64开/印数：未详定价：0.12元/市场交流价：/9品：30元/10品：50元,PaddlePaddle
共产主义小英雄,共产主义小英雄,,改编：集体 绘画：集体,,,改编：集体,集体,改编,绘画：集体,集体,绘画,,,,,,,,,,,,,浙江人民,浙江人民,,杭州,7,1970,1版1次,60,,0.09,80,200,Ref002:75,单册：陆划,,,共产主义小英雄/出版社：浙江人民/改编：集体/绘画：集体/70年7月1版1次60开/印数：未详定价：0.09元/市场交流价：/9品：80元/10品：200元,PaddlePaddle
血泪的控诉,血泪的控诉,,改编：集体 绘画：集体,,,改编：集体,集体,改编,绘画：集体,集体,绘画,,,,,,,,,,,,,陕西人民,陕西人民,,西安,7,1975,1版1次,64,35万,0.08,15,30,Ref002:75,单册：陆划,,,血泪的控诉/出版社：陕西人民/改编：集体/绘画：集体/75年7月1版1次64开/印数：35万定价：0.08元/市场交流价：/9品：15元/10品：30元,PaddlePaddle
考试,考试,,改编：邵劲之 绘画：唐明松等,,,改编：邵劲之,邵劲之,改编,绘画：唐明松,唐明松,绘画,绘画：等,等,绘画,,,,,,,,,,湖北人民,湖北人民,,武汉,4,1975,1版1次,64,35万,0.08,8,15,Ref002:76,单册：陆划,,,考试/出版社：湖北人民/改编：邵劲之/绘画：唐明松等/75年4月1版1次64开/印数：35万定价：0.08元/市场交流价：/9品：8元/10品：15元,PaddlePaddle
纸条儿和纸条儿,纸条儿和纸条儿,,改编：华士明 绘画：杨雨青,,,改编：华士明,华士明,改编,绘画：杨雨青,杨雨青,绘画,,,,,,,,,,,,,江苏人民,江苏人民,,南京,7,1979,1版1次,64,32万,0.09,15,25,Ref002:76,单册：陆划,,,纸条儿和纸条儿/出版社：江苏人民/改编：华士明/绘画：杨雨青/79年7月1版1次64开/印数：32万定价：0.09元/市场交流价：/9品：15元/10品：25元,PaddlePaddle
纸条的故事,纸条的故事,,改编：青野 绘画：季源业季津业,,,改编：青野,青野,改编,绘画：季源业,季源业,绘画,绘画：季津业,季津业,绘画,,,,,,,,,,天津人民美术,天津人民美术,,天津,11,1978,1版1次,64,,0.1,10,20,Ref002:76,单册：陆划,,,纸条的故事/出版社：天津人民美术/改编：青野/绘画：季源业季津业/78年11月1版1次64开/印数：未详定价：0.10元/市场交流价：/9品：10元/10品：20元,PaddlePaddle
纸条儿的秘密,纸条儿的秘密,,改编：洪云 绘画：李子纯,,,改编：洪云,洪云,改编,绘画：李子纯,李子纯,绘画,,,,,,,,,,,,,辽宁美术,辽宁美术,,沈阳,10,1979,1版1次,64,40万,0.11,6,12,Ref002:76,单册：陆划,,,纸条儿的秘密/出版社：辽宁美术/改编：洪云/绘画：李子纯/79年10月1版1次64开/印数：40万定价：0.11元/市场交流价：/9品：6元/10品：12元,PaddlePaddle
李双双,李双双,,改编：陆仲坚 绘画：贺友直,,,改编：陆仲坚,陆仲坚,改编,绘画：贺友直,贺友直,绘画,,,,,,,,,,,,,上海人民,上海人民,,上海,12,1977,1版1次,64,,0.2,120,300,Ref002:76,单册：陆划,,,李双双/出版社：上海人民/改编：陆仲坚/绘画：贺友直/77年12月1版1次64开/印数：未详定价：0.20元/市场交流价：/9品：120元/10品：300元,PaddlePaddle
李大钊的故事,李大钊的故事,,改编：张建国 绘画：刘文甫乔文科,,,改编：张建国,张建国,改编,绘画：刘文甫,刘文甫,绘画,绘画：乔文科,乔文科,绘画,,,,,,,,,,河北美术,河北美术,,石家庄,4,1983,1版1次,64,5.86万,0.14,8,15,Ref002:76,单册：陆划,,,李大钊的故事/出版社：河北美术/改编：张建国/绘画：刘文甫乔文科/83年4月1版1次64开/印数：5.86万定价：0.14元/市场交流价：/9品：8元/10品：15元,PaddlePaddle
壮别天涯,壮别天涯,,改编：路青 绘画：朱振庚,,,改编：路青,路青,改编,绘画：朱振庚,朱振庚,绘画,,,,,,,,,,,,,江苏美术,江苏美术,,南京,10,1985,1版1次,64,,0.24,20,40,Ref002:76,单册：陆划,,,壮别天涯/出版社：江苏美术/改编：路青/绘画：朱振庚/85年10月1版1次64开/印数：未详定价：0.24元/市场交流价：/9品：20元/10品：40元,PaddlePaddle
红珊瑚腰刀,红珊瑚腰刀,,改编：集体 绘画：李明强,,,改编：集体,集体,改编,绘画：李明强,李明强,绘画,,,,,,,,,,,,,甘肃人民,甘肃人民,,兰州,9,1973,1版3次,60,70万,0.31,30,60,Ref002:76,单册：陆划,,,红珊瑚腰刀/出版社：甘肃人民/改编：集体/绘画：李明强/73年9月1版3次60开/印数：70万定价：0.31元/市场交流价：/9品：30元/10品：60元,PaddlePaddle
再见亲爱的祖国,再见亲爱的祖国,,编文：李成荣 绘画：沈在召柯玲等,,,编文：李成荣,李成荣,编文,绘画：沈在召,沈在召,绘画,绘画：柯玲,柯玲,绘画,绘画：等,等,绘画,,,,,,,福建人民,福建人民,,福州,8,1977,1版1次,60,,0.16,30,50,Ref002:77,单册：陆划,,,再见亲爱的祖国/出版社：福建人民/编文：李成荣/绘画：沈在召柯玲等/77年8月1版1次60开/印数：未详定价：0.16元/市场交流价：/9品：30元/10品：50元,PaddlePaddle
红珊瑚,红珊瑚,,改编：叶惠元 绘画：童介眉,,,改编：叶惠元,叶惠元,改编,绘画：童介眉,童介眉,绘画,,,,,,,,,,,,,人民美术,人民美术,,,2,1983,2版4次,64,42.2万,0.2,20,50,Ref002:77,单册：陆划,,,红珊瑚/出版社：人民美术/改编：叶惠元/绘画：童介眉/83年2月2版4次64开/印数：42.2万定价：0.20元/市场交流价：/9品：20元/10品：50元,PaddlePaddle
红红的雨花石,红红的雨花石,,改编：胡雁 绘画：邵劭,,,改编：胡雁,胡雁,改编,绘画：邵劭,邵劭,绘画,,,,,,,,,,,,,上海人民美术,上海人民美术,,上海,10,1980,1版1次,64,69万,0.16,10,20,Ref002:77,单册：陆划,,,红红的雨花石/出版社：上海人民美术/改编：胡雁/绘画：邵劭/80年10月1版1次64开/印数：69万定价：0.16元/市场交流价：/9品：10元/10品：20元,PaddlePaddle
红光礁夜战,红光礁夜战,,改编：郭盛林 绘画：瞿谷寒杨火才,,,改编：郭盛林,郭盛林,改编,绘画：瞿谷寒,瞿谷寒,绘画,绘画：杨火才,杨火才,绘画,,,,,,,,,,上海人民,上海人民,,上海,5,1977,1版1次,64,,0.12,8,20,Ref002:77,单册：陆划,,,红光礁夜战/出版社：上海人民/改编：郭盛林/绘画：瞿谷寒、杨火才/77年5月1版1次64开/印数：未详定价：0.12元/市场交流价：/9品：8元/10品：20元,PaddlePaddle
红梅,红梅,,改编：张永透 绘画：李合文继明,,,改编：张永透,张永透,改编,绘画：李合,李合,绘画,绘画：文继明,文继明,绘画,,,,,,,,,,人民,人民,,,6,1975,1版1次,60,,0.11,20,30,Ref002:77,单册：陆划,,,红梅/出版社：人民/改编：张永透/绘画：李合文继明/75年6月1版1次60开/印数：未详定价：0.11元/市场交流价：/9品：20元/10品：30元,PaddlePaddle
红旗谱（上下）,红旗谱,（上下）,编文：赵继良 绘画：胡振宇,,,编文：赵继良,赵继良,编文,绘画：胡振宇,胡振宇,绘画,,,,,,,,,,,,,上海人民,上海人民,,上海,6,1981,1版1次,64,17万,0.35,25（全套）,40,Ref002:77,单册：陆划,,,红旗谱(上下)/出版社：上海人民/编文：赵继良/绘画：胡振宇/81年6月1版1次64开/印数：17万定价：0.35元/市场交流价：/9品：25元（全套）/10品：40元,PaddlePaddle
红旗谱,红旗谱,,改编：尚羡智 绘画：王怀琪,,,改编：尚羡智,尚羡智,改编,绘画：王怀琪,王怀琪,绘画,,,,,,,,,,,,,河北人民,河北人民,,石家庄,6,1981,1版1次,64,23.1万,0.23,60,100,Ref002:77,单册：陆划,,,红旗谱/出版社：河北人民/改编：尚羡智/绘画：王怀琪/81年6月1版1次64开/印数：23.1万定价：0.23元/市场交流价：/9品：60元/10品：100元,PaddlePaddle
“老”游击队员,“老”游击队员,,编文：赖平等 绘画：俞梦彦,,,编文：赖平,赖平,编文,编文：等,等,编文,绘画：俞梦彦,俞梦彦,绘画,,,,,,,,,,浙江人民,浙江人民,,杭州,5,1972,1版2次,60,,0.07,20,40,Ref002:77,单册：陆划,,,6 “老”游击队员/出版社：浙江人民/编文：赖平等/绘画：俞梦彦/72年5月1版2次60开/印数：未详定价：0.07元/市场交流价：/9品：20元/10品：40元,PaddlePaddle
红嫂,红嫂,,改编：蓝翔 绘画：钱贵荪,,,改编：蓝翔,蓝翔,改编,绘画：钱贵荪,钱贵荪,绘画,,,,,,,,,,,,,上海人民美术,上海人民美术,,上海,1,1984,2版3次,60,35.5万,0.14,40,90,Ref002:78,单册：陆划,,,G 红嫂/出版社：上海人民美术/改编：蓝翔/绘画：钱贵荪/84年1月2版3次60开/印数：35.5万定价：0.14元/市场交流价：/9品：40元/10品：90元,PaddlePaddle
西安事变,西安事变,,改编：马启莱等 绘画：沈加蔚王兰,,,改编：马启莱,马启莱,改编,改编：等,等,改编,绘画：沈加蔚,沈加蔚,绘画,绘画：王兰,王兰,绘画,,,,,,,辽宁美术,辽宁美术,,沈阳,6,1982,1版1次,64,43.1万,0.24,25,40,Ref002:78,单册：陆划,,,西安事变/出版社：辽宁美术/改编：马启莱等/绘画：沈加蔚王兰/82年6月1版1次64开/印数：43.1万定价：0.24元/市场交流价：/9品：25元/10品：40元,PaddlePaddle
西双版纳的故事,西双版纳的故事,,改编：刘治贵等 绘画：白德松葛明艺,,,改编：刘治贵,刘治贵,改编,改编：等,等,改编,绘画：白德松,白德松,绘画,绘画：葛明艺,葛明艺,绘画,,,,,,,四川人民、人民美术,四川人民,人民美术,,2,1978,1版1次,64,100万,0.16,10,20,Ref002:78,单册：陆划,,Publisher_sic.,西双版纳的故事/出版社：四川人民人民美术/改编：刘治贵等/绘画：白德松葛明艺/78年2月1版1次64开/印数：100万定价：0.16元/市场交流价：/9品：10元/10品：20元,PaddlePaddle
西线轶事,西线轶事,,编文：吉国祥 绘画：赵文元,,,编文：吉国祥,吉国祥,编文,绘画：赵文元,赵文元,绘画,,,,,,,,,,,,,上海人民美术,上海人民美术,,上海,5,1983,1版1次,64,38万,0.16,10,20,Ref002:78,单册：陆划,,,西线轶事/出版社：上海人民美术/编文：吉国祥/绘画：赵文元/83年5月1版1次64开/印数：38万定价：0.16元/市场交流价：/9品：10元/10品：20元,PaddlePaddle
夺印,夺印,,改编：蒋淑均 绘画：林锴,,,改编：蒋淑均,蒋淑均,改编,绘画：林锴,林锴,绘画,,,,,,,,,,,,,人民美术,人民美术,,,7,1978,2版2次,60,110万,0.19,50,100,Ref002:78,单册：陆划,,,夺印/出版社：人民美术/改编：蒋淑均/绘画：林锴/78年7月2版2次60开/印数：110万定价：0.19元/市场交流价：/9品：50元/10品：100元,PaddlePaddle
夺印,夺印,,改编：黄奕如 绘画：徐进孙愚,,,改编：黄奕如,黄奕如,改编,绘画：徐进,徐进,绘画,绘画：孙愚,孙愚,绘画,,,,,,,,,,上海人民美术,上海人民美术,,上海,11,1977,1版1次,64,,0.17,50,150,Ref002:78,单册：陆划,,,夺印/出版社：上海人民美术/改编：黄奕如/绘画：徐进孙愚/77年11月1版1次64开/印数：未详定价：0.17元/市场交流价：/9品：50元/10品：150元,PaddlePaddle
危急时刻,危急时刻,,改编：戴安常 绘画：周良知,,,改编：戴安常,戴安常,改编,绘画：周良知,周良知,绘画,,,,,,,,,,,,,四川人民,四川人民,,成都,4,1983,1版1次,64,31.2万,0.11,10,20,Ref002:78,单册：陆划,,,危急时刻/出版社：四川人民/改编：戴安常/绘画：周良知/83年4月1版1次64开/印数：31.2万 定价：0.11元/市场交流价：/9品：10元/10品：20元,PaddlePaddle
许茂和他的女儿们（上下）,许茂和他的女儿们,（上下）,改编：吴文焕 绘画：胡震国王守中,,,改编：吴文焕,吴文焕,改编,绘画：胡震国,胡震国,绘画,绘画：王守中,王守中,绘画,,,,,,,,,,上海人民美术,上海人民美术,,上海,9,1983,1版1次,64,6.2万,0.34,30（全套）,60,Ref002:78,单册：陆划,,,许茂和他的女儿们（上下）/出版社：上海人民美术/改编：吴文焕/绘画：胡震国 王守中/83年9月1版1次64开/印数：6.2万定价：0.34元/市场交流价：/9品：30元（全套）/10品：60元,PaddlePaddle
刑场婚礼,刑场婚礼,,编文：吴戈 绘画：乐涛,,,编文：吴戈,吴戈,编文,绘画：乐涛,乐涛,绘画,,,,,,,,,,,,,人民美术,人民美术,,,6,1982,1版1次,64,26万,0.25,10,15,Ref002:79,单册：陆划,,,刑场婚礼/出版社：人民美术/编文：吴戈/绘画：乐涛/82年6月1版1次64开/印数：26万定价：0.25元/市场交流价：/9品：10元/10品：15元,PaddlePaddle
刑场上的婚礼,刑场上的婚礼,,改编：丁国联 绘画：叶雄,,,改编：丁国联,丁国联,改编,绘画：叶雄,叶雄,绘画,,,,,,,,,,,,,上海人民美术,上海人民美术,,上海,11,1981,1版1次,64,55万,0.18,15,30,Ref002:79,单册：陆划,,,刑场上的婚礼/出版社：上海人民美术/改编：丁国联/绘画：叶 雄/81年11月1版1次64开/印数：55万定价：0.18元/市场交流价：/9品：15元/10品：30元,PaddlePaddle
地质之光,地质之光,,改编：王计祥 绘画：陶穗洪,,,改编：王计祥,王计祥,改编,绘画：陶穗洪,陶穗洪,绘画,,,,,,,,,,,,,广东人民,广东人民,,广州,2,1980,1版1次,64,,0.13,5,10,Ref002:79,单册：陆划,,,地质之光/出版社：广东人民/改编：王计祥/绘画：陶穗洪/80年2月1版1次64开/印数：未详定价：0.13元/市场交流价：/9品：5元/10品：10元,PaddlePaddle
地下航线,地下航线,,改编：李政民 绘画：陈云华,,,改编：李政民,李政民,改编,绘画：陈云华,陈云华,绘画,,,,,,,,,,,,,上海人民美术,上海人民美术,,上海,1,1984,1版1次,64,86.5万,0.15,35,80,Ref002:79,单册：陆划,,,地下航线/出版社：上海人民美术/改编：李政民/绘画：陈云华/84年1月1版1次64开/印数：86.5万定价：0.15元/市场交流价：/9品：35元/10品：80元,PaddlePaddle
许凤,许凤,,编文：集体 绘画：集体,,,编文：集体,集体,编文,绘画：集体,集体,绘画,,,,,,,,,,,,,浙江人民,浙江人民,,杭州,4,1979,1版2次,60,,0.24,80,200,Ref002:79,单册：陆划,,,0/许凤/出版社：浙江人民/编文：集体/绘画：集体/79年4月1版2次60开/印数：未详定价：0.24元/市场交流价：/9品：80元/10品：200元,PaddlePaddle
回民支队（上下）,回民支队,（上下）,编文：刘树强 绘画：夏连雨陈洪亮,,,编文：刘树强,刘树强,编文,绘画：夏连雨,夏连雨,绘画,绘画：陈洪亮,陈洪亮,绘画,,,,,,,,,,河北美术,河北美术,,石家庄,6,1982,1版1次,64,42万,,25,40,Ref002:79,单册：陆划,,,回民支队（上下）/出版社：河北美术/编文：刘树强/绘画：夏连雨陈洪亮/82年6月1版1次64开/印数：42万/市场交流价：/9品：25元/10品：40元,PaddlePaddle
回民支队,回民支队,,改编：黄若谷 绘画：景启民,,,改编：黄若谷,黄若谷,改编,绘画：景启民,景启民,绘画,,,,,,,,,,,,,天津人民美术,天津人民美术,,天津,3,1979,1版1次,60,40万,0.21,40,80,Ref002:79,单册：陆划,,,回民支队/出版社：天津人民美术/改编：黄若谷/绘画：景启民/79年3月1版1次60开/印数：40万定价：0.21元/市场交流价：/9品：40元/10品：80元,PaddlePaddle
并蒂莲,并蒂莲,,改编：王海燕 绘画：王可伟,,,改编：王海燕,王海燕,改编,绘画：王可伟,王可伟,绘画,,,,,,,,,,,,,人民美术,人民美术,,,7,1985,1版1次,64,5.7万,0.23,8,15,Ref002:79,单册：陆划,,,并蒂莲/出版社：人民美术/改编：王海燕/绘画：王可伟/85年7月1版1次64开/印数：5.7万定价：0.23元/市场交流价：/9品：8元/10品：15元,PaddlePaddle
在和平的日子里,在和平的日子里,,改编：赵福昌 绘画：金立德,,,改编：赵福昌,赵福昌,改编,绘画：金立德,金立德,绘画,,,,,,,,,,,,,上海人民美术,上海人民美术,,上海,4,1983,1版1次,64,12万,0.25,10,20,Ref002:80,单册：陆划,,,在和平的日子里/出版社：上海人民美术/改编：赵福昌/绘画：金立德/83年4月1版1次64开/印数：12万定价：0.25元/市场交流价：/9品：10元/10品：20元,PaddlePaddle
在燃烧的大地上,在燃烧的大地上,,改编：刘耀祥 绘画：刘建平,,,改编：刘耀祥,刘耀祥,改编,绘画：刘建平,刘建平,绘画,,,,,,,,,,,,,天津人民美术,天津人民美术,,天津,9,1978,1版1次,64,,0.12,10,20,Ref002:80,单册：陆划,,,在燃烧的大地上/出版社：天津人民美术/改编：刘耀祥/绘画：刘建平/78年9月1版1次64开/印数：未详定价：0.12元/市场交流价：/9品：10元/10品：20元,PaddlePaddle
在没有航标的河流上,在没有航标的河流上,,改编：大鲁 绘画：殷恩光,,,改编：大鲁,大鲁,改编,绘画：殷恩光,殷恩光,绘画,,,,,,,,,,,,,上海人民美术,上海人民美术,,上海,9,1983,1版1次,64,11万,0.18,8,15,Ref002:80,单册：陆划,,,在没有航标的河流上/出版社：上海人民美术/改编：大鲁/绘画：殷恩光/83年9月1版1次64开/印数：11万定价：0.18元/市场交流价：/9品：8元/10品：15元,PaddlePaddle
在大熊猫的故乡,在大熊猫的故乡,,编文：袁林 绘画：李蔷生,,,编文：袁林,袁林,编文,绘画：李蔷生,李蔷生,绘画,,,,,,,,,,,,,上海人民美术,上海人民美术,,上海,5,1979,1版1次,64,30万,0.11,15,30,Ref002:80,单册：陆划,,,在大熊猫的故乡/出版社：上海人民美术/编文：袁林/绘画：李蔷生/79年5月1版1次64开/印数：30万定价：0.11元/市场交流价：/9品：15元/10品：30元,PaddlePaddle
在彭总身边,在彭总身边,,改编：丁可 绘画：童道容,,,改编：丁可,丁可,改编,绘画：童道容,童道容,绘画,,,,,,,,,,,,,人民美术,人民美术,,,3,1985,1版1次,60,4万,0.25,40,60,Ref002:80,单册：陆划,,,在彭总身边/出版社：人民美术/改编：丁可/绘画：童道容/85年3月1版1次60开/印数：4万定价：0.25元/市场交流价：/9品：40元/10品：60元,PaddlePaddle
血染的爱,血染的爱,,改编：白木 绘画：何绍教杨涤江等,,,改编：白木,白木,改编,绘画：何绍教,何绍教,绘画,绘画：杨涤江,杨涤江,绘画,绘画：等,等,绘画,,,,,,,黑龙江美术,黑龙江美术,,哈尔滨,1,1985,1版1次,64,22.19万,0.3,10,15,Ref002:80,单册：陆划,,,血染的爱/出版社：黑龙江美术/改编：白木/绘画：何绍教杨涤江等/85年1月1版1次64开/印数：22.19万定价：0.3元/市场交流价：/9品：10元/10品：15元,PaddlePaddle
江边的故事,江边的故事,,改编：士明 绘画：时卫平,,,改编：士明,士明,改编,绘画：时卫平,时卫平,绘画,,,,,,,,,,,,,江苏美术,江苏美术,,南京,12,1984,1版1次,64,31万,0.14,20,40,Ref002:80,单册：陆划,,,江边的故事/出版社：江苏美术/改编：士明/绘画：时卫平/84年12月1版1次64开/印数：31万定价：0.14元/市场交流价：/9品：20元/10品：40元,PaddlePaddle
血染法卡山,血染法卡山,,改编：时永福 绘画：陈玉先,,,改编：时永福,时永福,改编,绘画：陈玉先,陈玉先,绘画,,,,,,,,,,,,,人民美术,人民美术,,,6,1982,1版1次,64,106万,0.15,10,20,Ref002:80,单册：陆划,,,血染法卡山/出版社：人民美术/改编：时永福/绘画：陈玉先/82年6月1版1次64开/印数：106万定价：0.15元/市场交流价：/9品：10元/10品：20元,PaddlePaddle
老二黑离婚,老二黑离婚,,改编：王春燕 绘画：张万夫周建夫,,,改编：王春燕,王春燕,改编,绘画：张万夫,张万夫,绘画,绘画：周建夫,周建夫,绘画,,,,,,,,,,天津人民美术,天津人民美术,,天津,6,1983,1版1次,64,13.347万,0.12,5,15,Ref002:81,单册：陆划,,,老二黑离婚/出版社：天津人民美术/改编：王春燕/绘画：张万夫周建夫/83年6月1版1次64开/印数：13.347万定价：0.12元/市场交流价：/9品：5元/10品：15元,PaddlePaddle
老三姐,老三姐,,改编：庄努 绘画：徐佳龙,,,改编：庄努,庄努,改编,绘画：徐佳龙,徐佳龙,绘画,,,,,,,,,,,,,四川人民,四川人民,,成都,11,1984,1版1次,64,12.8万,0.18,5,15,Ref002:81,单册：陆划,,,老三姐/出版社：四川人民/改编：庄努/绘画：徐佳龙/84年11月1版1次64开/印数：12.8万定价：0.18元/市场交流价：/9品：5元/10品：15元,PaddlePaddle
老山追匪,老山追匪,,改编：王志梧 绘画：刘文国李先志,,,改编：王志梧,王志梧,改编,绘画：刘文国,刘文国,绘画,绘画：李先志,李先志,绘画,,,,,,,,,,广西人民,广西人民,,南宁,3,1979,1版1次,64,35万,0.09,5,10,Ref002:81,单册：陆划,,,老山追匪/出版社：广西人民/改编：王志梧/绘画：刘文国李先志/79年3月1版1次64开/印数：35万定价：0.09元/市场交流价：/9品：5元/10品：10元,PaddlePaddle
吉鸿昌,吉鸿昌,,改编：石在 绘画：黄云松郑凯军,,,改编：石在,石在,改编,绘画：黄云松,黄云松,绘画,绘画：郑凯军,郑凯军,绘画,,,,,,,,,,浙江人民美术,浙江人民美术,,杭州,4,1980,1版1次,64,80万,0.21,15,30,Ref002:81,单册：陆划,,,吉鸿昌/出版社：浙江人民美术/改编：石在/绘画：黄云松郑凯军/80年4月1版1次64开/印数：80万定价：0.21元/市场交流价：/9品：15元/10品：30元,PaddlePaddle
江姐,江姐,,改编：火华金凤 绘画：胡博综,,,改编：火华,火华,改编,改编：金凤,金凤,改编,绘画：胡博综,胡博综,绘画,,,,,,,,,,天津人民美术,天津人民美术,,天津,4,1979,1版1次,64,15万,0.15,20,50,Ref002:81,单册：陆划,,Sic._Author_Core_2,江姐/出版社：天津人民美术/改编：火华金凤/绘画：胡博综/79年4月1版1次64开/印数：15万定价：0.15元/市场交流价：/9品：20元/10品：50元,PaddlePaddle
江湾疑案,江湾疑案,,改编：祝棠 绘画：施胜辰,,,改编：祝棠,祝棠,改编,绘画：施胜辰,施胜辰,绘画,,,,,,,,,,,,,未来,未来,,西安,8,1985,1版1次,64,35万,0.32,3,5,Ref002:81,单册：陆划,,,江湾疑案/出版社：未来/改编：祝棠/绘画：施胜辰/85年8月1版1次64开/印数：35万定价：0.32元/市场交流价：/9品：3元/10品：5元,PaddlePaddle
创业史（上下）,创业史,（上下）,改编：刘四成 绘画：庞先健,,,改编：刘四成,刘四成,改编,绘画：庞先健,庞先健,绘画,,,,,,,,,,,,,上海人民美术,上海人民美术,,上海,9,1982,1版1次,64,13万,0.34,20,35,Ref002:81,单册：陆划,,,创业史（上下）/出版社：上海人民美术/改编：刘四成/绘画：庞先健/82年9月1版1次64开/印数：13万定价：0.34元/市场交流价：/9品：20元/10品：35元,PaddlePaddle
阮氏丁香,阮氏丁香,,改编：孙逸文 绘画：乐明祥,,,改编：孙逸文,孙逸文,改编,绘画：乐明祥,乐明祥,绘画,,,,,,,,,,,,,天津人民美术,天津人民美术,,天津,3,1984,1版1次,64,17.59万,0.15,4,8,Ref002:81,单册：陆划,,,阮氏丁香/出版社：天津人民美术/改编：孙逸文/绘画：乐明祥/84年3月1版1次64开/印数：17.59万定价：0.15元/市场交流价：/9品：4元/10品：8元,PaddlePaddle
尖刀连,尖刀连,,改编：杨志远 绘画：李恩远,,,改编：杨志远,杨志远,改编,绘画：李恩远,李恩远,绘画,,,,,,,,,,,,,辽宁人民,辽宁人民,,沈阳,5,1979,1版1次,64,1.5万,0.14,25,45,Ref002:82,单册：陆划,,,尖刀连/出版社：辽宁人民/改编：杨志远/绘画：李恩远/79年5月1版1次64开/印数：1.5万定价：0.14元/市场交流价：/9品：25元/10品：45元,PaddlePaddle
决裂了的爱情,决裂了的爱情,,改编：李日君等 绘画：王启民刘泽文,,,改编：李日君,李日君,改编,改编：等,等,改编,绘画：王启民,王启民,绘画,绘画：刘泽文,刘泽文,绘画,,,,,,,山东人民,山东人民,,济南,5,1981,1版1次,64,56万,0.14,5,10,Ref002:82,单册：陆划,,,决裂了的爱情/出版社：山东人民/改编：李日君等/绘画：王启民刘泽文/81年5月1版1次64开/印数：56万定价：0.14元/市场交流价：/9品：5元/10品：10元,PaddlePaddle
进军九峰山,进军九峰山,,改编：孔临川 绘画：李希广孙明,,,改编：孔临川,孔临川,改编,绘画：李希广,李希广,绘画,绘画：孙明,孙明,绘画,,,,,,,,,,黑龙江人民,黑龙江人民,,哈尔滨,1,1980,1版1次,64,27万,0.14,5,8,Ref002:82,单册：陆划,,,进军九峰山/出版社：黑龙江人民/改编：孔临川/绘画：李希广孙明/80年1月1版1次64开/印数：27万定价0.14元/市场交流价：/9品：5元/10品：8元,PaddlePaddle
寻找地下党,寻找地下党,,改编：王玉成等 绘画：刘宝平,,,改编：王玉成,王玉成,改编,改编：等,等,改编,绘画：刘宝平,刘宝平,绘画,,,,,,,,,,内蒙古人民,内蒙古人民,,呼和浩特市,9,1983,1版1次,64,14.1万,0.12,4,6,Ref002:82,单册：陆划,,,寻找地下党/出版社：内蒙古人民/改编：王玉成等/绘画：刘宝平/83年9月1版1次64开/印数：14.1万定价：0.12元/市场交流价：/9品：4元/10品：6元,PaddlePaddle
好医生铁木尔,好医生铁木尔,,改编：梁瑞林 绘画：燕琳,,,改编：梁瑞林,梁瑞林,改编,绘画：燕琳,燕琳,绘画,,,,,,,,,,,,,青海人民,青海人民,,西宁,1,1986,1版1次,64,0.3万,0.3,15,25,Ref002:82,单册：陆划,,,好医生铁木尔/出版社：青海人民/改编：梁瑞林/绘画：燕琳/86年1月1版1次64开/印数：0.3万 定价：0.30元/市场交流价：/9品：15元/10品：25元,PaddlePaddle
巡道工,巡道工,,改编：杨兆林 绘画：成立,,,改编：杨兆林,杨兆林,改编,绘画：成立,成立,绘画,,,,,,,,,,,,,上海人民美术,上海人民美术,,上海,4,1978,1版1次,64,,0.1,8,20,Ref002:82,单册：陆划,,,巡道工/出版社：上海人民美术/改编：杨兆林/绘画：成立/78年4月1版1次64开/印数：未详定价：0.10元/市场交流价：/9品：8元/10品：20元,PaddlePaddle
冲锋号,冲锋号,,改编：张中河 绘画：集体,,,改编：张中河,张中河,改编,绘画：集体,集体,绘画,,,,,,,,,,,,,天津人民美术,天津人民美术,,天津,7,1977,1版1次,64,,0.1,8,15,Ref002:82,单册：陆划,,,冲锋号/出版社：天津人民美术/改编：张中河/绘画：集体/77年7月1版1次64开/印数：未详定价：0.10元/市场交流价：/9品：8元/10品：15元,PaddlePaddle
会说话的琴轴,会说话的琴轴,,改编：刘一兵 绘画：韩书力,,,改编：刘一兵,刘一兵,改编,绘画：韩书力,韩书力,绘画,,,,,,,,,,,,,人民美术,人民美术,,,12,1978,1版1次,64,80万,0.13,10,25,Ref002:82,单册：陆划,,,会说话的琴轴/出版社：人民美术/改编：刘一兵/绘画：韩书力/78年12月1版1次64开/印数：80万定价：0.13元/市场交流价：/9品：10元/10品：25元,PaddlePaddle
安东卫连,安东卫连,,改编：集体 绘画：李人毅,,,改编：集体,集体,改编,绘画：李人毅,李人毅,绘画,,,,,,,,,,,,,辽宁人民,辽宁人民,,沈阳,8,1973,1版1次,64,140万,0.14,15,30,Ref002:83,单册：陆划,,,安东卫连/出版社：辽宁人民/改编：集体/绘画：李人毅/73年8月1版1次64开/印数：140万定价：0.14元/市场交流价：/9品：15元/10品：30元,PaddlePaddle
模范民兵营长孙天柱,模范民兵营长孙天柱,,改编：袁伟等 绘画：王西京于永锦,,,改编：袁伟,袁伟,改编,改编：等,等,改编,绘画：王西京,王西京,绘画,绘画：于永锦,于永锦,绘画,,,,,,,陕西人民,陕西人民,,西安,5,1979,1版1次,64,,0.15,15,30,Ref002:83,单册：陆划,,,模范民兵营长孙天柱/出版社：陕西人民/改编：袁伟等/绘画：王西京于永锦/79年5月1版1次64开/印数：未详定价：0.15元/市场交流价：/9品：15元/10品：30元,PaddlePaddle
百万富翁林汤元,百万富翁林汤元,,改编：李果 绘画：王以时姚渝永等,,,改编：李果,李果,改编,绘画：王以时,王以时,绘画,绘画：姚渝永,姚渝永,绘画,绘画：等,等,绘画,,,,,,,重庆,重庆,,重庆,1,1983,1版1次,64,29.9万,0.29,8,15,Ref002:83,单册：陆划,,,百万富翁林汤元/出版社：重庆/改编：李果/绘画：王以时姚渝永等/83年1月1版1次64开/印数：29.9万定价：0.29元/市场交流价：/9品：8元/10品：15元,PaddlePaddle
西沙行,西沙行,,改编：李庆奎 绘画：黄云松,,,改编：李庆奎,李庆奎,改编,绘画：黄云松,黄云松,绘画,,,,,,,,,,,,,天津人民美术,天津人民美术,,天津,9,1978,1版1次,64,,0.22,8,20,Ref002:83,单册：陆划,,,西沙行/出版社：天津人民美术/改编：李庆奎/绘画：黄云松/78年9月1版1次64开/印数：未详定价：0.22元/市场交流价：/9品：8元/10品：20元,PaddlePaddle
向北方,向北方,,改编：杨根相 绘画：沈悌如,,,改编：杨根相,杨根相,改编,绘画：沈悌如,沈悌如,绘画,,,,,,,,,,,,,上海人民美术,上海人民美术,,上海,9,1983,2版5次,60,48.5万,0.13,12,20,Ref002:83,单册：陆划,,,向北方/出版社：上海人民美术/改编：杨根相/绘画：沈悌如/83年9月2版5次60开/印数：48.5万 定价：0.13元/市场交流价：/9品：12元/10品：20元,PaddlePaddle
伪君子,伪君子,,改编：任宝贤 绘画：孙愚,,,改编：任宝贤,任宝贤,改编,绘画：孙愚,孙愚,绘画,,,,,,,,,,,,,人民美术,人民美术,,,3,1985,1版1次,64,34万,0.15,10,20,Ref002:83,单册：陆划,,,伪君子/出版社：人民美术/改编：任宝贤/绘画：孙愚/85年3月1版1次64开/印数：34万定价：0.15元/市场交流价：/9品：10元/10品：20元,PaddlePaddle
伪君子,伪君子,,改编：刘耀中 绘画：胡克文,,,改编：刘耀中,刘耀中,改编,绘画：胡克文,胡克文,绘画,,,,,,,,,,,,,上海人民美术,上海人民美术,,上海,8,1984,1版1次,64,22.9万,0.22,15,40,Ref002:83,单册：陆划,,,伪君子/出版社：上海人民美术/改编：刘耀中/绘画：胡克文/84年8月1版1次64开/印数：22.9万定价：0.22元/市场交流价：/9品：15元/10品：40元,PaddlePaddle
伪君子,伪君子,,改编：丁立平 绘画：聂秀功,,,改编：丁立平,丁立平,改编,绘画：聂秀功,聂秀功,绘画,,,,,,,,,,,,,江苏人民,江苏人民,,南京,8,1982,1版1次,64,29.3万,0.17,8,15,Ref002:83,单册：陆划,,,伪君子/出版社：江苏人民/改编：丁立平/绘画：聂秀功/82年8月1版1次64开/印数：29.3万定价：0.17元/市场交流价：/9品：8元/10品：15元,PaddlePaddle
鞋匠的儿子–安徒生,鞋匠的儿子–安徒生,,改编：王恩国 绘画：姚向东袁殿民,,,改编：王恩国,王恩国,改编,绘画：姚向东,姚向东,绘画,绘画：袁殿民,袁殿民,绘画,,,,,,,,,,辽宁美术,辽宁美术,,沈阳,11,1981,1版1次,64,21万,0.12,5,10,Ref002:84,单册：陆划,,,鞋匠的儿子一安徒生/出版社：辽宁美术/改编：王恩国/绘画：姚向东 袁殿民/81年11月1版1次64开/印数：21万定价：0.12元/市场交流价：/9品：5元/10品：10元,PaddlePaddle
安徒生,安徒生,,改编：陈积奖 绘画：谢颖,,,改编：陈积奖,陈积奖,改编,绘画：谢颖,谢颖,绘画,,,,,,,,,,,,,上海人民美术,上海人民美术,,上海,11,1981,1版1次,64,26万,0.15,8,15,Ref002:84,单册：陆划,,,安徒生/出版社：上海人民美术/改编：陈积奖/绘画：谢 颖/81年11月1版1次64开/印数：26万定价：0.15元/市场交流价：/9品：8元/10品：15元,PaddlePaddle
这里的黎明静悄悄,这里的黎明静悄悄,,改编：华阳 绘画：马光剑刘学伦,,,改编：华阳,华阳,改编,绘画：马光剑,马光剑,绘画,绘画：刘学伦,刘学伦,绘画,,,,,,,,,,四川少年儿童,四川少年儿童,,成都,5,1984,1版1次,64,,0.26,10,20,Ref002:84,单册：陆划,,,这里的黎明静悄悄/出版社：四川少年儿童/改编：华阳/绘画：马光剑刘学伦/84年5月1版1次64开/印数：未详定价：0.26元/市场交流价：/9品：10元/10品：20元,PaddlePaddle
这里的黎明静悄悄,这里的黎明静悄悄,,改编：浅草 绘画：雨中肖田等,,,改编：浅草,浅草,改编,绘画：雨中,雨中,绘画,绘画：肖田,肖田,绘画,绘画：等,等,绘画,,,,,,,江苏美术,江苏美术,,南京,5,1984,1版1次,64,25.61万,0.42,15,30,Ref002:84,单册：陆划,,"Sic._Author_Core_2, Author_Core_3",这里的黎明静悄悄/出版社：江苏美术/改编：浅草/绘画：雨中肖 田等/84年5月1版1次64开/印数：25.61万定价：0.42元/市场交流价：/9品：15元/10品：30元,PaddlePaddle
老古玩店,老古玩店,,改编：刘志成 绘画：徐锡林,,,改编：刘志成,刘志成,改编,绘画：徐锡林,徐锡林,绘画,,,,,,,,,,,,,人民美术,人民美术,,,4,1985,1版1次,64,10万,0.41,20,50,Ref002:84,单册：陆划,,,老古玩店/出版社：人民美术/改编：刘志成/绘画：徐锡林/85年4月1版1次64开/印数：10万定价：0.41元/市场交流价：/9品：20元/10品：50元,PaddlePaddle
老人与海,老人与海,,改编：周元骏 绘画：雷德祖,,,改编：周元骏,周元骏,改编,绘画：雷德祖,雷德祖,绘画,,,,,,,,,,,,,上海人民美术,上海人民美术,,上海,10,1984,1版1次,64,17.3万,0.18,30,60,Ref002:84,单册：陆划,,,老人与海/出版社：上海人民美术/改编：周元骏/绘画：雷德祖/84年10月1版1次64开/印数：17.3万定价：0.18元/市场交流价：/9品：30元/10品：60元,PaddlePaddle
机器岛,机器岛,,改编：禾生 绘画：黄云松张昌洵,,,改编：禾生,禾生,改编,绘画：黄云松,黄云松,绘画,绘画：张昌洵,张昌洵,绘画,,,,,,,,,,岭南美术,岭南美术,,广州,4,1988,1版1次,64,,0.51,20,30,Ref002:84,单册：陆划,,,机器岛/出版社：岭南美术/改编：禾生/绘画：黄云松张昌洵/88年4月1版1次64开/印数：未详定价：0.51元/市场交流价：/9品：20元/10品：30元,PaddlePaddle
机器岛,机器岛,,改编：张晓峰 绘画：李木林李树基,,,改编：张晓峰,张晓峰,改编,绘画：李木林,李木林,绘画,绘画：李树基,李树基,绘画,,,,,,,,,,黑龙江科学技技术,黑龙江科学技技术,,,3,1983,1版1次,64,6.7万,0.36,15,25,Ref002:84,单册：陆划,,,机器岛/出版社：黑龙江科学技技术/改编：张晓峰/绘画：李木林李树基/83年3月1版1次64开/印数：6.7万定价：0.36元/市场交流价：/9品：15元/10品：25元,PaddlePaddle
伊利亚特的故事（上）,伊利亚特的故事,（上）,改编：徐涂 绘画：庞邦本等,,,改编：徐涂,徐涂,改编,绘画：庞邦本,庞邦本,绘画,绘画：等,等,绘画,,,,,,,,,,人民美术,人民美术,,,6,1984,1版1次,60,17万,0.66,,,Ref002:85,单册：陆划,,,伊利亚特的故事（上）/出版社：人民美术/改编：徐涂/绘画：庞邦本等/84年6月1版1次60开/印数：17万定价：0.66元,PaddlePaddle
伊利亚特的故事（下）,伊利亚特的故事,（下）,改编：徐涂 绘画：庞邦本等,,,改编：徐涂,徐涂,改编,绘画：庞邦本,庞邦本,绘画,绘画：等,等,绘画,,,,,,,,,,人民美术,人民美术,,,6,1984,1版1次,60,17万,0.66,50（全套）,80,Ref002:85,单册：陆划,,,伊利亚特的故事（下）/出版社：人民美术/改编：徐涂/绘画：庞邦本等/84年6月1版1次60开/印数：17万定价：0.66元/市场交流价：/9品：50元（全套）/10品：80元,PaddlePaddle
危险的路（上）,危险的路,（上）,改编：谷斯涌 绘画：徐锡林,,,改编：谷斯涌,谷斯涌,改编,绘画：徐锡林,徐锡林,绘画,,,,,,,,,,,,,人民美术,人民美术,,,11,1987,1版1次,64,2.2万,0.84,,,Ref002:85,单册：陆划,,,危险的路(上)/出版社：人民美术/改编：谷斯涌/绘画：徐锡林/87年11月1版1次64开/印数：2.2万定价：0.84元,PaddlePaddle
危险的路（下）,危险的路,（下）,改编：谷斯涌 绘画：徐锡林,,,改编：谷斯涌,谷斯涌,改编,绘画：徐锡林,徐锡林,绘画,,,,,,,,,,,,,人民美术,人民美术,,,11,1987,1版1次,64,2.2万,0.84,60（全套）,100,Ref002:85,单册：陆划,,,危险的路（下)/出版社：人民美术/改编：谷斯涌/绘画：徐锡林/87年11月1版1次64开/印数：2.2万定价：0.84元/市场交流价：/9品：60元（全套）/10品：100元,PaddlePaddle
百万英镑,百万英镑,,改编：竺少华 绘画：殷光宇,,,改编：竺少华,竺少华,改编,绘画：殷光宇,殷光宇,绘画,,,,,,,,,,,,,上海人民美术,上海人民美术,,上海,2,1982,1版1次,64,45万,0.14,15,30,Ref002:85,单册：陆划,,,百万英镑/出版社：上海人民美术/改编：竺少华/绘画：殷光宇/82年2月1版1次64开/印数：45万定价：0.14元/市场交流价：/9品：15元/10品：30元,PaddlePaddle
阴谋和爱情,阴谋和爱情,,改编：大鲁 绘画：江云,,,改编：大鲁,大鲁,改编,绘画：江云,江云,绘画,,,,,,,,,,,,,上海人民美术,上海人民美术,,上海,9,1983,1版1次,64,36.5万,0.18,8,15,Ref002:85,单册：陆划,,,阴谋和爱情/出版社：上海人民美术/改编：大鲁/绘画：江云/83年9月1版1次64开/印数：36.5万定价：0.18元/市场交流价：/9品：8元/10品：15元,PaddlePaddle
在金皇冠的阴影下,在金皇冠的阴影下,,改编：沈良其 绘画：费嘉,,,改编：沈良其,沈良其,改编,绘画：费嘉,费嘉,绘画,,,,,,,,,,,,,上海人民美术,上海人民美术,,上海,12,1984,1版1次,64,15.3万,0.16,10,20,Ref002:85,单册：陆划,,,在金皇冠的阴影下/出版社：上海人民美术/改编：沈良其/绘画：费嘉/84年12月1版1次64开/印数：15.3万 定价：0.16元/市场交流价：/9品：10元/10品：20元,PaddlePaddle
地球仍在转动,地球仍在转动,,改编：张志光 绘画：洪白云等,,,改编：张志光,张志光,改编,绘画：洪白云,洪白云,绘画,绘画：等,等,绘画,,,,,,,,,,岭南美术,岭南美术,,广州,10,1982,1版1次,64,9.4万,0.16,10,20,Ref002:85,单册：陆划,,,地球仍在转动/出版社：岭南美术/改编：张志光/绘画：洪白云等/82年10月1版1次64开/印数：9.4万定价：0.16元/市场交流价：/9品：10元/10品：20元,PaddlePaddle
血与沙,血与沙,,改编：任宝贤 绘画：汪晓曙,,,改编：任宝贤,任宝贤,改编,绘画：汪晓曙,汪晓曙,绘画,,,,,,,,,,,,,人民美术,人民美术,,,9,1987,1版1次,64,2.7万,0.65,30,60,Ref002:86,单册：陆划,,,血与沙/出版社：人民美术/改编：任宝贤/绘画：汪晓曙/87年9月1版1次64开/印数：2.7万定价：0.65元/市场交流价：/9品：30元/10品：60元,PaddlePaddle
邦斯舅舅,邦斯舅舅,,改编：陆和荪 绘画：李坦克李建群,,,改编：陆和荪,陆和荪,改编,绘画：李坦克,李坦克,绘画,绘画：李建群,李建群,绘画,,,,,,,,,,人民美术,人民美术,,,4,1985,1版1次,64,6万,0.52,15,30,Ref002:86,单册：陆划,,,邦斯舅舅/出版社：人民美术/改编：陆和荪/绘画：李坦克 李建群/85年4月1版1次64开/印数：6万定价：0.52元/市场交流价：/9品：15元/10品：30元,PaddlePaddle
西西里计划,西西里计划,,改编：龙铭深 绘画：俞晓夫,,,改编：龙铭深,龙铭深,改编,绘画：俞晓夫,俞晓夫,绘画,,,,,,,,,,,,,科学普及,科学普及,,广州,12,1984,1版1次,64,,0.28,5,10,Ref002:86,单册：陆划,,,西西里计划/出版社：科学普及/改编：龙铭深/绘画：俞晓夫/84年12月1版1次64开/印数：未详定价：0.28元/市场交流价：/9品：5元/10品：10元,PaddlePaddle
汤姆历险记,汤姆历险记,,改编：林莘 绘画：隋奇肖田,,,改编：林莘,林莘,改编,绘画：隋奇,隋奇,绘画,绘画：肖田,肖田,绘画,,,,,,,,,,上海人民美术,上海人民美术,,上海,11,1984,1版1次,64,13.9万,0.24,5,12,Ref002:86,单册：陆划,,Sic._Author_Core_3,汤姆历险记/出版社：上海人民美术/改编：林莘/绘画：隋奇肖田/84年11月1版1次64开/印数：13.9万 定价：0.24元/市场交流价：/9品：5元/10品：12元,PaddlePaddle
伦敦雾谜,伦敦雾谜,,改编：余荣 绘画：席耀良,,,改编：余荣,余荣,改编,绘画：席耀良,席耀良,绘画,,,,,,,,,,,,,江苏美术,江苏美术,,南京,2,1985,1版1次,64,16.952万,0.19,5,10,Ref002:86,单册：陆划,,,伦敦雾谜/出版社：江苏美术/改编：余荣/绘画：席耀良/85年2月1版1次64开/印数：16.952万定价：0.19元/市场交流价：/9品：5元/10品：10元,PaddlePaddle
陈州放粮,陈州放粮,,改编：廖文 绘画：赵仁年罗希贤等,,,改编：廖文,廖文,改编,绘画：赵仁年,赵仁年,绘画,绘画：罗希贤,罗希贤,绘画,绘画：等,等,绘画,,,,,,,漓江,漓江,,桂林,8,1981,1版1次,64,174万,0.17,5,10,Ref002:86,单册：柒划,,,陈州放粮/出版社：漓江/改编：廖文/绘画：赵仁年罗希贤等/81年8月1版1次64开/印数：174万定价：0.17元/市场交流价：/9品：5元/10品：10元,PaddlePaddle
陈三两,陈三两,,改编：沙铁军 绘画：童介眉,,,改编：沙铁军,沙铁军,改编,绘画：童介眉,童介眉,绘画,,,,,,,,,,,,,安徽美术,安徽美术,,合肥,5,1985,1版1次,64,15.5万,0.28,15,30,Ref002:86,单册：柒划,,,陈三两/出版社：安徽美术/改编：沙铁军/绘画：童介眉/85年5月1版1次64开/印数：15.5万定价：0.28元/市场交流价：/9品：15元/10品：30元,PaddlePaddle
李白,李白,,改编：王国安 绘画：高适,,,改编：王国安,王国安,改编,绘画：高适,高适,绘画,,,,,,,,,,,,,上海人民美术,上海人民美术,,上海,2,1979,1版1次,64,90万,0.12,10,25,Ref002:86,单册：柒划,,,李白/出版社：上海人民美术/改编：王国安/绘画：高适/79年2月1版1次64开/印数：90万定价：0.12元/市场交流价：/9品：10元/10品：25元,PaddlePaddle
爱国志士辛弃疾,爱国志士辛弃疾,,改编：孙建中 绘画：于守万,,,改编：孙建中,孙建中,改编,绘画：于守万,于守万,绘画,,,,,,,,,,,,,山东美术,山东美术,,济南,1,1984,1版2次,64,7.5万,0.32,5,8,Ref002:87,单册：柒划,《爱国志士辛弃疾》山东美术，该书为《历史英雄人物故事》系列之一，另有《于谦》等多种,,爱国志士辛弃疾/出版社：山东美术/改编：孙建中/绘画：于守万/84年1月1版2次64开/印数：7.5万定价：0.32元/市场交流价：/9品：5元/10品：8元,PaddlePaddle
辛弃疾,辛弃疾,,改编：张国信 绘画：吴泽浩,,,改编：张国信,张国信,改编,绘画：吴泽浩,吴泽浩,绘画,,,,,,,,,,,,,河北美术,河北美术,,石家庄,6,1983,1版1次,64,3.5万,0.2,15,25,Ref002:87,单册：柒划,,,辛弃疾/出版社：河北美术/改编：张国信/绘画：吴泽浩/83年6月1版1次64开/印数：3.5万定价：0.20元/市场交流价：/9品：15元/10品：25元,PaddlePaddle
辛弃疾,辛弃疾,,改编：于祥 绘画：盛元龙,,,改编：于祥,于祥,改编,绘画：盛元龙,盛元龙,绘画,,,,,,,,,,,,,浙江人民美术,浙江人民美术,,杭州,5,1981,1版1次,64,35万,0.13,8,15,Ref002:87,单册：柒划,,,辛弃疾/出版社：浙江人民美术/改编：于祥/绘画：盛元龙/81年5月1版1次64开/印数：35万定价：0.13元/市场交流价：/9品：8元/10品：15元,PaddlePaddle
爱国词人辛弃疾,爱国词人辛弃疾,,改编：陈云高 绘画：王鸿绪,,,改编：陈云高,陈云高,改编,绘画：王鸿绪,王鸿绪,绘画,,,,,,,,,,,,,陕西人民美术,陕西人民美术,,西安,12,1981,1版1次,64,13万,0.16,10,20,Ref002:87,单册：柒划,,,爱国词人辛弃疾/出版社：陕西人民美术/改编：陈云高/绘画：王鸿绪/81年12月1版1次64开/印数：13万定价：0.16元/市场交流价：/9品：10元/10品：20元,PaddlePaddle
攻打紫竹林,攻打紫竹林,,编文：崔锦等 绘画：董凤章,,,编文：崔锦,崔锦,编文,编文：等,等,编文,绘画：董凤章,董凤章,绘画,,,,,,,,,,天津人民美术,天津人民美术,,天津,9,1977,1版1次,64,,0.11,15,40,Ref002:87,单册：柒划,,,攻打紫竹林/出版社：天津人民美术/编文：崔锦等/绘画：董凤章/77年9月1版1次64开/印数：未祥定价：0.11元/市场交流价：/9品：15元/10品：40元,PaddlePaddle
花轿传奇,花轿传奇,,改编：铙净植 绘画：刘国辉,,,改编：铙净植,铙净植,改编,绘画：刘国辉,刘国辉,绘画,,,,,,,,,,,,,江苏人民,江苏人民,,南京,12,1983,1版1次,64,41万,0.2,4,10,Ref002:87,单册：柒划,,,花轿传奇/出版社：江苏人民/改编：铙净植/绘画：刘国辉/83年12月1版1次64开/印数：41万定价：0.20元/市场交流价：/9品：4元/10品：10元,PaddlePaddle
余赛花,余赛花,,改编：汪文光 绘画：罗盘何进,,,改编：汪文光,汪文光,改编,绘画：罗盘,罗盘,绘画,绘画：何进,何进,绘画,,,,,,,,,,江苏人民,江苏人民,,南京,12,1981,1版1次,64,66.1万,0.19,25,45,Ref002:87,单册：柒划,,,余赛花/出版社：江苏人民/改编：汪文光/绘画：罗盘何进/81年12月1版1次64开/印数：66.1万定价：0.19元/市场交流价：/9品：25元/10品：45元,PaddlePaddle
余赛花（上下）,余赛花,（上下）,改编：庄宏安 绘画：陈光镒陈宏兴,,,改编：庄宏安,庄宏安,改编,绘画：陈光镒,陈光镒,绘画,绘画：陈宏兴,陈宏兴,绘画,,,,,,,,,,福建人民,福建人民,,福州,1,1982,1版1次,64,上册32.3万下册15.7万[sic.],0.44,80,140,Ref002:87,单册：柒划,《佘赛花》上册多见，下册难觅。,Print_run_sic. ,余赛花 (上下)/出版社：福建人民/改编：庄宏安/绘画：陈光镒陈宏兴/82年1月1版1次64开/印数：上册32.3万下册/15.7万定价0.44元/9品：80元/10品：140元,PaddlePaddle
李秀成大战杭州,李秀成大战杭州,,改编：张叶舟 绘画：永远,,,改编：张叶舟,张叶舟,改编,绘画：永远,永远,绘画,,,,,,,,,,,,,浙江人民美术,浙江人民美术,,杭州,4,1982,1版1次,64,90万,0.22,8,15,Ref002:88,单册：柒划,,,李秀成大战杭州/出版社：浙江人民美术/改编：张叶舟/绘画：永远/82年4月1版1次64开/印数：90万定价：0.22元/市场交流价：/9品：8元/10品：15元,PaddlePaddle
李自成起义,李自成起义,,改编：任梅 绘画：任率英李世南等,,,改编：任梅,任梅,改编,绘画：任率英,任率英,绘画,绘画：李世南,李世南,绘画,绘画：等,等,绘画,,,,,,,人民美术,人民美术,,,9,1977,1版1次,64,150万,0.15,20,40,Ref002:88,单册：柒划,,,李自成起义/出版社：人民美术/改编：任梅/绘画：任率英李世南等/77年9月1版1次64开/印数：150万定价：0.15元/市场交流价：/9品：20元/10品：40元,PaddlePaddle
李白与杜甫,李白与杜甫,,改编：褚福章等 绘画：高适,,,改编：褚福章,褚福章,改编,改编：等,等,改编,绘画：高适,高适,绘画,,,,,,,,,,陕西人民美术,陕西人民美术,,西安,12,1981,1版1次,64,24.5万,0.2,8,20,Ref002:88,单册：柒划,,,李白与杜甫/出版社：陕西人民美术/改编：褚福章等/绘画：高适/81年12月1版1次64开/印数：24.5万定价：0.20元/市场交流价：/9品：8元/10品：20元,PaddlePaddle
李香君,李香君,,改编：于东方 绘画：王丽铭,,,改编：于东方,于东方,改编,绘画：王丽铭,王丽铭,绘画,,,,,,,,,,,,,辽宁美术,辽宁美术,,沈阳,6,1983,1版1次,64,18.1万,0.21,10,20,Ref002:88,单册：柒划,,,李香君/出版社：辽宁美术/改编：于东方/绘画：王丽铭/83年6月1版1次64开/印数：18.1万定价：0.21元/市场交流价：/9品：10元/10品：20元,PaddlePaddle
攻守同盟,攻守同盟,,改编：学之等 绘画：吕世荣等,,,改编：学之,学之,改编,改编：等,等,改编,绘画：吕世荣,吕世荣,绘画,绘画：等,等,绘画,,,,,,,吉林人民,吉林人民,,长春,4,1982,1版1次,64,7.913万,0.18,8,15,Ref002:88,单册：柒划,,Sic._Author_Core_1,攻守同盟/出版社：吉林人民/改编：学之等/绘画：吕世荣等/82年4月1版1次64开/印数：7.913万定价：0.18元/市场交流价：/9品：8元/10品：15元,PaddlePaddle
劳山道士,劳山道士,,改编：王安云 绘画：陈谷长,,,改编：王安云,王安云,改编,绘画：陈谷长,陈谷长,绘画,,,,,,,,,,,,,上海人民美术,上海人民美术,,上海,6,1980,1版1次,64,60万,0.07,15,30,Ref002:88,单册：柒划,,,劳山道士/出版社：上海人民美术/改编：王安云/绘画：陈谷长/80年6月1版1次64开/印数：60万定价：0.07元/市场交流价：/9品：15元/10品：30元,PaddlePaddle
张衡,张衡,,改编：金伯弢 绘画：叶雄,,,改编：金伯弢,金伯弢,改编,绘画：叶雄,叶雄,绘画,,,,,,,,,,,,,上海人民美术,上海人民美术,,上海,2,1981,1版1次,64,31万,0.13,10,20,Ref002:88,单册：柒划,,,张衡/出版社：上海人民美术/改编：金伯/绘画：叶 雄/81年2月1版1次64开/印数：31万定价：0.13元/市场交流价：/9品：10元/10品：20元,PaddlePaddle
张飞审西瓜,张飞审西瓜,,改编：颜霞清 绘画：颜梅华,,,改编：颜霞清,颜霞清,改编,绘画：颜梅华,颜梅华,绘画,,,,,,,,,,,,,少年儿童,少年儿童,,上海,10,1981,1版1次,64,90万,0.09,25,50,Ref002:88,单册：柒划,,,张飞审西瓜/出版社：少年儿童/改编：颜霞清/绘画：颜梅华/81年10月1版1次64开/印数：90万定价：0.09元/市场交流价：/9品：25元/10品：50元,PaddlePaddle
邹忌和齐威王,邹忌和齐威王,,改编：王素一 绘画：占敏邓泰和,,,改编：王素一,王素一,改编,绘画：占敏,占敏,绘画,绘画：邓泰和,邓泰和,绘画,,,,,,,,,,江西人民,江西人民,,南昌,2,1981,1版1次,64,30万,0.12,8,15,Ref002:89,单册：柒划,,Sic._Author_Core_2,邹忌和齐威王/出版社：江西人民/改编：王素一/绘画：占敏邓泰和/81年2月1版1次64开/印数：30万定价：0.12元/市场交流价：/9品：8元/10品：15元,PaddlePaddle
武松,武松,,改编：郭中呈 绘画：钱贵荪,,,改编：郭中呈,郭中呈,改编,绘画：钱贵荪,钱贵荪,绘画,,,,,,,,,,,,,浙江人民美术,浙江人民美术,,杭州,2,1982,1版1次,64,90万,0.23,10,20,Ref002:89,单册：柒划,,,武松/出版社：浙江人民美术/改编：郭中呈/绘画：钱贵荪/82年2月1版1次64开/印数：90万定价：0.23元/市场交流价：/9品：10元/10品：20元,PaddlePaddle
张羽煮海,张羽煮海,,改编：仓阳卿 绘画：徐余兴,,,改编：仓阳卿,仓阳卿,改编,绘画：徐余兴,徐余兴,绘画,,,,,,,,,,,,,上海人民美术,上海人民美术,,上海,4,1985,1版1次,64,29.4万,0.25,20,40,Ref002:89,单册：柒划,,,张羽煮海/出版社：上海人民美术/改编：仓阳卿/绘画：徐余兴/85年4月1版1次64开/印数：29.4万定价：0.25元/市场交流价：/9品：20元/10品：40元,PaddlePaddle
张生煮海,张生煮海,,改编：大麟 绘画：侯春洋王德亮,,,改编：大麟,大麟,改编,绘画：侯春洋,侯春洋,绘画,绘画：王德亮,王德亮,绘画,,,,,,,,,,中国戏剧,中国戏剧,,北京,12,1984,1版1次,64,,0.13,10,20,Ref002:89,单册：柒划,,,张生煮海/出版社：中国戏剧/改编：大麟/绘画：侯春洋王德亮/84年12月1版1次64开/印数：未详定价：0.13元/市场交流价：/9品：10元/10品：20元,PaddlePaddle
张良智斗楚霸王,张良智斗楚霸王,,改编：鹤仙 绘画：金稼仿,,,改编：鹤仙,鹤仙,改编,绘画：金稼仿,金稼仿,绘画,,,,,,,,,,,,,少年儿童,少年儿童,,上海,11,1984,1版1次,64,38.5万,0.22,10,20,Ref002:89,单册：柒划,,,张良智斗楚霸王/出版社：少年儿童/改编：鹤仙/绘画：金稼仿/84年11月1版1次64开/印数：38.5万定价：0.22元/市场交流价：/9品：10元/10品：20元,PaddlePaddle
苏武,苏武,,改编：朱长龄等 绘画：陈光华,,,改编：朱长龄,朱长龄,改编,改编：等,等,改编,绘画：陈光华,陈光华,绘画,,,,,,,,,,安徽人民,安徽人民,,合肥,5,1982,1版1次,64,,0.11,30,50,Ref002:89,单册：柒划,,,苏武/出版社：安徽人民/改编：朱长龄等/绘画：陈光华/82年5月1版1次64开/印数：未详定价：0.11元/市场交流价：/9品：30元/10品：50元,PaddlePaddle
宋应星买书,宋应星买书,,改编：邵丽珍 绘画：邹越非,,,改编：邵丽珍,邵丽珍,改编,绘画：邹越非,邹越非,绘画,,,,,,,,,,,,,江苏美术,江苏美术,,南京,12,1984,1版1次,64,4.57万,0.14,10,20,Ref002:89,单册：柒划,,,宋应星买书/出版社：江苏美术/改编：邵丽珍/绘画：邹越非/84年12月1版1次64开/印数：4.57万 定价：0.14元/市场交流价：/9品：10元/10品：20元,PaddlePaddle
宋士杰,宋士杰,,改编：潘勤孟 绘画：姜建忠陈宁,,,改编：潘勤孟,潘勤孟,改编,绘画：姜建忠,姜建忠,绘画,绘画：陈宁,陈宁,绘画,,,,,,,,,,上海人民美术,上海人民美术,,上海,11,1980,1版1次,64,135万,0.14,10,20,Ref002:89,单册：柒划,,,宋士杰/出版社：上海人民美术/改编：潘勤孟/绘画：姜建忠陈宁/80年11月1版1次64开/印数：135万定价：0.14元/市场交流价：/9品：10元/10品：20元,PaddlePaddle
赤壁之战,赤壁之战,,改编：张少武 绘画：周申,,,改编：张少武,张少武,改编,绘画：周申,周申,绘画,,,,,,,,,,,,,吉林人民,吉林人民,,长春,9,1982,1版1次,64,10.391万,0.26,5,10,Ref002:90,单册：柒划,,,赤壁之战/出版社：吉林人民/改编：张少武/绘画：周申/82年9月1版1次64开/印数：10.391万定价：0.26元/市场交流价：/9品：5元/10品：10元,PaddlePaddle
赤壁之战,赤壁之战,,改编：谢真 绘画：付朋志李济勇,,,改编：谢真,谢真,改编,绘画：付朋志,付朋志,绘画,绘画：李济勇,李济勇,绘画,,,,,,,,,,黑龙江美术,黑龙江美术,,哈尔滨,4,1985,1版1次,64,2.67万,0.29,10,15,Ref002:90,单册：柒划,,,赤壁之战/出版社：黑龙江美术/改编：谢真/绘画：付朋志李济勇/85年4月1版1次64开/印数：2.67万定价：0.29元/市场交流价：/9品：10元/10品：15元,PaddlePaddle
青面兽杨志,青面兽杨志,,改编：柏石山 绘画：盛鹤年,,,改编：柏石山,柏石山,改编,绘画：盛鹤年,盛鹤年,绘画,,,,,,,,,,,,,辽宁美术,辽宁美术,,沈阳,5,1984,1版1次,64,43.25万,0.22,10,20,Ref002:90,单册：柒划,,,青面兽杨志/出版社：辽宁美术/改编：柏石山/绘画：盛鹤年/84年5月1版1次64开/印数：43.25万定价：0.22元/市场交流价：/9品：10元/10品：20元,PaddlePaddle
杨贵妃之死,杨贵妃之死,,改编：卞福顺 绘画：刘廷相,,,改编：卞福顺,卞福顺,改编,绘画：刘廷相,刘廷相,绘画,,,,,,,,,,,,,辽宁美术,辽宁美术,,沈阳,1,1985,1版1次,64,49.4万,0.24,12,25,Ref002:90,单册：柒划,,,杨贵妃之死/出版社：辽宁美术/改编：卞福顺/绘画：刘廷相/85年1月1版1次64开/印数：49.4万 定价：0.24元/市场交流价：/9品：12元/10品：25元,PaddlePaddle
杨文广,杨文广,,改编：陈文辉 绘画：窦世魁,,,改编：陈文辉,陈文辉,改编,绘画：窦世魁,窦世魁,绘画,,,,,,,,,,,,,少年儿童,少年儿童,,上海,10,1983,1版1次,64,87万,0.15,5,15,Ref002:90,单册：柒划,,,膠腐/杨文广/出版社：少年儿童/改编：陈文辉/绘画：窦世魁/83年10月1版1次64开/印数：87万定价：0.15元/市场交流价：/9品：5元/10品：15元,PaddlePaddle
杨门女将,杨门女将,,改编：大鲁 绘画：王亦秋,,,改编：大鲁,大鲁,改编,绘画：王亦秋,王亦秋,绘画,,,,,,,,,,,,,上海人民美术,上海人民美术,,上海,3,1979,2版5次,64,104万,0.13,15,35,Ref002:90,单册：柒划,,,杨门女将/出版社：上海人民美术/改编：大鲁/绘画：王亦秋/79年3月2版5次64开/印数：104万 定价：0.13元/市场交流价：/9品：15元/10品：35元,PaddlePaddle
杨幺义军,杨幺义军,,改编：胡本昱 绘画：宋定国,,,改编：胡本昱,胡本昱,改编,绘画：宋定国,宋定国,绘画,,,,,,,,,,,,,湖南美术,湖南美术,,长沙,2,1984,1版2次,64,75.06万,0.16,8,15,Ref002:90,单册：柒划,,,杨幺义军/出版社：湖南美术/改编：胡本昱/绘画：宋定国/84年2月1版2次64开/印数：75.06万定价：0.16元/市场交流价：/9品：8元/10品：15元,PaddlePaddle
肖显写匾,肖显写匾,,改编：郭述祖 绘画：李文斗,,,改编：郭述祖,郭述祖,改编,绘画：李文斗,李文斗,绘画,,,,,,,,,,,,,北京美术摄影,北京美术摄影,,北京,9,1984,1版1次,60,16.2万,0.13,10,20,Ref002:90,单册：柒划,,,肖显写匾/出版社：北京美术摄影/改编：郭述祖/绘画：李文斗/84年9月1版1次60开/印数：16.2万 定价：0.13元/市场交流价：/9品：10元/10品：20元,PaddlePaddle
阿古登巴,阿古登巴,,改编：魏鸣泉 绘画：王东斌,,,改编：魏鸣泉,魏鸣泉,改编,绘画：王东斌,王东斌,绘画,,,,,,,,,,,,,陕西人民美术,陕西人民美术,,西安,3,1983,1版1次,64,5.1万,0.19,8,15,Ref002:91,单册：柒划,,,阿古登巴/出版社：陕西人民美术/改编：魏鸣泉/绘画：王东斌/83年3月1版1次64开/印数：5.1万定价：0.19元/市场交流价：/9品：8元/10品：15元,PaddlePaddle
智盗丹药（上下）,智盗丹药,（上下）,改编：卞福顺 绘画：盛鹤年,,,改编：卞福顺,卞福顺,改编,绘画：盛鹤年,盛鹤年,绘画,,,,,,,,,,,,,辽宁美术,辽宁美术,,沈阳,9,1985,1版1次,64,12.767万,0.33,30（全套）,50,Ref002:91,单册：柒划,,,智盗丹药(上下)/出版社：辽宁美术/改编：卞福顺/绘画：盛鹤年/85年9月1版1次64开/印数：12.767万定价：0.33元/市场交流价：/9品：30元（全套）/10品：50元,PaddlePaddle
陈胜吴广起义,陈胜吴广起义,,改编：海滨 绘画：辛宽良邬野平,,,改编：海滨,海滨,改编,绘画：辛宽良,辛宽良,绘画,绘画：邬野平,邬野平,绘画,,,,,,,,,,辽宁人民,辽宁人民,,沈阳,,1972,1版1次,64,,,60,120,Ref002:91,单册：柒划,,,陈胜吴广起义/出版社：辽宁人民/改编：海滨/绘画：辛宽良邬野平/72年1版1次64开/印数：未祥/市场交流价：/9品：60元/10品：120元,PaddlePaddle
陈绍光,陈绍光,,改编：集体 绘画：集体,,,改编：集体,集体,改编,绘画：集体,集体,绘画,,,,,,,,,,,,,四川人民,四川人民,,成都,3,1974,1版1次,60,,0.06,70,150,Ref002:91,单册：柒划,,,陈绍光/出版社：四川人民/改编：集体/绘画：集体/74年3月1版1次60开/印数：未详定价：0.06元/市场交流价：/9品：70元/10品：150元,PaddlePaddle
最新最美的人—陈菊女,最新最美的人,陈菊女,改编：集体 绘画：集体,,,改编：集体,集体,改编,绘画：集体,集体,绘画,,,,,,,,,,,,,江西省新华书店,江西省新华书店,,南昌,9,1970,1版1次,60,,0.07,60,150,Ref002:91,单册：柒划,,,最新最美的人一陈菊女/出版社：江西省新华书店/改编：集体/绘画：集体/70年9月1版1次60开/印数：未详定价：0.07元/市场交流价：/9品：60元/10品：150元,PaddlePaddle
陈波,陈波,,改编：集体 绘画：集体,,,改编：集体,集体,改编,绘画：集体,集体,绘画,,,,,,,,,,,,,江西省新华书店,江西省新华书店,,南昌,9,1970,1版1次,60,,0.14,50,120,Ref002:91,单册：柒划,,,陈波/出版社：江西省新华书店/改编：集体/绘画：集体/70年9月1版1次60开/印数：未详定价：0.14元/市场交流价：/9品：50元/10品：120元,PaddlePaddle
陈玉成,陈玉成,,改编：李遵义 绘画：辛宽良,,,改编：李遵义,李遵义,改编,绘画：辛宽良,辛宽良,绘画,,,,,,,,,,,,,辽宁人民,辽宁人民,,沈阳,2,1977,1版1次,64,20万,0.2,40,60,Ref002:91,单册：柒划,,,陈玉成/出版社：辽宁人民/改编：李遵义/绘画：辛宽良/77年2月1版1次64开/印数：20万定价：0.20元/市场交流价：/9品：40元/10品：60元,PaddlePaddle
陈玉成,陈玉成,,改编：董阳声 绘画：王亦秋,,,改编：董阳声,董阳声,改编,绘画：王亦秋,王亦秋,绘画,,,,,,,,,,,,,上海人民,上海人民,,上海,5,1976,1版1次,64,,0.15,40,150,Ref002:91,单册：柒划,,,陈玉成/出版社：上海人民/改编：董阳声/绘画：王亦秋/76年5月1版1次64开/印数：未详定价：0.15元/市场交流价：/9品：40元/10品：150元,PaddlePaddle
张海涛,张海涛,,改编：集体 绘画：集体,,,改编：集体,集体,改编,绘画：集体,集体,绘画,,,,,,,,,,,,,湖北人民,湖北人民,,武汉,6,1972,1版1次,60,,0.08,30,80,Ref002:92,单册：柒划,,,张海涛/出版社：湖北人民/改编：集体/绘画：集体/72年6月1版1次60开/印数：未详定价：0.08元/市场交流价：/9品：30元/10品：80元,PaddlePaddle
张勇的故事,张勇的故事,,改编：邢凤藻 绘画：集体,,,改编：邢凤藻,邢凤藻,改编,绘画：集体,集体,绘画,,,,,,,,,,,,,天津人民美术,天津人民美术,,天津,1,1971,1版1次,60,,0.12,30,100,Ref002:92,单册：柒划,,,张勇的故事/出版社：天津人民美术/改编：邢凤藻/绘画：集体/71年1月1版1次60开/印数：未详定价：0.12元/市场交流价：/9品：30元/10品：100元,PaddlePaddle
张勇的故事,张勇的故事,,改编：张克明 绘画：秦永春,,,改编：张克明,张克明,改编,绘画：秦永春,秦永春,绘画,,,,,,,,,,,,,辽宁人民,辽宁人民,,沈阳,7,1976,1版1次,64,30万,0.11,10,20,Ref002:92,单册：柒划,,,张勇的故事/出版社：辽宁人民/改编：张克明/绘画：秦永春/76年7月1版1次64开/印数：30万定价：0.11元/市场交流价：/9品：10元/10品：20元,PaddlePaddle
阿福,阿福,,改编：郑维庆 绘画：郭广业,,,改编：郑维庆,郑维庆,改编,绘画：郭广业,郭广业,绘画,,,,,,,,,,,,,黑龙江人民,黑龙江人民,,哈尔滨,11,1973,1版1次,64,12万,0.16,10,15.元[sic.],Ref002:92,单册：柒划,,Price_sic.,阿福/出版社：黑龙江人民/改编：郑维庆/绘画：郭广业/73年11月1版1次64开/印数：12万定价：0.16元/市场交流价：/9品：10元/10品：15.元,PaddlePaddle
阿福,阿福,,改编：王计祥 绘画：集体,,,改编：王计祥,王计祥,改编,绘画：集体,集体,绘画,,,,,,,,,,,,,河北人民,河北人民,,石家庄,8,1972,1版1次,60,,0.09,25,60,Ref002:92,单册：柒划,,,阿福/出版社：河北人民/改编：王计祥/绘画：集体/72年8月1版1次60开/印数：未详定价：0.09元/市场交流价：/9品：25元/10品：60元,PaddlePaddle
阿勇,阿勇,,改编：褚明灿 绘画：陈水远,,,改编：褚明灿,褚明灿,改编,绘画：陈水远,陈水远,绘画,,,,,,,,,,,,,江西人民,江西人民,,南昌,7,1972,1版1次,60,,0.08,20,50,Ref002:92,单册：柒划,,,阿勇/出版社：江西人民/改编：褚明灿/绘画：陈水远/72年7月1版1次60开/印数：未详定价：0.08元/市场交流价：/9品：20元/10品：50元,PaddlePaddle
阿芳,阿芳,,改编：集体 绘画：集体,,,改编：集体,集体,改编,绘画：集体,集体,绘画,,,,,,,,,,,,,江苏人民,江苏人民,,南京,6,1973,1版2次,60,,0.07,25,50,Ref002:92,单册：柒划,,,阿芳/出版社：江苏人民/改编：集体/绘画：集体/73年6月1版2次60开/印数：未详定价：0.07元/市场交流价：/9品：25元/10品：50元,PaddlePaddle
阿菊,阿菊,,改编：翁家杰等 绘画：杨雨青,,,改编：翁家杰,翁家杰,改编,改编：等,等,改编,绘画：杨雨青,杨雨青,绘画,,,,,,,,,,江苏人民,江苏人民,,南京,2,1976,1版1次,60,40万,0.1,15,25,Ref002:92,单册：柒划,,,0 阿菊/出版社：江苏人民/改编：翁家杰等/绘画：杨雨青/76年2月1版1次60开/印数：40万定价：0.10元/市场交流价：/9品：15元/10品：25元,PaddlePaddle
登高英雄杨连第,登高英雄杨连第,,改编：集体 绘画：集体,,,改编：集体,集体,改编,绘画：集体,集体,绘画,,,,,,,,,,,,,天津人民美术,天津人民美术,,天津,,1972,1版1次,60,,0.11,50,150,Ref002:93,单册：柒划,,,登高英雄杨连第/出版社：天津人民美术/改编：集体/绘画：集体/72年1版1次60开/印数：未详定价：0.11元/市场交流价：/9品：50元/10品：150元,PaddlePaddle
杨健生,杨健生,,改编：集体 绘画：集体,,,改编：集体,集体,改编,绘画：集体,集体,绘画,,,,,,,,,,,,,广东人民,广东人民,,广州,3,1972,2版1次,60,,0.12,60,140,Ref002:93,单册：柒划,,,杨健生/出版社：广东人民/改编：集体/绘画：集体/72年3月2版1次60开/印数：未详定价：0.12元/市场交流价：/9品：60元/10品：140元,PaddlePaddle
杨荣科,杨荣科,,改编：集体 绘画：集体,,,改编：集体,集体,改编,绘画：集体,集体,绘画,,,,,,,,,,,,,云南人民,云南人民,,昆明,4,1972,1版1次,60,8.05万,0.12,60,200,Ref002:93,单册：柒划,,,杨荣科/出版社：云南人民/改编：集体/绘画：集体/72年4月1版1次60开/印数：8.05万定价：0.12元/市场交流价：/9品：60元/10品：200元,PaddlePaddle
杨路的,杨路的,,改编：集体 绘画：集体,,,改编：集体,集体,改编,绘画：集体,集体,绘画,,,,,,,,,,,,,河北人民,河北人民,,石家庄,4,1972,1版1次,60,,0.09,50,120,Ref002:93,单册：柒划,,,杨路的/出版社：河北人民/改编：集体/绘画：集体/72年4月1版1次60开/印数：未详定价：0.09元/市场交流价：/9品：50元/10品：120元,PaddlePaddle
沙努林,沙努林,,改编：王成荣 绘画：徐有武,,,改编：王成荣,王成荣,改编,绘画：徐有武,徐有武,绘画,,,,,,,,,,,,,上海人民,上海人民,,上海,11,1973,1版1次,60,200万,0.08,15,40,Ref002:93,单册：柒划,,,沙努林/出版社：上海人民/改编：王成荣/绘画：徐有武/73年11月1版1次60开/印数：200万定价：0.08元/市场交流价：/9品：15元/10品：40元,PaddlePaddle
沙子岭机场,沙子岭机场,,改编：集体 绘画：集体,,,改编：集体,集体,改编,绘画：集体,集体,绘画,,,,,,,,,,,,,江西人民,江西人民,,南昌,4,1972,1版2次,60,,0.09,25,40,Ref002:93,单册：柒划,,,沙子岭机场/出版社：江西人民/改编：集体/绘画：集体/72年4月1版2次60开/印数：未详定价：0.09元/市场交流价：/9品：25元/10品：40元,PaddlePaddle
找“乌金”,找“乌金”,,改编：求知 绘画：万其,,,改编：求知,求知,改编,绘画：万其,万其,绘画,,,,,,,,,,,,,浙江人民,浙江人民,,杭州,3,1973,1版1次,60,20万,0.07,15,25,Ref002:93,单册：柒划,,,找“乌金”/出版社：浙江人民/改编：求知/绘画：万其/73年3月1版1次60开/印数：20万定价：0.07元/市场交流价：/9品：15元/10品：25元,PaddlePaddle
抗联小战士,抗联小战士,,改编：集体 绘画：集体,,,改编：集体,集体,改编,绘画：集体,集体,绘画,,,,,,,,,,,,,天津人民美术,天津人民美术,,天津,1,1972,1版1次,60,,0.2,80,200,Ref002:93,单册：柒划,,,抗联小战士/出版社：天津人民美术/改编：集体/绘画：集体/72年1月1版1次60开/印数：未详定价：0.20元/市场交流价：/9品：80元/10品：200元,PaddlePaddle
两只小孔雀,两只小孔雀,,改编：韩双东 绘画：高宝生,,,改编：韩双东,韩双东,改编,绘画：高宝生,高宝生,绘画,,,,,,,,,,,,,北京人民,北京人民,,北京,7,1976,1版1次,60,,0.09,15,30,Ref002:94,单册：柒划,,,两只小孔雀/出版社：北京人民/改编：韩双东/绘画：高宝生/76年7月1版1次60开/印数：未详定价：0.09元/市场交流价：/9品：15元/10品：30元,PaddlePaddle
两根小扁担,两根小扁担,,改编：集体 绘画：刘旦宅,,,改编：集体,集体,改编,绘画：刘旦宅,刘旦宅,绘画,,,,,,,,,,,,,上海人民,上海人民,,上海,3,1976,1版1次,64,,0.06,15,40,Ref002:94,单册：柒划,,,两根小扁担/出版社：上海人民/改编：集体/绘画：刘旦宅/76年3月1版1次64开/印数：未详定价：0.06元/市场交流价：/9品：15元/10品：40元,PaddlePaddle
把青春献给人民,把青春献给人民,,改编：集体 绘画：集体,,,改编：集体,集体,改编,绘画：集体,集体,绘画,,,,,,,,,,,,,江苏人民,江苏人民,,南京,11,1974,1版1次,64,60万,0.12,15,30,Ref002:94,单册：柒划,,,把青春献给人民/出版社：江苏人民/改编：集体/绘画：集体/74年11月1版1次64开/印数：60万定价：0.12元/市场交流价：/9品：15元/10品：30元,PaddlePaddle
杠杠民兵,杠杠民兵,,改编：王胜朝等 绘画：李忠良,,,改编：王胜朝,王胜朝,改编,改编：等,等,改编,绘画：李忠良,李忠良,绘画,,,,,,,,,,北京人民,北京人民,,北京,9,1976,1版1次,60,,0.11,20,40,Ref002:94,单册：柒划,,,杠杠民兵/出版社：北京人民/改编：王胜朝等/绘画：李忠良/76年9月1版1次60开/印数：未详定价：0.11元/市场交流价：/9品：20元/10品：40元,PaddlePaddle
麦收的战斗,麦收的战斗,,改编：赵国瑞 绘画：张冰洁吴有训等,,,改编：赵国瑞,赵国瑞,改编,绘画：张冰洁,张冰洁,绘画,绘画：吴有训,吴有训,绘画,绘画：等,等,绘画,,,,,,,天津人民美术,天津人民美术,,天津,9,1974,1版1次,60,,0.09,10,20,Ref002:94,单册：柒划,,,S 麦收的战斗/出版社：天津人民美术/改编：赵国瑞/绘画：张冰洁吴有训等/74年9月1版1次60开/印数：未详定价：0.09元/市场交流价：/9品：10元/10品：20元,PaddlePaddle
麦种的故事,麦种的故事,,改编：台益燕等 绘画：邵强,,,改编：台益燕,台益燕,改编,改编：等,等,改编,绘画：邵强,邵强,绘画,,,,,,,,,,江西人民,江西人民,,南昌,5,1975,1版1次,60,30万,0.12,20,40,Ref002:94,单册：柒划,,,麦种的故事/出版社：江西人民/改编：台益燕等/绘画：邵强/75年5月1版1次60开/印数：30万定价：0.12元/市场交流价：/9品：20元/10品：40元,PaddlePaddle
把一生交给党安排,把一生交给党安排,,改编：集体 绘画：集体,,,改编：集体,集体,改编,绘画：集体,集体,绘画,,,,,,,,,,,,,上海人民,上海人民,,上海,12,1971,1版1次,60,,0.08,40,120,Ref002:94,单册：柒划,,,把一生交给党安排/出版社：上海人民/改编：集体/绘画：集体/71年12月1版1次60开/印数：未详定价：0.08元/市场交流价：/9品：40元/10品：120元,PaddlePaddle
沈秀芹,沈秀芹,,改编：集体 绘画：集体,,,改编：集体,集体,改编,绘画：集体,集体,绘画,,,,,,,,,,,,,人民美术,人民美术,,,1,1972,1版1次,60,,0.15,30,80,Ref002:94,单册：柒划,,,沈秀芹/出版社：人民美术/改编：集体/绘画：集体/72年1月1版1次60开/印数：未详定价：0.15元/市场交流价：/9品：30元/10品：80元,PaddlePaddle
友谊的乐章,友谊的乐章,,改编：集体 绘画：集体,,,改编：集体,集体,改编,绘画：集体,集体,绘画,,,,,,,,,,,,,上海人民,上海人民,,上海,12,1972,1版2次,60,70万,0.06,25,50,Ref002:95,单册：柒划,,,友谊的乐章/出版社：上海人民/改编：集体/绘画：集体/72年12月1版2次60开/印数：70万定价：0.06元/市场交流价：/9品：25元/10品：50元,PaddlePaddle
难忘的友谊,难忘的友谊,,改编：孟森耀 绘画：施大畏张培成,,,改编：孟森耀,孟森耀,改编,绘画：施大畏,施大畏,绘画,绘画：张培成,张培成,绘画,,,,,,,,,,上海人民,上海人民,,上海,11,1972,1版1次,60,80万,0.05,20,40,Ref002:95,单册：柒划,,,难忘的友谊/出版社：上海人民/改编：孟森耀/绘画：施大畏张培成/72年11月1版1次60开/印数：80万定价：0.05元/市场交流价：/9品：20元/10品：40元,PaddlePaddle
身不离劳动 心不离群众,身不离劳动 心不离群众,,改编：集体 绘画：集体,,,改编：集体,集体,改编,绘画：集体,集体,绘画,,,,,,,,,,,,,浙江人民,浙江人民,,杭州,8,1971,1版1次,60,,0.08,60,150,Ref002:95,单册：柒划,,,身不离劳动心不离群众/出版社：浙江人民/改编：集体/绘画：集体/71年8月1版1次60开/印数：未详定价：0.08元/市场交流价：/9品：60元/10品：150元,PaddlePaddle
身残志坚干革命,身残志坚干革命,,改编：集体 绘画：集体,,,改编：集体,集体,改编,绘画：集体,集体,绘画,,,,,,,,,,,,,河北人民,河北人民,,石家庄,5,1972,1版1次,60,,0.11,50,12,Ref002:95,单册：柒划,,,身残志坚干革命/出版社：河北人民/改编：集体/绘画：集体/72年5月1版1次60开/印数：未详定价：0.11元/市场交流价：/9品：50元/10品：12元,PaddlePaddle
纺织战歌,纺织战歌,,编文：马曲超 绘画：周永生李志照等,,,编文：马曲超,马曲超,编文,绘画：周永生,周永生,绘画,绘画：李志照,李志照,绘画,绘画：等,等,绘画,,,,,,,山东人民,山东人民,,济南,7,1975,1版1次,64,30万,0.09,20,30,Ref002:95,单册：柒划,,,纺织战歌/出版社：山东人民/编文：马曲超/绘画：周永生李志照等/75年7月1版1次64开/印数：30万定价：0.09元/市场交流价：/9品：20元/10品：30元,PaddlePaddle
芦荡小英雄,芦荡小英雄,,改编：陈梅鼎 绘画：范生福,,,改编：陈梅鼎,陈梅鼎,改编,绘画：范生福,范生福,绘画,,,,,,,,,,,,,上海人民,上海人民,,上海,2,1974,1版1次,60,200万,0.07,20,50,Ref002:95,单册：柒划,,,芦荡小英雄/出版社：上海人民/改编：陈梅鼎/绘画：范生福/74年2月1版1次60开/印数：200万定价：0.07元/市场交流价：/9品：20元/10品：50元,PaddlePaddle
芦荡小英雄,芦荡小英雄,,改编：焦玉峰 绘画：洪生李木,,,改编：焦玉峰,焦玉峰,改编,绘画：洪生,洪生,绘画,绘画：李木,李木,绘画,,,,,,,,,,天津人民美术,天津人民美术,,天津,5,1974,1版1次,64,,0.09,10,20,Ref002:95,单册：柒划,,,芦荡小英雄/出版社：天津人民美术/改编：焦玉峰/绘画：洪生李木/74年5月1版1次64开/印数：未详定价：0.09元/市场交流价：/9品：10元/10品：20元,PaddlePaddle
抗丁洞,抗丁洞,,改编：集体 绘画：集体,,,改编：集体,集体,改编,绘画：集体,集体,绘画,,,,,,,,,,,,,江西省新华书店,江西省新华书店,,南昌,12,1970,1版1次,60,20万,0.09,100,250,Ref002:95,单册：柒划,,,抗丁洞/出版社：江西省新华书店/改编：集体/绘画：集体/70年12月1版1次60开/印数：20万定价：0.09元/市场交流价：/9品：100元/10品：250元,PaddlePaddle
苏修间谍落网记,苏修间谍落网记,,改编：龚梅 绘画：龚梅,,,改编：龚梅,龚梅,改编,绘画：龚梅,龚梅,绘画,,,,,,,,,,,,,人民美术,人民美术,,,4,1975,1版1次,60,100万,0.1,30,60,Ref002:96,单册：柒划,,,苏修间谍落网记/出版社：人民美术/改编：龚梅/绘画：龚 梅/75年4月1版1次60开/印数：100万定价：0.10元/市场交流价：/9品：30元/10品：60元,PaddlePaddle
沙河破击战,沙河破击战,,改编：阎涛 绘画：刘端李玉文等,,,改编：阎涛,阎涛,改编,绘画：刘端,刘端,绘画,绘画：李玉文,李玉文,绘画,绘画：等,等,绘画,,,,,,,河北人民,河北人民,,石家庄,3,1974,1版1次,60,115万,0.15,25,60,Ref002:96,单册：柒划,,,沙河破击战/出版社：河北人民/改编：阎涛/绘画：刘端李玉文等/74年3月1版1次60开/印数：115万定价：0.15元/市场交流价：/9品：25元/10品：60元,PaddlePaddle
钢铁尖兵陆焕光,钢铁尖兵陆焕光,,改编：集体 绘画：集体,,,改编：集体,集体,改编,绘画：集体,集体,绘画,,,,,,,,,,,,,广东人民,广东人民,,广州,11,1972,1版1次,60,,0.13,30,90,Ref002:96,单册：柒划,,,钢铁尖兵陆焕光/出版社：广东人民/改编：集体/绘画：集体/72年11月1版1次60开/印数：未详定价：0.13元/市场交流价：/9品：30元/10品：90元,PaddlePaddle
我跟爷爷学打虎,我跟爷爷学打虎,,改编：沈在召 绘画：沈在召,,,改编：沈在召,沈在召,改编,绘画：沈在召,沈在召,绘画,,,,,,,,,,,,,福建人民,福建人民,,福州,4,1973,1版1次,60,10万,0.09,20,50,Ref002:96,单册：柒划,,,我跟爷爷学打虎/出版社：福建人民/改编：沈在召/绘画：沈在召/73年4月1版1次60开/印数：10万定价：0.09元/市场交流价：/9品：20元/10品：50元,PaddlePaddle
生死为革命,生死为革命,,改编：集体 绘画：集体,,,改编：集体,集体,改编,绘画：集体,集体,绘画,,,,,,,,,,,,,四川人民,四川人民,,成都,12,1971,1版1次,60,,0.15,120,250,Ref002:96,单册：柒划,,,生死为革命/出版社：四川人民/改编：集体/绘画：集体/71年12月1版1次60开/印数：未详定价：0.15元/市场交流价：/9品：120元/10品：250元,PaddlePaddle
鸡毛信,鸡毛信,,改编：集体 绘画：刘继卣,,,改编：集体,集体,改编,绘画：刘继卣,刘继卣,绘画,,,,,,,,,,,,,人民美术,人民美术,,,11,1971,2版2次,60,,0.24,80,200,Ref002:96,单册：柒划,,,鸡毛信/出版社：人民美术/改编：集体/绘画：刘继卣/71年11月2版2次60开/印数：未详定价：0.24元/市场交流价：/9品：80元/10品：200元,PaddlePaddle
赤脚医生,赤脚医生,,改编：集体 绘画：集体,,,改编：集体,集体,改编,绘画：集体,集体,绘画,,,,,,,,,,,,,上海人民,上海人民,,上海,11,1970,1版1次,60,,0.12,50,150,Ref002:96,单册：柒划,,,赤脚医生/出版社：上海人民/改编：集体/绘画：集体/70年11月1版1次60开/印数：未详定价：0.12元/市场交流价：/9品：50元/10品：150元,PaddlePaddle
抢渡三关,抢渡三关,,改编：集体 绘画：集体,,,改编：集体,集体,改编,绘画：集体,集体,绘画,,,,,,,,,,,,,上海人民,上海人民,,上海,7,1973,1版1次,60,40万,0.1,20,30,Ref002:96,单册：柒划,,,抢渡三关/出版社：上海人民/改编：集体/绘画：集体/73年7月1版1次60开/印数：40万定价：0.10元/市场交流价：/9品：20元/10品：30元,PaddlePaddle
抓舌头,抓舌头,,改编：董国才 绘画：张宝贵,,,改编：董国才,董国才,改编,绘画：张宝贵,张宝贵,绘画,,,,,,,,,,,,,辽宁美术,辽宁美术,,沈阳,4,1981,1版1次,64,82万,0.23,10,20,Ref002:97,单册：柒划,,,抓舌头/出版社：辽宁美术/改编：董国才/绘画：张宝贵/81年4月1版1次64开/印数：82万定价：0.23元/市场交流价：/9品：10元/10品：20.0元,PaddlePaddle
抓舌头,抓舌头,,改编：集体 绘画：集体,,,改编：集体,集体,改编,绘画：集体,集体,绘画,,,,,,,,,,,,,吉林人民,吉林人民,,长春,9,1972,1版1次,64,,0.14,20,40,Ref002:97,单册：柒划,,,抓舌头/出版社：吉林人民/改编：集体/绘画：集体/72年9月1版1次64开/印数：未详定价：0.14元/市场交流价：/9品：20元/10品：40元,PaddlePaddle
抓舌头,抓舌头,,改编：集体 绘画：集体,,,改编：集体,集体,改编,绘画：集体,集体,绘画,,,,,,,,,,,,,吉林人民,吉林人民,,长春,7,1973,1版2次,64,,0.14,15,30,Ref002:97,单册：柒划,,,抓舌头/出版社：吉林人民/改编：集体/绘画：集体/73年7月1版2次64开/印数：未详定价：0.14元/市场交流价：/9品：15元/10品：30元,PaddlePaddle
投降派宋江,投降派宋江,,改编：杨兆林等 绘画：赵宏本贺友直等,,,改编：杨兆林,杨兆林,改编,改编：等,等,改编,绘画：赵宏本,赵宏本,绘画,绘画：贺友直,贺友直,绘画,绘画：等,等,绘画,,,,上海人民,上海人民,,上海,11,1975,1版1次,64,,0.12,40,150,Ref002:97,单册：柒划,,,投降派宋江/出版社：上海人民/改编：杨兆林等/绘画：赵宏本贺友直等/75年11月1版1次64开/印数：未详定价：0.12元/市场交流价：/9品：40元/10品：150元,PaddlePaddle
斩王莽,斩王莽,,改编：朱未 绘画：戴宏海,,,改编：朱未,朱未,改编,绘画：戴宏海,戴宏海,绘画,,,,,,,,,,,,,天津人民美术,天津人民美术,,天津,12,1975,1版1次,64,,0.07,10,20,Ref002:97,单册：柒划,,,斩王莽/出版社：天津人民美术/改编：朱未/绘画：戴宏海/75年12月1版1次64开/印数：未详定价：0.07元/市场交流价：/9品：10元/10品：20元,PaddlePaddle
角弓传友谊,角弓传友谊,,改编：集体 绘画：陈树斌,,,改编：集体,集体,改编,绘画：陈树斌,陈树斌,绘画,,,,,,,,,,,,,广东人民,广东人民,,广州,8,1973,1版1次,64,27万,0.09,25,40,Ref002:97,单册：柒划,,,角弓传友谊/出版社：广东人民/改编：集体/绘画：陈树斌/73年8月1版1次64开/印数：27万定价：0.09元/市场交流价：/9品：25元/10品：40元,PaddlePaddle
医疗队员之歌,医疗队员之歌,,改编：李树荣 绘画：黎晓弟,,,改编：李树荣,李树荣,改编,绘画：黎晓弟,黎晓弟,绘画,,,,,,,,,,,,,上海人民,上海人民,,上海,11,1976,1版1次,64,,0.1,15,25,Ref002:97,单册：柒划,,,医疗队员之歌/出版社：上海人民/改编：李树荣/绘画：黎晓弟/76年11月1版1次64开/印数：未详定价：0.10元/市场交流价：/9品：15元/10品：25元,PaddlePaddle
邹前方,邹前方,,改编：集体 绘画：集体,,,改编：集体,集体,改编,绘画：集体,集体,绘画,,,,,,,,,,,,,贵州人民,贵州人民,,贵阳,6,1973,1版1次,64,,0.13,30,60,Ref002:97,单册：柒划,,,邹前方/出版社：贵州人民/改编：集体/绘画：集体/73年6月1版1次64开/印数：未详定价：0.13元/市场交流价：/9品：30元/10品：60元,PaddlePaddle
陈毅的青少年时代,陈毅的青少年时代,,改编：余继国 绘画：任兆祥,,,改编：余继国,余继国,改编,绘画：任兆祥,任兆祥,绘画,,,,,,,,,,,,,四川人民,四川人民,,成都,12,1982,1版1次,64,14.1万,0.14,15,25,Ref002:98,单册：柒划,,,陈毅的青少年时代/出版社：四川人民/改编：余继国/绘画：任兆祥/82年12月1版1次64开/印数：14.1万 定价：0.14元/市场交流价：/9品：15元/10品：25元,PaddlePaddle
陈毅出山,陈毅出山,,改编：鲁南 绘画：苗再新,,,改编：鲁南,鲁南,改编,绘画：苗再新,苗再新,绘画,,,,,,,,,,,,,辽宁美术,辽宁美术,,沈阳,4,1982,1版1次,64,40.1万,0.23,8,15,Ref002:98,单册：柒划,,,陈毅出山/出版社：辽宁美术/改编：鲁南/绘画：苗再新/82年4月1版1次64开/印数：40.1万定价：0.23元/市场交流价：/9品：8元/10品：15元,PaddlePaddle
陈毅出山,陈毅出山,,改编：哈淑洁 绘画：王临友,,,改编：哈淑洁,哈淑洁,改编,绘画：王临友,王临友,绘画,,,,,,,,,,,,,黑龙江人民,黑龙江人民,,哈尔滨,5,1982,1版1次,64,52.15万,0.16,5,10,Ref002:98,单册：柒划,,,陈毅出山/出版社：黑龙江人民/改编：哈淑洁/绘画：王临友/82年5月1版1次64开/印数：52.15万定价：0.16元/市场交流价：/9品：5元/10品：10元,PaddlePaddle
陈毅出山,陈毅出山,,改编：郁声 绘画：雷德祖,,,改编：郁声,郁声,改编,绘画：雷德祖,雷德祖,绘画,,,,,,,,,,,,,人民美术,人民美术,,,5,1981,1版1次,64,63万,0.24,20,50,Ref002:98,单册：柒划,,,d/陈毅出山/出版社：人民美术/改编：郁声/绘画：雷德祖/81年5月1版1次64开/印数：63万定价：0.24元/市场交流价：/9品：20元/10品：50元,PaddlePaddle
张玉良（上下）,张玉良,（上下）,改编：石楠 绘画：王庆明甘正伦,,,改编：石楠,石楠,改编,绘画：王庆明,王庆明,绘画,绘画：甘正伦,甘正伦,绘画,,,,,,,,,,福建美术,福建美术,,福州,9,1985,1版1次,64,5.698万,0.78,20（全套）,30,Ref002:98,单册：柒划,,,张玉良（上下）/出版社：福建美术/改编：石楠/绘画：王庆明甘正伦/85年9月1版1次64开/印数：5.698万定价：0.78元/市场交流价：/9品：20元（全套）/10品：30元,PaddlePaddle
阿姨们的抗日故事,阿姨们的抗日故事,,改编：许灏 绘画：李俊生聂维民等,,,改编：许灏,许灏,改编,绘画：李俊生,李俊生,绘画,绘画：聂维民,聂维民,绘画,绘画：等,等,绘画,,,,,,,黑龙江人民,黑龙江人民,,哈尔滨,,1973,1版1次,64,,0.42,20,40,Ref002:98,单册：柒划,,,阿姨们的抗日故事/出版社：黑龙江人民/改编：许灏/绘画：李俊生聂维民等/73年1版1次64开/印数：未祥定价：0.42元/市场交流价：/9品：20元/10品：40元,PaddlePaddle
我的前半生,我的前半生,,改编：沙铁军 绘画：陈贻福李乃蔚等,,,改编：沙铁军,沙铁军,改编,绘画：陈贻福,陈贻福,绘画,绘画：李乃蔚,李乃蔚,绘画,绘画：等,等,绘画,,,,,,,长江文艺,长江文艺,,武汉,5,1982,1版1次,64,70万,0.2,20,30,Ref002:98,单册：柒划,,,我的前半生/出版社：长江文艺/改编：沙铁军/绘画：陈贻福李乃蔚等/82年5月1版1次64开/印数：70万定价：0.20元/市场交流价：/9品：20元/10品：30元,PaddlePaddle
我这三十年,我这三十年,,改编：枫坤 绘画：关庆留,,,改编：枫坤,枫坤,改编,绘画：关庆留,关庆留,绘画,,,,,,,,,,,,,陕西人民美术,陕西人民美术,,西安,2,1985,1版1次,64,45万,0.35,5,10,Ref002:98,单册：柒划,,,我这三十年/出版社：陕西人民美术/改编：枫坤/绘画：关庆留/85年2月1版1次64开/印数：45万定价：0.35元/市场交流价：/9品：5元/10品：10元,PaddlePaddle
赤橙黄绿青蓝紫,赤橙黄绿青蓝紫,,改编：丹叶 绘画：吴富佳蔡国栋,,,改编：丹叶,丹叶,改编,绘画：吴富佳,吴富佳,绘画,绘画：蔡国栋,蔡国栋,绘画,,,,,,,,,,人民美术,人民美术,,,12,1983,1版1次,64,16万,0.19,10,20,Ref002:99,单册：柒划,,,赤橙黄绿青蓝紫/出版社：人民美术/改编：丹叶/绘画：吴富佳蔡国栋/83年12月1版1次64开/印数：16万定价：0.19元/市场交流价：/9品：10元/10品：20元,PaddlePaddle
赤橙黄绿青蓝紫,赤橙黄绿青蓝紫,,改编：可蒙 绘画：汪观清,,,改编：可蒙,可蒙,改编,绘画：汪观清,汪观清,绘画,,,,,,,,,,,,,上海人民美术,上海人民美术,,上海,5,1984,1版1次,64,19.4万,0.26,20,35,Ref002:99,单册：柒划,,,赤橙黄绿青蓝紫/出版社：上海人民美术/改编：可蒙/绘画：汪观清/84年5月1版1次64开/印数：19.4万定价：0.26元/市场交流价：/9品：20元/10品：35元,PaddlePaddle
赤橙黄绿青蓝紫,赤橙黄绿青蓝紫,,改编：林家骝 绘画：陈安民,,,改编：林家骝,林家骝,改编,绘画：陈安民,陈安民,绘画,,,,,,,,,,,,,湖南美术,湖南美术,,长沙,2,1984,1版1次,64,8万,0.2,20,45,Ref002:99,单册：柒划,,,赤橙黄绿青蓝紫/出版社：湖南美术/改编：林家骝/绘画：陈安民/84年2月1版1次64开/印数：8万定价：0.20元/市场交流价：/9品：20元/10品：45元,PaddlePaddle
宋氏三姐妹（上下）,宋氏三姐妹,（上下）,改编：林玉山 绘画：沈尧伊,,,改编：林玉山,林玉山,改编,绘画：沈尧伊,沈尧伊,绘画,,,,,,,,,,,,,岭南美术,岭南美术,,广州,2,1988,1版1次,64,,0.6,60（全套）,100,Ref002:99,单册：柒划,,,宋氏三姐妹（上下）/出版社：岭南美术/改编：林玉山/绘画：沈尧伊/88年2月1版1次64开/印数：未详定价：0.60元/市场交流价：/9品：60元（全套）/10品：100元,PaddlePaddle
报春花,报春花,,改编：刘瑞良 绘画：陈心懋庞先健,,,改编：刘瑞良,刘瑞良,改编,绘画：陈心懋,陈心懋,绘画,绘画：庞先健,庞先健,绘画,,,,,,,,,,上海人民,上海人民,,上海,4,1977,1版1次,64,,0.08,8,15,Ref002:99,单册：柒划,,,报春花/出版社：上海人民/改编：刘瑞良/绘画：陈心懋庞先健/77年4月1版1次64开/印数：未详定价：0.08元/市场交流价：/9品：8元/10品：15元,PaddlePaddle
报春花,报春花,,改编：秦节 绘画：蔡超熊山子,,,改编：秦节,秦节,改编,绘画：蔡超,蔡超,绘画,绘画：熊山子,熊山子,绘画,,,,,,,,,,上海人民美术,上海人民美术,,上海,11,1982,1版1次,64,17万,0.16,10,20,Ref002:99,单册：柒划,,,报春花/出版社：上海人民美术/改编：秦节/绘画：蔡超熊山子/82年11月1版1次64开/印数：17万定价：0.16元/市场交流价：/9品：10元/10品：20元,PaddlePaddle
延安保卫战（上下）,延安保卫战,（上下）,改编：王暾 绘画：李人毅,,,改编：王暾,王暾,改编,绘画：李人毅,李人毅,绘画,,,,,,,,,,,,,辽宁美术,辽宁美术,,沈阳,3,1982,1版1次,64,93.1万,0.5,15,20,Ref002:99,单册：柒划,,,延安保卫战（上下）/出版社：辽宁美术/改编：王暾/绘画：李人毅/82年3月1版1次64开/印数：93.1万定价：0.50元/市场交流价：/9品：15元/10品：20元,PaddlePaddle
延安保卫战（上下）,延安保卫战,（上下）,改编：陈贞明 绘画：于业广吕坷,,,改编：陈贞明,陈贞明,改编,绘画：于业广,于业广,绘画,绘画：吕坷,吕坷,绘画,,,,,,,,,,黑龙江人民,黑龙江人民,,哈尔滨,5,1983,1版1次,64,11.09万,0.42,20,45,Ref002:99,单册：柒划,,,延安保卫战（上下）/出版社：黑龙江人民/改编：陈贞明/绘画：于业广吕坷/83年5月1版1次64开/印数：11.09万定价：0.42元/市场交流价：/9品：20元/10品：45元,PaddlePaddle
杨靖宇,杨靖宇,,改编：杨野 绘画：王劲涛等,,,改编：杨野,杨野,改编,绘画：王劲涛,王劲涛,绘画,绘画：等,等,绘画,,,,,,,,,,黑龙江人民,黑龙江人民,,哈尔滨,8,1980,1版1次,64,15.62万,0.14,10,20,Ref002:100,单册：柒划,,,杨靖宇/出版社：黑龙江人民/改编：杨野/绘画：王劲涛 等/80年8月1版1次64开/印数：15.62万定价：0.14元/市场交流价：/9品：10元/10品：20元,PaddlePaddle
杨靖宇,杨靖宇,,改编：王国忠 绘画：潘直亮,,,改编：王国忠,王国忠,改编,绘画：潘直亮,潘直亮,绘画,,,,,,,,,,,,,湖北人民,湖北人民,,武汉,4,1980,1版1次,64,12万,0.22,25,50,Ref002:100,单册：柒划,,,杨靖宇/出版社：湖北人民/改编：王国忠/绘画：潘直亮/80年4月1版1次64开/印数：12万定价：0.22元/市场交流价：/9品：25元/10品：50元,PaddlePaddle
咆哮的黑龙江,咆哮的黑龙江,,改编：金正磐 绘画：叶雄,,,改编：金正磐,金正磐,改编,绘画：叶雄,叶雄,绘画,,,,,,,,,,,,,宁夏人民,宁夏人民,,银川,6,1982,1版2次,64,47.15万,0.18,40,90,Ref002:100,单册：柒划,,,咆哮的黑龙江/出版社：宁夏人民/改编：金正磐/绘画：叶 雄/82年6月1版2次64开/印数：47.15万定价：0.18元/市场交流价：/9品：40元/10品：90元,PaddlePaddle
肖尔布拉克,肖尔布拉克,,改编：石景麟 绘画：江云,,,改编：石景麟,石景麟,改编,绘画：江云,江云,绘画,,,,,,,,,,,,,上海人民美术,上海人民美术,,上海,12,1983,1版1次,64,18万,0.13,8,15,Ref002:100,单册：柒划,,,肖尔布拉克/出版社：上海人民美术/改编：石景麟/绘画：江云/83年12月1版1次64开/印数：18万定价：0.13元/市场交流价：/9品：8元/10品：15元,PaddlePaddle
抗联小号手,抗联小号手,,改编：梁之 绘画：赵丁,,,改编：梁之,梁之,改编,绘画：赵丁,赵丁,绘画,,,,,,,,,,,,,吉林人民,吉林人民,,长春,7,1984,1版1次,64,44.9万,0.16,8,12,Ref002:100,单册：柒划,,,抗联小号手/出版社：吉林人民/改编：梁之/绘画：赵丁/84年7月1版1次64开/印数：44.9万定价：0.16元/市场交流价：/9品：8元/10品：12元,PaddlePaddle
李兆麟将军,李兆麟将军,,编文：傅杰 绘画：候国良,,,编文：傅杰,傅杰,编文,绘画：候国良,候国良,绘画,,,,,,,,,,,,,黑龙江美术,黑龙江美术,,哈尔滨,5,1984,1版1次,64,23.5万,0.2,15,30,Ref002:100,单册：柒划,,,李兆麟将军/出版社：黑龙江美术/编文：傅杰/绘画：候国良/84年5月1版1次64开/印数：23.5万 定价：0.20元/市场交流价：/9品：15元/10品：30元,PaddlePaddle
邹容,邹容,,改编：林林 绘画：施大畏等,,,改编：林林,林林,改编,绘画：施大畏,施大畏,绘画,绘画：等,等,绘画,,,,,,,,,,四川人民,四川人民,,成都,8,1983,1版1次,64,4万,0.16,10,15,Ref002:100,单册：柒划,,,邹容/出版社：四川人民/改编：林林/绘画：施大畏等/83年8月1版1次64开/印数：4万定价：0.16元/市场交流价：/9品：10元/10品：15元,PaddlePaddle
园丁之歌,园丁之歌,,改编：顾延培等 绘画：徐有武韩敏等,,,改编：顾延培,顾延培,改编,改编：等,等,改编,绘画：徐有武,徐有武,绘画,绘画：韩敏,韩敏,绘画,绘画：等,等,绘画,,,,上海人民,上海人民,,上海,3,1977,1版1次,64,,0.09,20,50,Ref002:100,单册：柒划,,,园丁之歌/出版社：上海人民/改编：顾延培等/绘画：徐有武韩敏 等/77年3月1版1次64开/印数：未详定价：0.09元/市场交流价：/9品：20元/10品：50元,PaddlePaddle
花市,花市,,改编：徐景 绘画：于绍文,,,改编：徐景,徐景,改编,绘画：于绍文,于绍文,绘画,,,,,,,,,,,,,农村读物,农村读物,,北京,10,1984,1版1次,64,,0.23,10,20,Ref002:101,单册：柒划,,,花市/出版社：农村读物/改编：徐景/绘画：于绍文/84年10月1版1次64开/印数：未详定价：0.23元/市场交流价：/9品：10元/10品：20元,PaddlePaddle
芙蓉镇,芙蓉镇,,改编：张盛良 绘画：钟增亚,,,改编：张盛良,张盛良,改编,绘画：钟增亚,钟增亚,绘画,,,,,,,,,,,,,湖南美术,湖南美术,,长沙,9,1984,1版1次,64,14.3万,0.28,40,100,Ref002:101,单册：柒划,,,芙蓉镇/出版社：湖南美术/改编：张盛良/绘画：钟增亚/84年9月1版1次64开/印数：14.3万定价：0.28元/市场交流价：/9品：40元/10品：100元,PaddlePaddle
阿娜尔罕,阿娜尔罕,,改编：何泥 绘画：吴道云,,,改编：何泥,何泥,改编,绘画：吴道云,吴道云,绘画,,,,,,,,,,,,,辽宁美术,辽宁美术,,沈阳,8,1979,1版1次,64,30万,0.23,20,40,Ref002:101,单册：柒划,,,阿娜尔罕/出版社：辽宁美术/改编：何泥/绘画：吴道云/79年8月1版1次64开/印数：30万定价：0.23元/市场交流价：/9品：20元/10品：40元,PaddlePaddle
李宗仁归来,李宗仁归来,,改编：赵岗 绘画：关庆留,,,改编：赵岗,赵岗,改编,绘画：关庆留,关庆留,绘画,,,,,,,,,,,,,陕西人民美术,陕西人民美术,,西安,9,1981,1版1次,64,43万,0.19,5,10,Ref002:101,单册：柒划,,,李宗仁归来/出版社：陕西人民美术/改编：赵岗/绘画：关庆留/81年9月1版1次64开/印数：43万 定价：0.19元/市场交流价：/9品：5元/10品：10元,PaddlePaddle
收复雅克萨,收复雅克萨,,改编：浅草 绘画：徐有武徐有刚,,,改编：浅草,浅草,改编,绘画：徐有武,徐有武,绘画,绘画：徐有刚,徐有刚,绘画,,,,,,,,,,浙江人民美术,浙江人民美术,,杭州,3,1983,1版1次,64,10万,0.18,8,15,Ref002:101,单册：柒划,,,收复雅克萨/出版社：浙江人民美术/改编：浅草/绘画：徐有武徐有刚/83年3月1版1次64开/印数：10万定价：0.18元/市场交流价：/9品：8元/10品：15元,PaddlePaddle
优秀大学生张华,优秀大学生张华,,改编：杨鸿举 绘画：曾胜利施易昌,,,改编：杨鸿举,杨鸿举,改编,绘画：曾胜利,曾胜利,绘画,绘画：施易昌,施易昌,绘画,,,,,,,,,,四川人民,四川人民,,成都,10,1983,1版1次,64,3.4万,0.16,15,30,Ref002:101,单册：柒划,,,优秀大学生张华/出版社：四川人民/改编：杨鸿举/绘画：曾胜利施易昌/83年10月1版1次64开/印数：3.4万定价：0.16元/市场交流价：/9品：15元/10品：30元,PaddlePaddle
张华,张华,,改编：汪诚 绘画：秋阳等,,,改编：汪诚,汪诚,改编,绘画：秋阳,秋阳,绘画,绘画：等,等,绘画,,,,,,,,,,长江文艺,长江文艺,,武汉,5,1983,1版1次,64,8.9万,0.14,15,30,Ref002:101,单册：柒划,,Sic._Author_Core_2,张华/出版社：长江文艺/改编：汪诚/绘画：秋阳等/83年5月1版1次64开/印数：8.9万定价：0.14元/市场交流价：/9品：15元/10品：30元,PaddlePaddle
灵与肉,灵与肉,,改编：金正磐 绘画：西林敬平,,,改编：金正磐,金正磐,改编,绘画：西林,西林,绘画,绘画：敬平,敬平,绘画,,,,,,,,,,宁夏人民,宁夏人民,,银川,10,1983,1版1次,64,4.8万,0.14,20,30,Ref002:101,单册：柒划,,,灵与肉/出版社：宁夏人民/改编：金正磐/绘画：西林敬平/83年10月1版1次64开/印数：4.8万定价：0.14元/市场交流价：/9品：20元/10品：30元,PaddlePaddle
两个小八路,两个小八路,,改编：刘福堂 绘画：魏凤才,,,改编：刘福堂,刘福堂,改编,绘画：魏凤才,魏凤才,绘画,,,,,,,,,,,,,黑龙江人民,黑龙江人民,,哈尔滨,6,1979,1版1次,64,28万,0.15,8,15,Ref002:102,单册：柒划,,,两个小八路/出版社：黑龙江人民/改编：刘福堂/绘画：魏凤才/79年6月1版1次64开/印数：28万定价：0.15元/市场交流价：/9品：8元/10品：15元,PaddlePaddle
张志新,张志新,,改编：吴文焕 绘画：韩敏等,,,改编：吴文焕,吴文焕,改编,绘画：韩敏,韩敏,绘画,绘画：等,等,绘画,,,,,,,,,,上海人民美术,上海人民美术,,上海,7,1979,1版1次,64,70万,0.11,20,40,Ref002:102,单册：柒划,,,张志新/出版社：上海人民美术/改编：吴文焕/绘画：韩敏等/79年7月1版1次64开/印数：70万定价：0.11元/市场交流价：/9品：20元/10品：40元,PaddlePaddle
两个红小兵,两个红小兵,,改编：张玉生 绘画：段文斌,,,改编：张玉生,张玉生,改编,绘画：段文斌,段文斌,绘画,,,,,,,,,,,,,河南人民,河南人民,,郑州,1,1978,1版1次,64,,0.07,20,30,Ref002:102,单册：柒划,,,两个红小兵/出版社：河南人民/改编：张玉生/绘画：段文斌/78年1月1版1次64开/印数：未详定价：0.07元/市场交流价：/9品：20元/10品：30元,PaddlePaddle
芙瑞达,芙瑞达,,改编：蒋陈阡 绘画：蒋陈阡,,,改编：蒋陈阡,蒋陈阡,改编,绘画：蒋陈阡,蒋陈阡,绘画,,,,,,,,,,,,,岭南美术,岭南美术,,广州,3,1981,1版1次,64,,0.15,5,10,Ref002:102,单册：柒划,,,芙瑞达/出版社：岭南美术/改编：蒋陈阡/绘画：蒋陈阡/81年3月1版1次64开/印数：未详定价：0.15元/市场交流价：/9品：5元/10品：10元,PaddlePaddle
花丛中的大炮,花丛中的大炮,,改编：安诚信 绘画：黄英浩刘克敏,,,改编：安诚信,安诚信,改编,绘画：黄英浩,黄英浩,绘画,绘画：刘克敏,刘克敏,绘画,,,,,,,,,,人民音乐,人民音乐,,北京,1,1982,1版1次,64,14.1万,0.13,10,20,Ref002:102,单册：柒划,,,花丛中的大炮/出版社：人民音乐/改编：安诚信/绘画：黄英浩刘克敏/82年1月1版1次64开/印数：14.1万定价：0.13元/市场交流价：/9品：10元/10品：20元,PaddlePaddle
两个小路特,两个小路特,,改编：林震浩 绘画：潘宝珠,,,改编：林震浩,林震浩,改编,绘画：潘宝珠,潘宝珠,绘画,,,,,,,,,,,,,上海人民美术,上海人民美术,,上海,11,1984,1版1次,64,17.8万,0.18,8,15,Ref002:102,单册：柒划,,,两个小路特/出版社：上海人民美术/改编：林震浩/绘画：潘宝珠/84年11月1版1次64开/印数：17.8万定价：0.18元/市场交流价：/9品：8元/10品：15元,PaddlePaddle
财迷心窃,财迷心窃,,改编：王成君 绘画：王世芳马义兴,,,改编：王成君,王成君,改编,绘画：王世芳,王世芳,绘画,绘画：马义兴,马义兴,绘画,,,,,,,,,,山东美术,山东美术,,济南,7,1984,1版1次,64,12.3万,0.14,5,8,Ref002:102,单册：柒划,,,财迷心窃/出版社：山东美术/改编：王成君/绘画：王世芳马义兴/84年7月1版1次64开/印数：12.3万定价：0.14元/市场交流价：/9品：5元/10品：8元,PaddlePaddle
汤姆·索亚历险记,汤姆·索亚历险记,,改编：陈知义 绘画：徐海鸥,,,改编：陈知义,陈知义,改编,绘画：徐海鸥,徐海鸥,绘画,,,,,,,,,,,,,江苏人民,江苏人民,,南京,8,1981,1版2次,64,54万,0.15,5,10,Ref002:102,单册：柒划,,,汤姆·索亚历险记/出版社：江苏人民/改编：陈知义/绘画：徐海鸥/81年8月1版2次64开/印数：54万定价：0.15元/市场交流价：/9品：5元/10品：10元,PaddlePaddle
苍海历险,苍海历险,,改编：傅杰 绘画：丁世弼,,,改编：傅杰,傅杰,改编,绘画：丁世弼,丁世弼,绘画,,,,,,,,,,,,,黑龙江人民,黑龙江人民,,哈尔滨,12,1981,1版1次,64,21.6万,0.24,10,25,Ref002:103,单册：柒划,,,苍海历险/出版社：黑龙江人民/改编：傅杰/绘画：丁世弼/81年12月1版1次64开/印数：21.6万定价：0.24元/市场交流价：/9品：10元/10品：25元,PaddlePaddle
伽俐略,伽俐略,,改编：裘愉发 绘画：江云,,,改编：裘愉发,裘愉发,改编,绘画：江云,江云,绘画,,,,,,,,,,,,,上海人民美术,上海人民美术,,上海,2,1980,1版1次,64,20万,0.11,10,20,Ref002:103,单册：柒划,,,伽俐略/出版社：上海人民美术/改编：裘愉发/绘画：江云/80年2月1版1次64开/印数：20万定价：0.11元/市场交流价：/9品：10元/10品：20元,PaddlePaddle
吝啬鬼,吝啬鬼,,改编：代学长虹 绘画：徐锡林,,,改编：代学长虹,代学长虹,改编,绘画：徐锡林,徐锡林,绘画,,,,,,,,,,,,,辽宁美术,辽宁美术,,沈阳,1,1983,1版1次,64,5.4万,0.26,25,60,Ref002:103,单册：柒划,,Sic._Author_Core_1,吝啬鬼/出版社：辽宁美术/改编：代学长虹/绘画：徐锡林/83年1月1版1次64开/印数：5.4万定价：0.26元/市场交流价：/9品：25元/10品：60元,PaddlePaddle
吝啬鬼,吝啬鬼,,改编：李白英 绘画：胡克文,,,改编：李白英,李白英,改编,绘画：胡克文,胡克文,绘画,,,,,,,,,,,,,上海人民美术,上海人民美术,,上海,4,1981,1版3次,64,104万,0.15,15,30,Ref002:103,单册：柒划,,,吝啬鬼/出版社：上海人民美术/改编：李白英/绘画：胡克文/81年4月1版3次64开/印数：104万定价：0.15元/市场交流价：/9品：15元/10品：30元,PaddlePaddle
孤岛历险记,孤岛历险记,,改编：庄宏安 绘画：梁启德,,,改编：庄宏安,庄宏安,改编,绘画：梁启德,梁启德,绘画,,,,,,,,,,,,,少年儿童,少年儿童,,上海,2,1983,1版1次,64,22万,0.18,5,10,Ref002:103,单册：柒划,,,孤岛历险记/出版社：少年儿童/改编：庄宏安/绘画：梁启德/83年2月1版1次64开/印数：22万定价：0.18元/市场交流价：/9品：5元/10品：10元,PaddlePaddle
村姑小姐,村姑小姐,,改编：韩幼文 绘画：刘国辉,,,改编：韩幼文,韩幼文,改编,绘画：刘国辉,刘国辉,绘画,,,,,,,,,,,,,辽宁美术,辽宁美术,,沈阳,11,1984,1版1次,64,22万,0.14,15,30,Ref002:103,单册：柒划,,,村姑小姐/出版社：辽宁美术/改编：韩幼文/绘画：刘国辉/84年11月1版1次64开/印数：22万定价：0.14元/市场交流价：/9品：15元/10品：30元,PaddlePaddle
学校,学校,,改编：吴瑞金 绘画：吴瑞龙,,,改编：吴瑞金,吴瑞金,改编,绘画：吴瑞龙,吴瑞龙,绘画,,,,,,,,,,,,,上海人民美术,上海人民美术,,上海,7,1980,1版1次,64,45万,0.23,30,80,Ref002:103,单册：柒划,,,学校/出版社：上海人民美术/改编：吴瑞金/绘画：吴瑞龙/80年7月1版1次64开/印数：45万定价：0.23元/市场交流价：/9品：30元/10品：80元,PaddlePaddle
阿里巴巴和四十大盗,阿里巴巴和四十大盗,,改编：张健 绘画：王惟震,,,改编：张健,张健,改编,绘画：王惟震,王惟震,绘画,,,,,,,,,,,,,北京,北京,,北京,8,1980,1版1次,60,,0.09,8,15,Ref002:103,单册：柒划,,,阿里巴巴和四十大盗/出版社：北京/改编：张健/绘画：王惟震/80年8月1版1次60开/印数：未详定价：0.09元/市场交流价：/9品：8元/10品：15元,PaddlePaddle
郑和下西洋（上）,郑和下西洋,（上）,改编：葛金康 绘画：白露等,,,改编：葛金康,葛金康,改编,绘画：白露,白露,绘画,绘画：等,等,绘画,,,,,,,,,,云南人民,云南人民,,昆明,7,1983,1版2次,64,,0.42,15,20（全套）,Ref002:104,单册：捌划,,,郑和下西洋（上）/出版社：云南人民/改编：葛金康/绘画：白露等/83年7月1版2次64开/印数：未详定价：0.42元/市场交流价：/9品：15元/10品：20元（全套）,PaddlePaddle
郑和下西洋（下）,郑和下西洋,（下）,改编：葛金康 绘画：白露,,,改编：葛金康,葛金康,改编,绘画：白露,白露,绘画,,,,,,,,,,,,,云南人民,云南人民,,昆明,7,1983,1版1次,64,,,,,Ref002:104,单册：捌划,,,郑和下西洋(下）/出版社：云南人民/改编：葛金康/绘画：白露/83年7月1版1次64开,PaddlePaddle
郑和下西洋,郑和下西洋,,编文：刘莹 绘画：中流,,,编文：刘莹,刘莹,编文,绘画：中流,中流,绘画,,,,,,,,,,,,,上海人民美术,上海人民美术,,上海,1,1983,1版1次,64,11.5万,0.14,40,100,Ref002:104,单册：捌划,,,郑和下西洋/出版社：上海人民美术/编文：刘莹/绘画：中流/83年1月1版1次64开/印数：11.5万定价：0.14元/市场交流价：/9品：40元/10品：100元,PaddlePaddle
郑成功,郑成功,,改编：温福华 绘画：梁伟明邓志刚,,,改编：温福华,温福华,改编,绘画：梁伟明,梁伟明,绘画,绘画：邓志刚,邓志刚,绘画,,,,,,,,,,岭南美术,岭南美术,,广州,7,1984,1版1次,64,21.7万,0.23,8,15,Ref002:104,单册：捌划,,,郑成功/出版社：岭南美术/改编：温福华/绘画：梁伟明 邓志刚/84年7月1版1次64开/印数：21.7万定价：0.23元/市场交流价：/9品：8.00元/10品：15.00元,PaddlePaddle
郑成功收复台湾,郑成功收复台湾,,改编：张国信 绘画：陈云华王重圭,,,改编：张国信,张国信,改编,绘画：陈云华,陈云华,绘画,绘画：王重圭,王重圭,绘画,,,,,,,,,,陕西人民美术,陕西人民美术,,西安,11,1981,1版1次,64,20万,0.21,20,50,Ref002:104,单册：捌划,,,郑成功收复台湾/出版社：陕西人民美术/改编：张国信/绘画：陈云华王重圭/81年11月1版1次64开/印数：20万定价：0.21元/市场交流价：/9品：20元/10品：50元,PaddlePaddle
郑成功收复台湾,郑成功收复台湾,,改编：李鲁 绘画：吴景希,,,改编：李鲁,李鲁,改编,绘画：吴景希,吴景希,绘画,,,,,,,,,,,,,福建人民,福建人民,,福州,3,1979,1版1次,60,50万,0.15,30,80,Ref002:104,单册：捌划,,,郑成功收复台湾/出版社：福建人民/改编：李鲁/绘画：吴景希/79年3月1版1次60开/印数：50万定价：0.15元/市场交流价：/9品：30元/10品：80元,PaddlePaddle
松帕敏和嘎西娜,松帕敏和嘎西娜,,改编：柳萱图 绘画：丁斌曾,,,改编：柳萱图,柳萱图,改编,绘画：丁斌曾,丁斌曾,绘画,,,,,,,,,,,,,上海人民美术,上海人民美术,,上海,1,1983,1版1次,64,22[sic.],0.11,20,60,Ref002:104,单册：捌划,,Print_run_sic. ,松帕敏和嘎西娜/出版社：上海人民美术/改编：柳萱图/绘画：丁斌曾/83年1月1版1次64开/印数：22 定价：0.11元/市场交流价：/9品：20元/10品：60元,PaddlePaddle
松赞干布,松赞干布,,改编：张崇婉 绘者：杨文仁,,,改编：张崇婉,张崇婉,改编,绘者：杨文仁,杨文仁,绘者,,,,,,,,,,,,,人民美术,人民美术,,,5,1985,1版1次,64,6万,0.28,8,15,Ref002:104,单册：捌划,,,松赞干布/出版社：人民美术/改编：张崇婉/绘者：杨文仁/85年5月1版1次64开/印数：6万定价：0.28元/市场交流价：/9品：8元/10品：15元,PaddlePaddle
钗头凤,钗头凤,,改编：何培新 绘画：激庆江,,,改编：何培新,何培新,改编,绘画：激庆江,激庆江,绘画,,,,,,,,,,,,,人民美术,人民美术,,,1,1982,1版1次,64,100万,0.08,15,25,Ref002:105,单册：捌划,,,钗头凤/出版社：人民美术/改编：何培新/绘画：孟庆江/82年1月1版1次64开/印数：100万 定价：0.08元/市场交流价：/9品：15元/10品：25元,PaddlePaddle
钗头凤,钗头凤,,编文：郝幼权 绘画：丹赤,,,编文：郝幼权,郝幼权,编文,绘画：丹赤,丹赤,绘画,,,,,,,,,,,,,吉林人民,吉林人民,,长春,11,1982,1版1次,64,15.7万,0.19,15,25,Ref002:105,单册：捌划,,,钗头凤/出版社：吉林人民/编文：郝幼权/绘画：丹赤/82年11月1版1次64开/印数：15.7万定价：0.19元/市场交流价：/9品：15元/10品：25元,PaddlePaddle
钗头凤,钗头凤,,改编：吴玉京 绘画：费声福,,,改编：吴玉京,吴玉京,改编,绘画：费声福,费声福,绘画,,,,,,,,,,,,,黑龙江人民,黑龙江人民,,哈尔滨,3,1983,1版1次,64,10万,0.23,20,40,Ref002:105,单册：捌划,,,钗头凤/出版社：黑龙江人民/改编：吴玉京/绘画：费声福/83年3月1版1次64开/印数：10万定价：0.23元/市场交流价：/9品：20元/10品：40元,PaddlePaddle
春秋配,春秋配,,改编：高炼 绘画：刘廷相,,,改编：高炼,高炼,改编,绘画：刘廷相,刘廷相,绘画,,,,,,,,,,,,,辽宁美术,辽宁美术,,沈阳,10,1981,1版1次,64,90万,0.18,20,40,Ref002:105,单册：捌划,,,春秋配/出版社：辽宁美术/改编：高炼/绘画：刘廷相/81年10月1版1次64开/印数：90万定价：0.18元/市场交流价：/9品：20元/10品：40元,PaddlePaddle
宝莲灯,宝莲灯,,改编：张雨 绘画：赵映炯吴绪经,,,改编：张雨,张雨,改编,绘画：赵映炯,赵映炯,绘画,绘画：吴绪经,吴绪经,绘画,,,,,,,,,,四川人民,四川人民,,成都,7,1980,1版1次,60,100万,0.16,10,20,Ref002:105,单册：捌划,,,宝莲灯/出版社：四川人民/改编：张雨/绘画：赵映炯吴绪经/80年7月1版1次60开/印数：100万定价：0.16元/市场交流价：/9品：10元/10品：20元,PaddlePaddle
宝船,宝船,,改编：励艺夫 绘画：于化鲤,,,改编：励艺夫,励艺夫,改编,绘画：于化鲤,于化鲤,绘画,,,,,,,,,,,,,天津人民美术,天津人民美术,,天津,2,1981,1版1次,60,16.6万,0.11,20,50,Ref002:105,单册：捌划,,,宝船/出版社：天津人民美术/改编：励艺夫/绘画：于化鲤/81年2月1版1次60开/印数：16.6万定价：0.11元/市场交流价：/9品：20元/10品：50元,PaddlePaddle
屈原,屈原,,改编：董子畏 绘画：刘旦宅,,,改编：董子畏,董子畏,改编,绘画：刘旦宅,刘旦宅,绘画,,,,,,,,,,,,,上海人民美术,上海人民美术,,上海,6,1979,2版2次,60,50.1万,0.14,50,120,Ref002:105,单册：捌划,,,屈原/出版社：上海人民美术/改编：董子畏/绘画：刘旦宅/79年6月2版2次60开/印数：50.1万定价：0.14元/市场交流价：/9品：50元/10品：120元,PaddlePaddle
泪美人,泪美人,,改编：鲁俪 绘画：徐恒瑜,,,改编：鲁俪,鲁俪,改编,绘画：徐恒瑜,徐恒瑜,绘画,,,,,,,,,,,,,人民美术,人民美术,,,6,1985,1版1次,60,23万,0.39,10,25,Ref002:105,单册：捌划,,,泪美人/出版社：人民美术/改编：鲁俪/绘画：徐恒瑜/85年6月1版1次60开/印数：23万定价：0.39元/市场交流价：/9品：10元/10品：25元,PaddlePaddle
周处除害,周处除害,,编文：徐鹰 绘画：施忠平,,,编文：徐鹰,徐鹰,编文,绘画：施忠平,施忠平,绘画,,,,,,,,,,,,,湖南少年儿童,湖南少年儿童,,长沙,1,1984,1版1次,64,8.8万,0.2,5,10,Ref002:106,单册：捌划,,,周处除害/出版社：湖南少年儿童/编文：徐鹰/绘画：施忠平/84年1月1版1次64开/印数：8.8万定价：0.20元/市场交流价：/9品：5元/10品：10元,PaddlePaddle
周处除害,周处除害,,编者：邵劭 绘画：邵劭,,,编者：邵劭,邵劭,编者,绘画：邵劭,邵劭,绘画,,,,,,,,,,,,,人民美术,人民美术,,,1,1985,1版1次,64,11万,0.21,10,20,Ref002:106,单册：捌划,,,周处除害/出版社：人民美术/编者：邵劭/绘画：邵劭/85年1月1版1次64开/印数：11万定价：0.21元/市场交流价：/9品：10元/10品：20元,PaddlePaddle
周处改过,周处改过,,改编：林泉 绘画：李福金,,,改编：林泉,林泉,改编,绘画：李福金,李福金,绘画,,,,,,,,,,,,,四川人民,四川人民,,成都,10,1983,1版1次,64,10.6万,0.14,8,20,Ref002:106,单册：捌划,,,周处改过/出版社：四川人民/改编：林泉/绘画：李福金/83年10月1版1次64开/印数：10.6万定价：0.14元/市场交流价：/9品：8元/10品：20元,PaddlePaddle
周处除三害,周处除三害,,编文：王素一 绘画：卢汶刘斌昆,,,编文：王素一,王素一,编文,绘画：卢汶,卢汶,绘画,绘画：刘斌昆,刘斌昆,绘画,,,,,,,,,,宁夏人民,宁夏人民,,银川,6,1982,1版2次,64,20万,0.11,8,15,Ref002:106,单册：捌划,1版,,周处除三害/出版社：宁夏人民/编文：王素一/绘画：卢汶刘斌昆/82年6月1版2次64开/印数：20万定价：0.11元/市场交流价：/9品：8元/10品：15元,PaddlePaddle
除三害,除三害,,改编：晨光 绘画：戴敦邦戴红倩,,,改编：晨光,晨光,改编,绘画：戴敦邦,戴敦邦,绘画,绘画：戴红倩,戴红倩,绘画,,,,,,,,,,少年儿童,少年儿童,,上海,5,1984,1版1次,64,36万,0.17,10,30,Ref002:106,单册：捌划,,,除三害/出版社：少年儿童/改编：晨光/绘画：戴敦邦戴红倩/84年5月1版1次64开/印数：36万定价：0.17元/市场交流价：/9品：10元/10品：30元,PaddlePaddle
周三畏挂冠,周三畏挂冠,,编者：赵闻庆 绘画：戴宏海,,,编者：赵闻庆,赵闻庆,编者,绘画：戴宏海,戴宏海,绘画,,,,,,,,,,,,,浙江人民美术,浙江人民美术,,杭州,2,1984,1版1次,64,32万,0.16,10,20,Ref002:106,单册：捌划,,,周三畏挂冠/出版社：浙江人民美术/编者：赵闻庆/绘画：戴宏海/84年2月1版1次64开/印数：32万定价：0.16元/市场交流价：/9品：10元/10品：20元,PaddlePaddle
罗成,罗成,,改编：郑远明 绘画：金茗韦琦,,,改编：郑远明,郑远明,改编,绘画：金茗,金茗,绘画,绘画：韦琦,韦琦,绘画,,,,,,,,,,湖南少年儿童,湖南少年儿童,,长沙,4,1983,1版1次,64,42万,0.18,8,15,Ref002:106,单册：捌划,,Sic._Author_Core_3,罗成/出版社：湖南少年儿童/改编：郑远明/绘画：金茗韦琦/83年4月1版1次64开/印数：42万定价：0.18元/市场交流价：/9品：8元/10品：15元,PaddlePaddle
罗成,罗成,,改编：刘丁辰 绘画：金鉴,,,改编：刘丁辰,刘丁辰,改编,绘画：金鉴,金鉴,绘画,,,,,,,,,,,,,吉林人民,吉林人民,,长春,11,1983,1版1次,64,33.1万,0.19,5,10,Ref002:106,单册：捌划,,,罗成/出版社：吉林人民/改编：刘丁辰/绘画：金鉴/83年11月1版1次64开/印数：33.1万定价：0.19元/市场交流价：/9品：5元/10品：10元,PaddlePaddle
虎丘恋,虎丘恋,,改编：范芸 绘画：韩和平何进,,,改编：范芸,范芸,改编,绘画：韩和平,韩和平,绘画,绘画：何进,何进,绘画,,,,,,,,,,江苏人民,江苏人民,,南京,8,1982,1版1次,64,32万,0.11,25,50,Ref002:107,单册：捌划,,,虎丘恋/出版社：江苏人民/改编：范芸/绘画：韩和平何进/82年8月1版1次64开/印数：32万定价：0.11元/市场交流价：/9品：25元/10品：50元,PaddlePaddle
岳飞,岳飞,,改编：王家达 绘画：叶毓中,,,改编：王家达,王家达,改编,绘画：叶毓中,叶毓中,绘画,,,,,,,,,,,,,甘肃人民,甘肃人民,,兰州,9,1983,1版1次,64,3.9万,0.21,25,50,Ref002:107,单册：捌划,,,岳飞/出版社：甘肃人民/改编：王家达/绘画：叶毓中/83年9月1版1次64开/印数：3.9万定价：0.21元/市场交流价：/9品：25元/10品：50元,PaddlePaddle
岳飞,岳飞,,改编：陶静波 绘画：许旭奎扬航,,,改编：陶静波,陶静波,改编,绘画：许旭奎,许旭奎,绘画,绘画：扬航,扬航,绘画,,,,,,,,,,岭南美术,岭南美术,,广州,6,1982,1版1次,64,,0.32,8,15,Ref002:107,单册：捌划,,Sic._Author_Core_3,岳飞/出版社：岭南美术/改编：陶静波/绘画：许旭奎扬航/82年6月1版1次64开/印数：未详定价：0.32元/市场交流价：/9品：8元/10品：15元,PaddlePaddle
岳飞（上下）,岳飞,（上下）,改编：汪涛 绘画：施大畏韩硕,,,改编：汪涛,汪涛,改编,绘画：施大畏,施大畏,绘画,绘画：韩硕,韩硕,绘画,,,,,,,,,,浙江人民美术,浙江人民美术,,杭州,2,1982,1版1次,64,80万,036[sic.],25,40,Ref002:107,单册：捌划,,Price_sic.,岳飞(上下)/出版社：浙江人民美术/改编：汪涛/绘画：施大畏韩硕/82年2月1版1次64开/印数：80万定价：036元/市场交流价：/9品：25元/10品：40元,PaddlePaddle
岳飞（上下）,岳飞,（上下）,编文：育柏 绘画：陈曦光,,,编文：育柏,育柏,编文,绘画：陈曦光,陈曦光,绘画,,,,,,,,,,,,,吉林人民,吉林人民,,长春,7,1982,1版1次,64,45.1万,0.4,20,35,Ref002:107,单册：捌划,,,岳飞(上下)/出版社：吉林人民/编文：育柏/绘画：陈曦光/82年7月1版1次64开/印数：45.1万定价：0.40元/市场交流价：/9品：20元/10品：35元,PaddlePaddle
岳飞大战金兀术,岳飞大战金兀术,,改编：吴一声 绘画：于骏治卢汶,,,改编：吴一声,吴一声,改编,绘画：于骏治,于骏治,绘画,绘画：卢汶,卢汶,绘画,,,,,,,,,,黑龙江人民,黑龙江人民,,哈尔滨,9,1982,1版1次,64,64.4万,0.23,5,10,Ref002:107,单册：捌划,,,岳飞大战金兀术/出版社：黑龙江人民/改编：吴一声/绘画：于骏治卢汶/82年9月1版1次64开/印数：64.4万定价：0.23元/市场交流价：/9品：5元/10品：10元,PaddlePaddle
岳云,岳云,,改编：孙中晓 绘画：窦世魁窦世伟,,,改编：孙中晓,孙中晓,改编,绘画：窦世魁,窦世魁,绘画,绘画：窦世伟,窦世伟,绘画,,,,,,,,,,河北美术,河北美术,,石家庄,4,1985,1版1次,64,37.3万,0.34,15,25,Ref002:107,单册：捌划,,,岳云/出版社：河北美术/改编：孙中晓/绘画：窦世魁 窦世伟/85年4月1版1次64开/印数：37.3万定价：0.34元/市场交流价：/9品：15元/10品：25元,PaddlePaddle
岳雷,岳雷,,改编：罗波 绘画：项維仁,,,改编：罗波,罗波,改编,绘画：项維仁,项維仁,绘画,,,,,,,,,,,,,河北美术,河北美术,,石家庄,4,1985,1版1次,64,34.6万,0.34,15,25,Ref002:107,单册：捌划,,,岳雷/出版社：河北美术/改编：罗波/绘画：项维仁/85年4月1版1次64开/印数：34.6万定价：0.34元/市场交流价：/9品：15元/10品：25元,PaddlePaddle
林则徐,林则徐,,编者：杨犀 绘画：王企玫,,,编者：杨犀,杨犀,编者,绘画：王企玫,王企玫,绘画,,,,,,,,,,,,,天津人民美术,天津人民美术,,天津,5,1979,1版2次,60,70万,0.15,30,80,Ref002:108,单册：捌划,,,林则徐/出版社：天津人民美术/编者：杨犀/绘画：王企玫/79年5月1版2次60开/印数：70万定价：0.15元/市场交流价：/9品：30元/10品：80元,PaddlePaddle
林则徐禁烟,林则徐禁烟,,改编：朱羽 绘画：陈光镒,,,改编：朱羽,朱羽,改编,绘画：陈光镒,陈光镒,绘画,,,,,,,,,,,,,福建人民,福建人民,,福州,5,1978,1版1次,60,,0.21,100,300,Ref002:108,单册：捌划,,,林则徐禁烟/出版社：福建人民/改编：朱羽/绘画：陈光镒/78年5月1版1次60开/印数：未详定价：0.21元/市场交流价：/9品：100元/10品：300元,PaddlePaddle
林则徐,林则徐,,编者：沈基宇 绘画：朱光玉,,,编者：沈基宇,沈基宇,编者,绘画：朱光玉,朱光玉,绘画,,,,,,,,,,,,,人民美术,人民美术,,,2,1983,2版4次,64,41万,0.19,15,35,Ref002:108,单册：捌划,,,林则徐/出版社：人民美术/编者：沈基宇/绘画：朱光玉/83年2月2版4次64开/印数：41万定价：0.19元/市场交流价：/9品：15元/10品：35元,PaddlePaddle
林启容,林启容,,编文：沈国我 绘画：吕建陶黄本贵,,,编文：沈国我,沈国我,编文,绘画：吕建陶,吕建陶,绘画,绘画：黄本贵,黄本贵,绘画,,,,,,,,,,江西人民,江西人民,,南昌,4,1981,1版1次,64,40万,0.18,8,15,Ref002:108,单册：捌划,,,林启容/出版社：江西人民/编文：沈国我/绘画：吕建陶黄本贵/81年4月1版1次64开/印数：40万定价：0.18元/市场交流价：/9品：8元/10品：15元,PaddlePaddle
郑板桥卖画,郑板桥卖画,,编者：王才编王爱红 绘画：于水吴声,,,编者：王才编,王才编,编者,编者：王爱红,王爱红,编者,绘画：于水,于水,绘画,绘画：吴声,吴声,绘画,,,,,,,岭南美术,岭南美术,,广州,1,1984,1版1次,64,26.2万,0.23,15,25,Ref002:108,单册：捌划,,Sic._Author_Core_1,郑板桥卖画/出版社：岭南美术/编者：王才编王爱红/绘画：于水吴声/84年1月1版1次64开/印数：26.2万定价：0.23元/市场交流价：/9品：15元/10品：25元,PaddlePaddle
郑板桥卖画,郑板桥卖画,,改编：黄淑成 绘画：顾宝新,,,改编：黄淑成,黄淑成,改编,绘画：顾宝新,顾宝新,绘画,,,,,,,,,,,,,江苏美术,江苏美术,,南京,10,1984,1版1次,64,15.3万,0.2,15,30,Ref002:108,单册：捌划,,,郑板桥卖画/出版社：江苏美术/改编：黄淑成/绘画：顾宝新/84年10月1版1次64开/印数：15.3万定价：0.20元/市场交流价：/9品：15元/10品：30元,PaddlePaddle
明末英雄张苍水,明末英雄张苍水,,改编：李光濯潘国钧 绘画：傅伯星来汶阳,,,改编：李光濯,李光濯,改编,改编：潘国钧,潘国钧,改编,绘画：傅伯星,傅伯星,绘画,绘画：来汶阳,来汶阳,绘画,,,,,,,浙江人民美术,浙江人民美术,,杭州,6,1981,1版1次,64,55万,0.18,10,20,Ref002:108,单册：捌划,,,明末英雄张苍水/出版社：浙江人民美术/改编：李光濯潘国钧/绘画：傅伯星 来汶阳/81年6月1版1次64开/印数：55万定价：0.18元/市场交流价：/9品：10元/10品：20元,PaddlePaddle
昆阳之战,昆阳之战,,编文：徐章瑞 绘画：潘仁勇,,,编文：徐章瑞,徐章瑞,编文,绘画：潘仁勇,潘仁勇,绘画,,,,,,,,,,,,,湖北人民,湖北人民,,武汉,8,1978,1版1次,60,,0.12,20,40,Ref002:108,单册：捌划,,,昆阳之战/出版社：湖北人民/编文：徐章瑞/绘画：潘仁勇/78年8月1版1次60开/印数：未详定价：0.12元/市场交流价：/9品：20元/10品：40元,PaddlePaddle
美丽的娘阿莎,美丽的娘阿莎,,编文：成皿 绘画：雷务武,,,编文：成皿,成皿,编文,绘画：雷务武,雷务武,绘画,,,,,,,,,,,,,广西人民,广西人民,,南宁,1,1984,1版1次,64,23.3万,0.12,10,25,Ref002:109,单册：捌划,,,美丽的娘阿莎/出版社：广西人民/编文：成皿/绘画：雷务武/84年1月1版1次64开/印数：23.3万定价：0.12元/市场交流价：/9品：10元/10品：25元,PaddlePaddle
送马,送马,,改编：候彦彬 绘画：白春堂等,,,改编：候彦彬,候彦彬,改编,绘画：白春堂,白春堂,绘画,绘画：等,等,绘画,,,,,,,,,,河南人民,河南人民,,郑州,2,1974,1版2次,64,64万,0.08,5,15,Ref002:109,单册：捌划,,,送马/出版社：河南人民/改编：候彦彬/绘画：白春堂等/74年2月1版2次64开/印数：64万定价：0.08元/市场交流价：/9品：5元/10品：15元,PaddlePaddle
孤胆英雄,孤胆英雄,,改编：赵吉南 绘画：罗希贤庞先健,,,改编：赵吉南,赵吉南,改编,绘画：罗希贤,罗希贤,绘画,绘画：庞先健,庞先健,绘画,,,,,,,,,,上海人民美术,上海人民美术,,上海,6,1979,1版1次,64,80万,0.09,8,15,Ref002:109,单册：捌划,,,孤胆英雄/出版社：上海人民美术/改编：赵吉南/绘画：罗希贤庞先健/79年6月1版1次64开/印数：80万定价：0.09元/市场交流价：/9品：8元/10品：15元,PaddlePaddle
鱼鹰来归,鱼鹰来归,,改编：杨根相 绘画：张品操,,,改编：杨根相,杨根相,改编,绘画：张品操,张品操,绘画,,,,,,,,,,,,,上海人民美术,上海人民美术,,上海,6,1978,1版1次,64,,0.11,10,25,Ref002:109,单册：捌划,,,鱼鹰来归/出版社：上海人民美术/改编：杨根相/绘画：张品操/78年6月1版1次64开/印数：未详定价：0.11元/市场交流价：/9品：10元/10品：25元,PaddlePaddle
金岭风云,金岭风云,,编文：邱恒聪 绘画：肖赛明,,,编文：邱恒聪,邱恒聪,编文,绘画：肖赛明,肖赛明,绘画,,,,,,,,,,,,,江西人民,江西人民,,南昌,10,1974,1版1次,60,70万,0.19,20,40,Ref002:109,单册：捌划,,,金岭风云/出版社：江西人民/编文：邱恒聪/绘画：肖赛明/74年10月1版1次60开/印数：70万定价：0.19元/市场交流价：/9品：20元/10品：40元,PaddlePaddle
金训华,金训华,,改编：集体 绘画：集体,,,改编：集体,集体,改编,绘画：集体,集体,绘画,,,,,,,,,,,,,上海市出版革命组,上海市出版革命组,,上海,5,1970,1版2次,60,,0.07,150,300,Ref002:109,单册：捌划,,,金训华/出版社：上海市出版革命组/改编：集体/绘画：集体/70年5月1版2次60开/印数：未详定价：0.07元/市场交流价：/9品：150元/10品：300元,PaddlePaddle
金凤,金凤,,改编：孔捷生 绘画：宋飞,,,改编：孔捷生,孔捷生,改编,绘画：宋飞,宋飞,绘画,,,,,,,,,,,,,广东人民,广东人民,,广州,3,1975,1版1次,60,,0.1,15,25,Ref002:109,单册：捌划,,,金凤/出版社：广东人民/改编：孔捷生/绘画：宋飞/75年3月1版1次60开/印数：未详定价：0.10元/市场交流价：/9品：15元/10品：25元,PaddlePaddle
实践出真知,实践出真知,,改编：集体 绘画：集体,,,改编：集体,集体,改编,绘画：集体,集体,绘画,,,,,,,,,,,,,湖北人民,湖北人民,,武汉,3,1972,1版1次,60,,0.11,100,200,Ref002:109,单册：捌划,,,实践出真知/出版社：湖北人民/改编：集体/绘画：集体/72年3月1版1次60开/印数：未详定价：0.11元/市场交流价：/9品：100元/10品：200元,PaddlePaddle
英雄小八路,英雄小八路,,改编：集体 绘画：顾炳鑫,,,改编：集体,集体,改编,绘画：顾炳鑫,顾炳鑫,绘画,,,,,,,,,,,,,上海人民,上海人民,,上海,12,1973,1版1次,60,150万,0.12,50,150,Ref002:110,单册：捌划,,,英雄小八路/出版社：上海人民/改编：集体/绘画：顾炳鑫/73年12月1版1次60开/印数：150万定价：0.12元/市场交流价：/9品：50元/10品：150元,PaddlePaddle
英雄五少年,英雄五少年,,改编：集体 绘画：集体,,,改编：集体,集体,改编,绘画：集体,集体,绘画,,,,,,,,,,,,,江西省新华书店,江西省新华书店,,南昌,6,1970,1版2次,60,32万,0.1,40,100,Ref002:110,单册：捌划,,,英雄五少年/出版社：江西省新华书店/改编：集体/绘画：集体/70年6月1版2次60开/印数：32万定价：0.10元/市场交流价：/9品：40元/10品：100元,PaddlePaddle
英雄母女,英雄母女,,改编：劳峡 绘画：新工,,,改编：劳峡,劳峡,改编,绘画：新工,新工,绘画,,,,,,,,,,,,,浙江人民,浙江人民,,杭州,7,1970,1版1次,60,,0.05,30,50,Ref002:110,单册：捌划,,,英雄母女/出版社：浙江人民/改编：劳峡/绘画：新工/70年7月1版1次60开/印数：未详定价：0.05元/市场交流价：/9品：30元/10品：50元,PaddlePaddle
英勇不屈,英勇不屈,,改编：集体 绘画：集体,,,改编：集体,集体,改编,绘画：集体,集体,绘画,,,,,,,,,,,,,广东人民,广东人民,,广州,8,1972,1版1次,60,,0.09,20,40,Ref002:110,单册：捌划,,,英勇不屈/出版社：广东人民/改编：集体/绘画：集体/72年8月1版1次60开/印数：未详定价：0.09元/市场交流价：/9品：20元/10品：40元,PaddlePaddle
英雄的南堡人,英雄的南堡人,,改编：黄镇中 绘画：黄镇中,,,改编：黄镇中,黄镇中,改编,绘画：黄镇中,黄镇中,绘画,,,,,,,,,,,,,浙江人民,浙江人民,,杭州,4,1972,1版1次,60,,0.14,50,150,Ref002:110,单册：捌划,,,英雄的南堡人/出版社：浙江人民/改编：黄镇中/绘画：黄镇中/72年4月1版1次60开/印数：未详定价：0.14元/市场交流价：/9品：50元/10品：150元,PaddlePaddle
英雄的南堡人,英雄的南堡人,,改编：黄镇中 绘画：黄镇中,,,改编：黄镇中,黄镇中,改编,绘画：黄镇中,黄镇中,绘画,,,,,,,,,,,,,人民美术,人民美术,,,8,1972,1版1次,64,,0.13,40,100,Ref002:110,单册：捌划,,,英雄的南堡人/出版社：人民美术/改编：黄镇中/绘画：黄镇中/72年8月1版1次64开/印数：未详定价：0.13元/市场交流价：/9品：40元/10品：100元,PaddlePaddle
英雄尖兵,英雄尖兵,,编文：集体 绘画：集体,,,编文：集体,集体,编文,绘画：集体,集体,绘画,,,,,,,,,,,,,安徽人民,安徽人民,,合肥,7,1973,1版1次,60,,0.08,40,80,Ref002:110,单册：捌划,,,英雄尖兵/出版社：安徽人民/编文：集体/绘画：集体/73年7月1版1次60开/印数：未详定价：0.08元/市场交流价：/9品：40元/10品：80元,PaddlePaddle
英勇杀敌,英勇杀敌,,改编：集体 绘画：高宝生等,,,改编：集体,集体,改编,绘画：高宝生,高宝生,绘画,绘画：等,等,绘画,,,,,,,,,,人民美术,人民美术,,,9,1972,1版1次,64,,0.08,15,30,Ref002:110,单册：捌划,,,英勇杀敌/出版社：人民美术/改编：集体/绘画：高宝生等/72年9月1版1次64开/印数：未详定价：0.08元/市场交流价：/9品：15元/10品：30元,PaddlePaddle
虎口夺粮,虎口夺粮,,编文：集体 绘画：集体,,,编文：集体,集体,编文,绘画：集体,集体,绘画,,,,,,,,,,,,,江苏人民,江苏人民,,南京,2,1973,1版1次,60,45万,0.09,10,25,Ref002:111,单册：捌划,,,虎口夺粮/出版社：江苏人民/编文：集体/绘画：集体/73年2月1版1次60开/印数：45万定价：0.09元/市场交流价：/9品：10元/10品：25元,PaddlePaddle
虎穴夺棉,虎穴夺棉,,改编：集体 绘画：沈启鹏汤继民,,,改编：集体,集体,改编,绘画：沈启鹏,沈启鹏,绘画,绘画：汤继民,汤继民,绘画,,,,,,,,,,江苏人民,江苏人民,,南京,11,1973,1版1次,60,100万,0.12,15,40,Ref002:111,单册：捌划,,,虎穴夺棉/出版社：江苏人民/改编：集体 0/绘画：沈启鹏汤继民/73年11月1版1次60开/印数：100万定价：0.12元/市场交流价：/9品：15元/10品：40元,PaddlePaddle
虎口拔牙,虎口拔牙,,编者：集体 绘画：集体,,,编者：集体,集体,编者,绘画：集体,集体,绘画,,,,,,,,,,,,,山东人民,山东人民,,济南,3,1973,1版1次,60,65万,0.09,25,60,Ref002:111,单册：捌划,,,虎口拔牙/出版社：山东人民/编者：集体/绘画：集体/73年3月1版1次60开/印数：65万定价：0.09元/市场交流价：/9品：25元/10品：60元,PaddlePaddle
虎头崖上捉鬼记,虎头崖上捉鬼记,,编文：顾汉昌 绘画：邵国兴,,,编文：顾汉昌,顾汉昌,编文,绘画：邵国兴,邵国兴,绘画,,,,,,,,,,,,,浙江人民,浙江人民,,杭州,1,1978,1版1次,60,,0.11,20,40,Ref002:111,单册：捌划,,,虎头崖上捉鬼记/出版社：浙江人民/编文：顾汉昌/绘画：邵国兴/78年1月1版1次60开/印数：未详定价：0.11元/市场交流价：/9品：20元/10品：40元,PaddlePaddle
虎山擒敌,虎山擒敌,,编文：张存杰 绘画：张增木,,,编文：张存杰,张存杰,编文,绘画：张增木,张增木,绘画,,,,,,,,,,,,,河北人民,河北人民,,石家庄,11,1975,1版1次,64,70万,0.11,5,10,Ref002:111,单册：捌划,,,虎山擒敌/出版社：河北人民/编文：张存杰/绘画：张增木/75年11月1版1次64开/印数：70万定价：0.11元/市场交流价：/9品：5元/10品：10元,PaddlePaddle
金色的大雁,金色的大雁,,改编：集体 绘画：集体,,,改编：集体,集体,改编,绘画：集体,集体,绘画,,,,,,,,,,,,,甘肃人民,甘肃人民,,兰州,9,1973,1版1次,60,29.9万,0.1,80,200,Ref002:111,单册：捌划,,,金色的大雁/出版社：甘肃人民/改编：集体/绘画：集体/73年9月1版1次60开/印数：29.9万定价：0.10元/市场交流价：/9品：80元/10品：200元,PaddlePaddle
奇袭,奇袭,,改编：王文宾 绘画：黄镇中等,,,改编：王文宾,王文宾,改编,绘画：黄镇中,黄镇中,绘画,绘画：等,等,绘画,,,,,,,,,,浙江人民,浙江人民,,杭州,9,1973,1版1次,60,30万,0.14,100,300,Ref002:111,单册：捌划,,,奇袭/出版社：浙江人民/改编：王文宾/绘画：黄镇中等/73年9月1版1次60开/印数：30万定价：0.14元/市场交流价：/9品：100元/10品：300元,PaddlePaddle
奇怪的火光,奇怪的火光,,编文：杨新民 绘画：纪传勤李益年,,,编文：杨新民,杨新民,编文,绘画：纪传勤,纪传勤,绘画,绘画：李益年,李益年,绘画,,,,,,,,,,山东人民,山东人民,,济南,11,1973,1版1次,60,100万,0.1,15,30,Ref002:111,单册：捌划,,,奇怪的火光/出版社：山东人民/编文：杨新民/绘画：纪传勤李益年/73年11月1版1次60开/印数：100万定价：0.10元/市场交流价：/9品：15元/10品：30元,PaddlePaddle
矿工血恨,矿工血恨,,改编：集体 绘画：集体,,,改编：集体,集体,改编,绘画：集体,集体,绘画,,,,,,,,,,,,,黑龙江人民,黑龙江人民,,哈尔滨,10,1971,1版1次,60,,0.12,50,150,Ref002:112,单册：捌划,,,矿工血恨/出版社：黑龙江人民/改编：集体/绘画：集体/71年10月1版1次60开/印数：未详定价：0.12元/市场交流价：/9品：50元/10品：150元,PaddlePaddle
矿工血恨,矿工血恨,,改编：集体 绘画：集体,,,改编：集体,集体,改编,绘画：集体,集体,绘画,,,,,,,,,,,,,黑龙江人民,黑龙江人民,,哈尔滨,10,1970,1版1次,60,100万,0.12,80,180,Ref002:112,单册：捌划,,,矿工血恨/出版社：黑龙江人民/改编：集体/绘画：集体/70年10月1版1次60开/印数：100万定价：0.12元/市场交流价：/9品：80元/10品：180元,PaddlePaddle
弧光闪闪,弧光闪闪,,改编：王文锦 绘画：詹忠效,,,改编：王文锦,王文锦,改编,绘画：詹忠效,詹忠效,绘画,,,,,,,,,,,,,广东人民,广东人民,,广州,8,1974,1版1次,60,,0.12,60,100,Ref002:112,单册：捌划,,,弧光闪闪/出版社：广东人民/改编：王文锦/绘画：詹忠效/74年8月1版1次60开/印数：未详定价：0.12元/市场交流价：/9品：60元/10品：100元,PaddlePaddle
放学以后,放学以后,,改编：集体 绘画：集体,,,改编：集体,集体,改编,绘画：集体,集体,绘画,,,,,,,,,,,,,福建人民,福建人民,,福州,2,1973,1版1次,60,6万,0.08,20,50,Ref002:112,单册：捌划,,,放学以后/出版社：福建人民/改编：集体/绘画：集体/73年2月1版1次60开/印数：6万定价：0.08元/市场交流价：/9品：20元/10品：50元,PaddlePaddle
京江怒涛,京江怒涛,,改编：集体 绘画：集体,,,改编：集体,集体,改编,绘画：集体,集体,绘画,,,,,,,,,,,,,人民美术,人民美术,,,9,1973,1版1次,64,100万,0.08,15,25,Ref002:112,单册：捌划,,,京江怒涛/出版社：人民美术/改编：集体/绘画：集体/73年9月1版1次64开/印数：100万定价：0.08元/市场交流价：/9品：15元/10品：25元,PaddlePaddle
京江怒涛,京江怒涛,,改编：集体 绘画：胡博综王孟奇,,,改编：集体,集体,改编,绘画：胡博综,胡博综,绘画,绘画：王孟奇,王孟奇,绘画,,,,,,,,,,江苏人民,江苏人民,,南京,1,1974,1版1次,60,80万,0.11,30,70,Ref002:112,单册：捌划,,,京江怒涛/出版社：江苏人民/改编：集体/绘画：胡博综 王孟奇/74年1月1版1次60开/印数：80万定价：0.11元/市场交流价：/9品：30元/10品：70元,PaddlePaddle
京江怒涛,京江怒涛,,改编：陈梅鼎 绘画：宋治平,,,改编：陈梅鼎,陈梅鼎,改编,绘画：宋治平,宋治平,绘画,,,,,,,,,,,,,上海人民,上海人民,,上海,4,1974,1版1次,60,100万,0.09,20,40,Ref002:112,单册：捌划,,,京江怒涛/出版社：上海人民/改编：陈梅鼎/绘画：宋治平/74年4月1版1次60开/印数：100万定价：0.09元/市场交流价：/9品：20元/10品：40元,PaddlePaddle
京江怒涛,京江怒涛,,改编：刘维仁 绘画：尚士爵张国才,,,改编：刘维仁,刘维仁,改编,绘画：尚士爵,尚士爵,绘画,绘画：张国才,张国才,绘画,,,,,,,,,,辽宁人民,辽宁人民,,沈阳,4,1975,1版1次,64,30万,0.09,10,20,Ref002:112,单册：捌划,,,京江怒涛/出版社：辽宁人民/改编：刘维仁/绘画：尚士爵张国才/75年4月1版1次64开/印数：30万定价：0.09元/市场交流价：/9品：10元/10品：20元,PaddlePaddle
青春火花,青春火花,,编文：集体 绘画：集体,,,编文：集体,集体,编文,绘画：集体,集体,绘画,,,,,,,,,,,,,上海人民,上海人民,,上海,7,1972,1版1次,60,,0.14,40,120,Ref002:113,单册：捌划,,,青春火花/出版社：上海人民/编文：集体/绘画：集体/72年7月1版1次60开/印数：未详定价：0.14元/市场交流价：/9品：40元/10品：120元,PaddlePaddle
春青火花,春青火花,,改编：集体 绘画：集体,,,改编：集体,集体,改编,绘画：集体,集体,绘画,,,,,,,,,,,,,上海人民,上海人民,,上海,6,1974,1版3次,60,180万,0.14,30,80,Ref002:113,单册：捌划,1版,,春青火花/出版社：上海人民/改编：集体/绘画：集体/74年6月1版3次60开/印数：180万定价：0.14元/市场交流价：/9品：30元/10品：80元,PaddlePaddle
青春似火,青春似火,,编文：张文阁 绘画：殷金玉李青,,,编文：张文阁,张文阁,编文,绘画：殷金玉,殷金玉,绘画,绘画：李青,李青,绘画,,,,,,,,,,辽宁人民,辽宁人民,,沈阳,7,1973,1版1次,64,30万,0.08,10,20,Ref002:113,单册：捌划,,Sic._Author_Core_3,青春似火/出版社：辽宁人民/编文：张文阁/绘画：殷金玉李青/73年7月1版1次64开/印数：30万定价：0.08元/市场交流价：/9品：10元/10品：20元,PaddlePaddle
送鱼,送鱼,,改编：王良莹 绘画：徐有武,,,改编：王良莹,王良莹,改编,绘画：徐有武,徐有武,绘画,,,,,,,,,,,,,天津人民美术,天津人民美术,,天津,12,1974,1版1次,64,,0.1,8,20,Ref002:113,单册：捌划,,,送鱼/出版社：天津人民美术/改编：王良莹/绘画：徐有武/74年12月1版1次64开/印数：未详定价：0.10元/市场交流价：/9品：8元/10品：20元,PaddlePaddle
拔敌旗,拔敌旗,,改编：集体 绘画：陈云华,,,改编：集体,集体,改编,绘画：陈云华,陈云华,绘画,,,,,,,,,,,,,上海人民,上海人民,,上海,8,1973,1版1次,60,100万,0.1,20,40,Ref002:113,单册：捌划,,,拔敌旗/出版社：上海人民/改编：集体/绘画：陈云华/73年8月1版1次60开/印数：100万定价：0.10元/市场交流价：/9品：20元/10品：40元,PaddlePaddle
拔钉子,拔钉子,,改编：集体 绘画：集体,,,改编：集体,集体,改编,绘画：集体,集体,绘画,,,,,,,,,,,,,山东人民,山东人民,,济南,12,1973,1版1次,60,20万,0.09,15,25,Ref002:113,单册：捌划,,,拔钉子/出版社：山东人民/改编：集体/绘画：集体/73年12月1版1次60开/印数：20万定价：0.09元/市场交流价：/9品：15元/10品：25元,PaddlePaddle
夜宿土豆村,夜宿土豆村,,改编：集体 绘画：王建,,,改编：集体,集体,改编,绘画：王建,王建,绘画,,,,,,,,,,,,,浙江人民,浙江人民,,杭州,3,1972,1版1次,60,,0.07,10,30,Ref002:113,单册：捌划,,,夜宿土豆村/出版社：浙江人民/改编：集体/绘画：王建/72年3月1版1次60开/印数：未详定价：0.07元/市场交流价：/9品：10元/10品：30元,PaddlePaddle
夜袭白马山,夜袭白马山,,改编：邓泰和 绘画：邓泰和,,,改编：邓泰和,邓泰和,改编,绘画：邓泰和,邓泰和,绘画,,,,,,,,,,,,,浙江人民,浙江人民,,杭州,12,1971,1版1次,60,,0.08,15,25,Ref002:113,单册：捌划,,,夜袭白马山/出版社：浙江人民/改编：邓泰和/绘画：邓泰和/71年12月1版1次60开/印数：未详定价：0.08元/市场交流价：/9品：15元/10品：25元,PaddlePaddle
追踪,追踪,,改编：吕习明 绘画：王孟奇,,,改编：吕习明,吕习明,改编,绘画：王孟奇,王孟奇,绘画,,,,,,,,,,,,,江苏人民,江苏人民,,南京,2,1975,1版1次,60,75万,0.12,10,25,Ref002:114,单册：捌划,,,追踪/出版社：江苏人民/改编：吕习明/绘画：王孟奇/75年2月1版1次60开/印数：75万定价：0.12元/市场交流价：/9品：10元/10品：25元,PaddlePaddle
追踪,追踪,,改编：蔺鸿儒 绘画：阎文科,,,改编：蔺鸿儒,蔺鸿儒,改编,绘画：阎文科,阎文科,绘画,,,,,,,,,,,,,内蒙古人民,内蒙古人民,,呼和浩特市,9,1974,1版1次,64,100万,0.08,8,15,Ref002:114,单册：捌划,,,追踪/出版社：内蒙古人民/改编：蔺鸿儒/绘画：阎文科/74年9月1版1次64开/印数：100万定价：0.08元/市场交流价：/9品：8元/10品：15元,PaddlePaddle
枫树湾,枫树湾,,改编：集体 绘画：集体,,,改编：集体,集体,改编,绘画：集体,集体,绘画,,,,,,,,,,,,,人民美术,人民美术,,,12,1976,1版1次,64,103万,0.23,30,80,Ref002:114,单册：捌划,,,枫树湾/出版社：人民美术/改编：集体/绘画：集体/76年12月1版1次64开/印数：103万定价：0.23元/市场交流价：/9品：30元/10品：80元,PaddlePaddle
房东大娘,房东大娘,,改编：竺少华 绘画：毛震耀俞晓夫,,,改编：竺少华,竺少华,改编,绘画：毛震耀,毛震耀,绘画,绘画：俞晓夫,俞晓夫,绘画,,,,,,,,,,上海人民,上海人民,,上海,11,1973,1版1次,60,80万,0.06,20,60,Ref002:114,单册：捌划,,,房东大娘/出版社：上海人民/改编：竺少华/绘画：毛震耀 俞晓夫/73年11月1版1次60开/印数：80万定价：0.06元/市场交流价：/9品：20元/10品：60元,PaddlePaddle
鱼水亭,鱼水亭,,编文：邱恒聪 绘画：黄席珍汤云鹤,,,编文：邱恒聪,邱恒聪,编文,绘画：黄席珍,黄席珍,绘画,绘画：汤云鹤,汤云鹤,绘画,,,,,,,,,,江西人民,江西人民,,南昌,12,1974,1版1次,60,100万,0.13,20,40,Ref002:114,单册：捌划,,,鱼水亭/出版社：江西人民/编文：邱恒聪/绘画：黄席珍汤云鹤/74年12月1版1次60开/印数：100万定价：0.13元/市场交流价：/9品：20元/10品：40元,PaddlePaddle
废品堆上闹革命,废品堆上闹革命,,改编：集体 绘画：集体,,,改编：集体,集体,改编,绘画：集体,集体,绘画,,,,,,,,,,,,,云南人民,云南人民,,昆明,12,1971,1版1次,60,5万,0.12,50,150,Ref002:114,单册：捌划,,,废品堆上闹革命/出版社：云南人民/改编：集体/绘画：集体/71年12月1版1次60开/印数：5万定价：0.12元/市场交流价：/9品：50元/10品：150元,PaddlePaddle
油田劲松,油田劲松,,改编：集体 绘画：集体,,,改编：集体,集体,改编,绘画：集体,集体,绘画,,,,,,,,,,,,,上海人民,上海人民,,上海,2,1973,1版1次,60,40万,0.14,25,60,Ref002:114,单册：捌划,,,油田劲松/出版社：上海人民/改编：集体/绘画：集体/73年2月1版1次60开/印数：40万定价：0.14元/市场交流价：/9品：25元/10品：60元,PaddlePaddle
牧鸭姑娘,牧鸭姑娘,,改编：王仲山 绘画：赵明程,,,改编：王仲山,王仲山,改编,绘画：赵明程,赵明程,绘画,,,,,,,,,,,,,山东人民,山东人民,,济南,8,1973,1版1次,60,60万,0.07,10,20,Ref002:114,单册：捌划,,,O 牧鸭姑娘/出版社：山东人民/改编：王仲山/绘画：赵明程/73年8月1版1次60开/印数：60万定价：0.07元/市场交流价：/9品：10元/10品：20元,PaddlePaddle
顶天立地,顶天立地,,编文：集体 绘画：集体,,,编文：集体,集体,编文,绘画：集体,集体,绘画,,,,,,,,,,,,,江苏人民,江苏人民,,南京,5,1973,1版1次,60,70万,0.1,15,25,Ref002:115,单册：捌划,,,顶天立地/出版社：江苏人民/编文：集体/绘画：集体/73年5月1版1次60开/印数：70万定价：0.10元/市场交流价：/9品：15元/10品：25元,PaddlePaddle
松树战,松树战,,改编：李自由 绘画：殷本崇李如生,,,改编：李自由,李自由,改编,绘画：殷本崇,殷本崇,绘画,绘画：李如生,李如生,绘画,,,,,,,,,,湖南人民,湖南人民,,长沙,1,1975,1版4次,60,163万,0.09,10,20,Ref002:115,单册：捌划,,,松树战/出版社：湖南人民/改编：李自由/绘画：殷本崇李如生/75年1月1版4次60开/印数：163万定价：0.09元/市场交流价：/9品：10元/10品：20元,PaddlePaddle
林红和伙伴,林红和伙伴,,改编：集体 绘画：林锴,,,改编：集体,集体,改编,绘画：林锴,林锴,绘画,,,,,,,,,,,,,人民美术,人民美术,,,9,1971,2版1次,60,,0.11,30,80,Ref002:115,单册：捌划,,,林红和伙伴/出版社：人民美术/改编：集体/绘画：林锴/71年9月2版1次60开/印数：未详定价：0.11元/市场交流价：/9品：30元/10品：80元,PaddlePaddle
迷惑人的鱼塘,迷惑人的鱼塘,,改编：刘谦 绘画：陈志谦王绍基,,,改编：刘谦,刘谦,改编,绘画：陈志谦,陈志谦,绘画,绘画：王绍基,王绍基,绘画,,,,,,,,,,人民美术,人民美术,,,7,1974,1版1次,64,150万,0.1,10,15,Ref002:115,单册：捌划,,,迷惑人的鱼塘/出版社：人民美术/改编：刘谦/绘画：陈志谦 王绍基/74年7月1版1次64开/印数：150万定价：0.10元/市场交流价：/9品：10元/10品：15元,PaddlePaddle
幸福鱼,幸福鱼,,改编：肖仁舒 绘画：张品操,,,改编：肖仁舒,肖仁舒,改编,绘画：张品操,张品操,绘画,,,,,,,,,,,,,浙江人民,浙江人民,,杭州,5,1975,1版1次,60,30万,0.07,40,80,Ref002:115,单册：捌划,,,幸福鱼/出版社：浙江人民/改编：肖仁舒/绘画：张品操/75年5月1版1次60开/印数：30万定价：0.07元/市场交流价：/9品：40元/10品：80元,PaddlePaddle
炮打“一只虎”,炮打“一只虎”,,改编：小戈 绘画：戴仁,,,改编：小戈,小戈,改编,绘画：戴仁,戴仁,绘画,,,,,,,,,,,,,天津人民美术,天津人民美术,,天津,12,1973,1版1次,64,,0.09,15,25,Ref002:115,单册：捌划,,,炮打“一只虎”/出版社：天津人民美术/改编：小戈/绘画：戴仁/73年12月1版1次64开/印数：未详定价：0.09元/市场交流价：/9品：15元/10品：25元,PaddlePaddle
盲童喜见红太阳,盲童喜见红太阳,,编者：李振清 绘画：韩征南,,,编者：李振清,李振清,编者,绘画：韩征南,韩征南,绘画,,,,,,,,,,,,,人民美术,人民美术,,,4,1975,1版1次,64,100万,0.11,15,30,Ref002:115,单册：捌划,,,盲童喜见红太阳/出版社：人民美术/编者：李振清/绘画：韩征南/75年4月1版1次64开/印数：100万定价：0.11元/市场交流价：/9品：15元/10品：30元,PaddlePaddle
奔向延安,奔向延安,,编文：彭振梁 绘画：程翔,,,编文：彭振梁,彭振梁,编文,绘画：程翔,程翔,绘画,,,,,,,,,,,,,湖北人民,湖北人民,,武汉,6,1980,1版1次,64,8万,0.16,15,20,Ref002:115,单册：捌划,,,奔向延安/出版社：湖北人民/编文：彭振梁/绘画：程翔/80年6月1版1次64开/印数：8万定价：0.16元/市场交流价：/9品：15元/10品：20元,PaddlePaddle
国境线上,国境线上,,改编：林萱 绘画：倪绍勇等,,,改编：林萱,林萱,改编,绘画：倪绍勇,倪绍勇,绘画,绘画：等,等,绘画,,,,,,,,,,上海人民,上海人民,,上海,9,1974,1版1次,60,100万,0.06,15,50,Ref002:116,单册：捌划,,,国境线上/出版社：上海人民/改编：林萱/绘画：倪绍勇等/74年9月1版1次60开/印数：100万定价：0.06元/市场交流价：/9品：15元/10品：50元,PaddlePaddle
国境线上,国境线上,,改编：胡海润 绘画：徐芒耀,,,改编：胡海润,胡海润,改编,绘画：徐芒耀,徐芒耀,绘画,,,,,,,,,,,,,人民美术,人民美术,,,10,1976,1版1次,64,120万,0.09,6,15,Ref002:116,单册：捌划,,,国境线上/出版社：人民美术/改编：胡海润/绘画：徐芒耀/76年10月1版1次64开/印数：120万定价：0.09元/市场交流价：/9品：6元/10品：15元,PaddlePaddle
国境线上,国境线上,,改编：杨云庆 绘画：李俊琪,,,改编：杨云庆,杨云庆,改编,绘画：李俊琪,李俊琪,绘画,,,,,,,,,,,,,辽宁人民,辽宁人民,,沈阳,12,1977,1版1次,64,30万,0.11,10,20,Ref002:116,单册：捌划,,,国境线上/出版社：辽宁人民/改编：杨云庆/绘画：李俊琪/77年12月1版1次64开/印数：30万定价：0.11元/市场交流价：/9品：10元/10品：20元,PaddlePaddle
国境线上,国境线上,,改编：尚青 绘画：窦世魁,,,改编：尚青,尚青,改编,绘画：窦世魁,窦世魁,绘画,,,,,,,,,,,,,山东人民,山东人民,,济南,9,1974,1版1次,60,110万,0.11,20,50,Ref002:116,单册：捌划,,,国境线上/出版社：山东人民/改编：尚青/绘画：窦世魁/74年9月1版1次60开/印数：110万定价：0.11元/市场交流价：/9品：20元/10品：50元,PaddlePaddle
送车记,送车记,,改编：朱铁民 绘画：朱帆王又文,,,改编：朱铁民,朱铁民,改编,绘画：朱帆,朱帆,绘画,绘画：王又文,王又文,绘画,,,,,,,,,,天津人民,天津人民,,天津,4,1977,1版1次,60,,0.1,10,20,Ref002:116,单册：捌划,,,送车记/出版社：天津人民/改编：朱铁民/绘画：朱帆王又文/77年4月1版1次60开/印数：未详定价：0.10元/市场交流价：/9品：10元/10品：20元,PaddlePaddle
学军和他的小伙伴,学军和他的小伙伴,,编文：魏树海 绘画：王世芳,,,编文：魏树海,魏树海,编文,绘画：王世芳,王世芳,绘画,,,,,,,,,,,,,山东人民,山东人民,,济南,12,1974,1版1次,60,50万,0.1,10,20,Ref002:116,单册：捌划,,,学军和他的小伙伴/出版社：山东人民/编文：魏树海/绘画：王世芳/74年12月1版1次60开/印数：50万定价：0.10元/市场交流价：/9品：10元/10品：20元,PaddlePaddle
青石山上,青石山上,,编文：许凤仪 绘画：鞠伏强,,,编文：许凤仪,许凤仪,编文,绘画：鞠伏强,鞠伏强,绘画,,,,,,,,,,,,,江苏人民,江苏人民,,南京,5,1972,1版1次,60,,0.1,,,Ref002:116,单册：捌划,,,青石山上/出版社：江苏人民/编文：许凤仪/绘画：鞠伏强/72年5月1版1次60开/印数：未详定价：0.10元/市场交流价：/9品：元/10品：元,PaddlePaddle
单刀司令,单刀司令,,编文：吴未 绘画：徐德元,,,编文：吴未,吴未,编文,绘画：徐德元,徐德元,绘画,,,,,,,,,,,,,吉林人民,吉林人民,,长春,8,1983,1版1次,64,41.6万,0.26,10,25,Ref002:116,单册：捌划,,,单刀司令/出版社：吉林人民/编文：吴未/绘画：徐德元/83年8月1版1次64开/印数：41.6万定价：0.26元/市场交流价：/9品：10元/10品：25元,PaddlePaddle
虎穴买药,虎穴买药,,编文：李志寅 绘画：李丰田,,,编文：李志寅,李志寅,编文,绘画：李丰田,李丰田,绘画,,,,,,,,,,,,,河北美术,河北美术,,石家庄,8,1985,1版1次,64,18.08万,0.23,5,10,Ref002:117,单册：捌划,,,虎穴买药/出版社：河北美术/编文：李志寅/绘画：李丰田/85年8月1版1次64开/印数：18.08万定价：0.23元/市场交流价：/9品：5元/10品：10元,PaddlePaddle
虎口取药,虎口取药,,改编：汪涛 绘画：雷德祖,,,改编：汪涛,汪涛,改编,绘画：雷德祖,雷德祖,绘画,,,,,,,,,,,,,浙江人民美术,浙江人民美术,,杭州,10,1981,1版1次,64,100万,0.22,15,25,Ref002:117,单册：捌划,,,虎口取药/出版社：浙江人民美术/改编：汪涛/绘画：雷德祖/81年10月1版1次64开/印数：100万定价：0.22元/市场交流价：/9品：15元/10品：25元,PaddlePaddle
虎穴英雄,虎穴英雄,,编文：望岳 绘画：张国维,,,编文：望岳,望岳,编文,绘画：张国维,张国维,绘画,,,,,,,,,,,,,明天,明天,,济南,10,1985,1版1次,64,16.2万,0.31,3,5,Ref002:117,单册：捌划,,,虎穴英雄/出版社：明天/编文：望岳/绘画：张国维/85年10月1版1次64开/印数：16.2万定价：0.31元/市场交流价：/9品：3元/10品：5元,PaddlePaddle
革命家庭,革命家庭,,改编：钟志坚 绘画：韩和平端木勇,,,改编：钟志坚,钟志坚,改编,绘画：韩和平,韩和平,绘画,绘画：端木勇,端木勇,绘画,,,,,,,,,,辽宁美术,辽宁美术,,沈阳,11,1979,1版1次,64,10万,0.22,80,150,Ref002:117,单册：捌划,,,革命家庭/出版社：辽宁美术/改编：钟志坚/绘画：韩和平端木勇/79年11月1版1次64开/印数：10万定价：0.22元/市场交流价：/9品：80元/10品：150元,PaddlePaddle
周兰嫂,周兰嫂,,编者：周调 绘画：周道银,,,编者：周调,周调,编者,绘画：周道银,周道银,绘画,,,,,,,,,,,,,人民美术,人民美术,,,9,1980,1版1次,64,74万,0.17,20,40,Ref002:117,单册：捌划,,,周兰嫂/出版社：人民美术/编者：周调/绘画：周道银/80年9月1版1次64开/印数：74万定价：0.17元/市场交流价：/9品：20元/10品：40元,PaddlePaddle
周恩来同志在梅园新村,周恩来同志在梅园新村,,编文：李光羽 绘画：韩和平罗盘等,,,编文：李光羽,李光羽,编文,绘画：韩和平,韩和平,绘画,绘画：罗盘,罗盘,绘画,绘画：等,等,绘画,,,,,,,上海人民美术,上海人民美术,,上海,8,1979,1版1次,64,24万,0.18,30,80,Ref002:117,单册：捌划,,,周恩来同志在梅园新村/出版社：上海人民美术/编文：李光羽/绘画：韩和平罗盘等/79年8月1版1次64开/印数：24万定价：0.18元/市场交流价：/9品：30元/10品：80元,PaddlePaddle
忠烈千秋,忠烈千秋,,改编：李荣标 绘画：雨青等,,,改编：李荣标,李荣标,改编,绘画：雨青,雨青,绘画,绘画：等,等,绘画,,,,,,,,,,江苏人民,江苏人民,,南京,11,1982,1版1次,64,40万,0.21,8,15,Ref002:117,单册：捌划,,,忠烈千秋/出版社：江苏人民/改编：李荣标/绘画：雨青等/82年11月1版1次64开/印数：40万定价：0.21元/市场交流价：/9品：8元/10品：15元,PaddlePaddle
忠贞之心,忠贞之心,,改编：李子明 绘画：雷德祖,,,改编：李子明,李子明,改编,绘画：雷德祖,雷德祖,绘画,,,,,,,,,,,,,天津人民美术,天津人民美术,,天津,9,1981,1版1次,64,11.9万,0.10[sic.],20,40,Ref002:117,单册：捌划,,Price_sic.,忠贞之心/出版社：天津人民美术/改编：李子明/绘画：雷德祖/81年9月1版1次64开/印数：11.9万定价：0.10/市场交流价：/9品：20元/10品：40元,PaddlePaddle
草原激战,草原激战,,改编：刘建华徐景 绘者：徐景杜连仁,,,改编：刘建华,刘建华,改编,改编：徐景,徐景,改编,绘者：徐景,徐景,绘者,绘者：杜连仁,杜连仁,绘者,,,,,,,辽宁美术,辽宁美术,,沈阳,8,1983,1版1次,64,40万,0.26,15,25,Ref002:118,单册：捌划,,,草原激战/出版社：辽宁美术/改编：刘建华徐景/绘者：徐景杜连仁/83年8月1版1次64开/印数：40万定价：0.26元/市场交流价：/9品：15元/10品：25元,PaddlePaddle
草原雏鹰,草原雏鹰,,编文：杨际萱 绘画：许勇等,,,编文：杨际萱,杨际萱,编文,绘画：许勇,许勇,绘画,绘画：等,等,绘画,,,,,,,,,,人民美术,人民美术,,,2,1985,1版1次,64,21万,0.27,10,20,Ref002:118,单册：捌划,,,草原雏鹰/出版社：人民美术/编文：杨际萱/绘画：许勇等/85年2月1版1次64开/印数：21万定价：0.27元/市场交流价：/9品：10元/10品：20元,PaddlePaddle
草原歼匪,草原歼匪,,改编：何昕 绘画：张鸿飞韩丽娟,,,改编：何昕,何昕,改编,绘画：张鸿飞,张鸿飞,绘画,绘画：韩丽娟,韩丽娟,绘画,,,,,,,,,,黑龙江人民,黑龙江人民,,哈尔滨,12,1982,1版1次,64,34.2万,0.26,5,10,Ref002:118,单册：捌划,,,草原歼匪/出版社：黑龙江人民/改编：何昕/绘画：张鸿飞韩丽娟/82年12月1版1次64开/印数：34.2万定价：0.26元/市场交流价：/9品：5元/10品：10元,PaddlePaddle
苦海恩仇,苦海恩仇,,改编：定兴 绘画：陈晋容,,,改编：定兴,定兴,改编,绘画：陈晋容,陈晋容,绘画,,,,,,,,,,,,,天津人民美术,天津人民美术,,天津,6,1985,1版1次,64,18.26万,0.42,10,25,Ref002:118,单册：捌划,,,苦海恩仇/出版社：天津人民美术/改编：定兴/绘画：陈晋容/85年6月1版1次64开/印数：18.26万定价：0.42元/市场交流价：/9品：10元/10品：25元,PaddlePaddle
苗岭风雷,苗岭风雷,,编文：吴秀英 绘画：徐有武张培础,,,编文：吴秀英,吴秀英,编文,绘画：徐有武,徐有武,绘画,绘画：张培础,张培础,绘画,,,,,,,,,,天津人民美术,天津人民美术,,天津,4,1979,1版1次,64,10万,0.14,20,40,Ref002:118,单册：捌划,,,苗岭风雷/出版社：天津人民美术/编文：吴秀英/绘画：徐有武张培础/79年4月1版1次64开/印数：10万定价：0.14元/市场交流价：/9品：20元/10品：40元,PaddlePaddle
苗岭苍松,苗岭苍松,,编者：集体 绘者：高先贵陈丁生,,,编者：集体,集体,编者,绘者：高先贵,高先贵,绘者,绘者：陈丁生,陈丁生,绘者,,,,,,,,,,贵州人民,贵州人民,,贵阳,10,1982,1版1次,64,6.05万,0.1,5,10,Ref002:118,单册：捌划,,,苗岭苍松/出版社：贵州人民/编者：集体/绘者：高先贵陈丁生/82年10月1版1次64开/印数：6.05万定价：0.10元/市场交流价：/9品：5元/10品：10元,PaddlePaddle
冼星海在巴黎,冼星海在巴黎,,改编：甘礼乐 绘画：沈绍伦,,,改编：甘礼乐,甘礼乐,改编,绘画：沈绍伦,沈绍伦,绘画,,,,,,,,,,,,,上海人民美术,上海人民美术,,上海,5,1983,1版1次,64,7.8万,0.15,10,20,Ref002:118,单册：捌划,,,冼星海在巴黎/出版社：上海人民美术/改编：甘礼乐/绘画：沈绍伦/83年5月1版1次64开/印数：7.8万定价：0.15元/市场交流价：/9品：10元/10品：20元,PaddlePaddle
洗星海,洗星海,,编者：肖斌华 绘画：童道容,,,编者：肖斌华,肖斌华,编者,绘画：童道容,童道容,绘画,,,,,,,,,,,,,人民美术,人民美术,,,3,1982,1版1次,64,16万,0.15,15,25,Ref002:118,单册：捌划,,,洗星海/出版社：人民美术/编者：肖斌华/绘画：童道容/82年3月1版1次64开/印数：16万定价：0.15元/市场交流价：/9品：15元/10品：25元,PaddlePaddle
林海添翠,林海添翠,,改编：集体 绘画：集体,,,改编：集体,集体,改编,绘画：集体,集体,绘画,,,,,,,,,,,,,黑龙江人民,黑龙江人民,,哈尔滨,5,1977,1版1次,64,20万,0.09,5,15,Ref002:119,单册：捌划,,,林海添翠/出版社：黑龙江人民/改编：集体/绘画：集体/77年5月1版1次64开/印数：20万定价：0.09元/市场交流价：/9品：5元/10品：15元,PaddlePaddle
林海剿匪记,林海剿匪记,,改编：傅杰 绘画：潘衡生,,,改编：傅杰,傅杰,改编,绘画：潘衡生,潘衡生,绘画,,,,,,,,,,,,,黑龙江人民,黑龙江人民,,哈尔滨,9,1980,1版1次,64,23.62万,0.19,25,50,Ref002:119,单册：捌划,,,林海剿匪记/出版社：黑龙江人民/改编：傅杰/绘画：潘衡生/80年9月1版1次64开/印数：23.62万定价：0.19元/市场交流价：/9品：25元/10品：50元,PaddlePaddle
林道静,林道静,,改编：沙铁军 绘画：关景宇赵宝林,,,改编：沙铁军,沙铁军,改编,绘画：关景宇,关景宇,绘画,绘画：赵宝林,赵宝林,绘画,,,,,,,,,,长江文艺,长江文艺,,武汉,11,1982,1版1次,64,12.4万,0.32,25,50,Ref002:119,单册：捌划,,,林道静/出版社：长江文艺/改编：沙铁军/绘画：关景宇赵宝林/82年11月1版1次64开/印数：12.4万定价：0.32元/市场交流价：/9品：25元/10品：50元,PaddlePaddle
英雄小信使,英雄小信使,,改编：肖坚富陆苇 绘画：钱大经,,,改编：肖坚富,肖坚富,改编,改编：陆苇,陆苇,改编,绘画：钱大经,钱大经,绘画,,,,,,,,,,江苏人民,江苏人民,,南京,2,1983,1版1次,64,24.58万,0.11,8,15,Ref002:119,单册：捌划,,,英雄小信使/出版社：江苏人民/改编：肖坚富陆苇/绘画：钱大经/83年2月1版1次64开/印数：24.58万定价：0.11元/市场交流价：/9品：8元/10品：15元,PaddlePaddle
欧阳海,欧阳海,,编者：窦洪振 绘画：许全群刘白鸿,,,编者：窦洪振,窦洪振,编者,绘画：许全群,许全群,绘画,绘画：刘白鸿,刘白鸿,绘画,,,,,,,,,,人民美术,人民美术,,,9,1979,1版1次,64,80万,0.1,20,50,Ref002:119,单册：捌划,,,欧阳海/出版社：人民美术/编者：窦洪振/绘画：许全群刘白鸿/79年9月1版1次64开/印数：80万定价：0.10元/市场交流价：/9品：20元/10品：50元,PaddlePaddle
欧阳海,欧阳海,,改编：集体 绘画：邓立衍彭本人等,,,改编：集体,集体,改编,绘画：邓立衍,邓立衍,绘画,绘画：彭本人,彭本人,绘画,绘画：等,等,绘画,,,,,,,湖南人民,湖南人民,,长沙,2,1979,1版1次,64,13万,0.11,30,80,Ref002:119,单册：捌划,,,欧阳海/出版社：湖南人民/改编：集体/绘画：邓立衍彭本人等/79年2月1版1次64开/印数：13万定价：0.11元/市场交流价：/9品：30元/10品：80元,PaddlePaddle
姑苏春,姑苏春,,改编：芮衡之 绘画：丁德邻,,,改编：芮衡之,芮衡之,改编,绘画：丁德邻,丁德邻,绘画,,,,,,,,,,,,,辽宁美术,辽宁美术,,沈阳,6,1982,1版1次,64,55.1万,0.24,8,15,Ref002:119,单册：捌划,,,姑苏春/出版社：辽宁美术/改编：芮衡之/绘画：丁德邻/82年6月1版1次64开/印数：55.1万定价：0.24元/市场交流价：/9品：8元/10品：15元,PaddlePaddle
姑苏春,姑苏春,,编者：张宝蔚 绘画：张宝蔚,,,编者：张宝蔚,张宝蔚,编者,绘画：张宝蔚,张宝蔚,绘画,,,,,,,,,,,,,江苏人民,江苏人民,,南京,7,1980,1版1次,64,12万,0.2,5,10,Ref002:119,单册：捌划,,,姑苏春/出版社：江苏人民/编者：张宝蔚/绘画：张宝蔚/80年7月1版1次64开/印数：12万定价：0.20元/市场交流价：/9品：5元/10品：10元,PaddlePaddle
金唇树,金唇树,,改编：陈春荣 绘画：徐荣杲关乃平,,,改编：陈春荣,陈春荣,改编,绘画：徐荣杲,徐荣杲,绘画,绘画：关乃平,关乃平,绘画,,,,,,,,,,北京,北京,,北京,5,1979,1版1次,60,,0.09,20,40,Ref002:120,单册：捌划,,,金唇树/出版社：北京/改编：陈春荣/绘画：徐荣杲关乃平/79年5月1版1次60开/印数：未详定价：0.09元/市场交流价：/9品：20元/10品：40元,PaddlePaddle
金方昌,金方昌,,编者：朱华堂龙海顺 绘画：张永太,,,编者：朱华堂,朱华堂,编者,编者：龙海顺,龙海顺,编者,绘画：张永太,张永太,绘画,,,,,,,,,,人民美术,人民美术,,,2,1985,1版1次,64,30万,0.16,5,10,Ref002:120,单册：捌划,,,金方昌/出版社：人民美术/编者：朱华堂龙海顺/绘画：张永太/85年2月1版1次64开/印数：30万定价：0.16元/市场交流价：/9品：5元/10品：10元,PaddlePaddle
金珍儿,金珍儿,,改编：张树勤 绘画：张增木,,,改编：张树勤,张树勤,改编,绘画：张增木,张增木,绘画,,,,,,,,,,,,,四川人民,四川人民,,成都,2,1984,1版1次,64,14.6万,0.11,5,10,Ref002:120,单册：捌划,,,金珍儿/出版社：四川人民/改编：张树勤/绘画：张增木/84年2月1版1次64开/印数：14.6万定价：0.11元/市场交流价：/9品：5元/10品：10元,PaddlePaddle
河西村的歌声,河西村的歌声,,改编：高远 绘画：贾德江,,,改编：高远,高远,改编,绘画：贾德江,贾德江,绘画,,,,,,,,,,,,,人民美术,人民美术,,,10,1984,1版1次,64,11万,0.24,8,15,Ref002:120,单册：捌划,,,河西村的歌声/出版社：人民美术/改编：高远/绘画：贾德江/84年10月1版1次64开/印数：11万定价：0.24元/市场交流价：/9品：8元/10品：15元,PaddlePaddle
追踪,追踪,,改编：郭红兵 绘画：刘凤山,,,改编：郭红兵,郭红兵,改编,绘画：刘凤山,刘凤山,绘画,,,,,,,,,,,,,吉林人民,吉林人民,,长春,4,1985,1版1次,64,80.41万,0.3,8,15,Ref002:120,单册：捌划,,,追踪/出版社：吉林人民/改编：郭红兵/绘画：刘凤山/85年4月1版1次64开/印数：80.41万定价：0.30元/市场交流价：/9品：8元/10品：15元,PaddlePaddle
追捕“二王”,追捕“二王”,,编者：孙锦常 绘画：陶穗洪骆耀棠,,,编者：孙锦常,孙锦常,编者,绘画：陶穗洪,陶穗洪,绘画,绘画：骆耀棠,骆耀棠,绘画,,,,,,,,,,岭南美术,岭南美术,,广州,12,1984,1版1次,64,,0.27,5,10,Ref002:120,单册：捌划,,,追捕“二王”/出版社：岭南美术/编者：孙锦常/绘画：陶穗洪骆耀棠/84年12月1版1次64开/印数：未详定价：0.27元/市场交流价：/9品：5元/10品：10元,PaddlePaddle
追穷寇,追穷寇,,改编：孟宪钧陈双 绘画：阴衍珊孙达明,,,改编：孟宪钧,孟宪钧,改编,改编：陈双,陈双,改编,绘画：阴衍珊,阴衍珊,绘画,绘画：孙达明,孙达明,绘画,,,,,,,黑龙江人民,黑龙江人民,,哈尔滨,2,1977,1版1次,64,70万,0.11,5,10,Ref002:120,单册：捌划,,Sic._Author_Core_2,追穷寇/出版社：黑龙江人民/改编：孟宪钧陈双/绘画：阴衍珊孙达明/77年2月1版1次64开/印数：70万定价：0.11元/市场交流价：/9品：5元/10品：10元,PaddlePaddle
征途（上,征途,（上,改编：集体 绘画：集体,,,改编：集体,集体,改编,绘画：集体,集体,绘画,,,,,,,,,,,,,黑龙江人民,黑龙江人民,,哈尔滨,10,1975,1版1次,64,100万,0.13,10,20,Ref002:120,单册：捌划,,,征途(上/出版社：黑龙江人民/改编：集体/绘画：集体/75年10月1版1次64开/印数：100万 定价：0.13元/市场交流价：/9品：10元/10品：20元,PaddlePaddle
青春之歌（上下）,青春之歌,（上下）,改编：庚西等 绘画：谢志高等,,,改编：庚西,庚西,改编,改编：等,等,改编,绘画：谢志高,谢志高,绘画,绘画：等,等,绘画,,,,,,,河北美术,河北美术,,石家庄,12,1984,1版1次,64,29.65万,0.26,40,60,Ref002:121,单册：捌划,,,青春之歌(上下)/出版社：河北美术/改编：庚西等/绘画：谢志高等/84年12月1版1次64开/印数：29.65万定价：0.26元/市场交流价：/9品：40元/10品：60元,PaddlePaddle
拉骆驼的女人,拉骆驼的女人,,改编：柯宝鸿 绘画：柯宝鸿,,,改编：柯宝鸿,柯宝鸿,改编,绘画：柯宝鸿,柯宝鸿,绘画,,,,,,,,,,,,,福建人民,福建人民,,福州,12,1983,1版1次,64,10.2万,0.19,10,20,Ref002:121,单册：捌划,,,拉骆驼的女人/出版社：福建人民/改编：柯宝鸿/绘画：柯宝鸿/83年12月1版1次64开/印数：10.2万定价：0.19元/市场交流价：/9品：10元/10品：20元,PaddlePaddle
佩剑将军,佩剑将军,,改编：祥文 绘画：梁占岩纪京宁,,,改编：祥文,祥文,改编,绘画：梁占岩,梁占岩,绘画,绘画：纪京宁,纪京宁,绘画,,,,,,,,,,河北美术,河北美术,,石家庄,5,1986,1版1次,64,1万,0.47,25,40,Ref002:121,单册：捌划,,,佩剑将军/出版社：河北美术/改编：祥文/绘画：梁占岩纪京宁/86年5月1版1次64开/印数：1万定价：0.47元/市场交流价：/9品：25元/10品：40元,PaddlePaddle
周游世界（上下）,周游世界,（上下）,改编：雪梦 绘画：潘衡生,,,改编：雪梦,雪梦,改编,绘画：潘衡生,潘衡生,绘画,,,,,,,,,,,,,人民体育,人民体育,,北京,11,1984,1版1次,64,,0.29,40（全套）,80,Ref002:121,单册：捌划,,,周游世界(上下)/出版社：人民体育/改编：雪梦/绘画：潘衡生/84年11月1版1次64开/印数：未详定价：0.29元/市场交流价：/9品：40元（全套）/10品：80元,PaddlePaddle
金沙江畔,金沙江畔,,改编：杨湛霖 绘画：费龙翔,,,改编：杨湛霖,杨湛霖,改编,绘画：费龙翔,费龙翔,绘画,,,,,,,,,,,,,上海人民美术,上海人民美术,,上海,10,1983,2版3次,64,63.5万,0.2,120,250,Ref002:121,单册：捌划,,,2/金沙江畔/出版社：上海人民美术/改编：杨湛霖/绘画：费龙翔/83年10月2版3次64开/印数：63.5万 定价：0.20元/市场交流价：/9品：120元/10品：250元,PaddlePaddle
怕水的鸭子,怕水的鸭子,,改编：吴之 绘画：毛震耀,,,改编：吴之,吴之,改编,绘画：毛震耀,毛震耀,绘画,,,,,,,,,,,,,上海人民美术,上海人民美术,,上海,3,1985,1版1次,64,5.3万,0.2,15,25,Ref002:121,单册：捌划,,,怕水的鸭子/出版社：上海人民美术/改编：吴之/绘画：毛震耀 1/85年3月1版1次64开/印数：5.3万定价：0.20元/市场交流价：/9品：15元/10品：25元,PaddlePaddle
武工队员红,武工队员红,,改编：吴时学 绘画：肖天智,,,改编：吴时学,吴时学,改编,绘画：肖天智,肖天智,绘画,,,,,,,,,,,,,辽宁美术,辽宁美术,,沈阳,4,1985,1版2次,64,101.8万,0.2,5,10,Ref002:121,单册：捌划,1版,,武工队员红/出版社：辽宁美术/改编：吴时学/绘画：肖天智/85年4月1版2次64开/印数：101.8万定价：0.20元/市场交流价：/9品：5元/10品：10元,PaddlePaddle
拦江锁,拦江锁,,改编：聪聪 绘画：杨智,,,改编：聪聪,聪聪,改编,绘画：杨智,杨智,绘画,,,,,,,,,,,,,云南人民,云南人民,,昆明,5,1983,1版1次,64,,0.1,5,10,Ref002:121,单册：捌划,,,拦江锁/出版社：云南人民/改编：聪聪/绘画：杨智/83年5月1版1次64开/印数：未详定价：0.10元/市场交流价：/9品：5元/10品：10元,PaddlePaddle
欧也妮·葛朗台,欧也妮·葛朗台,,改编：王素一等 绘画：励国仪,,,改编：王素一,王素一,改编,改编：等,等,改编,绘画：励国仪,励国仪,绘画,,,,,,,,,,江苏人民,江苏人民,,南京,5,1982,1版1次,64,23.1万,0.16,15,25,Ref002:122,单册：捌划,,,欧也妮·葛朗台/出版社：江苏人民/改编：王素一等/绘画：励国仪/82年5月1版1次64开/印数：23.1万 定价：0.16元/市场交流价：/9品：15元/10品：25元,PaddlePaddle
欧也妮·葛朗台,欧也妮·葛朗台,,改编：徐礼娴 绘画：苏正刚,,,改编：徐礼娴,徐礼娴,改编,绘画：苏正刚,苏正刚,绘画,,,,,,,,,,,,,四川人民,四川人民,,成都,3,1984,1版1次,64,16.34万,0.37,30,50,Ref002:122,单册：捌划,,,欧也妮·葛朗台/出版社：四川人民/改编：徐礼娴/绘画：苏正刚/84年3月1版1次64开/印数：16.34万定价：0.37元/市场交流价：/9品：30元/10品：50元,PaddlePaddle
欧也妮·葛朗台,欧也妮·葛朗台,,改编：路南 绘画：汪晓曙,,,改编：路南,路南,改编,绘画：汪晓曙,汪晓曙,绘画,,,,,,,,,,,,,人民美术,人民美术,,,3,1983,1版1次,64,21万,0.22,20,40,Ref002:122,单册：捌划,,,欧也妮·葛朗台/出版社：人民美术/改编：路南/绘画：汪晓曙/83年3月1版1次64开/印数：21万定价：0.22元/市场交流价：/9品：20元/10品：40元,PaddlePaddle
逃亡者,逃亡者,,改编：葛胆贻 绘画：叶坚铭,,,改编：葛胆贻,葛胆贻,改编,绘画：叶坚铭,叶坚铭,绘画,,,,,,,,,,,,,江苏人民,江苏人民,,南京,1,1981,1版1次,64,35万,0.1,15,25,Ref002:122,单册：捌划,,,逃亡者/出版社：江苏人民/改编：葛胆贻/绘画：叶坚铭/81年1月1版1次64开/印数：35万定价：0.10元/市场交流价：/9品：15元/10品：25元,PaddlePaddle
逃亡者,逃亡者,,改编：艾莓 绘画：鸿海,,,改编：艾莓,艾莓,改编,绘画：鸿海,鸿海,绘画,,,,,,,,,,,,,福建人民,福建人民,,福州,9,1980,1版1次,64,32万,0.12,8,15,Ref002:122,单册：捌划,,,逃亡者/出版社：福建人民/改编：艾莓/绘画：鸿海/80年9月1版1次64开/印数：32万定价：0.12元/市场交流价：/9品：8元/10品：15元,PaddlePaddle
逃亡者,逃亡者,,改编：竺乾华等 绘画：隋奇,,,改编：竺乾华,竺乾华,改编,改编：等,等,改编,绘画：隋奇,隋奇,绘画,,,,,,,,,,河北美术,河北美术,,石家庄,7,1982,1版1次,64,50万,0.12,10,20,Ref002:122,单册：捌划,,,逃亡者/出版社：河北美术/改编：竺乾华等/绘画：隋奇/82年7月1版1次64开/印数：50万定价：0.12元/市场交流价：/9品：10元/10品：20元,PaddlePaddle
逃亡者,逃亡者,,改编：立德 绘画：俞晓夫,,,改编：立德,立德,改编,绘画：俞晓夫,俞晓夫,绘画,,,,,,,,,,,,,人民美术,人民美术,,,12,1981,1版1次,64,64万,0.14,8,15,Ref002:122,单册：捌划,,,逃亡者/出版社：人民美术/改编：立德/绘画：俞晓夫/81年12月1版1次64开/印数：64万定价：0.14元/市场交流价：/9品：8元/10品：15元,PaddlePaddle
逃亡者,逃亡者,,改编：艾梅尔 绘画：王希弟等,,,改编：艾梅尔,艾梅尔,改编,绘画：王希弟,王希弟,绘画,绘画：等,等,绘画,,,,,,,,,,黑龙江人民,黑龙江人民,,哈尔滨,10,1983,1版1次,64,11.85万,0.14,5,15,Ref002:122,单册：捌划,,,逃亡者/出版社：黑龙江人民/改编：艾梅尔/绘画：王希弟等/83年10月1版1次64开/印数：11.85万定价：0.14元/市场交流价：/9品：5元/10品：15元,PaddlePaddle
罗密欧与朱丽叶,罗密欧与朱丽叶,,改编：达加 绘画：徐锡林,,,改编：达加,达加,改编,绘画：徐锡林,徐锡林,绘画,,,,,,,,,,,,,人民美术,人民美术,,,9,1982,1版1次,64,18万,0.14,20,50,Ref002:123,单册：捌划,,,罗密欧与朱丽叶/出版社：人民美术/改编：达加/绘画：徐锡林/82年9月1版1次64开/印数：18万定价：0.14元/市场交流价：/9品：20元/10品：50元,PaddlePaddle
罗密欧与朱丽叶,罗密欧与朱丽叶,,改编：李迪 绘画：华其敏,,,改编：李迪,李迪,改编,绘画：华其敏,华其敏,绘画,,,,,,,,,,,,,中国戏剧,中国戏剧,,北京,9,1981,1版1次,64,,0.14,5,10,Ref002:123,单册：捌划,,,罗密欧与朱丽叶/出版社：中国戏剧/改编：李迪/绘画：华其敏/81年9月1版1次64开/印数：未详定价：0.14元/市场交流价：/9品：5元/10品：10元,PaddlePaddle
复活（上下）,复活,（上下）,改编：李遵义 绘画：胡克礼恽南平,,,改编：李遵义,李遵义,改编,绘画：胡克礼,胡克礼,绘画,绘画：恽南平,恽南平,绘画,,,,,,,,,,辽宁美术,辽宁美术,,沈阳,4,1981,1版1次,64,39.75万,0.19,25（全套）,30,Ref002:123,单册：捌划,,,复活（上下）/出版社：辽宁美术/改编：李遵义/绘画：胡克礼恽南平/81年4月1版1次64开/印数：39.75万定价：0.19元/市场交流价：/9品：25元（全套）/10品：30元,PaddlePaddle
非洲遇险记,非洲遇险记,,改编：邱国华 绘画：杨思陶,,,改编：邱国华,邱国华,改编,绘画：杨思陶,杨思陶,绘画,,,,,,,,,,,,,福建人民,福建人民,,福州,1,1982,1版1次,64,15万,0.19,15,30,Ref002:123,单册：捌划,,,非洲遇险记/出版社：福建人民/改编：邱国华/绘画：杨思陶/82年1月1版1次64开/印数：15万定价：0.19元/市场交流价：/9品：15元/10品：30元,PaddlePaddle
卓别麟,卓别麟,,改编：缪德彰 绘画：江云,,,改编：缪德彰,缪德彰,改编,绘画：江云,江云,绘画,,,,,,,,,,,,,上海人民美术,上海人民美术,,上海,11,1980,1版1次,64,100万,0.15,15,30,Ref002:123,单册：捌划,,,卓别麟/出版社：上海人民美术/改编：缪德彰/绘画：江云/80年11月1版1次64开/印数：100万定价：0.15元/市场交流价：/9品：15元/10品：30元,PaddlePaddle
卓娅,卓娅,,改编：范若由 绘画：蒋宝鸿,,,改编：范若由,范若由,改编,绘画：蒋宝鸿,蒋宝鸿,绘画,,,,,,,,,,,,,上海人民美术,上海人民美术,,上海,8,1983,1版1次,64,15.5万,0.23,10,20,Ref002:123,单册：捌划,,,卓娅/出版社：上海人民美术/改编：范若由/绘画：蒋宝鸿/83年8月1版1次64开/印数：15.5万 定价：0.23元/市场交流价：/9品：10元/10品：20元,PaddlePaddle
卓娅,卓娅,,改编：庄宏安 绘画：沈建国刘忠臣,,,改编：庄宏安,庄宏安,改编,绘画：沈建国,沈建国,绘画,绘画：刘忠臣,刘忠臣,绘画,,,,,,,,,,辽宁美术,辽宁美术,,沈阳,7,1982,1版1次,64,45.1万,0.2,5,10,Ref002:123,单册：捌划,,,卓娅/出版社：辽宁美术/改编：庄宏安/绘画：沈建国刘忠臣/82年7月1版1次64开/印数：45.1万 定价：0.20元/市场交流价：/9品：5元/10品：10元,PaddlePaddle
金发艾斯南,金发艾斯南,,改编：张秋菊 绘画：韩伍黄英洁,,,改编：张秋菊,张秋菊,改编,绘画：韩伍,韩伍,绘画,绘画：黄英洁,黄英洁,绘画,,,,,,,,,,河北美术,河北美术,,石家庄,8,1985,1版1次,64,17.03万,0.28,5,15,Ref002:123,单册：捌划,,,金发艾斯南/出版社：河北美术/改编：张秋菊/绘画：韩 伍 黄英洁/85年8月1版1次64开/印数：17.03万定价：0.28元/市场交流价：/9品：5元/10品：15元,PaddlePaddle
神秘岛（上）,神秘岛,（上）,改编：黄云松等 绘画：黄云松,,,改编：黄云松,黄云松,改编,改编：等,等,改编,绘画：黄云松,黄云松,绘画,,,,,,,,,,浙江人民美术,浙江人民美术,,杭州,6,1981,1版1次,64,,,,,Ref002:124,单册：捌划,,,神秘岛(上)/出版社：浙江人民美术/改编：黄云松等/绘画：黄云松/81年6月1版1次64开,PaddlePaddle
神秘岛（下）,神秘岛,（下）,改编：黄云松等等 绘画：黄云松,,,改编：黄云松,黄云松,改编,改编：等,等,改编,改编：等,等,改编,绘画：黄云松,黄云松,绘画,,,,,,,浙江人民美术,浙江人民美术,,杭州,6,1981,1版1次,64,55万,0.22,40（全套）,120,Ref002:124,单册：捌划,,,神秘岛(下)/出版社：浙江人民美术/改编：黄云松等/绘画：黄云松/81年6月1版1次64开/印数：55万定价：0.22元/市场交流价：/9品：40元（全套）/10品：120元,PaddlePaddle
神秘岛,神秘岛,,改编：张丽生 绘画：白素兰等,,,改编：张丽生,张丽生,改编,绘画：白素兰,白素兰,绘画,绘画：等,等,绘画,,,,,,,,,,黑龙江科学技术,黑龙江科学技术,,哈尔滨,5,1983,1版1次,64,5万,0.32,20,30,Ref002:124,单册：捌划,,,神秘岛/出版社：黑龙江科学技术/改编：张丽生/绘画：白素兰等/83年5月1版1次64开/印数：5万定价：0.32元/市场交流价：/9品：20元/10品：30元,PaddlePaddle
神秘岛（上中下）,神秘岛,（上中下）,改编：卞福顺 绘画：孙愚等,,,改编：卞福顺,卞福顺,改编,绘画：孙愚,孙愚,绘画,绘画：等,等,绘画,,,,,,,,,,辽宁美术,辽宁美术,,沈阳,9,1983,1版1次,64,9.8万,,80（全套）,150,Ref002:124,单册：捌划,《神秘岛》辽美版、中、下分册远少于上册。,,神秘岛(上中下)/出版社：辽宁美术/改编：卞福顺/绘画：孙愚等/83年9月1版1次64开/印数：9.8万/市场交流价：/9品：80元（全套）/10品：150元,PaddlePaddle
神秘岛,神秘岛,,改编：卜一狄 绘画：秦龙,,,改编：卜一狄,卜一狄,改编,绘画：秦龙,秦龙,绘画,,,,,,,,,,,,,湖南少年儿童,湖南少年儿童,,长沙,5,1984,1版1次,64,6.8万,0.21,20,30,Ref002:124,单册：捌划,,,神秘岛/出版社：湖南少年儿童/改编：卜一狄/绘画：秦龙/84年5月1版1次64开/印数：6.8万定价：0.21元/市场交流价：/9品：20元/10品：30元,PaddlePaddle
迷雾案,迷雾案,,改编：晨钟等 绘画：雷德祖,,,改编：晨钟,晨钟,改编,改编：等,等,改编,绘画：雷德祖,雷德祖,绘画,,,,,,,,,,浙江人民美术,浙江人民美术,,杭州,4,1981,1版1次,64,100万,0.21,15,30,Ref002:124,单册：捌划,,,迷雾案/出版社：浙江人民美术/改编：晨钟等/绘画：雷德祖/81年4月1版1次64开/印数：100万定价：0.21元/市场交流价：/9品：15元/10品：30元,PaddlePaddle
迷雾园奇案,迷雾园奇案,,改编：王素一等 绘画：杨逸麟等,,,改编：王素一,王素一,改编,改编：等,等,改编,绘画：杨逸麟,杨逸麟,绘画,绘画：等,等,绘画,,,,,,,新疆人民,新疆人民,,乌鲁木齐,7,1985,1版1次,64,17.13万,0.27,10,20,Ref002:124,单册：捌划,,,迷雾园奇案/出版社：新疆人民/改编：王素一等/绘画：杨逸麟等/85年7月1版1次64开/印数：17.13万 定价：0.27元/市场交流价：/9品：10元/10品：20元,PaddlePaddle
命运,命运,,改编：冯立三 绘画：杨劲松等,,,改编：冯立三,冯立三,改编,绘画：杨劲松,杨劲松,绘画,绘画：等,等,绘画,,,,,,,,,,人民音乐,人民音乐,,北京,1,1982,1版1次,64,25.15万,0.16,10,15,Ref002:124,单册：捌划,,,命运/出版社：人民音乐/改编：冯立三/绘画：杨劲松等/82年1月1版1次64开/印数：25.15万定价：0.16元/市场交流价：/9品：10元/10品：15元,PaddlePaddle
表,表,,改编：董青冬 绘画：华三川,,,改编：董青冬,董青冬,改编,绘画：华三川,华三川,绘画,,,,,,,,,,,,,人民美术,人民美术,,,11,1980,1版1次,60,78万,0.11,20,40,Ref002:125,单册：捌划,2/,,表/2/出版社：人民美术/改编：董青冬/绘画：华三川/80年11月1版1次60开/印数：78万定价：0.11元/市场交流价：/9品：20元/10品：40元,PaddlePaddle
表,表,,改编：董耀根 绘画：隋奇,,,改编：董耀根,董耀根,改编,绘画：隋奇,隋奇,绘画,,,,,,,,,,,,,上海人民美术,上海人民美术,,上海,5,1981,1版1次,64,45万,0.13,5,10,Ref002:125,单册：捌划,,,表/出版社：上海人民美术/改编：董耀根/绘画：隋奇/81年5月1版1次64开/印数：45万定价：0.13元/市场交流价：/9品：5元/10品：10元,PaddlePaddle
雨滴项链,雨滴项链,,改编：李学中等 绘画：董晓明,,,改编：李学中,李学中,改编,改编：等,等,改编,绘画：董晓明,董晓明,绘画,,,,,,,,,,江苏少年儿童,江苏少年儿童,,南京,3,1985,1版1次,64,23.275万,0.21,5,10,Ref002:125,单册：捌划,,,雨滴项链/出版社：江苏少年儿童/改编：李学中等/绘画：董晓明/85年3月1版1次64开/印数：23.275万定价：0.21元/市场交流价：/9品：5元/10品：10元,PaddlePaddle
法官与刽子手,法官与刽子手,,改编：龙懋勤 绘画：何昌林,,,改编：龙懋勤,龙懋勤,改编,绘画：何昌林,何昌林,绘画,,,,,,,,,,,,,四川人民,四川人民,,成都,8,1980,1版1次,60,88.5万,0.15,8,15,Ref002:125,单册：捌划,,,法官与刽子手/出版社：四川人民/改编：龙懋勤/绘画：何昌林/80年8月1版1次60开/印数：88.5万 定价：0.15元/市场交流价：/9品：8元/10品：15元,PaddlePaddle
欧仁·鲍狄埃,欧仁·鲍狄埃,,改编：集体 绘画：集体,,,改编：集体,集体,改编,绘画：集体,集体,绘画,,,,,,,,,,,,,吉林人民,吉林人民,,长春,4,1972,1版1次,60,,0.14,15,35,Ref002:125,单册：捌划,,,欧仁·鲍狄埃/出版社：吉林人民/改编：集体/绘画：集体/72年4月1版1次60开/印数：未详定价：0.14元/市场交流价：/9品：15元/10品：35元,PaddlePaddle
苦难的芳汀,苦难的芳汀,,改编：钱志清 绘画：许金国等,,,改编：钱志清,钱志清,改编,绘画：许金国,许金国,绘画,绘画：等,等,绘画,,,,,,,,,,上海人民美术,上海人民美术,,上海,1,1985,1版1次,64,16.8万,0.3,8,15,Ref002:125,单册：捌划,,,苦难的芳汀/出版社：上海人民美术/改编：钱志清/绘画：许金国等/85年1月1版1次64开/印数：16.8万定价：0.30元/市场交流价：/9品：8元/10品：15元,PaddlePaddle
狭路相逢,狭路相逢,,改编：挹华 绘画：罗屏,,,改编：挹华,挹华,改编,绘画：罗屏,罗屏,绘画,,,,,,,,,,,,,安徽美术,安徽美术,,合肥,5,1985,1版1次,64,13.5万,0.19,5,10,Ref002:125,单册：捌划,,,狭路相逢/出版社：安徽美术/改编：挹华/绘画：罗屏/85年5月1版1次64开/印数：13.5万 定价：0.19元/市场交流价：/9品：5元/10品：10元,PaddlePaddle
拇指姑娘,拇指姑娘,,改编：沙铁军 绘画：姜成安等,,,改编：沙铁军,沙铁军,改编,绘画：姜成安,姜成安,绘画,绘画：等,等,绘画,,,,,,,,,,北京,北京,,北京,8,1981,1版1次,60,,0.11,5,10,Ref002:125,单册：捌划,,,拇指姑娘/出版社：北京/改编：沙铁军/绘画：姜成安等/81年8月1版1次60开/印数：未详定价：0.11元/市场交流价：/9品：5元/10品：10元,PaddlePaddle
刽子手,刽子手,,改编：吴炳伟 绘画：袁真,,,改编：吴炳伟,吴炳伟,改编,绘画：袁真,袁真,绘画,,,,,,,,,,,,,江苏美术,江苏美术,,南京,3,1984,1版1次,64,17.1万,0.11,5,10,Ref002:126,单册：捌划,,,刽子手/出版社：江苏美术/改编：吴炳伟/绘画：袁真/84年3月1版1次64开/印数：17.1万定价：0.11元/市场交流价：/9品：5元/10品：10元,PaddlePaddle
罗马之夜,罗马之夜,,改编：安利 绘画：杨春华等,,,改编：安利,安利,改编,绘画：杨春华,杨春华,绘画,绘画：等,等,绘画,,,,,,,,,,江苏人民,江苏人民,,南京,12,1985,1版1次,64,9.7万,0.32,5,10,Ref002:126,单册：捌划,,,罗马之夜/出版社：江苏人民/改编：安利/绘画：杨春华等/85年12月1版1次64开/印数：9.7万定价：0.32元/市场交流价：/9品：5元/10品：10元,PaddlePaddle
居里夫人,居里夫人,,改编：曹积三 绘画：李肇宏,,,改编：曹积三,曹积三,改编,绘画：李肇宏,李肇宏,绘画,,,,,,,,,,,,,吉林人民,吉林人民,,长春,10,1979,1版1次,64,15.3万,0.15,10,20,Ref002:126,单册：捌划,,,居里夫人/出版社：吉林人民/改编：曹积三/绘画：李肇宏/79年10月1版1次64开/印数：15.3万定价：0.15元/市场交流价：/9品：10元/10品：20元,PaddlePaddle
孤星血泪,孤星血泪,,改编：蔡其铮 绘画：周翔,,,改编：蔡其铮,蔡其铮,改编,绘画：周翔,周翔,绘画,,,,,,,,,,,,,长江文艺,长江文艺,,武汉,11,1983,1版1次,64,8.1万,0.18,10,25,Ref002:126,单册：捌划,,,孤星血泪/出版社：长江文艺/改编：蔡其铮/绘画：周翔/83年11月1版1次64开/印数：8.1万定价：0.18元/市场交流价：/9品：10元/10品：25元,PaddlePaddle
战争恶魔,战争恶魔,,改编：绕翠岚 绘画：雷德祖,,,改编：绕翠岚,绕翠岚,改编,绘画：雷德祖,雷德祖,绘画,,,,,,,,,,,,,广西人民,广西人民,,南宁,8,1984,1版1次,64,41万,0.17,10,20,Ref002:126,单册：捌划,,,战争恶魔/出版社：广西人民/改编：绕翠岚/绘画：雷德祖/84年8月1版1次64开/印数：41万定价：0.17元/市场交流价：/9品：10元/10品：20.0元,PaddlePaddle
胜利大逃亡,胜利大逃亡,,改编：季一德 绘画：雷德祖,,,改编：季一德,季一德,改编,绘画：雷德祖,雷德祖,绘画,,,,,,,,,,,,,少年儿童,少年儿童,,上海,5,1985,1版1次,64,15.5万,0.28,15,25,Ref002:126,单册：捌划,,,胜利大逃亡/出版社：少年儿童/改编：季一德/绘画：雷德祖/85年5月1版1次64开/印数：15.5万定价：0.28元/市场交流价：/9品：15元/10品：25.00元,PaddlePaddle
驿站长之死,驿站长之死,,改编：于义 绘画：刘国辉,,,改编：于义,于义,改编,绘画：刘国辉,刘国辉,绘画,,,,,,,,,,,,,辽宁美术,辽宁美术,,沈阳,3,1983,1版1次,64,12.9万,0.13,15,35,Ref002:126,单册：捌划,,,驿站长之死/出版社：辽宁美术/改编：于义/绘画：刘国辉/83年3月1版1次64开/印数：12.9万定价：0.13元/市场交流价：/9品：15元/10品：35元,PaddlePaddle
驿站长,驿站长,,改编：甘礼乐 绘画：蒋宝鸿,,,改编：甘礼乐,甘礼乐,改编,绘画：蒋宝鸿,蒋宝鸿,绘画,,,,,,,,,,,,,上海人民美术,上海人民美术,,上海,7,1980,1版1次,64,10万,0.1,15,30,Ref002:126,单册：捌划,,,驿站长/出版社：上海人民美术/改编：甘礼乐/绘画：蒋宝鸿/80年7月1版1次64开/印数：10万定价：0.10元/市场交流价：/9品：15元/10品：30元,PaddlePaddle
泪泉,泪泉,,改编：杨遐琪 绘画：蒙复旦等,,,改编：杨遐琪,杨遐琪,改编,绘画：蒙复旦,蒙复旦,绘画,绘画：等,等,绘画,,,,,,,,,,花城,花城,,广州,4,1984,1版1次,64,,0.2,5,10,Ref002:127,单册：捌划,,,泪泉/出版社：花城/改编：杨遐琪/绘画：蒙复旦等/84年4月1版1次64开/印数：未详定价：0.20元/市场交流价：/9品：5元/10品：10元,PaddlePaddle
威尼斯商人,威尼斯商人,,改编：林石 绘画：方瑶民,,,改编：林石,林石,改编,绘画：方瑶民,方瑶民,绘画,,,,,,,,,,,,,人民美术,人民美术,,,8,1982,1版1次,64,12万,0.17,20,30,Ref002:127,单册：玖划,,,威尼斯商人/出版社：人民美术/改编：林石/绘画：方瑶民/82年8月1版1次64开/印数：12万定价：0.17元/市场交流价：/9品：20元/10品：30元,PaddlePaddle
音乐家莫扎特,音乐家莫扎特,,改编：舒君 绘画：于绍文,,,改编：舒君,舒君,改编,绘画：于绍文,于绍文,绘画,,,,,,,,,,,,,人民美术,人民美术,,,9,1982,1版1次,64,10万,0.07,15,20,Ref002:127,单册：玖划,,,音乐家莫扎特/出版社：人民美术/改编：舒君/绘画：于绍文/82年9月1版1次64开/印数：10万定价：0.07元/市场交流价：/9品：15元/10品：20元,PaddlePaddle
昭君出塞,昭君出塞,,改编：犀利 绘画：李玉杰,,,改编：犀利,犀利,改编,绘画：李玉杰,李玉杰,绘画,,,,,,,,,,,,,黑龙江人民,黑龙江人民,,哈尔滨,1,1983,1版1次,64,7.56万,0.25,5,10,Ref002:127,单册：玖划,,,昭君出塞/出版社：黑龙江人民/改编：犀利/绘画：李玉杰/83年1月1版1次64开/印数：7.56万 定价：0.25元/市场交流价：/9品：5元/10品：10元,PaddlePaddle
哪吒,哪吒,,改编：李延柱等 绘画：宋剑锋,,,改编：李延柱,李延柱,改编,改编：等,等,改编,绘画：宋剑锋,宋剑锋,绘画,,,,,,,,,,广西人民,广西人民,,南宁,6,1983,1版1次,64,13.3万,0.1,10,25,Ref002:127,单册：玖划,,,哪吒/出版社：广西人民/改编：李延柱等/绘画：宋剑锋/83年6月1版1次64开/印数：13.3万 定价：0.10元/市场交流价：/9品：10元/10品：25元,PaddlePaddle
哪吒成材记,哪吒成材记,,改编：管正美 绘画：费声福,,,改编：管正美,管正美,改编,绘画：费声福,费声福,绘画,,,,,,,,,,,,,中国戏剧,中国戏剧,,北京,3,1983,1版1次,64,,0.23,30,60,Ref002:127,单册：玖划,,,哪吒成材记/出版社：中国戏剧/改编：管正美/绘画：费声福/83年3月1版1次64开/印数：未详定价：0.23元/市场交流价：/9品：30元/10品：60元,PaddlePaddle
荆轲刺秦,荆轲刺秦,,改编：丁犁 绘画：王井,,,改编：丁犁,丁犁,改编,绘画：王井,王井,绘画,,,,,,,,,,,,,福建人民,福建人民,,福州,7,1981,1版1次,64,32.04万,0.13,15,25,Ref002:127,单册：玖划,,,荆轲刺秦/出版社：福建人民/改编：丁犁/绘画：王井/81年7月1版1次64开/印数：32.04万 定价：0.13元/市场交流价：/9品：15元/10品：25元,PaddlePaddle
荆钗记,荆钗记,,改编：石崎等 绘画：卢延光,,,改编：石崎,石崎,改编,改编：等,等,改编,绘画：卢延光,卢延光,绘画,,,,,,,,,,岭南美术,岭南美术,,广州,11,1983,1版1次,64,36.62万,0.18,15,30,Ref002:127,单册：玖划,,Sic._Author_Core_1,荆钗记/出版社：岭南美术/改编：石崎等/绘画：卢延光/83年11月1版1次64开/印数：36.62万 定价：0.18元/市场交流价：/9品：15元/10品：30元,PaddlePaddle
胆剑篇（上）,胆剑篇,（上）,改编：徐景 绘画：朱光玉,,,改编：徐景,徐景,改编,绘画：朱光玉,朱光玉,绘画,,,,,,,,,,,,,辽宁美术,辽宁美术,,沈阳,12,1981,1版2次,64,27万,0.18,,,Ref002:128,单册：玖划,,,胆剑篇(上)/出版社：辽宁美术/改编：徐景/绘画：朱光玉/81年12月1版2次64开/印数：27万定价：0.18元,PaddlePaddle
胆剑篇（下）,胆剑篇,（下）,改编：徐景 绘画：朱光玉,,,改编：徐景,徐景,改编,绘画：朱光玉,朱光玉,绘画,,,,,,,,,,,,,辽宁美术,辽宁美术,,沈阳,12,1981,1版2次,64,27万,0.24,60（全套）,100,Ref002:128,单册：玖划,,,胆剑篇（下）/出版社：辽宁美术/改编：徐景/绘画：朱光玉/81年12月1版2次64开/印数：27万定价：0.24元/市场交流价：/9品：60元（全套）/10品：100元,PaddlePaddle
胆剑篇,胆剑篇,,改编：汪澄 绘画：宗静草等,,,改编：汪澄,汪澄,改编,绘画：宗静草,宗静草,绘画,绘画：等,等,绘画,,,,,,,,,,江苏人民,江苏人民,,南京,8,1980,1版1次,64,10万,0.18,100,200,Ref002:128,单册：玖划,,,胆剑篇/出版社：江苏人民/改编：汪澄/绘画：宗静草等/80年8月1版1次64开/印数：10万定价：0.18元/市场交流价：/9品：100元/10品：200元,PaddlePaddle
荀灌娘,荀灌娘,,改编：唐开础 绘画：钱笑呆,,,改编：唐开础,唐开础,改编,绘画：钱笑呆,钱笑呆,绘画,,,,,,,,,,,,,河北美术,河北美术,,石家庄,7,1982,1版2次,64,33.4万,0.12,70,120,Ref002:128,单册：玖划,,,荀灌娘/出版社：河北美术/改编：唐开础/绘画：钱笑呆/82年7月1版2次64开/印数：33.4万定价：0.12元/市场交流价：/9品：70元/10品：120元,PaddlePaddle
神秘的琴声,神秘的琴声,,改编：刘玉山 绘画：孟庆江等,,,改编：刘玉山,刘玉山,改编,绘画：孟庆江,孟庆江,绘画,绘画：等,等,绘画,,,,,,,,,,人民音乐,人民音乐,,北京,1,1982,1版1次,64,20.15万,0.22,5,15,Ref002:128,单册：玖划,,,神秘的琴声/出版社：人民音乐/改编：刘玉山/绘画：孟庆江等/82年1月1版1次64开/印数：20.15万 定价：0.22元/市场交流价：/9品：5元/10品：15元,PaddlePaddle
将相和,将相和,,改编：张叶舟 绘画：陈全胜,,,改编：张叶舟,张叶舟,改编,绘画：陈全胜,陈全胜,绘画,,,,,,,,,,,,,辽宁美术,辽宁美术,,沈阳,9,1980,1版1次,64,83万,0.19,10,20,Ref002:128,单册：玖划,,,将相和/出版社：辽宁美术/改编：张叶舟/绘画：陈全胜/80年9月1版1次64开/印数：83万定价：0.19元/市场交流价：/9品：10元/10品：20元,PaddlePaddle
将相和,将相和,,改编：郁生 绘画：何宁,,,改编：郁生,郁生,改编,绘画：何宁,何宁,绘画,,,,,,,,,,,,,宝文堂书店,宝文堂书店,,北京,10,1980,1版1次,60,,0.12,5,10,Ref002:128,单册：玖划,,,将相和/出版社：宝文堂书店/改编：郁生/绘画：何宁/80年10月1版1次60开/印数：未详定价：0.12元/市场交流价：/9品：5元/10品：10元,PaddlePaddle
响铃公主,响铃公主,,改编：邓会光 绘画：季源业等,,,改编：邓会光,邓会光,改编,绘画：季源业,季源业,绘画,绘画：等,等,绘画,,,,,,,,,,黑龙江人民,黑龙江人民,,哈尔滨,12,1983,1版1次,64,17.25万,0.28,15,25,Ref002:128,单册：玖划,,,响铃公主/出版社：黑龙江人民/改编：邓会光/绘画：季源业等/83年12月1版1次64开/印数：17.25万 定价：0.28元/市场交流价：/9品：15元/10品：25元,PaddlePaddle
春草闯堂,春草闯堂,,改编：陈仁[Unicode U+30FAB] 绘画：宗静风等,,,改编：陈仁[Unicode U+30FAB],陈仁[Unicode U+30FAB],改编,绘画：宗静风,宗静风,绘画,绘画：等,等,绘画,,,,,,,,,,福建人民,福建人民,,福州,4,1980,1版2次,60,80万,0.15,20,45,Ref002:129,单册：玖划,,,春草闯堂/出版社：福建人民/改编：陈仁/绘画：宗静风等/80年4月1版2次60开/印数：80万定价：0.15元/市场交流价：/9品：20元/10品：45元,PaddlePaddle
春草闯堂,春草闯堂,,改编：徐晓平 绘画：徐晓平,,,改编：徐晓平,徐晓平,改编,绘画：徐晓平,徐晓平,绘画,,,,,,,,,,,,,上海人民美术,上海人民美术,,上海,11,1980,1版1次,64,140万,0.14,10,20,Ref002:129,单册：玖划,,,春草闯堂/出版社：上海人民美术/改编：徐晓平/绘画：徐晓平/80年11月1版1次64开/印数：140万定价：0.14元/市场交流价：/9品：10元/10品：20元,PaddlePaddle
春香传,春香传,,改编：徐少伯 绘画：李成勋等,,,改编：徐少伯,徐少伯,改编,绘画：李成勋,李成勋,绘画,绘画：等,等,绘画,,,,,,,,,,辽宁美术,辽宁美术,,沈阳,2,1980,1版1次,64,50万,0.2,40,80,Ref002:129,单册：玖划,,,春香传/出版社：辽宁美术/改编：徐少伯/绘画：李成勋等/80年2月1版1次64开/印数：50万定价：0.20元/市场交流价：/9品：40元/10品：80元,PaddlePaddle
挖参遇仙记,挖参遇仙记,,改编：智涌 绘画：李燕华等,,,改编：智涌,智涌,改编,绘画：李燕华,李燕华,绘画,绘画：等,等,绘画,,,,,,,,,,河北美术,河北美术,,石家庄,8,1985,1版1次,64,15.25万,0.34,5,10,Ref002:129,单册：玖划,,,挖参遇仙记/出版社：河北美术/改编：智涌/绘画：李燕华等/85年8月1版1次64开/印数：15.25万定价：0.34元/市场交流价：/9品：5元/10品：10元,PaddlePaddle
柳毅传书,柳毅传书,,改编：朱力士 绘画：陈白一等,,,改编：朱力士,朱力士,改编,绘画：陈白一,陈白一,绘画,绘画：等,等,绘画,,,,,,,,,,湖南人民,湖南人民,,长沙,1,1982,1版1次,60,40.1万,0.14,50,100,Ref002:129,单册：玖划,,,柳毅传书/出版社：湖南人民/改编：朱力士/绘画：陈白一等/82年1月1版1次60开/印数：40.1万 定价：0.14元/市场交流价：/9品：50元/10品：100元,PaddlePaddle
柳毅传书,柳毅传书,,改编：韩玉中 绘画：曹天舒,,,改编：韩玉中,韩玉中,改编,绘画：曹天舒,曹天舒,绘画,,,,,,,,,,,,,中州书画社,中州书画社,,郑州,9,1981,1版1次,64,75.2万,0.14,10,20,Ref002:129,单册：玖划,,,柳毅传书/出版社：中州书画社/改编：韩玉中/绘画：曹天舒/81年9月1版1次64开/印数：75.2万 定价：0.14元/市场交流价：/9品：10元/10品：20元,PaddlePaddle
柳玉娘,柳玉娘,,改编：陈茂兹 绘画：罗枫,,,改编：陈茂兹,陈茂兹,改编,绘画：罗枫,罗枫,绘画,,,,,,,,,,,,,上海人民美术,上海人民美术,,上海,6,1985,1版1次,64,25.5万,0.37,5,10,Ref002:129,单册：玖划,,,柳玉娘/6/出版社：上海人民美术/改编：陈茂兹/绘画：罗枫/85年6月1版1次64开/印数：25.5万 定价：0.37元/市场交流价：/9品：5元/10品：10元,PaddlePaddle
炼印,炼印,,改编：徐应源 绘画：高适,,,改编：徐应源,徐应源,改编,绘画：高适,高适,绘画,,,,,,,,,,,,,福建人民,福建人民,,福州,8,1981,1版1次,64,,,10,20,Ref002:129,单册：玖划,目前市场上见到的《炼印》坚64开本，为出版样书，有一定量，成交价不高。,,*炼印/出版社：福建人民/改编：徐应源/绘画：高适/81年8月1版1次64开/样书/市场交流价：/9品：10元/10品：20元,PaddlePaddle
秋翁遇仙记,秋翁遇仙记,,改编：吴添汗等 绘画：笑雨,,,改编：吴添汗,吴添汗,改编,改编：等,等,改编,绘画：笑雨,笑雨,绘画,,,,,,,,,,上海人民美术,上海人民美术,,上海,10,1982,1版1次,64,19万,0.09,15,25,Ref002:130,单册：玖划,,,秋翁遇仙记/出版社：上海人民美术/改编：吴添汗等/绘画：笑雨/82年10月1版1次64开/印数：19万定价：0.09元/市场交流价：/9品：15元/10品：25元,PaddlePaddle
秋翁遇仙记,秋翁遇仙记,,改编：金浪 绘画：邹莉,,,改编：金浪,金浪,改编,绘画：邹莉,邹莉,绘画,,,,,,,,,,,,,岭南美术,岭南美术,,广州,8,1981,1版1次,64,,0.16,8,15,Ref002:130,单册：玖划,,,秋翁遇仙记/出版社：岭南美术/改编：金浪/绘画：邹莉/81年8月1版1次64开/印数：未详 定价：0.16元/市场交流价：/9品：8元/10品：15元,PaddlePaddle
洛阳令,洛阳令,,改编：路继贤 绘画：熊孔成,,,改编：路继贤,路继贤,改编,绘画：熊孔成,熊孔成,绘画,,,,,,,,,,,,,河南人民,河南人民,,郑州,4,1981,1版1次,64,,0.17,5,10,Ref002:130,单册：玖划,,,洛阳令/出版社：河南人民/改编：路继贤/绘画：熊孔成/81年4月1版1次64开/印数：未详 定价：0.17元/市场交流价：/9品：5元/10品：10元,PaddlePaddle
贻顺哥烛蒂,贻顺哥烛蒂,,改编：江世庸 绘画：苏田等,,,改编：江世庸,江世庸,改编,绘画：苏田,苏田,绘画,绘画：等,等,绘画,,,,,,,,,,福建人民,福建人民,,福州,8,1981,1版1次,64,36.2万,0.18,10,15,Ref002:130,单册：玖划,,,贻顺哥烛蒂/出版社：福建人民/改编：江世庸/绘画：苏田等/81年8月1版1次64开/印数：36.2万定价：0.18元/市场交流价：/9品：10元/10品：15元,PaddlePaddle
怒捣大成殿,怒捣大成殿,,改编：肖一 绘画：刘汉宗,,,改编：肖一,肖一,改编,绘画：刘汉宗,刘汉宗,绘画,,,,,,,,,,,,,河北人民,河北人民,,石家庄,5,1975,1版1次,64,120万,0.08,30,80,Ref002:130,单册：玖划,,,怒捣大成殿/出版社：河北人民/改编：肖一/绘画：刘汉宗/75年5月1版1次64开/印数：120万定价：0.08元/市场交流价：/9品：30元/10品：80元,PaddlePaddle
怒捣大成殿,怒捣大成殿,,改编：任羽 绘画：陈光镒,,,改编：任羽,任羽,改编,绘画：陈光镒,陈光镒,绘画,,,,,,,,,,,,,上海人民,上海人民,,上海,11,1975,1版1次,64,,0.07,30,60,Ref002:130,单册：玖划,,,怒捣大成殿/出版社：上海人民/改编：任羽/绘画：陈光镒/75年11月1版1次64开/印数：未详定价：0.07元/市场交流价：/9品：30元/10品：60元,PaddlePaddle
怒捣大成殿,怒捣大成殿,,改编：辛占福 绘画：甘雨辰朱松年,,,改编：辛占福,辛占福,改编,绘画：甘雨辰,甘雨辰,绘画,绘画：朱松年,朱松年,绘画,,,,,,,,,,吉林人民,吉林人民,,长春,11,1975,1版1次,64,,0.1,35,70,Ref002:130,单册：玖划,,,怒捣大成殿/出版社：吉林人民/改编：辛占福/绘画：甘雨辰朱松年/75年11月1版1次64开/印数：未详定价：0.10元/市场交流价：/9品：35元/10品：70元,PaddlePaddle
虹南作战史,虹南作战史,,编文：集体 绘画：集体,,,编文：集体,集体,编文,绘画：集体,集体,绘画,,,,,,,,,,,,,上海人民,上海人民,,上海,9,1976,1版1次,64,,0.12,80（全套二册）,150,Ref002:130,单册：玖划,《虹南作战史》全套两册，上册为60开，下册64开。,,虹南作战史/出版社：上海人民/编文：集体/绘画：集体/76年9月1版1次64开/印数：未祥定价：0.12元/市场交流价：/9品：80元（全套二册）/10品：150元,PaddlePaddle
带响的弓箭,带响的弓箭,,改编：吴继平 绘画：吴继平,,,改编：吴继平,吴继平,改编,绘画：吴继平,吴继平,绘画,,,,,,,,,,,,,江苏人民,江苏人民,,南京,7,1974,1版1次,64,70万,0.12,10,30,Ref002:131,单册：玖划,《带响的弓箭》唯有江苏版的封面，少年箭指方向与其它版本相反。,,带响的弓箭/出版社：江苏人民/改编：吴继平/绘画：吴继平/74年7月1版1次64开/印数：70万定价：0.12元/市场交流价：/9品：10元/10品：30元,PaddlePaddle
带响的弓箭,带响的弓箭,,改编：金坚等 绘画：吴大成,,,改编：金坚,金坚,改编,改编：等,等,改编,绘画：吴大成,吴大成,绘画,,,,,,,,,,上海人民,上海人民,,上海,11,1974,1版1次,64,60万,0.12,10,30,Ref002:131,单册：玖划,,,带响的弓箭/出版社：上海人民/改编：金坚等/绘画：吴大成/74年11月1版1次64开/印数：60万定价：0.12元/市场交流价：/9品：10元/10品：30元,PaddlePaddle
带响的弓箭,带响的弓箭,,改编：张登魁 绘画：王方廉等,,,改编：张登魁,张登魁,改编,绘画：王方廉,王方廉,绘画,绘画：等,等,绘画,,,,,,,,,,天津人民美术,天津人民美术,,天津,4,1974,1版1次,64,,0.15,10,20,Ref002:131,单册：玖划,,,带响的弓箭/出版社：天津人民美术/改编：张登魁/绘画：王方廉等/74年4月1版1次64开/印数：未详定价：0.15元/市场交流价：/9品：10元/10品：20元,PaddlePaddle
带响的弓箭,带响的弓箭,,改编：集体 绘画：钱贵荪,,,改编：集体,集体,改编,绘画：钱贵荪,钱贵荪,绘画,,,,,,,,,,,,,浙江人民,浙江人民,,杭州,9,1974,1版1次,60,50万,0.11,15,40,Ref002:131,单册：玖划,,,带响的弓箭/出版社：浙江人民/改编：集体/绘画：钱贵荪/74年9月1版1次60开/印数：50万定价：0.11元/市场交流价：/9品：15元/10品：40元,PaddlePaddle
带响的弓箭,带响的弓箭,,改编：集体 绘画：集体,,,改编：集体,集体,改编,绘画：集体,集体,绘画,,,,,,,,,,,,,北京人民,北京人民,,北京,3,1974,1版3次,60,,0.11,20,40,Ref002:131,单册：玖划,,,带响的弓箭/出版社：北京人民/改编：集体/绘画：集体/74年3月1版3次60开/印数：未祥定价：0.11元/市场交流价：/9品：20元/10品：40元,PaddlePaddle
南海激浪,南海激浪,,改编：李遵义 绘画：刘根生等,,,改编：李遵义,李遵义,改编,绘画：刘根生,刘根生,绘画,绘画：等,等,绘画,,,,,,,,,,吉林人民,吉林人民,,长春,9,1973,1版1次,64,55万,0.15,25,40,Ref002:131,单册：玖划,,,南海激浪/出版社：吉林人民/改编：李遵义/绘画：刘根生等/73年9月1版1次64开/印数：55万定价：0.15元/市场交流价：/9品：25元/10品：40元,PaddlePaddle
南海渔工,南海渔工,,改编：集体 绘画：单柏钦等,,,改编：集体,集体,改编,绘画：单柏钦,单柏钦,绘画,绘画：等,等,绘画,,,,,,,,,,广东人民,广东人民,,广州,1,1974,1版2次,64,40万,0.07,20,30,Ref002:131,单册：玖划,1版,,南海渔工/出版社：广东人民/改编：集体/绘画：单柏钦等/74年1月1版2次64开/印数：40万定价：0.07元/市场交流价：/9品：20元/10品：30元,PaddlePaddle
继续革命谱新歌,继续革命谱新歌,,改编：集体 绘画：集体,,,改编：集体,集体,改编,绘画：集体,集体,绘画,,,,,,,,,,,,,上海人民,上海人民,,上海,2,1971,1版1次,60,,0.1,30,120,Ref002:131,单册：玖划,,,继续革命谱新歌/出版社：上海人民/改编：集体/绘画：集体/71年2月1版1次60开/印数：未详定价：0.10元/市场交流价：/9品：30元/10品：120元,PaddlePaddle
战斗在322高地,战斗在322高地,,改编：王晓光 绘画：振宇,,,改编：王晓光,王晓光,改编,绘画：振宇,振宇,绘画,,,,,,,,,,,,,河北人民,河北人民,,石家庄,11,1973,1版1次,60,50万,0.14,10,20,Ref002:132,单册：玖划,,,战斗在322高地/出版社：河北人民/改编：王晓光/绘画：振宇/73年11月1版1次60开/印数：50万定价：0.14元/市场交流价：/9品：10元/10品：20元,PaddlePaddle
战斗英雄王庆容,战斗英雄王庆容,,改编：集体 绘画：集体,,,改编：集体,集体,改编,绘画：集体,集体,绘画,,,,,,,,,,,,,四川人民,四川人民,,成都,4,1974,1版1次,60,,0.11,60,120,Ref002:132,单册：玖划,,,战斗英雄王庆容/出版社：四川人民/改编：集体/绘画：集体/74年4月1版1次60开/印数：未祥定价：0.11元/市场交流价：/9品：60元/10品：120元,PaddlePaddle
战斗英雄任常伦,战斗英雄任常伦,,改编：集体 绘画：集体,,,改编：集体,集体,改编,绘画：集体,集体,绘画,,,,,,,,,,,,,山东人民,山东人民,,济南,8,1973,1版1次,60,90万,0.1,10,15,Ref002:132,单册：玖划,,,战斗英雄任常伦/出版社：山东人民/改编：集体/绘画：集体/73年8月1版1次60开/印数：90万定价：0.10元/市场交流价：/9品：10元/10品：15元,PaddlePaddle
战斗在北部湾上,战斗在北部湾上,,改编：集体 绘画：集体,,,改编：集体,集体,改编,绘画：集体,集体,绘画,,,,,,,,,,,,,上海人民,上海人民,,上海,1,1972,1版2次,60,,0.09,30,100,Ref002:132,单册：玖划,1版,,战斗在北部湾上/出版社：上海人民/改编：集体/绘画：集体/72年1月1版2次60开/印数：未详定价：0.09元/市场交流价：/9品：30元/10品：100元,PaddlePaddle
战马驰骋,战马驰骋,,改编：周东爱 绘画：沈尧伊,,,改编：周东爱,周东爱,改编,绘画：沈尧伊,沈尧伊,绘画,,,,,,,,,,,,,人民美术,人民美术,,,2,1973,1版1次,64,,0.07,10,25,Ref002:132,单册：玖划,,,战马驰骋/出版社：人民美术/改编：周东爱/绘画：沈尧伊/73年2月1版1次64开/印数：未详定价：0.07元/市场交流价：/9品：10元/10品：25元,PaddlePaddle
战地红缨（上）,战地红缨,（上）,改编：杨云庆 绘画：李俊琪,,,改编：杨云庆,杨云庆,改编,绘画：李俊琪,李俊琪,绘画,,,,,,,,,,,,,天津人民美术,天津人民美术,,天津,10,1975,1版1次,64,,0.17,8,15,Ref002:132,单册：玖划,《战地红缨》，上册多见，下册存世量远少于上册。,,战地红缨 (上)/出版社：天津人民美术/改编：杨云庆/绘画：李俊琪/75年10月1版1次64开/印数：未详定价：0.17元/市场交流价：/9品：8元/10品：15元,PaddlePaddle
战地红缨（下）,战地红缨,（下）,改编：杨云庆 绘画：李俊琪,,,改编：杨云庆,杨云庆,改编,绘画：李俊琪,李俊琪,绘画,,,,,,,,,,,,,天津人民美术,天津人民美术,,天津,9,1978,1版1次,64,,0.17,20,50,Ref002:132,单册：玖划,《战地红缨》，上册多见，下册存世量远少于上册。,,战地红缨 (下)/出版社：天津人民美术/改编：杨云庆/绘画：李俊琪/78年9月1版1次64开/印数：未详定价：0.17元/市场交流价：/9品：20元/10品：50元,PaddlePaddle
战斗在红石岭上,战斗在红石岭上,,改编：集体 绘画：集体,,,改编：集体,集体,改编,绘画：集体,集体,绘画,,,,,,,,,,,,,广东人民,广东人民,,广州,2,1973,1版1次,60,,0.09,30,80,Ref002:132,单册：玖划,,,战斗在红石岭上/出版社：广东人民/改编：集体/绘画：集体/73年2月1版1次60开/印数：未详定价：0.09元/市场交流价：/9品：30元/10品：80元,PaddlePaddle
钢蛋和虎英,钢蛋和虎英,,改编：集体 绘画：贺传永,,,改编：集体,集体,改编,绘画：贺传永,贺传永,绘画,,,,,,,,,,,,,山东人民,山东人民,,济南,9,1973,1版1次,60,50万,0.09,25,50,Ref002:133,单册：玖划,,,钢蛋和虎英/出版社山东人民/改编：集体/绘画：贺传永/73年9月1版1次60开/印数：50万定价：0.09元/市场交流价：/9品：25元/10品：50元,PaddlePaddle
钢铁联防队,钢铁联防队,,改编：集体 绘画：集国体,,,改编：集体,集体,改编,绘画：集国体,集国体,绘画,,,,,,,,,,,,,江苏人民,江苏人民,,南京,7,1973,1版1次,60,40万,0.1,20,45,Ref002:133,单册：玖划,,,钢铁联防队/出版社：江苏人民/改编：集体/绘画：集国体/73年7月1版1次60开/印数：40万定价：0.10元/市场交流价：/9品：20元/10品：45元,PaddlePaddle
草原歼匪（上）,草原歼匪,（上）,改编：集体 绘画：苏明郭文涛,,,改编：集体,集体,改编,绘画：苏明,苏明,绘画,绘画：郭文涛,郭文涛,绘画,,,,,,,,,,甘肃人民,甘肃人民,,兰州,8,1979,1版1次,60,15.34万,0.18,60,120,Ref002:133,单册：玖划,,Sic._Author_Core_2,草原歼匪（上）/出版社：甘肃人民/改编：集体/绘画：苏明郭文涛/79年8月1版1次60开/印数15.34万 定价：0.18元/市场交流价：/9品：60元/10品：120元,PaddlePaddle
泰山压顶不弯腰,泰山压顶不弯腰,,改编：集体 绘画：集体,,,改编：集体,集体,改编,绘画：集体,集体,绘画,,,,,,,,,,,,,浙江人民美术,浙江人民美术,,杭州,9,1970,1版1次,60,,0.07,5,15,Ref002:133,单册：玖划,,,泰山压顶不弯腰/出版社：浙江人民美术/改编：集体/绘画：集体/70年9月1版1次60开/印数：未祥定价：0.07元/市场交流价：/9品：5元/10品：15元,PaddlePaddle
革命战旗扛到底,革命战旗扛到底,,改编：集体 绘画：集体,,,改编：集体,集体,改编,绘画：集体,集体,绘画,,,,,,,,,,,,,辽宁人民,辽宁人民,,沈阳,2,1972,1版1次,60,,0.11,40,120,Ref002:133,单册：玖划,,,革命战旗扛到底/出版社：辽宁人民/改编：集体/绘画：集体/72年2月1版1次60开/印数：未详定价：0.11元/市场交流价：/9品：40元/10品：120元,PaddlePaddle
革命英雄故事,革命英雄故事,,改编：集体 绘画：集体,,,改编：集体,集体,改编,绘画：集体,集体,绘画,,,,,,,,,,,,,浙江人民,浙江人民,,杭州,4,1971,1版1次,60,,0.08,50,100,Ref002:133,单册：玖划,,,革命英雄故事/出版社：浙江人民/改编：集体/绘画：集体/71年4月1版1次60开/印数：未详定价：0.08元/市场交流价：/9品：50元/10品：100元,PaddlePaddle
“爱民模范”赵尔春,“爱民模范”赵尔春,,改编：集体 绘画：集体,,,改编：集体,集体,改编,绘画：集体,集体,绘画,,,,,,,,,,,,,上海出版革命组,上海出版革命组,,,5,1970,1版1次,60,,0.11,25,120,Ref002:133,单册：玖划,,,“爱民模范”赵尔春/出版社：上海出版革命组/改编：集体/绘画：集体/70年5月1版1次60开/印数：未详定价：0.11元/市场交流价：/9品：25元/10品：120元,PaddlePaddle
草湾战歌,草湾战歌,,改编：集体 绘画：集体,,,改编：集体,集体,改编,绘画：集体,集体,绘画,,,,,,,,,,,,,江西省新华书店,江西省新华书店,,南昌,8,1970,1版1次,60,,0.07,80,180,Ref002:133,单册：玖划,,,草湾战歌/出版社：江西省新华书店/改编：集体/绘画：集体/70年8月1版1次60开/印数：未详定价：0.07元/市场交流价：/9品：80元/10品：180元,PaddlePaddle
星火日夜食品商店,星火日夜食品商店,,改编：集体 绘画：集体,,,改编：集体,集体,改编,绘画：集体,集体,绘画,,,,,,,,,,,,,上海人民,上海人民,,上海,9,1972,1版1次,60,,0.1,25,100,Ref002:134,单册：玖划,,,星火日夜食品商店/出版社：上海人民/改编：集体/绘画：集体/72年9月1版1次60开/印数：未详定价：0.10元/市场交流价：/9品：25元/10品：100元,PaddlePaddle
“模范共青团员”胡业桃,“模范共青团员”胡业桃,,改编：集体 绘画：集体,,,改编：集体,集体,改编,绘画：集体,集体,绘画,,,,,,,,,,,,,上海人民,上海人民,,上海,3,1971,1版1次,60,,0.09,60,150,Ref002:134,单册：玖划,,,“模范共青团员”胡业桃/出版社：上海人民/改编：集体/绘画：集体/71年3月1版1次60开/印数：未详定价：0.09元/市场交流价：/9品：60元/10品：150元,PaddlePaddle
“模范共青团员”胡业桃,“模范共青团员”胡业桃,,改编：集体 绘画：集体,,,改编：集体,集体,改编,绘画：集体,集体,绘画,,,,,,,,,,,,,人民美术,人民美术,,,8,1971,1版1次,60,,0.15,50,150,Ref002:134,单册：玖划,,,“模范共青团员”胡业桃/出版社：人民美术/改编：集体/绘画：集体/71年8月1版1次60开/印数：未详定价：0.15元/市场交流价：/9品：50元/10品：150元,PaddlePaddle
珍宝岛英雄赞,珍宝岛英雄赞,,改编：集体 绘画：集体,,,改编：集体,集体,改编,绘画：集体,集体,绘画,,,,,,,,,,,,,上海市出版革命组,上海市出版革命组,,上海,8,1970,1版1次,60,,0.1,40,200,Ref002:134,单册：玖划,,,珍宝岛英雄赞/出版社：上海市出版革命组/改编：集体/绘画：集体/70年8月1版1次60开/印数：未详定价：0.10元/市场交流价：/9品：40元/10品：200元,PaddlePaddle
勇敢机智打豺狼,勇敢机智打豺狼,,改编：董耀根 绘画：李绍然,,,改编：董耀根,董耀根,改编,绘画：李绍然,李绍然,绘画,,,,,,,,,,,,,上海人民,上海人民,,上海,12,1972,1版1次,60,60万,0.09,20,40,Ref002:134,单册：玖划,,,勇敢机智打豺狼/出版社：上海人民/改编：董耀根/绘画：李绍然/72年12月1版1次60开/印数：60万定价：0.09元/市场交流价：/9品：20元/10品：40元,PaddlePaddle
南瓜生蛋的秘密,南瓜生蛋的秘密,,改编：陈斌 绘画：倪绍勇等,,,改编：陈斌,陈斌,改编,绘画：倪绍勇,倪绍勇,绘画,绘画：等,等,绘画,,,,,,,,,,上海人民,上海人民,,上海,5,1973,1版1次,60,100万,0.09,15,40,Ref002:134,单册：玖划,,,南瓜生蛋的秘密/出版社：上海人民/改编：陈斌/绘画：倪绍勇等/73年5月1版1次60开/印数：100万定价：0.09元/市场交流价：/9品：15元/10品：40元,PaddlePaddle
南瓜生蛋的秘密,南瓜生蛋的秘密,,改编：集体 绘画：集体,,,改编：集体,集体,改编,绘画：集体,集体,绘画,,,,,,,,,,,,,江西人民,江西人民,,南昌,8,1974,1版1次,60,30万,0.14,150,35,Ref002:134,单册：玖划,,,南瓜生蛋的秘密/出版社：江西人民/改编：集体/绘画：集体/74年8月1版1次60开/印数：30万定价：0.14元/市场交流价：/9品：150元/10品：35元,PaddlePaddle
南征北战,南征北战,,改编：集体 绘画：集体,,,改编：集体,集体,改编,绘画：集体,集体,绘画,,,,,,,,,,,,,上海人民,上海人民,,上海,12,1971,1版1次,60,,0.16,60,250,Ref002:134,单册：玖划,,,南征北战/出版社：上海人民/改编：集体/绘画：集体/71年12月1版1次60开/印数：未详定价：0.16元/市场交流价：/9品：60元/10品：250元,PaddlePaddle
春暖播种的时候,春暖播种的时候,,改编：谢健民 绘画：季源业等,,,改编：谢健民,谢健民,改编,绘画：季源业,季源业,绘画,绘画：等,等,绘画,,,,,,,,,,天津人民美术,天津人民美术,,天津,2,1974,1版1次,60,,0.13,25,60,Ref002:135,单册：玖划,,,春暖播种的时候/出版社：天津人民美术/改编：谢健民/绘画：季源业等/74年2月1版1次60开/印数：未详定价：0.13元/市场交流价：/9品：25元/10品：60元,PaddlePaddle
春苗（上）,春苗,（上）,改编：浦增华等 绘画：集体,,,改编：浦增华,浦增华,改编,改编：等,等,改编,绘画：集体,集体,绘画,,,,,,,,,,上海人民,上海人民,,上海,11,1975,1版1次,64,,0.09,25,50,Ref002:135,单册：玖划,《春苗》仅出版上册。,,春苗(上)/出版社：上海人民/改编：浦增华等/绘画：集体/75年11月1版1次64开/印数：未详定价：0.09元/市场交流价：/9品：25元/10品：50元,PaddlePaddle
逮熊,逮熊,,改编：徐贵礼等 绘画：刘川田等,,,改编：徐贵礼,徐贵礼,改编,改编：等,等,改编,绘画：刘川田,刘川田,绘画,绘画：等,等,绘画,,,,,,,黑龙江人民,黑龙江人民,,哈尔滨,8,1975,1版1次,64,50万,0.08,15,30,Ref002:135,单册：玖划,,,逮熊/出版社：黑龙江人民/改编：徐贵礼/绘画：刘川田等/75年8月1版1次64开/印数：50万定价：0.08元/市场交流价：/9品：15元/10品：30元,PaddlePaddle
逮熊,逮熊,,改编：邢莱廷 绘画：冒怀苏,,,改编：邢莱廷,邢莱廷,改编,绘画：冒怀苏,冒怀苏,绘画,,,,,,,,,,,,,上海人民,上海人民,,上海,1,1976,1版1次,64,,0.06,10,20,Ref002:135,单册：玖划,,,逮熊/出版社：上海人民/改编：邢莱廷/绘画：冒怀苏/76年1月1版1次64开/印数：未详定价：0.06元/市场交流价：/9品：10元/10品：20元,PaddlePaddle
柿子红了,柿子红了,,改编：白克强 绘画：周光中,,,改编：白克强,白克强,改编,绘画：周光中,周光中,绘画,,,,,,,,,,,,,上海人民,上海人民,,上海,12,1974,1版1次,60,80万,0.07,20,40,Ref002:135,单册：玖划,,,柿子红了/出版社：上海人民/改编：白克强/绘画：周光中/74年12月1版1次60开/印数：80万定价：0.07元/市场交流价：/9品：20元/10品：40元,PaddlePaddle
种子,种子,,改编：张寿山 绘画：兆钟伟徐荣杲,,,改编：张寿山,张寿山,改编,绘画：兆钟伟,兆钟伟,绘画,绘画：徐荣杲,徐荣杲,绘画,,,,,,,,,,北京人民,北京人民,,北京,2,1977,1版1次,60,,0.09,20,35,Ref002:135,单册：玖划,,,种子/出版社：北京人民/改编：张寿山/绘画：兆钟伟徐荣杲/77年2月1版1次60开/印数：未详定价：0.09元/市场交流价：/9品：20元/10品：35元,PaddlePaddle
南方怒火,南方怒火,,改编：集体 绘画：集体,,,改编：集体,集体,改编,绘画：集体,集体,绘画,,,,,,,,,,,,,人民美术,人民美术,,,11,1971,2版2次,60,,0.12,35,70,Ref002:135,单册：玖划,,,南方怒火/出版社：人民美术/改编：集体/绘画：集体/71年11月2版2次60开/印数：未详定价：0.12元/市场交流价：/9品：35元/10品：70元,PaddlePaddle
南岭路上,南岭路上,,改编：集体 绘画：黄文庆等,,,改编：集体,集体,改编,绘画：黄文庆,黄文庆,绘画,绘画：等,等,绘画,,,,,,,,,,广东人民,广东人民,,广州,2,1975,1版1次,60,,0.08,20,40,Ref002:135,单册：玖划,,,南岭路上/出版社：广东人民/改编：集体/绘画：黄文庆等/75年2月1版1次60开/印数：未详定价：0.08元/市场交流价：/9品：20元/10品：40元,PaddlePaddle
神奇的烟雾,神奇的烟雾,,改编：王成荣 绘画：邹越非,,,改编：王成荣,王成荣,改编,绘画：邹越非,邹越非,绘画,,,,,,,,,,,,,上海人民,上海人民,,上海,7,1973,1版1次,60,150万,0.06,20,45,Ref002:136,单册：玖划,,,神奇的烟雾/出版社：上海人民/改编：王成荣/绘画：邹越非/73年7月1版1次60开/印数：150万 定价：0.06元/市场交流价：/9品：20元/10品：45元,PaddlePaddle
洪秀全砸孔牌,洪秀全砸孔牌,,改编：王成人等 绘画：宋仁贤等,,,改编：王成人,王成人,改编,改编：等,等,改编,绘画：宋仁贤,宋仁贤,绘画,绘画：等,等,绘画,,,,,,,山东人民,山东人民,,济南,7,1975,1版1次,60,20万,0.08,15,35,Ref002:136,单册：玖划,,,洪秀全砸孔牌/出版社：山东人民/改编：王成人等/绘画：宋仁贤等/75年7月1版1次60开/印数：20万定价：0.08元/市场交流价：/9品：15元/10品：35元,PaddlePaddle
将军河歼敌记,将军河歼敌记,,改编：胡霜 绘画：张为民,,,改编：胡霜,胡霜,改编,绘画：张为民,张为民,绘画,,,,,,,,,,,,,浙江人民,浙江人民,,杭州,7,1976,1版1次,60,40万,0.11,10,25,Ref002:136,单册：玖划,,,将军河歼敌记/出版社：浙江人民/改编：胡霜/绘画：张为民/76年7月1版1次60开/印数：40万定价：0.11元/市场交流价：/9品：10元/10品：25元,PaddlePaddle
顺化怒火,顺化怒火,,改编：集体 绘画：王藩耀,,,改编：集体,集体,改编,绘画：王藩耀,王藩耀,绘画,,,,,,,,,,,,,广东人民,广东人民,,广州,12,1972,1版2次,60,,0.1,20,40,Ref002:136,单册：玖划,,,顺化怒火/出版社：广东人民/改编：集体/绘画：王藩耀/72年12月1版2次60开/印数：未详定价：0.10元/市场交流价：/9品：20元/10品：40元,PaddlePaddle
活愚公,活愚公,,改编：庄宏安 绘画：王仲清,,,改编：庄宏安,庄宏安,改编,绘画：王仲清,王仲清,绘画,,,,,,,,,,,,,上海人民,上海人民,,上海,9,1973,1版1次,60,80万,0.09,25,80,Ref002:136,单册：玖划,,,活愚公/出版社：上海人民/改编：庄宏安/绘画：王仲清/73年9月1版1次60开/印数：80万定价：0.09元/市场交流价：/9品：25元/10品：80元,PaddlePaddle
造船工人志气高,造船工人志气高,,改编：集体 绘画：集体,,,改编：集体,集体,改编,绘画：集体,集体,绘画,,,,,,,,,,,,,上海人民,上海人民,,上海,4,1971,1版1次,60,,0.1,40,180,Ref002:136,单册：玖划,,,造船工人志气高/出版社：上海人民/改编：集体/绘画：集体/71年4月1版1次60开/印数：未详定价：0.10元/市场交流价：/9品：40元/10品：180元,PaddlePaddle
泰山劲松,泰山劲松,,改编：集体 绘画：集体,,,改编：集体,集体,改编,绘画：集体,集体,绘画,,,,,,,,,,,,,人民美术,人民美术,,,5,1972,2版1次,60,,0.1,25,80,Ref002:136,单册：玖划,,,泰山劲松/出版社：人民美术/改编：集体/绘画：集体/72年5月2版1次60开/印数：未详定价：0.10元/市场交流价：/9品：25元/10品：80元,PaddlePaddle
映山红,映山红,,改编：集体 绘画：邓子敬等,,,改编：集体,集体,改编,绘画：邓子敬,邓子敬,绘画,绘画：等,等,绘画,,,,,,,,,,广东人民,广东人民,,广州,6,1975,1版1次,60,,0.12,25,50,Ref002:136,单册：玖划,,,映山红/出版社：广东人民/改编：集体/绘画：邓子敬等/75年6月1版1次60开/印数：未详定价：0.12元/市场交流价：/9品：25元/10品：50元,PaddlePaddle
钟泮芳,钟泮芳,,改编：刘启端 绘画：刘启端,,,改编：刘启端,刘启端,改编,绘画：刘启端,刘启端,绘画,,,,,,,,,,,,,广东人民,广东人民,,广州,2,1976,1版1次,60,,0.07,30,60,Ref002:137,单册：玖划,,,钟泮芳/出版社：广东人民/改编：刘启端/绘画：刘启端/76年2月1版1次60开/印数：未详定价：0.07元/市场交流价：/9品：30元/10品：60元,PaddlePaddle
剑门山区大寨花,剑门山区大寨花,,改编：集体 绘画：集体,,,改编：集体,集体,改编,绘画：集体,集体,绘画,,,,,,,,,,,,,四川人民,四川人民,,成都,3,1972,1版1次,60,,0.12,60,200,Ref002:137,单册：玖划,,,剑门山区大寨花/出版社：四川人民/改编：集体/绘画：集体/72年3月1版1次60开/印数：未详定价：0.12元/市场交流价：/9品：60元/10品：200元,PaddlePaddle
威震爷台山,威震爷台山,,编者：陆岩石 绘画：西民,,,编者：陆岩石,陆岩石,编者,绘画：西民,西民,绘画,,,,,,,,,,,,,人民美术,人民美术,,,2,1974,1版1次,64,400万,0.1,8,20,Ref002:137,单册：玖划,,,威震爷台山/出版社：人民美术/编者：陆岩石/绘画：西民/74年2月1版1次64开/印数：400万定价：0.10元/市场交流价：/9品：8元/10品：20元,PaddlePaddle
种子金灿灿,种子金灿灿,,改编：李葆青 绘画：邓二龙翁文忠,,,改编：李葆青,李葆青,改编,绘画：邓二龙,邓二龙,绘画,绘画：翁文忠,翁文忠,绘画,,,,,,,,,,天津人民,天津人民,,天津,4,1975,1版1次,64,,0.09,8,20,Ref002:137,单册：玖划,,,种子金灿灿/出版社：天津人民/改编：李葆青/绘画：邓二龙翁文忠/75年4月1版1次64开/印数：未详定价：0.09元/市场交流价：/9品：8元/10品：20元,PaddlePaddle
剑,剑,,改编：杨佩瑾 绘画：黄席珍,,,改编：杨佩瑾,杨佩瑾,改编,绘画：黄席珍,黄席珍,绘画,,,,,,,,,,,,,江西人民,江西人民,,南昌,3,1976,1版1次,60,50万,0.2,8,15,Ref002:137,单册：玖划,,,剑/出版社：江西人民/改编：杨佩瑾/绘画：黄席珍/76年3月1版1次60开/印数：50万定价：0.20元/市场交流价：/9品：8元/10品：15元,PaddlePaddle
柳下跖怒斥“盗丘”,柳下跖怒斥“盗丘”,,改编：集体 绘画：集体,,,改编：集体,集体,改编,绘画：集体,集体,绘画,,,,,,,,,,,,,浙江人民,浙江人民,,杭州,8,1974,1版1次,60,12万,0.18,30,80,Ref002:137,单册：玖划,,,柳下跖怒斥“盗丘”/出版社：浙江人民/改编：集体/绘画：集体/74年8月1版1次60开/印数：12万定价：0.18元/市场交流价：/9品：30元/10品：80元,PaddlePaddle
保卫延安（上下）,保卫延安,（上下）,改编：范成璋 绘画：雷德祖雷似祖,,,改编：范成璋,范成璋,改编,绘画：雷德祖,雷德祖,绘画,绘画：雷似祖,雷似祖,绘画,,,,,,,,,,浙江人民美术,浙江人民美术,,杭州,7,1984,1版1次,64,18万,0.23,80,150,Ref002:137,单册：玖划,,,保卫延安（上下）/出版社：浙江人民美术/改编：范成璋/绘画：雷德祖雷似祖/84年7月1版1次64开/印数：18万定价：0.23元/市场交流价：/9品：80元/10品：150元,PaddlePaddle
保卫延安（上下）,保卫延安,（上下）,改编：冯复加 绘画：候德钊赵建明,,,改编：冯复加,冯复加,改编,绘画：候德钊,候德钊,绘画,绘画：赵建明,赵建明,绘画,,,,,,,,,,人民美术,人民美术,,,11,1982,1版1次,64,50万,0.22,25,40,Ref002:137,单册：玖划,,,2/保卫延安（上下）/出版社：人民美术/改编：冯复加/绘画：候德钊赵建明/82年11月1版1次64开/印数：50万定价：0.22元/市场交流价：/9品：25元/10品：40元,PaddlePaddle
赵一曼,赵一曼,,改编：廖洁 绘画：雷贞恕,,,改编：廖洁,廖洁,改编,绘画：雷贞恕,雷贞恕,绘画,,,,,,,,,,,,,四川少年儿童,四川少年儿童,,成都,7,1982,1版1次,64,28.06万,0.12,10,15,Ref002:138,单册：玖划,,,赵一曼/出版社：四川少年儿童/改编：廖洁/绘画：雷贞恕/82年7月1版1次64开/印数：28.06万 定价：0.12元/市场交流价：/9品：10元/10品：15元,PaddlePaddle
赵一曼,赵一曼,,改编：北辰 绘画：姚洪斌,,,改编：北辰,北辰,改编,绘画：姚洪斌,姚洪斌,绘画,,,,,,,,,,,,,吉林美术,吉林美术,,长春,3,1985,1版1次,64,5.58万,0.3,20,35,Ref002:138,单册：玖划,,,赵一曼/出版社：吉林美术/改编：北辰/绘画：姚洪斌/85年3月1版1次64开/印数：5.58万定价：0.30元/市场交流价：/9品：20元/10品：35元,PaddlePaddle
赵春娥,赵春娥,,改编：张若愚 绘画：段文斌,,,改编：张若愚,张若愚,改编,绘画：段文斌,段文斌,绘画,,,,,,,,,,,,,中州书画社,中州书画社,,郑州,11,1982,1版1次,64,6.7万,0.18,15.元[sic.],30,Ref002:138,单册：玖划,,Price_sic.,赵春娥/出版社：中州书画社/改编：张若愚/绘画：段文斌/82年11月1版1次64开/印数：6.7万定价：0.18元/市场交流价：/9品：15.元/10品：30元,PaddlePaddle
赵春娥,赵春娥,,改编：李景宏等 绘画：胡若军管齐骏,,,改编：李景宏,李景宏,改编,改编：等,等,改编,绘画：胡若军,胡若军,绘画,绘画：管齐骏,管齐骏,绘画,,,,,,,上海人民美术,上海人民美术,,上海,12,1982,1版1次,64,6.5万,0.16,20,30,Ref002:138,单册：玖划,,,赵春娥/出版社：上海人民美术/改编：李景宏等/绘画：胡若军 管齐骏/82年12月1版1次64开/印数：6.5万定价：0.16元/市场交流价：/9品：20元/10品：30元,PaddlePaddle
骆驼祥子,骆驼祥子,,改编：吴文焕 绘画：毛震耀,,,改编：吴文焕,吴文焕,改编,绘画：毛震耀,毛震耀,绘画,,,,,,,,,,,,,上海人民美术,上海人民美术,,上海,4,1984,1版1次,64,9.2万,0.32,40,80,Ref002:138,单册：玖划,,,骆驼祥子/出版社：上海人民美术/改编：吴文焕/绘画：毛震耀/84年4月1版1次64开/印数：9.2万定价：0.32元/市场交流价：/9品：40元/10品：80元,PaddlePaddle
骆驼祥子,骆驼祥子,,改编：小戈 绘画：关景宇赵宝林,,,改编：小戈,小戈,改编,绘画：关景宇,关景宇,绘画,绘画：赵宝林,赵宝林,绘画,,,,,,,,,,天津人民美术,天津人民美术,,天津,9,1982,1版1次,64,25.1万,0.21,25,40,Ref002:138,单册：玖划,,,骆驼祥子/出版社：天津人民美术/改编：小戈/绘画：关景宇赵宝林/82年9月1版1次64开/印数：25.1万定价：0.21元/市场交流价：/9品：25元/10品：40元,PaddlePaddle
骆驼祥子,骆驼祥子,,改编：陈述 绘画：孙大钧,,,改编：陈述,陈述,改编,绘画：孙大钧,孙大钧,绘画,,,,,,,,,,,,,辽宁美术,辽宁美术,,沈阳,4,1982,1版1次,64,40.1万,0.23,15,20,Ref002:138,单册：玖划,,,骆驼祥子/出版社：辽宁美术/改编：陈述/绘画：孙大钧/82年4月1版1次64开/印数：40.1万定价：0.23元/市场交流价：/9品：15元/10品：20元,PaddlePaddle
城头就义,城头就义,,改编：羽新 绘画：陈北,,,改编：羽新,羽新,改编,绘画：陈北,陈北,绘画,,,,,,,,,,,,,内蒙古人民,内蒙古人民,,呼和浩特市,10,1984,1版1次,64,19.1万,0.14,5,10,Ref002:138,单册：玖划,,,城头就义/出版社：内蒙古人民/改编：羽新/绘画：陈北/84年10月1版1次64开/印数：19.1万定价：0.14元/市场交流价：/9品：5元/10品：10元,PaddlePaddle
秋瑾,秋瑾,,改编：吴戈 绘画：吴山明刘国辉,,,改编：吴戈,吴戈,改编,绘画：吴山明,吴山明,绘画,绘画：刘国辉,刘国辉,绘画,,,,,,,,,,人民美术,人民美术,,,4,1980,1版1次,60,63万,0.25,40,80,Ref002:139,单册：玖划,,,秋瑾/出版社：人民美术/改编：吴戈/绘画：吴山明刘国辉/80年4月1版1次60开/印数：63万定价：0.25元/市场交流价：/9品：40元/10品：80元,PaddlePaddle
秋瑾,秋瑾,,改编：培绪等 绘画：郭荣,,,改编：培绪,培绪,改编,改编：等,等,改编,绘画：郭荣,郭荣,绘画,,,,,,,,,,江苏人民,江苏人民,,南京,2,1979,1版1次,64,40万,0.12,15,25,Ref002:139,单册：玖划,,,秋瑾/出版社：江苏人民/改编：培绪等/绘画：郭荣/79年2月1版1次64开/印数：40万定价：0.12元/市场交流价：/9品：15元/10品：25元,PaddlePaddle
秋瑾,秋瑾,,改编：集体 绘画：高适,,,改编：集体,集体,改编,绘画：高适,高适,绘画,,,,,,,,,,,,,辽宁美术,辽宁美术,,沈阳,,1980,1版1次,64,10万,,50,100,Ref002:139,单册：玖划,,,秋瑾/出版社：辽宁美术/改编：集体/绘画：高适/80年1版1次64开/印数：10万/市场交流价：/9品：50元/10品：100元,PaddlePaddle
祝福,祝福,,改编：集体 绘画：永祥,,,改编：集体,集体,改编,绘画：永祥,永祥,绘画,,,,,,,,,,,,,人民美术,人民美术,,,3,1974,1版1次,60,200万,0.1,10,20,Ref002:139,单册：玖划,,,祝福/出版社：人民美术/改编：集体/绘画：永祥/74年3月1版1次60开/印数：200万定价：0.10元/市场交流价：/9品：10元/10品：20元,PaddlePaddle
洪湖赤卫队,洪湖赤卫队,,改编：高援 绘画：张景祥,,,改编：高援,高援,改编,绘画：张景祥,张景祥,绘画,,,,,,,,,,,,,辽宁人民,辽宁人民,,沈阳,12,1977,1版1次,64,20万,0.2,80,150,Ref002:139,单册：玖划,,,洪湖赤卫队/出版社：辽宁人民/改编：高援/绘画：张景祥/77年12月1版1次64开/印数：20万定价：0.20元/市场交流价：/9品：80元/10品：150元,PaddlePaddle
洪湖赤卫队,洪湖赤卫队,,改编：何溶 绘画：曹小强等,,,改编：何溶,何溶,改编,绘画：曹小强,曹小强,绘画,绘画：等,等,绘画,,,,,,,,,,人民美术,人民美术,,,2,1978,1版1次,64,50万,0.14,15,20,Ref002:139,单册：玖划,,,洪湖赤卫队/出版社：人民美术/改编：何溶/绘画：曹小强等/78年2月1版1次64开/印数：50万定价：0.14元/市场交流价：/9品：15元/10品：20元,PaddlePaddle
洪湖风云,洪湖风云,,改编：石景林 绘画：柏芳景,,,改编：石景林,石景林,改编,绘画：柏芳景,柏芳景,绘画,,,,,,,,,,,,,辽宁美术,辽宁美术,,沈阳,6,1980,1版1次,64,12万,0.16,5,15,Ref002:139,单册：玖划,,,洪湖风云/出版社：辽宁美术/改编：石景林/绘画：柏芳景/80年6月1版1次64开/印数：12万定价：0.16元/市场交流价：/9品：5元/10品：15元,PaddlePaddle
洪湖风云,洪湖风云,,改编：石景林 绘画：柏芳景,,,改编：石景林,石景林,改编,绘画：柏芳景,柏芳景,绘画,,,,,,,,,,,,,辽宁美术,辽宁美术,,沈阳,12,1982,1版2次,64,25.75万,0.16,5,10,Ref002:139,单册：玖划,,,洪湖风云/出版社：辽宁美术/改编：石景林/绘画：柏芳景/82年12月1版2次64开/印数：25.75万 定价：0.16元/市场交流价：/9品：5元/10品：10元,PaddlePaddle
贺龙在湘鄂西,贺龙在湘鄂西,,改编：李晴 绘画：曾晓浒等,,,改编：李晴,李晴,改编,绘画：曾晓浒,曾晓浒,绘画,绘画：等,等,绘画,,,,,,,,,,上海人民美术,上海人民美术,,上海,4,1982,1版2次,64,100万,0.16,20,35,Ref002:140,单册：玖划,1版,,贺龙在湘鄂西/出版社：上海人民美术/改编：李晴/绘画：曾晓浒等/82年4月1版2次64开/印数：100万定价：0.16元/市场交流价：/9品：20元/10品：35元,PaddlePaddle
怒火,怒火,,改编：段剑秋等 绘画：黄万才,,,改编：段剑秋,段剑秋,改编,改编：等,等,改编,绘画：黄万才,黄万才,绘画,,,,,,,,,,黑龙江人民,黑龙江人民,,哈尔滨,5,1977,1版1次,64,25万,0.1,10,20,Ref002:140,单册：玖划,,,怒火/出版社：黑龙江人民/改编：段剑秋等/绘画：黄万才/77年5月1版1次64开/印数：25万定价：0.10元/市场交流价：/9品：10元/10品：20元,PaddlePaddle
怒火,怒火,,改编：笃才 绘画：吕景富,,,改编：笃才,笃才,改编,绘画：吕景富,吕景富,绘画,,,,,,,,,,,,,天津人民美术,天津人民美术,,天津,9,1977,1版2次,64,,0.11,8,15,Ref002:140,单册：玖划,1版,,怒火/出版社：天津人民美术/改编：笃才/绘画：吕景富/77年9月1版2次64开/印数：未详定价：0.11元/市场交流价：/9品：8元/10品：15元,PaddlePaddle
皇姑屯事件前后,皇姑屯事件前后,,改编：赵吉南 绘画：卢恺等,,,改编：赵吉南,赵吉南,改编,绘画：卢恺,卢恺,绘画,绘画：等,等,绘画,,,,,,,,,,广西人民,广西人民,,南宁,3,1988,1版1次,64,2.07万,0.65,8,15,Ref002:140,单册：玖划,,,皇姑屯事件前后/出版社：广西人民/改编：赵吉南/绘画：卢恺等/88年3月1版1次64开/印数：2.07万定价：0.65元/市场交流价：/9品：8元/10品：15元,PaddlePaddle
革命母亲夏娘娘,革命母亲夏娘娘,,改编：黄钢 绘画：马海方,,,改编：黄钢,黄钢,改编,绘画：马海方,马海方,绘画,,,,,,,,,,,,,人民美术,人民美术,,,2,1985,1版1次,60,14.2万,0.28,15,25,Ref002:140,单册：玖划,,,0/革命母亲夏娘娘/出版社：人民美术/改编：黄钢/绘画：马海方/85年2月1版1次60开/印数：14.2万定价：0.28元/市场交流价：/9品：15元/10品：25元,PaddlePaddle
故人,故人,,改编：陈多等 绘画：雷德祖,,,改编：陈多,陈多,改编,改编：等,等,改编,绘画：雷德祖,雷德祖,绘画,,,,,,,,,,广西人民,广西人民,,南宁,8,1983,1版1次,64,4.6万,0.15,20,30,Ref002:140,单册：玖划,,Sic._Author_Core_1,故人/出版社：广西人民/改编：陈多等/绘画：雷德祖/83年8月1版1次64开/印数：4.6万定价：0.15元/市场交流价：/9品：20元/10品：30元,PaddlePaddle
神医传奇,神医传奇,,改编：江珑 绘画：王美芳等,,,改编：江珑,江珑,改编,绘画：王美芳,王美芳,绘画,绘画：等,等,绘画,,,,,,,,,,安徽美术,安徽美术,,合肥,8,1985,1版1次,64,5万,0.43,8,20,Ref002:140,单册：玖划,,,神医传奇/出版社：安徽美术/改编：江珑/绘画：王美芳等/85年8月1版1次64开/印数：5万定价：0.43元/市场交流价：/9品：8元/10品：20元,PaddlePaddle
草上飞,草上飞,,改编：思佳 绘画：罗盘,,,改编：思佳,思佳,改编,绘画：罗盘,罗盘,绘画,,,,,,,,,,,,,上海人民美术,上海人民美术,,上海,12,1983,2版17次,60,101.5万,0.12,70,150,Ref002:140,单册：玖划,,,草上飞/出版社：上海人民美术/改编：思佳/绘画：罗盘/83年12月2版17次60开/印数：101.5万定价：0.12元/市场交流价：/9品：70元/10品：150元,PaddlePaddle
战俘,战俘,,改编：高殿春 绘画：陈水远,,,改编：高殿春,高殿春,改编,绘画：陈水远,陈水远,绘画,,,,,,,,,,,,,天津人民美术,天津人民美术,,天津,3,1983,1版1次,64,22万,0.14,5,10,Ref002:141,单册：玖划,,,战俘/出版社：天津人民美术/改编：高殿春/绘画：陈水远/83年3月1版1次64开/印数：22万定价：0.14元/市场交流价：/9品：5元/10品：10元,PaddlePaddle
战火中的少年,战火中的少年,,改编：郑子铭 绘画：李舒云俞梦彦,,,改编：郑子铭,郑子铭,改编,绘画：李舒云,李舒云,绘画,绘画：俞梦彦,俞梦彦,绘画,,,,,,,,,,福建人民,福建人民,,福州,6,1980,1版1次,64,23.43万,0.1,8,15,Ref002:141,单册：玖划,,,战火中的少年/出版社：福建人民/改编：郑子铭/绘画：李舒云俞梦彦/80年6月1版1次64开/印数：23.43万定价0.10元/市场交流价：/9品：8元/10品：15元,PaddlePaddle
战上海,战上海,,改编：林凯新 绘画：罗盘,,,改编：林凯新,林凯新,改编,绘画：罗盘,罗盘,绘画,,,,,,,,,,,,,上海人民美术,上海人民美术,,上海,10,1978,2版8次,64,131万,0.19,120,250,Ref002:141,单册：玖划,,,战上海/出版社：上海人民美术/改编：林凯新/绘画：罗盘/78年10月2版8次64开/印数：131万定价0.19元/市场交流价：/9品：120元/10品：250元,PaddlePaddle
战斗在东方（上下）,战斗在东方,（上下）,改编：汪茂永何维球 绘画：吴凯丁新媛,,,改编：汪茂永,汪茂永,改编,改编：何维球,何维球,改编,绘画：吴凯,吴凯,绘画,绘画：丁新媛,丁新媛,绘画,,,,,,,安徽人民,安徽人民,,合肥,7,1983,1版1次,64,,0.42,18,25,Ref002:141,单册：玖划,,,战斗在东方(上下)/出版社：安徽人民/改编：汪茂永何维球/绘画：吴凯丁新媛/83年7月1版1次64开/印数：未详定价0.42元/市场交流价：/9品：18元/10品：25元,PaddlePaddle
战斗在敌人心脏里,战斗在敌人心脏里,,改编：范若由 绘画：金奎,,,改编：范若由,范若由,改编,绘画：金奎,金奎,绘画,,,,,,,,,,,,,上海人民美术,上海人民美术,,上海,12,1980,1版1次,64,111万,0.18,10,25,Ref002:141,单册：玖划,,,战斗在敌人心脏里/出版社：上海人民美术/改编：范若由/绘画：金奎/80年12月1版1次64开/印数：111万定价：0.18元/市场交流价：/9品：10元/10品：25元,PaddlePaddle
耍狮人传奇,耍狮人传奇,,改编：栾惠民 绘画：蔺宝钢,,,改编：栾惠民,栾惠民,改编,绘画：蔺宝钢,蔺宝钢,绘画,,,,,,,,,,,,,青海人民,青海人民,,西宁,5,1986,1版1次,64,7460[sic.],0.3,10,20,Ref002:141,单册：玖划,,Print_run_sic. ,耍狮人传奇/出版社：青海人民/改编：栾惠民/绘画：蔺宝钢/86年5月1版1次64开/印数：7460定价：0.30元/市场交流价：/9品：10元/10品：20元,PaddlePaddle
战火催春（上下）,战火催春,（上下）,改编：孙家玉 绘画：张宝蔚,,,改编：孙家玉,孙家玉,改编,绘画：张宝蔚,张宝蔚,绘画,,,,,,,,,,,,,江苏人民,江苏人民,,南京,11,1978,1版1次,64,,0.18,20（全套）,50,Ref002:141,单册：玖划,,,战火催春(上下)/出版社：江苏人民/改编：孙家玉/绘画：张宝蔚/78年11月1版1次64开/印数：未详定价：0.18元/市场交流价：/9品：20元（全套）/10品：50元,PaddlePaddle
战火中的青春,战火中的青春,,改编：庄宏安 绘画：罗兴,,,改编：庄宏安,庄宏安,改编,绘画：罗兴,罗兴,绘画,,,,,,,,,,,,,上海人民美术,上海人民美术,,上海,1,1984,2版5次,60,79万,0.2,60,120,Ref002:141,单册：玖划,,,C 战火中的青春/出版社：上海人民美术/改编：庄宏安/绘画：罗兴/84年1月2版5次60开/印数：79万定价：0.20元/市场交流价：/9品：60元/10品：120元,PaddlePaddle
春蚕,春蚕,,改编：吴秾 绘画：韩和平,,,改编：吴秾,吴秾,改编,绘画：韩和平,韩和平,绘画,,,,,,,,,,,,,上海人民美术,上海人民美术,,上海,8,1984,1版1次,64,10.1万,0.17,40,90,Ref002:142,单册：玖划,,,春蚕/出版社：上海人民美术/改编：吴侬/绘画：韩和平/84年8月1版1次64开/印数：10.1万定价：0.17元/市场交流价：/9品：40元/10品：90元,PaddlePaddle
钢铁边防线,钢铁边防线,,改编：刘维仁 绘画：何振浮张永新等,,,改编：刘维仁,刘维仁,改编,绘画：何振浮,何振浮,绘画,绘画：张永新,张永新,绘画,绘画：等,等,绘画,,,,,,,辽宁人民,辽宁人民,,沈阳,8,1977,1版1次,64,30万,0.09,5,15,Ref002:142,单册：玖划,,,钢铁边防线/出版社：辽宁人民/改编：刘维仁/绘画：何振浮张永新等/77年8月1版1次64开/印数：30万定价：0.09元/市场交流价：/9品：5元/10品：15元,PaddlePaddle
窃国大盗,窃国大盗,,改编：贾秉恒 绘画：王征,,,改编：贾秉恒,贾秉恒,改编,绘画：王征,王征,绘画,,,,,,,,,,,,,河北美术,河北美术,,石家庄,7,1984,1版1次,64,21.3万,0.24,15,25,Ref002:142,单册：玖划,,,窃国大盗/出版社：河北美术/改编：贾秉恒/绘画：王征/84年7月1版1次64开/印数：21.3万定价：0.24元/市场交流价：/9品：15元/10品：25元,PaddlePaddle
通向延安的路,通向延安的路,,改编：陈梅鼎 绘画：王纯言,,,改编：陈梅鼎,陈梅鼎,改编,绘画：王纯言,王纯言,绘画,,,,,,,,,,,,,上海人民美术,上海人民美术,,上海,7,1980,1版1次,64,25万,0.11,15,25,Ref002:142,单册：玖划,,,通向延安的路/出版社：上海人民美术/改编：陈梅鼎/绘画：王纯言/80年7月1版1次64开/印数：25万定价：0.11元/市场交流价：/9品：15元/10品：25元,PaddlePaddle
豹子湾战斗,豹子湾战斗,,改编：刘维仁 绘画：李宁远,,,改编：刘维仁,刘维仁,改编,绘画：李宁远,李宁远,绘画,,,,,,,,,,,,,辽宁美术,辽宁美术,,沈阳,3,1980,1版1次,64,9万,0.21,30,60,Ref002:142,单册：玖划,,,豹子湾战斗/出版社：辽宁美术/改编：刘维仁/绘画：李宁远/80年3月1版1次64开/印数：9万定价：0.21元/市场交流价：/9品：30元/10品：60元,PaddlePaddle
恽代英,恽代英,,改编：翼然童仆 绘画：章亦,,,改编：翼然,翼然,改编,改编：童仆,童仆,改编,绘画：章亦,章亦,绘画,,,,,,,,,,四川少年,四川少年,,成都,6,1985,1版1次,64,2.14万,0.3,20,30,Ref002:142,单册：玖划,,Sic._Author_Core_2,恽代英/出版社：四川少年/改编：翼然童仆/绘画：章亦/85年6月1版1次64开/印数：2.14万定价：0.30元/市场交流价：/9品：20元/10品：30元,PaddlePaddle
耍猴阿虎,耍猴阿虎,,改编：林明远李松安 绘画：孙恩道,,,改编：林明远,林明远,改编,改编：李松安,李松安,改编,绘画：孙恩道,孙恩道,绘画,,,,,,,,,,湖北美术,湖北美术,,武汉,11,1984,1版1次,64,27.05万,0.32,15,25,Ref002:142,单册：玖划,,,耍猴阿虎/出版社：湖北美术/改编：林明远李松安/绘画：孙恩道/84年11月1版1次64开/印数：27.05万定价：0.32元/市场交流价：/9品：15元/10品：25元,PaddlePaddle
哑巴伙计,哑巴伙计,,改编：杰锋 绘画：张品操,,,改编：杰锋,杰锋,改编,绘画：张品操,张品操,绘画,,,,,,,,,,,,,上海人民美术,上海人民美术,,上海,5,1979,1版1次,64,50万,0.15,15,30,Ref002:142,单册：玖划,,,哑巴伙计/出版社：上海人民美术/改编：杰锋/绘画：张品操/79年5月1版1次64开/印数.：50万定价：0.15元/市场交流价：/9品：15元/10品：30元,PaddlePaddle
枯木逢春,枯木逢春,,改编：田衣 绘画：盛亮贤,,,改编：田衣,田衣,改编,绘画：盛亮贤,盛亮贤,绘画,,,,,,,,,,,,,上海人民美术,上海人民美术,,上海,4,1978,2版7次,64,,0.17,60,150,Ref002:143,单册：玖划,,,枯木逢春/出版社：上海人民美术/改编：田衣/绘画：盛亮贤/78年4月2版7次64开/印数：未详定价：0.17元/市场交流价：/9品：60元/10品：150元,PaddlePaddle
柯棣华大夫,柯棣华大夫,,改编：赵吉南 绘画：余家乐,,,改编：赵吉南,赵吉南,改编,绘画：余家乐,余家乐,绘画,,,,,,,,,,,,,上海人民美术,上海人民美术,,上海,12,1982,1版1次,64,6.3万,0.16,15,30,Ref002:143,单册：玖划,,,柯棣华大夫/出版社：上海人民美术/改编：赵吉南/绘画：余家乐/82年12月1版1次64开/印数：6.3万定价：0.16元/市场交流价：/9品：15元/10品：30元,PaddlePaddle
诱敌计,诱敌计,,改编：王瑞华 绘画：查加伍,,,改编：王瑞华,王瑞华,改编,绘画：查加伍,查加伍,绘画,,,,,,,,,,,,,河北美术,河北美术,,石家庄,5,1985,1版1次,64,22.4万,0.17,15,25,Ref002:143,单册：玖划,,,诱敌计/出版社：河北美术/改编：王瑞华/绘画：查加伍/85年5月1版1次64开/印数：22.4万定价：0.17元/市场交流价：/9品：15元/10品：25元,PaddlePaddle
春来牵牛,春来牵牛,,改编：汪宜蕾 绘画：叶坚铭徐传鑫,,,改编：汪宜蕾,汪宜蕾,改编,绘画：叶坚铭,叶坚铭,绘画,绘画：徐传鑫,徐传鑫,绘画,,,,,,,,,,江苏人民,江苏人民,,南京,4,1979,1版1次,64,30万,0.1,10,20,Ref002:143,单册：玖划,,,春来牵牛/出版社：江苏人民/改编：汪宜蕾/绘画：叶坚铭 徐传鑫/79年4月1版1次64开/印数：30万定价：0.10元/市场交流价：/9品：10元/10品：20元,PaddlePaddle
荒岛擒魔记,荒岛擒魔记,,改编：晨光 绘画：雷德祖,,,改编：晨光,晨光,改编,绘画：雷德祖,雷德祖,绘画,,,,,,,,,,,,,少年儿童,少年儿童,,上海,2,1982,1版1次,64,125万,0.13,10,25,Ref002:143,单册：玖划,,,荒岛擒魔记/出版社：少年儿童/改编：晨光/绘画：雷德祖/82年2月1版1次64开/印数：125万定价：0.13元/市场交流价：/9品：10元/10品：25元,PaddlePaddle
荒野的呼唤,荒野的呼唤,,改编：浅草易寒 绘画：黄云松张昌洵,,,改编：浅草,浅草,改编,改编：易寒,易寒,改编,绘画：黄云松,黄云松,绘画,绘画：张昌洵,张昌洵,绘画,,,,,,,浙江少年儿童,浙江少年儿童,,杭州,1,1985,1版1次,64,9.53万,0.14,15,25,Ref002:143,单册：玖划,,,荒野的呼唤/出版社：浙江少年儿童/改编：浅草易寒/绘画：黄云松张昌洵/85年1月1版1次64开/印数：9.53万定价：0.14元/市场交流价：/9品：15元/10品：25元,PaddlePaddle
贵妇还乡,贵妇还乡,,改编：任宝贤 绘画：高燕,,,改编：任宝贤,任宝贤,改编,绘画：高燕,高燕,绘画,,,,,,,,,,,,,辽宁美术,辽宁美术,,沈阳,9,1985,1版1次,64,32.63万,0.28,10,20,Ref002:143,单册：玖划,,,贵妇还乡/出版社：辽宁美术/改编：任宝贤/绘画：高燕/85年9月1版1次64开/印数：32.63万定价：0.28元/市场交流价：/9品：10元/10品：20元,PaddlePaddle
贵妇还乡,贵妇还乡,,改编：方文 绘画：叶家斌,,,改编：方文,方文,改编,绘画：叶家斌,叶家斌,绘画,,,,,,,,,,,,,江苏美术,江苏美术,,南京,1,1984,1版1次,64,15.81万,0.11,10,15,Ref002:143,单册：玖划,,,贵妇还乡/出版社：江苏美术/改编：方文/绘画：叶家斌/84年1月1版1次64开/印数：15.81万定价：0.11元/市场交流价：/9品：10元/10品：15元,PaddlePaddle
茶花女（上下）,茶花女,（上下）,改编：李白英等 绘画：陈俭,,,改编：李白英,李白英,改编,改编：等,等,改编,绘画：陈俭,陈俭,绘画,,,,,,,,,,上海人民美术,上海人民美术,,上海,6,1980,1版1次,64,30万,0.58,20（全套）,30,Ref002:144,单册：玖划,,,茶花女（上下）/出版社：上海人民美术/改编：李白英等/绘画：陈俭/80年6月1版1次64开/印数：30万定价：0.58元/市场交流价：/9品：20元（全套）/10品：30元,PaddlePaddle
玛格丽特,玛格丽特,,改编：志枚 绘画：蔡超等,,,改编：志枚,志枚,改编,绘画：蔡超,蔡超,绘画,绘画：等,等,绘画,,,,,,,,,,江西人民,江西人民,,南昌,8,1981,1版1次,64,25万,0.18,10,20,Ref002:144,单册：玖划,,,玛格丽特/出版社：江西人民/改编：志枚/绘画：蔡超等/81年8月1版1次64开/印数：25万定价：0.18元/市场交流价：/9品：10元/10品：20元,PaddlePaddle
茶花女,茶花女,,改编：白虹 绘画：高燕,,,改编：白虹,白虹,改编,绘画：高燕,高燕,绘画,,,,,,,,,,,,,浙江人民美术,浙江人民美术,,杭州,11,1983,1版1次,64,12万,0.17,15,25,Ref002:144,单册：玖划,,,茶花女/出版社：浙江人民美术/改编：白虹/绘画：高燕/83年11月1版1次64开/印数：12万定价：0.17元/市场交流价：/9品：15元/10品：25元,PaddlePaddle
茶花女,茶花女,,改编：徐礼娴 绘画：刘惠汉等,,,改编：徐礼娴,徐礼娴,改编,绘画：刘惠汉,刘惠汉,绘画,绘画：等,等,绘画,,,,,,,,,,岭南美术,岭南美术,,广州,4,1983,1版1次,64,31万,0.27,8,15,Ref002:144,单册：玖划,,,茶花女/出版社：岭南美术/改编：徐礼娴/绘画：刘惠汉等/83年4月1版1次64开/印数：31万定价：0.27元/市场交流价：/9品：8元/10品：15元,PaddlePaddle
冒名顶替（上下）,冒名顶替,（上下）,改编：柏立 绘画：胡克礼恽南平,,,改编：柏立,柏立,改编,绘画：胡克礼,胡克礼,绘画,绘画：恽南平,恽南平,绘画,,,,,,,,,,辽宁美术,辽宁美术,,沈阳,7,1985,1版1次,64,20.1万,0.37,20（全套）,30,Ref002:144,单册：玖划,,,冒名顶替 (上下)/出版社：辽宁美术/改编：柏立/绘画：胡克礼恽南平/85年7月1版1次64开/印数：20.1万定价：0.37元/市场交流价：/9品：20元（全套）/10品：30元,PaddlePaddle
哈姆莱特,哈姆莱特,,改编：张月华 绘画：李皓,,,改编：张月华,张月华,改编,绘画：李皓,李皓,绘画,,,,,,,,,,,,,辽宁美术,辽宁美术,,沈阳,3,1985,1版1次,64,10.2万,0.43,20,40,Ref002:144,单册：玖划,,,哈姆莱特/出版社：辽宁美术/改编：张月华/绘画：李皓/85年3月1版1次64开/印数：10.2万定价：0.43元/市场交流价：/9品：20元/10品：40元,PaddlePaddle
钦差大臣,钦差大臣,,改编：陆和荪 绘画：胡振宇,,,改编：陆和荪,陆和荪,改编,绘画：胡振宇,胡振宇,绘画,,,,,,,,,,,,,浙江人民美术,浙江人民美术,,杭州,9,1981,1版1次,64,75[sic.],0.15,8,15,Ref002:144,单册：玖划,,Print_run_sic. ,钦差大臣/出版社：浙江人民美术/改编：陆和荪/绘画：胡振宇/81年9月1版1次64开/印数：75 定价：0.15元/市场交流价：/9品：8元/10品：15元,PaddlePaddle
钦差大臣,钦差大臣,,改编：黄建中 绘者：王书朋,,,改编：黄建中,黄建中,改编,绘者：王书朋,王书朋,绘者,,,,,,,,,,,,,湖北人民,湖北人民,,武汉,11,1981,1版1次,64,24.67万,0.23,15,30,Ref002:144,单册：玖划,,,钦差大臣/出版社：湖北人民/改编：黄建中/绘者：王书朋/81年11月1版1次64开/印数：24.67万 定价：0.23元/市场交流价：/9品：15元/10品：30元,PaddlePaddle
哥伦布,哥伦布,,改编：李德恩 绘画：不详,,,改编：李德恩,李德恩,改编,绘画：不详,不详,绘画,,,,,,,,,,,,,海洋,海洋,,上海,3,1983,1版1次,64,,0.29,6,10,Ref002:145,单册：玖划,,,哥伦布/出版社：海洋/改编：李德恩/绘画：不详/83年3月1版1次64开/印数：未详定价：0.29元/市场交流价：/9品：6元/10品：10元,PaddlePaddle
贵族迷,贵族迷,,改编：丁立平 绘画：聂磊秀公,,,改编：丁立平,丁立平,改编,绘画：聂磊,聂磊,绘画,绘画：秀公,秀公,绘画,,,,,,,,,,江苏美术,江苏美术,,南京,5,1984,1版1次,64,18.73万,0.23,8,12,Ref002:145,单册：玖划,,Sic._Author_Core_2,贵族迷/出版社：江苏美术/改编：丁立平/绘画：聂磊秀公/84年5月1版1次64开/印数：18.73万定价：0.23元/市场交流价：/9品：8元/10品：12元,PaddlePaddle
钢铁是怎样炼成的,钢铁是怎样炼成的,,改编：王素 绘画：毅进,,,改编：王素,王素,改编,绘画：毅进,毅进,绘画,,,,,,,,,,,,,人民美术,人民美术,,,6,1972,1版1次,60,,0.22,30（全套二册）,60,Ref002:145,单册：玖划,,,钢铁是怎样炼成的/出版社：人民美术/改编：王素/绘画：毅进/72年6月1版1次60开/印数：未详定价：0.22元/市场交流价：/9品：30元（全套二册）/10品：60元,PaddlePaddle
神猎手,神猎手,,改编：浅草 绘画：黄云松,,,改编：浅草,浅草,改编,绘画：黄云松,黄云松,绘画,,,,,,,,,,,,,福建人民,福建人民,,福州,5,1981,1版1次,64,31.34万,0.13,10,15,Ref002:145,单册：玖划,,,神猎手/出版社：福建人民/改编：浅草/绘画：黄云松/81年5月1版1次64开/印数：31.34万定价：0.13元/市场交流价：/9品：10元/10品：15元,PaddlePaddle
柯楚别依,柯楚别依,,改编：庄宏安 绘画：罗兴,,,改编：庄宏安,庄宏安,改编,绘画：罗兴,罗兴,绘画,,,,,,,,,,,,,上海人民美术,上海人民美术,,上海,3,1984,2版1次,60,28.9万,0.36,80,150,Ref002:145,单册：玖划,,,柯楚别依/出版社：上海人民美术/改编：庄宏安/绘画：罗兴/84年3月2版1次60开/印数：28.9万定价：0.36元/市场交流价：/9品：80元/10品：150元,PaddlePaddle
看不见的战线,看不见的战线,,改编：红铁 绘画：杨秀昆杨松杰,,,改编：红铁,红铁,改编,绘画：杨秀昆,杨秀昆,绘画,绘画：杨松杰,杨松杰,绘画,,,,,,,,,,黑龙江人民,黑龙江人民,,哈尔滨,3,1973,1版1次,60,,0.18,60,150,Ref002:145,单册：玖划,,,看不见的战线/出版社：黑龙江人民/改编：红铁/绘画：杨秀昆 杨松杰/73年3月1版1次60开/印数：未详定价：0.18元/市场交流价：/9品：60元/10品：150元,PaddlePaddle
徐九经判案,徐九经判案,,改编：谢锡光 绘画：黄文庆,,,改编：谢锡光,谢锡光,改编,绘画：黄文庆,黄文庆,绘画,,,,,,,,,,,,,岭南美术,岭南美术,,广州,1,1983,1版1次,64,10.9万,0.21,6,12,Ref002:145,单册：拾划,,,22 酒醉之后，他就抱着歪脖子树感叹。/徐九经判案/出版社：岭南美术/改编：谢锡光/绘画：黄文庆/83年1月1版1次64开/印数：10.9万定价：0.21元/市场交流价：/9品：6元/10品：12元,PaddlePaddle
徐九经升官记,徐九经升官记,,改编：王素一 绘画：张新国,,,改编：王素一,王素一,改编,绘画：张新国,张新国,绘画,,,,,,,,,,,,,宁夏人民美术,宁夏人民美术,,,6,1982,1版1次,64,45.65万,0.15,10,15,Ref002:145,单册：拾划,,,徐九经升官记/出版社：宁夏人民美术/改编：王素一/绘画：张新国/82年6月1版1次64开/印数：45.65万定价：0.15元/市场交流价：/9品：10元/10品：15元,PaddlePaddle
秦王李世民,秦王李世民,,改编：春夫 绘画：方隆昌,,,改编：春夫,春夫,改编,绘画：方隆昌,方隆昌,绘画,,,,,,,,,,,,,湖南美术,湖南美术,,长沙,2,1984,1版1次,64,19.7万,0.25,8,15,Ref002:146,单册：拾划,,,秦王李世民/出版社：湖南美术/改编：春夫/绘画：方隆昌/84年2月1版1次64开/印数：19.7万定价：0.25元/市场交流价：/9品：8元/10品：15元,PaddlePaddle
唐太宗,唐太宗,,改编：白东轩等 绘画：项维仁,,,改编：白东轩,白东轩,改编,改编：等,等,改编,绘画：项维仁,项维仁,绘画,,,,,,,,,,上海人民美术,上海人民美术,,上海,6,1979,1版1次,60,50万,0.17,40,120,Ref002:146,单册：拾划,,,唐太宗/出版社：上海人民美术/改编：白东轩等/绘画：项维仁/79年6月1版1次60开/印数：50万定价：0.17元/市场交流价：/9品：40元/10品：120元,PaddlePaddle
唐公主和亲,唐公主和亲,,改编：邬和镒 绘画：方楚雄等,,,改编：邬和镒,邬和镒,改编,绘画：方楚雄,方楚雄,绘画,绘画：等,等,绘画,,,,,,,,,,湖南美术,湖南美术,,长沙,10,1981,1版1次,64,60万,0.13,8,15,Ref002:146,单册：拾划,,,唐公主和亲/出版社：湖南美术/改编：邬和镒/绘画：方楚雄等/81年10月1版1次64开/印数：60万定价：0.13元/市场交流价：/9品：8元/10品：15元,PaddlePaddle
唐赛儿,唐赛儿,,改编：秦翎 绘画：李立,,,改编：秦翎,秦翎,改编,绘画：李立,李立,绘画,,,,,,,,,,,,,长江文艺,长江文艺,,武汉,10,1983,1版1次,64,27.9万,0.13,8,15,Ref002:146,单册：拾划,,,唐赛儿/出版社：长江文艺/改编：秦翎/绘画：李立/83年10月1版1次64开/印数：27.9万定价：0.13元/市场交流价：/9品：8元/10品：15元,PaddlePaddle
海瑞,海瑞,,改编：沈为宁 绘画：刘芸生,,,改编：沈为宁,沈为宁,改编,绘画：刘芸生,刘芸生,绘画,,,,,,,,,,,,,江苏人民,江苏人民,,南京,3,1980,1版1次,64,30万,0.15,15,25,Ref002:146,单册：拾划,《海瑞》江苏版，“⼈物传说故事”系列之⼀，在“套书”部分另有介绍。,,海瑞/出版社：江苏人民/改编：沈为宁/绘画：刘芸生/80年3月1版1次64开/印数：30万定价：0.15元/市场交流价：/9品：15元/10品：25元,PaddlePaddle
海瑞罢官,海瑞罢官,,改编：李遵义 绘画：吴景田,,,改编：李遵义,李遵义,改编,绘画：吴景田,吴景田,绘画,,,,,,,,,,,,,吉林人民,吉林人民,,长春,8,1980,1版1次,64,31.026万,0.11,10,18,Ref002:146,单册：拾划,,,海瑞罢官/出版社：吉林人民/改编：李遵义/绘画：吴景田/80年8月1版1次64开/印数：31.026万定价：0.11元/市场交流价：/9品：10元/10品：18元,PaddlePaddle
海瑞巧办胡公子,海瑞巧办胡公子,,改编：许凤仪 绘画：郭荣,,,改编：许凤仪,许凤仪,改编,绘画：郭荣,郭荣,绘画,,,,,,,,,,,,,江苏人民,江苏人民,,南京,8,1982,1版1次,64,43.1万,0.11,5,12,Ref002:146,单册：拾划,,,海瑞巧办胡公子/出版社：江苏人民/改编：许凤仪/绘画：郭荣/82年8月1版1次64开/印数：43.1万定价：0.11元/市场交流价：/9品：5元/10品：12元,PaddlePaddle
海仙花,海仙花,,改编：陈涛 绘画：蚁美谐等,,,改编：陈涛,陈涛,改编,绘画：蚁美谐,蚁美谐,绘画,绘画：等,等,绘画,,,,,,,,,,科学普及广州分社,科学普及广州分社,,,3,1985,1版1次,64,,0.18,5,10,Ref002:146,单册：拾划,,,海仙花/出版社：科学普及广州分社/改编：陈涛/绘画：蚁美谐等/85年3月1版1次64开/印数：未详 定价：0.18/元/市场交流价：/9品：5元,PaddlePaddle
秦皇入海,秦皇入海,,改编：旭风 绘画：侯长春,,,改编：旭风,旭风,改编,绘画：侯长春,侯长春,绘画,,,,,,,,,,,,,海洋,海洋,,上海,1,1985,1版1次,64,,0.15,5,10,Ref002:147,单册：拾划,,,秦皇入海/出版社：海洋/改编：旭风/绘画：侯长春/85年1月1版1次64开/印数：未详定价：0.15元/市场交流价：/9品：5元/10品：10元,PaddlePaddle
秦王斩荆轲,秦王斩荆轲,,改编：何钟文 绘画：雷金池,,,改编：何钟文,何钟文,改编,绘画：雷金池,雷金池,绘画,,,,,,,,,,,,,河北人民,河北人民,,石家庄,2,1976,1版1次,64,43万,0.09,35,60,Ref002:147,单册：拾划,,,秦王斩荆轲/出版社：河北人民/改编：何钟文/绘画：雷金池/76年2月1版1次64开/印数：43万定价：0.09元/市场交流价：/9品：35元/10品：60元,PaddlePaddle
钱塘血案,钱塘血案,,改编：羡智 绘画：辛鹤江,,,改编：羡智,羡智,改编,绘画：辛鹤江,辛鹤江,绘画,,,,,,,,,,,,,河北美术,河北美术,,石家庄,12,1985,1版1次,64,8.3万,0.32,10,20,Ref002:147,单册：拾划,,,钱塘血案/出版社：河北美术/改编：羡智/绘画：辛鹤江/85年12月1版1次64开/印数：8.3万定价：0.32元/市场交流价：/9品：10元/10品：20元,PaddlePaddle
晁错削藩,晁错削藩,,改编：李光羽 绘画：徐正平凌涛,,,改编：李光羽,李光羽,改编,绘画：徐正平,徐正平,绘画,绘画：凌涛,凌涛,绘画,,,,,,,,,,上海人民,上海人民,,上海,4,1976,1版1次,64,,0.1,10,25,Ref002:147,单册：拾划,,,晁错削藩/出版社：上海人民/改编：李光羽/绘画：徐正平凌涛/76年4月1版1次64开/印数：未详定价：0.10元/市场交流价：/9品：10元/10品：25元,PaddlePaddle
鸳鸯剑,鸳鸯剑,,改编：洪毅 绘画：颜梅华,,,改编：洪毅,洪毅,改编,绘画：颜梅华,颜梅华,绘画,,,,,,,,,,,,,天津人民美术,天津人民美术,,天津,7,1985,1版1次,64,18.16万,0.33,30,80,Ref002:147,单册：拾划,,,鸳鸯剑/出版社：天津人民美术/改编：洪毅/绘画：颜梅华/85年7月1版1次64开/印数：18.16万定价：0.33元/市场交流价：/9品：30元/10品：80元,PaddlePaddle
恩与仇,恩与仇,,改编：刘抒 绘画：卢延光,,,改编：刘抒,刘抒,改编,绘画：卢延光,卢延光,绘画,,,,,,,,,,,,,上海人民美术,上海人民美术,,上海,3,1983,1版1次,64,37万,0.14,10,20,Ref002:147,单册：拾划,,,恩与仇/出版社：上海人民美术/改编：刘抒/绘画：卢延光/83年3月1版1次64开/印数：37万定价：0.14元/市场交流价：/9品：10元/10品：20元,PaddlePaddle
剑,剑,,改编：李莉梁益谦 绘画：李新华,,,改编：李莉,李莉,改编,改编：梁益谦,梁益谦,改编,绘画：李新华,李新华,绘画,,,,,,,,,,河南美术,河南美术,,郑州,10,1985,1版1次,64,2.3万,0.22,40,80,Ref002:147,单册：拾划,,,剑/出版社：河南美术/改编：李莉梁益谦/绘画：李新华/85年10月1版1次64开/印数：2.3万定价：0.22元/市场交流价：/9品：40元/10品：80元,PaddlePaddle
珠还合浦,珠还合浦,,改编：陈培栋 绘画：邓二龙,,,改编：陈培栋,陈培栋,改编,绘画：邓二龙,邓二龙,绘画,,,,,,,,,,,,,广西人民,广西人民,,南宁,8,1980,1版1次,64,8万,0.13,10,20,Ref002:147,单册：拾划,,,珠还合浦/出版社：广西人民/改编：陈培栋/绘画：邓二龙/80年8月1版1次64开/印数：8万定价：0.13元/市场交流价：/9品：10元/10品：20元,PaddlePaddle
胭脂,胭脂,,改编：黄钟 绘画：苏正刚,,,改编：黄钟,黄钟,改编,绘画：苏正刚,苏正刚,绘画,,,,,,,,,,,,,人民美术,人民美术,,,7,1982,1版1次,60,15万,0.19,20,40,Ref002:148,单册：拾划,,Title_missing_sic.,出版社：人民美术/改编：黄钟/绘画：苏正刚 2/82年7月1版1次60开/印数：15万定价：0.19元/市场交流价：/9品：20元/10品：40元,PaddlePaddle
真假瓷观音,真假瓷观音,,改编：叶庆瑞 绘画：卢延光,,,改编：叶庆瑞,叶庆瑞,改编,绘画：卢延光,卢延光,绘画,,,,,,,,,,,,,江苏人民,江苏人民,,南京,12,1982,1版1次,64,17.28万,0.13,5,10,Ref002:148,单册：拾划,,,真假瓷观音/出版社：江苏人民/改编：叶庆瑞/绘画：卢延光/82年12月1版1次64开/印数：17.28万定价：0.13元/市场交流价：/9品：5.00元/10品：10.00元,PaddlePaddle
梁山伯与祝英台,梁山伯与祝英台,,改编：司徒佩 绘画：王叔晖,,,改编：司徒佩,司徒佩,改编,绘画：王叔晖,王叔晖,绘画,,,,,,,,,,,,,人民美术,人民美术,,,2,1981,2版2次,60,152万,0.15,60,150,Ref002:148,单册：拾划,,,梁山伯与祝英台/出版社：人民美术/改编：司徒佩/绘画：王叔晖/81年2月2版2次60开/印数：152万 定价：0.15元/市场交流价：/9品：60元/10品：150元,PaddlePaddle
高文举,高文举,,改编：知希 绘画：陈丹旭,,,改编：知希,知希,改编,绘画：陈丹旭,陈丹旭,绘画,,,,,,,,,,,,,福建人民,福建人民,,福州,2,1981,1版1次,64,32.04万,0.1,25,40,Ref002:148,单册：拾划,,,高文举/出版社：福建人民/改编：知希/绘画：陈丹旭/81年2月1版1次64开/印数：32.04万定价：0.10元/市场交流价：/9品：25元/10品：40元,PaddlePaddle
铁道卫兵,铁道卫兵,,改编：集体 绘画：集体,,,改编：集体,集体,改编,绘画：集体,集体,绘画,,,,,,,,,,,,,四川人民,四川人民,,成都,11,1973,1版1次,60,,0.12,30,50,Ref002:148,单册：拾划,,,铁道卫兵/出版社：四川人民/改编：集体/绘画：集体/73年11月1版1次60开/印数：未详定价：0.12元/市场交流价：/9品：30元/10品：50元,PaddlePaddle
难忘的战斗（上下）,难忘的战斗,（上下）,改编：竺少华 绘画：罗希贤,,,改编：竺少华,竺少华,改编,绘画：罗希贤,罗希贤,绘画,,,,,,,,,,,,,上海人民,上海人民,,上海,10,1977,1版1次,64,,0.27,30（全套）,60,Ref002:148,单册：拾划,,,难忘的战斗(上下)/出版社：上海人民/改编：竺少华/绘画：罗希贤/77年10月1版1次64开/印数：未详定价：0.27元/市场交流价：/9品：30元（全套）/10品：60元,PaddlePaddle
难忘的战斗（上）,难忘的战斗,（上）,改编：杨一峰肖仁 绘画：孙福林王恒玉,,,改编：杨一峰,杨一峰,改编,改编：肖仁,肖仁,改编,绘画：孙福林,孙福林,绘画,绘画：王恒玉,王恒玉,绘画,,,,,,,黑龙江人民,黑龙江人民,,哈尔滨,1,1979,1版1次,64,28万,0.14,,,Ref002:148,单册：拾划,,Sic._Author_Core_2,难忘的战斗(上)/出版社：黑龙江人民/改编：杨一峰肖仁/绘画：孙福林王恒玉/79年1月1版1次64开/印数：28万定价：0.14元,PaddlePaddle
难忘的战斗（下）,难忘的战斗,（下）,改编：杨一峰邓会光 绘画：孙福林王桓玉,,,改编：杨一峰,杨一峰,改编,改编：邓会光,邓会光,改编,绘画：孙福林,孙福林,绘画,绘画：王桓玉,王桓玉,绘画,,,,,,,黑龙江人民,黑龙江人民,,哈尔滨,6,1979,1版1次,64,25万,0.12,80（全套）,120,Ref002:148,单册：拾划,,,难忘的战斗(下)/出版社：黑龙江人民/改编：杨一峰邓会光/绘画：孙福林王桓玉/79年6月1版1次64开/印数：25万定价：0.12元/市场交流价：/9品：80元（全套）/10品：120元,PaddlePaddle
海英,海英,,改编：集体 绘画：集体,,,改编：集体,集体,改编,绘画：集体,集体,绘画,,,,,,,,,,,,,广东人民,广东人民,,广州,5,1973,1版2次,60,40万,0.15,15,30,Ref002:149,单册：拾划,,,海英/出版社：广东人民/改编：集体/绘画：集体/73年5月1版2次60开/印数：40万定价：0.15元/市场交流价：/9品：15元/10品：30元,PaddlePaddle
海英,海英,,改编：朱海文 绘画：林宏基等,,,改编：朱海文,朱海文,改编,绘画：林宏基,林宏基,绘画,绘画：等,等,绘画,,,,,,,,,,人民美术,人民美术,,,2,1975,1版1次,64,100万,0.14,10,20,Ref002:149,单册：拾划,,,6 海英/出版社：人民美术/改编：朱海文/绘画：林宏基等/75年2月1版1次64开/印数：100万定价：0.14元/市场交流价：/9品：10元/10品：20元,PaddlePaddle
海花,海花,,改编：卞福顺 绘画：李俊琪,,,改编：卞福顺,卞福顺,改编,绘画：李俊琪,李俊琪,绘画,,,,,,,,,,,,,辽宁人民,辽宁人民,,沈阳,1,1975,1版1次,64,90万,0.14,10,20,Ref002:149,单册：拾划,,,海花/出版社：辽宁人民/改编：卞福顺/绘画：李俊琪/75年1月1版1次64开/印数：90万定价：0.14元/市场交流价：/9品：10元/10品：20元,PaddlePaddle
海花,海花,,改编：刘谦 绘画：集体,,,改编：刘谦,刘谦,改编,绘画：集体,集体,绘画,,,,,,,,,,,,,北京人民,北京人民,,北京,4,1974,1版1次,60,,0.13,15,30,Ref002:149,单册：拾划,,,海花/出版社：北京人民/改编：刘谦/绘画：集体/74年4月1版1次60开/印数：未详定价：0.13元/市场交流价：/9品：15元/10品：30元,PaddlePaddle
海菊,海菊,,改编：陈曦 绘画：周瑞文张潮,,,改编：陈曦,陈曦,改编,绘画：周瑞文,周瑞文,绘画,绘画：张潮,张潮,绘画,,,,,,,,,,浙江人民,浙江人民,,杭州,4,1975,1版1次,60,65万,0.08,20,30,Ref002:149,单册：拾划,,,海菊/出版社：浙江人民/改编：陈曦/绘画：周瑞文张潮/75年4月1版1次60开/印数：65万定价：0.08元/市场交流价：/9品：20元/10品：30元,PaddlePaddle
彩色的田野,彩色的田野,,改编：陈曦 绘画：沈加蔚等,,,改编：陈曦,陈曦,改编,绘画：沈加蔚,沈加蔚,绘画,绘画：等,等,绘画,,,,,,,,,,浙江人民,浙江人民,,杭州,5,1975,1版1次,60,20万,0.08,10,20,Ref002:149,单册：拾划,,,6、/彩色的田野/出版社：浙江人民/改编：陈曦/绘画：沈加蔚等/75年5月1版1次60开/印数：20万定价：0.08元/市场交流价：/9品：10元/10品：20元,PaddlePaddle
“优秀工宣队员”徐松宝,“优秀工宣队员”徐松宝,,改编：集体 绘画：集体,,,改编：集体,集体,改编,绘画：集体,集体,绘画,,,,,,,,,,,,,上海市出版革命组,上海市出版革命组,,上海,5,1970,1版1次,60,,0.13,40,100,Ref002:149,单册：拾划,,,“优秀工宣队员”徐松宝/出版社：上海市出版革命组/改编：集体/绘画：集体/70年5月1版1次60开/印数：未详定价：0.13元/市场交流价：/9品：40元/10品：100元,PaddlePaddle
换靴记,换靴记,,改编：朱春湖 绘画：姜之中,,,改编：朱春湖,朱春湖,改编,绘画：姜之中,姜之中,绘画,,,,,,,,,,,,,山东人民,山东人民,,济南,1,1975,1版1次,60,70万,0.09,10,20,Ref002:149,单册：拾划,,,换靴记/出版社：山东人民/改编：朱春湖/绘画：姜之中/75年1月1版1次60开/印数：70万定价：0.09元/市场交流价：/9品：10元/10品：20元,PaddlePaddle
海防线上,海防线上,,改编：王城伟 绘画：徐有武,,,改编：王城伟,王城伟,改编,绘画：徐有武,徐有武,绘画,,,,,,,,,,,,,江西人民,江西人民,,南昌,8,1973,1版1次,60,50万,0.25,45,100,Ref002:150,单册：拾划,,,海防线上/出版社：江西人民/改编：王城伟/绘画：徐有武/73年8月1版1次60开/印数：50万 定价：0.25元/市场交流价：/9品：45元/10品：100元,PaddlePaddle
海防线上,海防线上,,改编：辛刚 绘画：车永仁,,,改编：辛刚,辛刚,改编,绘画：车永仁,车永仁,绘画,,,,,,,,,,,,,天津人民美术,天津人民美术,,天津,9,1973,1版1次,64,,0.17,20,40,Ref002:150,单册：拾划,,,海防线上/出版社：天津人民美术/改编：辛刚/绘画：车永仁/73年9月1版1次64开/印数：未详定价：0.17元/市场交流价：/9品：20元/10品：40元,PaddlePaddle
海姑娘,海姑娘,,改编：曼玲 绘画：孟庆江,,,改编：曼玲,曼玲,改编,绘画：孟庆江,孟庆江,绘画,,,,,,,,,,,,,人民美术,人民美术,,,5,1975,1版1次,64,100万,0.1,10,20,Ref002:150,单册：拾划,,,海姑娘/出版社：人民美术/改编：曼玲/绘画：孟庆江/75年5月1版1次64开/印数：100万定价：0.10元/市场交流价：/9品：10元/10品：20元,PaddlePaddle
海螺,海螺,,改编：肖文 绘画：王启明,,,改编：肖文,肖文,改编,绘画：王启明,王启明,绘画,,,,,,,,,,,,,山东人民,山东人民,,济南,5,1973,1版1次,60,53万,0.12,20,60,Ref002:150,单册：拾划,,,海螺/出版社：山东人民/改编：肖文/绘画：王启明/73年5月1版1次60开/印数：53万定价：0.12元/市场交流价：/9品：20元/10品：60元,PaddlePaddle
海滩擒敌,海滩擒敌,,改编：王维孟王恒展 绘画：蒲慧华,,,改编：王维孟,王维孟,改编,改编：王恒展,王恒展,改编,绘画：蒲慧华,蒲慧华,绘画,,,,,,,,,,山东人民,山东人民,,济南,4,1975,1版1次,60,60万,0.09,15,30,Ref002:150,单册：拾划,,,0 海滩擒敌/出版社：山东人民/改编：王维孟王恒展/绘画：蒲慧华/75年4月1版1次60开/印数：60万定价：0.09元/市场交流价：/9品：15元/10品：30元,PaddlePaddle
海上擒敌,海上擒敌,,改编：集体 绘画：陈汉中,,,改编：集体,集体,改编,绘画：陈汉中,陈汉中,绘画,,,,,,,,,,,,,广东人民,广东人民,,广州,9,1973,1版1次,64,50万,0.08,10,20,Ref002:150,单册：拾划,,,海上擒敌/出版社：广东人民/改编：集体/绘画：陈汉中/73年9月1版1次64开/印数：50万定价：0.08元/市场交流价：/9品：10元/10品：20元,PaddlePaddle
海上铁拳,海上铁拳,,改编：张鸣 绘画：迎捷,,,改编：张鸣,张鸣,改编,绘画：迎捷,迎捷,绘画,,,,,,,,,,,,,天津人民美术,天津人民美术,,天津,6,1976,1版1次,64,,0.1,5,15,Ref002:150,单册：拾划,,,海上铁拳/出版社：天津人民美术/改编：张鸣/绘画：迎捷/76年6月1版1次64开/印数：未详定价：0.10元/市场交流价：/9品：5元/10品：15元,PaddlePaddle
海岛哨兵,海岛哨兵,,改编：集体 绘画：集体,,,改编：集体,集体,改编,绘画：集体,集体,绘画,,,,,,,,,,,,,上海人民,上海人民,,上海,1,1974,1版1次,60,200万,0.08,15,40,Ref002:150,单册：拾划,,,海岛哨兵/出版社：上海人民/改编：集体/绘画：集体/74年1月1版1次60开/印数：200万 定价：0.08元/市场交流价：/9品：15元/10品：40元,PaddlePaddle
海滨新一代,海滨新一代,,改编：集体 绘画：集体,,,改编：集体,集体,改编,绘画：集体,集体,绘画,,,,,,,,,,,,,上海人民,上海人民,,上海,12,1974,1版1次,60,80万,0.09,20,40,Ref002:151,单册：拾划,,,海滨新一代/出版社：上海人民/改编：集体/绘画：集体/74年12月1版1次60开/印数：80万定价：0.09元/市场交流价：/9品：20元/10品：40元,PaddlePaddle
鸭绿江畔,鸭绿江畔,,改编：集体 绘画：集体,,,改编：集体,集体,改编,绘画：集体,集体,绘画,,,,,,,,,,,,,上海人民,上海人民,,上海,3,1973,1版1次,60,150万,0.1,15,30,Ref002:151,单册：拾划,,,鸭绿江畔/出版社：上海人民/改编：集体/绘画：集体/73年3月1版1次60开/印数：150万定价：0.10元/市场交流价：/9品：15元/10品：30元,PaddlePaddle
海岛女民兵,海岛女民兵,,改编：吴兆清 绘画：赵瑞椿,,,改编：吴兆清,吴兆清,改编,绘画：赵瑞椿,赵瑞椿,绘画,,,,,,,,,,,,,四川人民,四川人民,,成都,8,1976,1版1次,64,18.5万,0.18,25,50,Ref002:151,单册：拾划,,,海岛女民兵/出版社：四川人民/改编：吴兆清/绘画：赵瑞椿/76年8月1版1次64开/印数：18.5万 定价：0.18元/市场交流价：/9品：25元/10品：50元,PaddlePaddle
海的女儿,海的女儿,,改编：张晓冰 绘画：瞿谷寒,,,改编：张晓冰,张晓冰,改编,绘画：瞿谷寒,瞿谷寒,绘画,,,,,,,,,,,,,上海人民,上海人民,,上海,5,1975,1版1次,60,50万,0.07,20,50,Ref002:151,单册：拾划,,,海的女儿/出版社：上海人民/改编：张晓冰/绘画：瞿谷寒/75年5月1版1次60开/印数：50万定价：0.07元/市场交流价：/9品：20元/10品：50元,PaddlePaddle
捕鱼时节,捕鱼时节,,改编：卢伟 绘画：刘苹等,,,改编：卢伟,卢伟,改编,绘画：刘苹,刘苹,绘画,绘画：等,等,绘画,,,,,,,,,,人民美术,人民美术,,,2,1976,1版1次,64,100万,0.11,5,10,Ref002:151,单册：拾划,,Sic._Author_Core_2,捕鱼时节/出版社：人民美术/改编：卢伟/绘画：刘苹等/76年2月1版1次64开/印数：100万定价：0.11元/市场交流价：/9品：5元/10品：10元,PaddlePaddle
捕象记,捕象记,,改编：刘瑞康 绘画：钱贵荪,,,改编：刘瑞康,刘瑞康,改编,绘画：钱贵荪,钱贵荪,绘画,,,,,,,,,,,,,浙江人民,浙江人民,,杭州,10,1972,1版1次,60,,0.07,10,30,Ref002:151,单册：拾划,,,捕象记/出版社：浙江人民/改编：刘瑞康/绘画：钱贵荪/72年10月1版1次60开/印数：未详定价：0.07元/市场交流价：/9品：10元/10品：30元,PaddlePaddle
捕蛇记,捕蛇记,,改编：张欣之 绘画：集体,,,改编：张欣之,张欣之,改编,绘画：集体,集体,绘画,,,,,,,,,,,,,天津人民美术,天津人民美术,,天津,7,1975,1版1次,64,,0.11,8,15,Ref002:151,单册：拾划,,,捕蛇记/出版社：天津人民美术/改编：张欣之/绘画：集体/75年7月1版1次64开/印数：未详定价：0.11元/市场交流价：/9品：8元/10品：15元,PaddlePaddle
捕蛇记,捕蛇记,,改编：胡霜 绘画：长缨,,,改编：胡霜,胡霜,改编,绘画：长缨,长缨,绘画,,,,,,,,,,,,,浙江人民,浙江人民,,杭州,3,1975,1版1次,60,110万,0.08,8,15,Ref002:151,单册：拾划,,,捕蛇记/出版社：浙江人民/改编：胡霜/绘画：长缨/75年3月1版1次60开/印数：110万定价：0.08元/市场交流价：/9品：8元/10品：15元,PaddlePaddle
捉蟹,捉蟹,,改编：沈在召 绘画：沈在召,,,改编：沈在召,沈在召,改编,绘画：沈在召,沈在召,绘画,,,,,,,,,,,,,福建人民,福建人民,,福州,6,1975,1版1次,60,,0.08,15,25,Ref002:152,单册：拾划,,,捉蟹/出版社：福建人民/改编：沈在召/绘画：沈在召/75年6月1版1次60开/印数：未详定价：0.08元/市场交流价：/9品：15元/10品：25元,PaddlePaddle
捉蟹,捉蟹,,改编：邹向前 绘画：张寿文,,,改编：邹向前,邹向前,改编,绘画：张寿文,张寿文,绘画,,,,,,,,,,,,,黑龙江人民,黑龙江人民,,哈尔滨,5,1975,1版1次,64,50万,0.08,15,50,Ref002:152,单册：拾划,,,捉蟹/出版社：黑龙江人民/改编：邹向前/绘画：张寿文/75年5月1版1次64开/印数：50万定价：0.08元/市场交流价：/9品：15元/10品：50元,PaddlePaddle
家业,家业,,改编：胡舜庆 绘画：刘芸生,,,改编：胡舜庆,胡舜庆,改编,绘画：刘芸生,刘芸生,绘画,,,,,,,,,,,,,江苏人民,江苏人民,,南京,11,1975,1版1次,64,45万,0.08,5,15,Ref002:152,单册：拾划,,,家业/出版社：江苏人民/改编：胡舜庆/绘画：刘芸生/75年11月1版1次64开/印数：45万定价：0.08元/市场交流价：/9品：5元/10品：15元,PaddlePaddle
家乡新貌,家乡新貌,,改编：集体 绘画：集体,,,改编：集体,集体,改编,绘画：集体,集体,绘画,,,,,,,,,,,,,辽宁人民,辽宁人民,,沈阳,3,1972,1版1次,60,,0.1,15,30,Ref002:152,单册：拾划,,,家乡新貌/出版社：辽宁人民/改编：集体/绘画：集体/72年3月1版1次60开/印数：未详定价：0.10元/市场交流价：/9品：15元/10品：30元,PaddlePaddle
盐场烈焰,盐场烈焰,,改编：周原邓遂夫 绘画：石美鼎李奔,,,改编：周原,周原,改编,改编：邓遂夫,邓遂夫,改编,绘画：石美鼎,石美鼎,绘画,绘画：李奔,李奔,绘画,,,,,,,四川人民,四川人民,,成都,5,1976,1版2次,60,,0.15,20,40,Ref002:152,单册：拾划,,,盐场烈焰/出版社：四川人民/改编：周原邓遂夫/绘画：石美鼎李奔/76年5月1版2次60开/印数：未详定价：0.15元/市场交流价：/9品：20元/10品：40元,PaddlePaddle
盐滩怒火,盐滩怒火,,改编：张金荣等 绘画：傅洪生等,,,改编：张金荣,张金荣,改编,改编：等,等,改编,绘画：傅洪生,傅洪生,绘画,绘画：等,等,绘画,,,,,,,天津人民美术,天津人民美术,,天津,3,1974,1版2次,64,,0.14,15,50,Ref002:152,单册：拾划,,,盐滩怒火/出版社：天津人民美术/改编：张金荣等/绘画：傅洪生等/74年3月1版2次64开/印数：未详定价：0.14元/市场交流价：/9品：15元/10品：50元,PaddlePaddle
航标灯,航标灯,,改编：张国栋 绘画：齐林家,,,改编：张国栋,张国栋,改编,绘画：齐林家,齐林家,绘画,,,,,,,,,,,,,辽宁人民,辽宁人民,,沈阳,12,1974,1版1次,60,120万,0.08,10,20,Ref002:152,单册：拾划,,,航标灯/出版社：辽宁人民/改编：张国栋/绘画：齐林家/74年12月1版1次60开/印数：120万定价：0.08元/市场交流价：/9品：10元/10品：20元,PaddlePaddle
航标灯下的战斗,航标灯下的战斗,,改编：定兴 绘画：刘世铎,,,改编：定兴,定兴,改编,绘画：刘世铎,刘世铎,绘画,,,,,,,,,,,,,天津人民美术,天津人民美术,,天津,4,1974,1版1次,64,,0.09,8,20,Ref002:152,单册：拾划,,,航标灯下的战斗/出版社：天津人民美术/改编：定兴/绘画：刘世铎/74年4月1版1次64开/印数：未详定价：0.09元/市场交流价：/9品：8元/10品：20元,PaddlePaddle
铁虎,铁虎,,改编：徐晓平 绘画：徐晓平,,,改编：徐晓平,徐晓平,改编,绘画：徐晓平,徐晓平,绘画,,,,,,,,,,,,,江苏人民,江苏人民,,南京,11,1975,1版1次,60,60万,0.09,25,50,Ref002:153,单册：拾划,,,铁虎/出版社：江苏人民/改编：徐晓平/绘画：徐晓平/75年11月1版1次60开/印数：60万 定价：0.09元/市场交流价：/9品：25元/10品：50元,PaddlePaddle
铁坝中队,铁坝中队,,改编：集体 绘画：胡博综王孟奇,,,改编：集体,集体,改编,绘画：胡博综,胡博综,绘画,绘画：王孟奇,王孟奇,绘画,,,,,,,,,,江苏人民,江苏人民,,南京,5,1973,1版1次,60,70万,0.09,15,35,Ref002:153,单册：拾划,,,铁坝中队/出版社：江苏人民/改编：集体/绘画：胡博综 王孟奇/73年5月1版1次60开/印数：70万定价：0.09元/市场交流价：/9品：15元/10品：35元,PaddlePaddle
铁姑娘大战红石崖,铁姑娘大战红石崖,,改编：集体 绘画：集体,,,改编：集体,集体,改编,绘画：集体,集体,绘画,,,,,,,,,,,,,辽宁人民,辽宁人民,,沈阳,4,1976,1版1次,60,,0.33,30,120,Ref002:153,单册：拾划,,,铁姑娘大战红石崖/出版社：辽宁人民/改编：集体/绘画：集体/76年4月1版1次60开/印数：未详定价：0.33元/市场交流价：/9品：30元/10品：120元,PaddlePaddle
铁腿红心,铁腿红心,,改编：集体 绘画：集体,,,改编：集体,集体,改编,绘画：集体,集体,绘画,,,,,,,,,,,,,河南人民,河南人民,,郑州,2,1974,1版2次,64,86.5万,0.17,10,25,Ref002:153,单册：拾划,,,铁腿红心/出版社：河南人民/改编：集体/绘画：集体/74年2月1版2次64开/印数：86.5万定价：0.17元/市场交流价：/9品：10元/10品：25元,PaddlePaddle
铁娃和小白鸽,铁娃和小白鸽,,编文：孙宝林 绘画：周申,,,编文：孙宝林,孙宝林,编文,绘画：周申,周申,绘画,,,,,,,,,,,,,山东人民,山东人民,,济南,1,1975,1版1次,64,120万,0.07,20,40,Ref002:153,单册：拾划,,,铁娃和小白鸽/出版社：山东人民/编文：孙宝林/绘画：周申/75年1月1版1次64开/印数：120万定价：0.07元/市场交流价：/9品：20元/10品：40元,PaddlePaddle
烈火红心,烈火红心,,编文：豫军宣 绘画：豫军宣,,,编文：豫军宣,豫军宣,编文,绘画：豫军宣,豫军宣,绘画,,,,,,,,,,,,,湖北人民,湖北人民,,武汉,1,1969,1版1次,60,,0.2,400,1200,Ref002:153,单册：拾划,绘画：豫军宣（简称）,,烈火红心/出版社：湖北人民/编文：豫军宣/绘画：豫军宣（简称）/69年1月1版1次60开/印数：未详定价：0.20元/市场交流价：/9品：400元/10品：1200元,PaddlePaddle
铃声响了,铃声响了,,改编：胡国年 绘画：林树煦等,,,改编：胡国年,胡国年,改编,绘画：林树煦,林树煦,绘画,绘画：等,等,绘画,,,,,,,,,,广东人民,广东人民,,广州,2,1975,1版1次,60,,0.14,10,20,Ref002:153,单册：拾划,,,铃声响了/出版社：广东人民/改编：胡国年/绘画：林树煦等/75年2月1版1次60开/印数：未详定价：0.14元/市场交流价：/9品：10元/10品：20元,PaddlePaddle
浪花渡,浪花渡,,改编：新果 绘画：李学琮,,,改编：新果,新果,改编,绘画：李学琮,李学琮,绘画,,,,,,,,,,,,,辽宁人民,辽宁人民,,沈阳,12,1976,1版1次,64,30万,0.09,5,10,Ref002:153,单册：拾划,,,浪花渡/出版社：辽宁人民/改编：新果/绘画：李学琮/76年12月1版1次64开/印数：30万定价：0.09元/市场交流价：/9品：5元/10品：10元,PaddlePaddle
烟楼的秘密,烟楼的秘密,,改编：胡细生 绘画：集体,,,改编：胡细生,胡细生,改编,绘画：集体,集体,绘画,,,,,,,,,,,,,江西人民,江西人民,,南昌,11,1973,1版1次,60,25万,0.11,15,30,Ref002:154,单册：拾划,,,烟楼的秘密/出版社：江西人民/改编：胡细生/绘画：集体/73年11月1版1次60开/印数：25万定价：0.11元/市场交流价：/9品：15元/10品：30元,PaddlePaddle
爱民模范连,爱民模范连,,改编：钟国民 绘画：苏泽猷吴乙坚,,,改编：钟国民,钟国民,改编,绘画：苏泽猷,苏泽猷,绘画,绘画：吴乙坚,吴乙坚,绘画,,,,,,,,,,广西人民,广西人民,,南宁,11,1973,1版2次,60,58.3万,0.1,40,110,Ref002:154,单册：拾划,,,爱民模范连/出版社：广西人民/改编：钟国民/绘画：苏泽猷吴乙坚/73年11月1版2次60开/印数：58.3万定价：0.10元/市场交流价：/9品：40元/10品：110元,PaddlePaddle
绿杨林里,绿杨林里,,改编：靳丛张东九 绘画：耿玉昆,,,改编：靳丛,靳丛,改编,改编：张东九,张东九,改编,绘画：耿玉昆,耿玉昆,绘画,,,,,,,,,,北京人民,北京人民,,北京,9,1976,1版1次,60,,0.09,15,25,Ref002:154,单册：拾划,,,绿杨林里/出版社：北京人民/改编：靳丛张东九/绘画：耿玉昆/76年9月1版1次60开/印数：未详定价：0.09元/市场交流价：/9品：15元/10品：25元,PaddlePaddle
砸孔牌,砸孔牌,,改编：程获希 绘画：张文忠,,,改编：程获希,程获希,改编,绘画：张文忠,张文忠,绘画,,,,,,,,,,,,,四川人民,四川人民,,成都,5,1975,1版1次,60,,0.07,25,80,Ref002:154,单册：拾划,,,砸孔牌/出版社：四川人民/改编：程获希/绘画：张文忠/75年5月1版1次60开/印数：未详定价：0.07元/市场交流价：/9品：25元/10品：80元,PaddlePaddle
家奴恨,家奴恨,,改编：朱礼生等 绘画：吕建陶,,,改编：朱礼生,朱礼生,改编,改编：等,等,改编,绘画：吕建陶,吕建陶,绘画,,,,,,,,,,江西人民,江西人民,,南昌,12,1973,1版1次,60,20万,0.12,20,45,Ref002:154,单册：拾划,,,家奴恨/出版社：江西人民/改编：朱礼生等/绘画：吕建陶/73年12月1版1次60开/印数：20万定价：0.12元/市场交流价：/9品：20元/10品：45元,PaddlePaddle
胸怀朝阳战凌洪,胸怀朝阳战凌洪,,编文：集体 绘画：集体,,,编文：集体,集体,编文,绘画：集体,集体,绘画,,,,,,,,,,,,,山东人民,山东人民,,济南,12,1971,1版1次,60,,,120,300,Ref002:154,单册：拾划,,,胸怀朝阳战凌洪/出版社：山东人民/编文：集体/绘画：集体/71年12月1版1次60开/印数：未详/市场交流价：/9品：120元/10品：300元,PaddlePaddle
胸怀朝阳战恶浪,胸怀朝阳战恶浪,,改编：集体 绘画：集体,,,改编：集体,集体,改编,绘画：集体,集体,绘画,,,,,,,,,,,,,天津人民美术,天津人民美术,,天津,6,1971,1版1次,60,,0.08,50,150,Ref002:154,单册：拾划,,,胸怀朝阳战恶浪/出版社：天津人民美术/改编：集体/绘画：集体/71年6月1版1次60开/印数：未详定价：0.08元/市场交流价：/9品：50元/10品：150元,PaddlePaddle
胸怀朝阳永向前,胸怀朝阳永向前,,改编：集体 绘画：集体,,,改编：集体,集体,改编,绘画：集体,集体,绘画,,,,,,,,,,,,,上海人民,上海人民,,上海,5,1971,1版1次,60,,0.07,40,100,Ref002:154,单册：拾划,,,胸怀朝阳永向前/出版社：上海人民/改编：集体/绘画：集体/71年5月1版1次60开/印数：未详定价：0.07元/市场交流价：/9品：40元/10品：100元,PaddlePaddle
消息树,消息树,,编文：集体 绘画：陈光镒,,,编文：集体,集体,编文,绘画：陈光镒,陈光镒,绘画,,,,,,,,,,,,,上海人民,上海人民,,上海,12,1970,1版3次,60,,0.07,30,80,Ref002:155,单册：拾划,,,消息树/出版社：上海人民/编文：集体/绘画：陈光镒/70年12月1版3次60开/印数：未详定价：0.07元/市场交流价：/9品：30元/10品：80元,PaddlePaddle
恩玛蒂奶奶,恩玛蒂奶奶,,编文：张立俊 绘画：施大畏,,,编文：张立俊,张立俊,编文,绘画：施大畏,施大畏,绘画,,,,,,,,,,,,,上海人民,上海人民,,上海,11,1973,1版4次,60,120万,0.06,15,30,Ref002:155,单册：拾划,,,恩玛蒂奶奶/出版社：上海人民/编文：张立俊/绘画：施大畏/73年11月1版4次60开/印数：120万定价：0.06元/市场交流价：/9品：15元/10品：30元,PaddlePaddle
唐官信,唐官信,,改编：集体 绘画：集体,,,改编：集体,集体,改编,绘画：集体,集体,绘画,,,,,,,,,,,,,浙江人民,浙江人民,,杭州,3,1970,1版1次,60,9万,0.13,180,350,Ref002:155,单册：拾划,,,唐官信/出版社：浙江人民/改编：集体/绘画：集体/70年3月1版1次60开/印数：9万定价：0.13元/市场交流价：/9品：180元/10品：350元,PaddlePaddle
剥开“孔圣人”的画皮,剥开“孔圣人”的画皮,,改编：集体 绘画：集体,,,改编：集体,集体,改编,绘画：集体,集体,绘画,,,,,,,,,,,,,人民美术,人民美术,,,2,1974,1版1次,60,100万,0.1,60,150,Ref002:155,单册：拾划,,,剥开“孔圣人”的画皮/出版社：人民美术/改编：集体/绘画：集体/74年2月1版1次60开/印数：100万定价：0.10元/市场交流价：/9品：60元/10品：150元,PaddlePaddle
秦始皇,秦始皇,,改编：本社 绘画：戴敦邦,,,改编：本社,本社,改编,绘画：戴敦邦,戴敦邦,绘画,,,,,,,,,,,,,上海人民,上海人民,,上海,12,1974,1版1次,60,80万,0.12,30,120,Ref002:155,单册：拾划,,,秦始皇/出版社：上海人民/改编：本社/绘画：戴敦邦/74年12月1版1次60开/印数：80万定价：0.12元/市场交流价：/9品：30元/10品：120元,PaddlePaddle
破雾飞腾,破雾飞腾,,改编：集体 绘画：集体,,,改编：集体,集体,改编,绘画：集体,集体,绘画,,,,,,,,,,,,,人民美术,人民美术,,,2,1976,1版1次,64,100万,0.09,5,15,Ref002:155,单册：拾划,,,破雾飞腾/出版社：人民美术/改编：集体/绘画：集体/76年2月1版1次64开/印数：100万定价：0.09元/市场交流价：/9品：5元/10品：15元,PaddlePaddle
高凤英,高凤英,,改编：胡希文夏荫祖 绘画：张裕元王开亮,,,改编：胡希文,胡希文,改编,改编：夏荫祖,夏荫祖,改编,绘画：张裕元,张裕元,绘画,绘画：王开亮,王开亮,绘画,,,,,,,江苏人民,江苏人民,,南京,7,1975,1版1次,64,60万,0.13,5,15,Ref002:155,单册：拾划,,,高凤英/出版社：江苏人民/改编：胡希文夏荫祖/绘画：张裕元王开亮/75年7月1版1次64开/印数：60万定价：0.13元/市场交流价：/9品：5元/10品：15元,PaddlePaddle
“绿旋风”新传,“绿旋风”新传,,改编：杜银林 绘画：邓泰和张景祥,,,改编：杜银林,杜银林,改编,绘画：邓泰和,邓泰和,绘画,绘画：张景祥,张景祥,绘画,,,,,,,,,,上海人民,上海人民,,上海,5,1975,1版1次,64,40万,0.09,15,25,Ref002:155,单册：拾划,,,“绿旋风”新传/出版社：上海人民/改编：杜银林/绘画：邓泰和张景祥/75年5月1版1次64开/印数：40万定价：0.09元/市场交流价：/9品：15元/10品：25元,PaddlePaddle
班卡伏击战,班卡伏击战,,改编：集体 绘画：集体,,,改编：集体,集体,改编,绘画：集体,集体,绘画,,,,,,,,,,,,,云南人民,云南人民,,昆明,9,1975,1版1次,60,20.06万,0.14,10,20,Ref002:156,单册：拾划,,,班卡伏击战/出版社：云南人民/改编：集体/绘画：集体/75年9月1版1次60开/印数：20.06万定价：0.14元/市场交流价：/9品：10元/10品：20元,PaddlePaddle
桑弘羊舌战群儒,桑弘羊舌战群儒,,改编：刘文华 绘画：孙福林乔长义,,,改编：刘文华,刘文华,改编,绘画：孙福林,孙福林,绘画,绘画：乔长义,乔长义,绘画,,,,,,,,,,黑龙江人民,黑龙江人民,,哈尔滨,4,1976,1版1次,64,40万,0.07,35,60,Ref002:156,单册：拾划,,,桑弘羊舌战群儒/出版社：黑龙江人民/改编：刘文华/绘画：孙福林乔长义/76年4月1版1次64开/印数：40万定价：0.07元/市场交流价：/9品：35元/10品：60元,PaddlePaddle
烈火红桥,烈火红桥,,改编：高铁林邹向前 绘画：集体,,,改编：高铁林,高铁林,改编,改编：邹向前,邹向前,改编,绘画：集体,集体,绘画,,,,,,,,,,黑龙江人民,黑龙江人民,,哈尔滨,11,1975,1版1次,64,50万,0.14,8,15,Ref002:156,单册：拾划,,,烈火红桥/出版社：黑龙江人民/改编：高铁林邹向前/绘画：集体/75年11月1版1次64开/印数：50万定价：0.14元/市场交流价：/9品：8元/10品：15元,PaddlePaddle
谍报员,谍报员,,改编：取火 绘画：陈安民,,,改编：取火,取火,改编,绘画：陈安民,陈安民,绘画,,,,,,,,,,,,,湖南美术,湖南美术,,长沙,1,1985,1版1次,64,59.5万,0.28,5,10,Ref002:156,单册：拾划,,,谍报员/出版社：湖南美术/改编：取火/绘画：陈安民/85年1月1版1次64开/印数：59.5万 定价：0.28元/市场交流价：/9品：5元/10品：10元,PaddlePaddle
谁是十八号,谁是十八号,,改编：张克明 绘画：张友,,,改编：张克明,张克明,改编,绘画：张友,张友,绘画,,,,,,,,,,,,,辽宁美术,辽宁美术,,沈阳,11,1979,1版1次,64,20万,0.16,5,10,Ref002:156,单册：拾划,,,谁是十八号/出版社：辽宁美术/改编：张克明/绘画：张友/79年11月1版1次64开/印数：20万定价：0.16元/市场交流价：/9品：5元/10品：10元,PaddlePaddle
谁是“螳螂”？,谁是“螳螂”？,,改编：吉国祥 绘画：冯正梁许枚,,,改编：吉国祥,吉国祥,改编,绘画：冯正梁,冯正梁,绘画,绘画：许枚,许枚,绘画,,,,,,,,,,上海人民美术,上海人民美术,,上海,8,1984,1版1次,64,61.5万,0.25,8,15,Ref002:156,单册：拾划,,Sic._Author_Core_3,谁是“螳螂”？/出版社：上海人民美术/改编：吉国祥/绘画：冯正梁许枚/84年8月1版1次64开/印数：61.5万定价：0.25元/市场交流价：/9品：8元/10品：15元,PaddlePaddle
特殊的任务,特殊的任务,,改编：薛炎文 绘画：群山,,,改编：薛炎文,薛炎文,改编,绘画：群山,群山,绘画,,,,,,,,,,,,,天津人民美术,天津人民美术,,天津,6,1983,1版1次,64,45.6万,0.19,10,20,Ref002:156,单册：拾划,,,特殊的任务/出版社：天津人民美术/改编：薛炎文/绘画：群山/83年6月1版1次64开/印数：45.6万定价：0.19元/市场交流价：/9品：10元/10品：20元,PaddlePaddle
爱情从这里开始,爱情从这里开始,,改编：高援 绘画：王大鹏,,,改编：高援,高援,改编,绘画：王大鹏,王大鹏,绘画,,,,,,,,,,,,,辽宁美术,辽宁美术,,沈阳,1,1984,1版1次,64,20.45万,0.17,5,10,Ref002:156,单册：拾划,,,爱情从这里开始/出版社：辽宁美术/改编：高援/绘画：王大鹏/84年1月1版1次64开/印数：20.45万定价：0.17元/市场交流价：/9品：5元/10品：10元,PaddlePaddle
海青连长,海青连长,,改编：余方德 绘画：集体,,,改编：余方德,余方德,改编,绘画：集体,集体,绘画,,,,,,,,,,,,,上海人民,上海人民,,上海,4,1977,1版1次,64,,0.08,8,15,Ref002:157,单册：拾划,,,海青连长/出版社：上海人民/改编：余方德/绘画：集体/77年4月1版1次64开/印数：未详定价：0.08元/市场交流价：/9品：8元/10品：15元,PaddlePaddle
海上血战,海上血战,,改编：王照运 绘画：李人毅,,,改编：王照运,王照运,改编,绘画：李人毅,李人毅,绘画,,,,,,,,,,,,,辽宁美术,辽宁美术,,沈阳,5,1983,1版1次,64,67.7万,0.18,8,15,Ref002:157,单册：拾划,,,海上血战/出版社：辽宁美术/改编：王照运/绘画：李人毅/83年5月1版1次64开/印数：67.7万 定价：0.18元/市场交流价：/9品：8元/10品：15元,PaddlePaddle
海防小民兵,海防小民兵,,改编：张晓冰 绘画：胡克礼,,,改编：张晓冰,张晓冰,改编,绘画：胡克礼,胡克礼,绘画,,,,,,,,,,,,,上海人民美术,上海人民美术,,上海,9,1978,1版1次,64,,0.15,20,40,Ref002:157,单册：拾划,,,海防小民兵/出版社：上海人民美术/改编：张晓冰/绘画：胡克礼/78年9月1版1次64开/印数：未详 定价：0.15元/市场交流价：/9品：20元/10品：40元,PaddlePaddle
海上擒敌,海上擒敌,,改编：高履中 绘画：林钧相,,,改编：高履中,高履中,改编,绘画：林钧相,林钧相,绘画,,,,,,,,,,,,,辽宁人民,辽宁人民,,沈阳,1,1978,1版1次,64,30万,0.11,15,30,Ref002:157,单册：拾划,,,海上擒敌/出版社：辽宁人民/改编：高履中/绘画：林钧相/78年1月1版1次64开/印数：30万定价：0.11元/市场交流价：/9品：15元/10品：30元,PaddlePaddle
格玛,格玛,,改编：王承华 绘画：王又文,,,改编：王承华,王承华,改编,绘画：王又文,王又文,绘画,,,,,,,,,,,,,天津人民美术,天津人民美术,,天津,5,1978,1版1次,64,,0.1,10,20,Ref002:157,单册：拾划,,,格玛/出版社：天津人民美术/改编：王承华/绘画：王又文/78年5月1版1次64开/印数：未详定价：0.10元/市场交流价：/9品：10元/10品：20元,PaddlePaddle
草莽,草莽,,改编：古月 绘画：陈安民,,,改编：古月,古月,改编,绘画：陈安民,陈安民,绘画,,,,,,,,,,,,,湖南美术,湖南美术,,长沙,7,1985,1版1次,64,19.76万,0.28,5,10,Ref002:157,单册：拾划,,,草莽/出版社：湖南美术/改编：古月/绘画：陈安民/85年7月1版1次64开/印数：19.76万定价：0.28元/市场交流价：/9品：5元/10品：10元,PaddlePaddle
荷叶雷,荷叶雷,,改编：李遵义 绘画：王景祥,,,改编：李遵义,李遵义,改编,绘画：王景祥,王景祥,绘画,,,,,,,,,,,,,黑龙江人民,黑龙江人民,,哈尔滨,3,1979,1版1次,64,27万,0.09,10,25,Ref002:157,单册：拾划,,,荷叶雷/出版社：黑龙江人民/改编：李遵义/绘画：王景祥/79年3月1版1次64开/印数：27万0.09元/市场交流价：/9品：10元/10品：25元,PaddlePaddle
被出卖的女儿,被出卖的女儿,,改编：于秀溪 绘画：马程,,,改编：于秀溪,于秀溪,改编,绘画：马程,马程,绘画,,,,,,,,,,,,,人民美术,人民美术,,,2,1980,1版1次,64,98万,0.18,25,45,Ref002:157,单册：拾划,,Title_missing_sic.,出版社：人民美术/改编：于秀溪/绘画：马程/80年2月1版1次64开/印数：98万定价：0.18元/市场交流价：/9品：25元/10品：45元,PaddlePaddle
桥隆飙（上下）,桥隆飙,（上下）,改编：韩秀岚 绘者：季源业季津业,,,改编：韩秀岚,韩秀岚,改编,绘者：季源业,季源业,绘者,绘者：季津业,季津业,绘者,,,,,,,,,,天津人民美术,天津人民美术,,天津,3,1983,1版2次,64,39.1万,0.42,30（全套）,45,Ref002:158,单册：拾划,,,桥隆飙(上下)/出版社：天津人民美术/改编：韩秀岚/绘者：季源业季津业/83年3月1版2次64开/印数：39.1万定价：0.42元/市场交流价：/9品：30元（全套）/10品：45元,PaddlePaddle
桥隆飙（上下）,桥隆飙,（上下）,改编：李大发 绘画：安希健,,,改编：李大发,李大发,改编,绘画：安希健,安希健,绘画,,,,,,,,,,,,,上海人民美术,上海人民美术,,上海,4,1983,1版1次,64,21万,0.38,30（全套）,60,Ref002:158,单册：拾划,,,桥隆飙(上下)/出版社：上海人民美术/改编：李大发/绘画：安希健/83年4月1版1次64开/印数：21万定价：0.38元/市场交流价：/9品：30元（全套）/10品：60元,PaddlePaddle
桥隆飙,桥隆飙,,改编：江晖 绘画：王启民等,,,改编：江晖,江晖,改编,绘画：王启民,王启民,绘画,绘画：等,等,绘画,,,,,,,,,,人民美术,人民美术,,,11,1982,1版1次,64,40万,0.29,15,30,Ref002:158,单册：拾划,,,桥隆飙/出版社：人民美术/改编：江晖/绘画：王启民等/82年11月1版1次64开/印数：40万定价：0.29元/市场交流价：/9品：15元/10品：30元,PaddlePaddle
飙字军,飙字军,,改编：年青山 绘画：杨秀坤,,,改编：年青山,年青山,改编,绘画：杨秀坤,杨秀坤,绘画,,,,,,,,,,,,,黑龙江人民,黑龙江人民,,哈尔滨,6,1984,1版1次,64,14.2万,0.29,10,20,Ref002:158,单册：拾划,,,飙字军/出版社：黑龙江人民/改编：年青山/绘画：杨秀坤/84年6月1版1次64开/印数：14.2万定价：0.29元/市场交流价：/9品：10元/10品：20元,PaddlePaddle
狂飙支队（上下）,狂飙支队,（上下）,编文：佟文焕 绘画：张鸿飞韩丽娟,,,编文：佟文焕,佟文焕,编文,绘画：张鸿飞,张鸿飞,绘画,绘画：韩丽娟,韩丽娟,绘画,,,,,,,,,,辽宁美术,辽宁美术,,沈阳,1,1985,1版1次,64,58.9万,0.58,18（全套）,25,Ref002:158,单册：拾划,,,狂飙支队(上下)/出版社：辽宁美术/编文：佟文焕/绘画：张鸿飞韩丽娟/85年1月1版1次64开/印数：58.9万定价：0.58元/市场交流价：/9品：18元（全套）/10品：25元,PaddlePaddle
胶东奇军（上下）,胶东奇军,（上下）,编者：白木 绘者：刘宝仲张成久,,,编者：白木,白木,编者,绘者：刘宝仲,刘宝仲,绘者,绘者：张成久,张成久,绘者,,,,,,,,,,吉林人民,吉林人民,,长春,10,1984,1版1次,64,78万,0.44,10（全套）,15,Ref002:158,单册：拾划,,,胶东奇军（上下)/出版社：吉林人民/编者：白木/绘者：刘宝仲张成久/84年10月1版1次64开/印数：78万定价：0.44元/市场交流价：/9品：10元（全套）/10品：15元,PaddlePaddle
爱情的位置,爱情的位置,,改编：叶惠元 绘者：殷恩光,,,改编：叶惠元,叶惠元,改编,绘者：殷恩光,殷恩光,绘者,,,,,,,,,,,,,上海人民美术,上海人民美术,,上海,4,1980,1版1次,64,50万,0.1,35,60,Ref002:158,单册：拾划,,,爱情的位置/出版社：上海人民美术/改编：叶惠元/绘者：殷恩光/80年4月1版1次64开/印数：50万定价：0.10元/市场交流价：/9品：35元/10品：60元,PaddlePaddle
爱情的位置,爱情的位置,,改编：吴可 绘者：沈尧伊,,,改编：吴可,吴可,改编,绘者：沈尧伊,沈尧伊,绘者,,,,,,,,,,,,,人民美术,人民美术,,,12,1979,1版1次,64,87万,0.11,8,15,Ref002:158,单册：拾划,,,爱情的位置/出版社：人民美术/改编：吴可/绘者：沈尧伊/79年12月1版1次64开/印数：87万定价：0.11元/市场交流价：/9品：8元/10品：15元,PaddlePaddle
恐怖的森林,恐怖的森林,,改编：沈在召 绘画：沈在召,,,改编：沈在召,沈在召,改编,绘画：沈在召,沈在召,绘画,,,,,,,,,,,,,湖南美术,湖南美术,,长沙,10,1983,1版1次,64,27.3万,0.16,10,20,Ref002:159,单册：拾划,,,恐怖的森林/出版社：湖南美术/改编：沈在召/绘画：沈在召/83年10月1版1次64开/印数：27.3万定价：0.16元/市场交流价：/9品：10元/10品：20元,PaddlePaddle
恐怖的森林,恐怖的森林,,改编：李久洪 绘画：李久洪裘国骥,,,改编：李久洪,李久洪,改编,绘画：李久洪,李久洪,绘画,绘画：裘国骥,裘国骥,绘画,,,,,,,,,,江苏美术,江苏美术,,南京,2,1984,1版1次,64,20.79万,0.23,15,25,Ref002:159,单册：拾划,,,恐怖的森林/出版社：江苏美术/改编：李久洪/绘画：李久洪裘国骥/84年2月1版1次64开/印数：20.79万定价：0.23元/市场交流价：/9品：15元/10品：25元,PaddlePaddle
恐怖的森林,恐怖的森林,,改编：何培新 绘画：刘秉贤,,,改编：何培新,何培新,改编,绘画：刘秉贤,刘秉贤,绘画,,,,,,,,,,,,,浙江人民美术,浙江人民美术,,杭州,12,1984,1版1次,64,26万,0.33,8,15,Ref002:159,单册：拾划,,,恐怖的森林/出版社：浙江人民美术/改编：何培新/绘画：刘秉贤/84年12月1版1次64开/印数：26万定价：0.33元/市场交流价：/9品：8元/10品：15元,PaddlePaddle
在恐怖的森林里,在恐怖的森林里,,改编：希华青青 绘画：朱维明,,,改编：希华,希华,改编,改编：青青,青青,改编,绘画：朱维明,朱维明,绘画,,,,,,,,,,河北美术,河北美术,,石家庄,6,1983,1版1次,64,19.9万,0.18,10,20,Ref002:159,单册：拾划,,Sic._Author_Core_2,在恐怖的森林里/出版社：河北美术/改编：希华青青/绘画：朱维明/83年6月1版1次64开/印数：19.9万定价：0.18元/市场交流价：/9品：10元/10品：20元,PaddlePaddle
铁山妹,铁山妹,,编者：刘显栋 绘画：方隆昌,,,编者：刘显栋,刘显栋,编者,绘画：方隆昌,方隆昌,绘画,,,,,,,,,,,,,湖北人民,湖北人民,,武汉,5,1977,1版1次,64,,0.09,8,15,Ref002:159,单册：拾划,,,铁山妹/出版社：湖北人民/编者：刘显栋/绘画：方隆昌/77年5月1版1次64开/印数：未详定价：0.09元/市场交流价：/9品：8元/10品：15元,PaddlePaddle
铁骑（上下）,铁骑,（上下）,改编：张书良等 绘画：杨刚卢风歧,,,改编：张书良,张书良,改编,改编：等,等,改编,绘画：杨刚,杨刚,绘画,绘画：卢风歧,卢风歧,绘画,,,,,,,内蒙古人民,内蒙古人民,,呼和浩特市,9,1976,1版1次,64,15万,0.3,25（全套）,40,Ref002:159,单册：拾划,,,铁骑(上下)/出版社：内蒙古人民/改编：张书良等/绘画：杨刚卢风歧/76年9月1版1次64开/印数：15万定价：0.30元/市场交流价：/9品：25元（全套）/10品：40元,PaddlePaddle
浦江红侠传,浦江红侠传,,改编：沈深 绘画：陈云华等,,,改编：沈深,沈深,改编,绘画：陈云华,陈云华,绘画,绘画：等,等,绘画,,,,,,,,,,上海人民美术,上海人民美术,,上海,8,1984,1版3次,64,161万,0.22,5,15,Ref002:159,单册：拾划,,,浦江红侠传/出版社：上海人民美术/改编：沈深/绘画：陈云华等/84年8月1版3次64开/印数：161万定价：0.22元/市场交流价：/9品：5元/10品：15元,PaddlePaddle
浦江红侠传,浦江红侠传,,改编：基石 绘画：孙庆国施琦平,,,改编：基石,基石,改编,绘画：孙庆国,孙庆国,绘画,绘画：施琦平,施琦平,绘画,,,,,,,,,,江苏人民,江苏人民,,南京,7,1982,1版1次,64,48.4万,0.29,15,30,Ref002:159,单册：拾划,,,浦江红侠传/出版社：江苏人民/改编：基石/绘画：孙庆国施琦平/82年7月1版1次64开/印数：48.4万定价：0.29元/市场交流价：/9品：15元/10品：30元,PaddlePaddle
高山下的花环,高山下的花环,,改编：梅文 绘画：陈军,,,改编：梅文,梅文,改编,绘画：陈军,陈军,绘画,,,,,,,,,,,,,山西人民,山西人民,,太原,3,1984,1版1次,64,3.3万,0.23,15,25,Ref002:160,单册：拾划,,,高山下的花环/出版社：山西人民/改编：梅文/绘画：陈军/84年3月1版1次64开/印数：3.3万 定价：0.23元/市场交流价：/9品：15元/10品：25元,PaddlePaddle
高山下的花环,高山下的花环,,改编：陈国荣 绘画：顾莲塘许勇,,,改编：陈国荣,陈国荣,改编,绘画：顾莲塘,顾莲塘,绘画,绘画：许勇,许勇,绘画,,,,,,,,,,辽宁美术,辽宁美术,,沈阳,4,1983,1版4次,64,68.5万,0.23,20,35,Ref002:160,单册：拾划,,,"高山下的花环/出版社：辽宁美术/改编：陈国荣/绘画：顾莲塘许勇/83年4月1版4次64开/印数：68.5万定价：0.23元/市场交流价：/9品：20元/10品：35元/,",PaddlePaddle
花环,花环,,改编：韩双东 绘画：关庆留,,,改编：韩双东,韩双东,改编,绘画：关庆留,关庆留,绘画,,,,,,,,,,,,,陕西人民美术,陕西人民美术,,西安,12,1983,1版1次,64,9万,0.19,35,70,Ref002:160,单册：拾划,,,花环/出版社：陕西人民美术/改编：韩双东/绘画：关庆留/83年12月1版1次64开/印数：9万定价：0.19元/市场交流价：/9品：35元/10品：70元,PaddlePaddle
高山下的花环,高山下的花环,,改编：王成喜 绘画：白仁海等,,,改编：王成喜,王成喜,改编,绘画：白仁海,白仁海,绘画,绘画：等,等,绘画,,,,,,,,,,山东人民美术,山东人民美术,,,8,1983,1版1次,64,11.45万,0.21,20,40,Ref002:160,单册：拾划,,,高山下的花环/出版社：山东人民美术/改编：王成喜/绘画：白仁海等/83年8月1版1次64开/印数：11.45万定价：0.21元/市场交流价：/9品：20元/10品：40元,PaddlePaddle
高山下的花环,高山下的花环,,改编：于秀溪 绘画：王晋泰,,,改编：于秀溪,于秀溪,改编,绘画：王晋泰,王晋泰,绘画,,,,,,,,,,,,,河北美术,河北美术,,石家庄,8,1984,1版1次,64,17.7万,0.28,20,40,Ref002:160,单册：拾划,,,高山下的花环/出版社：河北美术/改编：于秀溪/绘画：王晋泰/84年8月1版1次64开/印数：17.7万 定价：0.28元/市场交流价：/9品：20元/10品：40元,PaddlePaddle
高山下的花环,高山下的花环,,改编：陈列 绘画：钟开天,,,改编：陈列,陈列,改编,绘画：钟开天,钟开天,绘画,,,,,,,,,,,,,湖南美术,湖南美术,,长沙,8,1983,1版1次,64,25.2万,0.22,20,40,Ref002:160,单册：拾划,《高山下的花环》版本较多。除本书已选登外，尚有广西版，雷德祖绘、人美版、刘永凯绘、广东版、王国经绘。,,高山下的花环/出版社：湖南美术/改编：陈列/绘画：钟开天/83年8月1版1次64开/印数：25.2万定价：0.22元/市场交流价：/9品：20元/10品：40元,PaddlePaddle
骨肉情,骨肉情,,改编：许胤丰 绘画：盛元龙,,,改编：许胤丰,许胤丰,改编,绘画：盛元龙,盛元龙,绘画,,,,,,,,,,,,,浙江人民,浙江人民,,杭州,7,1979,1版1次,64,7.5万,0.12,10,20,Ref002:160,单册：拾划,,,骨肉情/出版社：浙江人民/改编：许胤丰/绘画：盛元龙/79年7月1版1次64开/印数：7.5万定价：0.12元/市场交流价：/9品：10元/10品：20元,PaddlePaddle
夏明翰,夏明翰,,改编：蒋昭艺 绘画：吴国威,,,改编：蒋昭艺,蒋昭艺,改编,绘画：吴国威,吴国威,绘画,,,,,,,,,,,,,湖南美术,湖南美术,,长沙,10,1984,1版1次,64,8.3万,0.2,15,20,Ref002:160,单册：拾划,,,夏明翰/出版社：湖南美术/改编：蒋昭艺/绘画：吴国威/84年10月1版1次64开/印数：8.3万定价：0.20元/市场交流价：/9品：15元/10品：20元,PaddlePaddle
晋阳秋（上）,晋阳秋,（上）,改编：李大发 绘画：傅琳柴山林,,,改编：李大发,李大发,改编,绘画：傅琳,傅琳,绘画,绘画：柴山林,柴山林,绘画,,,,,,,,,,山西人民,山西人民,,太原,12,1982,1版1次,64,24.26万,0.18,10,15,Ref002:161,单册：拾划,,,晋阳秋（上）/出版社：山西人民/改编：李大发/绘画：傅琳柴山林/82年12月1版1次64开/印数：24.26万定价：0.18元/市场交流价：/9品：10元/10品：15元,PaddlePaddle
晋阳秋（下）,晋阳秋,（下）,改编：李大发 绘画：傅琳柴山林,,,改编：李大发,李大发,改编,绘画：傅琳,傅琳,绘画,绘画：柴山林,柴山林,绘画,,,,,,,,,,山西人民,山西人民,,太原,8,1983,1版1次,64,10.67万,0.18,25,40,Ref002:161,单册：拾划,,,晋阳秋（下）/出版社：山西人民/改编：李大发/绘画：傅琳柴山林/83年8月1版1次64开/印数：10.67万定价：0.18元/市场交流价：/9品：25元/10品：40元,PaddlePaddle
原野,原野,,改编：庄宏安 绘画：赵奇,,,改编：庄宏安,庄宏安,改编,绘画：赵奇,赵奇,绘画,,,,,,,,,,,,,辽宁美术,辽宁美术,,沈阳,4,1985,1版1次,64,24.44万,0.37,10,15,Ref002:161,单册：拾划,,,原野/出版社：辽宁美术/改编：庄宏安/绘画：赵奇/85年4月1版1次64开/印数：24.44万定价：0.37元/市场交流价：/9品：10元/10品：15元,PaddlePaddle
倪焕之,倪焕之,,改编：李白英 绘画：盛增祥,,,改编：李白英,李白英,改编,绘画：盛增祥,盛增祥,绘画,,,,,,,,,,,,,上海人民美术,上海人民美术,,上海,8,1982,1版1次,64,22万,0.27,25,50,Ref002:161,单册：拾划,,,倪焕之/出版社：上海人民美术/改编：李白英/绘画：盛增祥/82年8月1版1次64开/印数：22万定价：0.27元/市场交流价：/9品：25元/10品：50元,PaddlePaddle
钻天峰（上下）,钻天峰,（上下）,编者：刘英杰 绘画：李杰梅边,,,编者：刘英杰,刘英杰,编者,绘画：李杰,李杰,绘画,绘画：梅边,梅边,绘画,,,,,,,,,,人民美术,人民美术,,,3,1982,1版1次,64,100万,0.16,40（全套）,60,Ref002:161,单册：拾划,,Sic._Author_Core_3,钻天峰(上下)/出版社：人民美术/编者：刘英杰/绘画：李杰梅边/82年3月1版1次64开/印数：100万定价：0.16元/市场交流价：/9品：40元（全套）/10品：60元,PaddlePaddle
顾正红,顾正红,,编文：戚未全 绘者：毛震耀,,,编文：戚未全,戚未全,编文,绘者：毛震耀,毛震耀,绘者,,,,,,,,,,,,,上海人民美术,上海人民美术,,上海,10,1982,1版1次,64,18万,0.08,10,20,Ref002:161,单册：拾划,,,顾正红/出版社：上海人民美术/编文：戚未全/绘者：毛震耀/82年10月1版1次64开/印数：18万定价：0.08元/市场交流价：/9品：10元/10品：20元,PaddlePaddle
秤的故事,秤的故事,,改编：苏继明等 绘画：高家明等,,,改编：苏继明,苏继明,改编,改编：等,等,改编,绘画：高家明,高家明,绘画,绘画：等,等,绘画,,,,,,,辽宁人民,辽宁人民,,沈阳,4,1978,1版1次,64,25.05万,0.09,8,15,Ref002:161,单册：拾划,,,秤的故事/出版社：辽宁人民/改编：苏继明等/绘画：高家明等/78年4月1版1次64开/印数：25.05万定价：0.09元/市场交流价：/9品：8元/10品：15元,PaddlePaddle
疾风,疾风,,改编：朱安平 绘画：秀公晓雁,,,改编：朱安平,朱安平,改编,绘画：秀公,秀公,绘画,绘画：晓雁,晓雁,绘画,,,,,,,,,,江苏人民,江苏人民,,南京,8,1977,1版1次,64,,0.14,15,25,Ref002:161,单册：拾划,,Sic._Author_Core_3,疾风/出版社：江苏人民/改编：朱安平/绘画：秀公晓雁/77年8月1版1次64开/印数：未详定价：0.14元/市场交流价：/9品：15元/10品：25元,PaddlePaddle
起宏图,起宏图,,改编：杨芷芳 绘画：唐西林等,,,改编：杨芷芳,杨芷芳,改编,绘画：唐西林,唐西林,绘画,绘画：等,等,绘画,,,,,,,,,,上海人民,上海人民,,上海,7,1977,1版1次,64,,0.07,15,25,Ref002:162,单册：拾划,,,起宏图/出版社：上海人民/改编：杨芷芳/绘画：唐西林等/77年7月1版1次64开/印数：未详定价：0.07元/市场交流价：/9品：15元/10品：25元,PaddlePaddle
铁壁岛,铁壁岛,,改编：徐明灿 绘画：叶雄,,,改编：徐明灿,徐明灿,改编,绘画：叶雄,叶雄,绘画,,,,,,,,,,,,,上海人民美术,上海人民美术,,上海,7,1978,1版1次,64,,0.16,20,35,Ref002:162,单册：拾划,,,铁壁岛/出版社：上海人民美术/改编：徐明灿/绘画：叶雄/78年7月1版1次64开/印数：未详定价：0.16元/市场交流价：/9品：20元/10品：35元,PaddlePaddle
敌后侦察,敌后侦察,,改编：竺乾华 绘画：丁世弼,,,改编：竺乾华,竺乾华,改编,绘画：丁世弼,丁世弼,绘画,,,,,,,,,,,,,浙江人民美术,浙江人民美术,,杭州,9,1982,1版1次,64,65万,0.21,10,15,Ref002:162,单册：拾划,,,敌后侦察/出版社：浙江人民美术/改编：竺乾华/绘画：丁世弼/82年9月1版1次64开/印数：65万定价：0.21元/市场交流价：/9品：10元/10品：15元,PaddlePaddle
党费,党费,,改编：成莫愁 绘画：桑麟康,,,改编：成莫愁,成莫愁,改编,绘画：桑麟康,桑麟康,绘画,,,,,,,,,,,,,上海人民美术,上海人民美术,,上海,7,1979,1版1次,64,30万,0.08,8,15,Ref002:162,单册：拾划,,,党费/出版社：上海人民美术/改编：成莫愁/绘画：桑麟康/79年7月1版1次64开/印数：30万定价：0.08元/市场交流价：/9品：8元/10品：15元,PaddlePaddle
夏伯阳,夏伯阳,,编文：孙剑影孙剑鸣 绘画：章文熙孙为国,,,编文：孙剑影,孙剑影,编文,编文：孙剑鸣,孙剑鸣,编文,绘画：章文熙,章文熙,绘画,绘画：孙为国,孙为国,绘画,,,,,,,江苏人民,江苏人民,,南京,5,1979,1版1次,64,40万,0.17,20,40,Ref002:162,单册：拾划,,,夏伯阳/出版社：江苏人民/编文：孙剑影孙剑鸣/绘画：章文熙孙为国/79年5月1版1次64开/印数：40万定价：0.17元/市场交流价：/9品：20元/10品：40元,PaddlePaddle
夏伯阳,夏伯阳,,改编：文文 绘画：罗兴,,,改编：文文,文文,改编,绘画：罗兴,罗兴,绘画,,,,,,,,,,,,,上海人民美术,上海人民美术,,上海,2,1979,2版1次,64,63万,0.18,50,100,Ref002:162,单册：拾划,,,夏伯阳/出版社：上海人民美术/改编：文文/绘画：罗 兴/79年2月2版1次64开/印数：63万定价：0.18元/市场交流价：/9品：50元/10品：100元,PaddlePaddle
夏倍上校,夏倍上校,,改编：甘礼乐 绘画：徐芝耀晓烨,,,改编：甘礼乐,甘礼乐,改编,绘画：徐芝耀,徐芝耀,绘画,绘画：晓烨,晓烨,绘画,,,,,,,,,,辽宁美术,辽宁美术,,沈阳,3,1984,1版1次,64,21万,0.25,5,15,Ref002:162,单册：拾划,,Sic._Author_Core_3,夏倍上校/出版社：辽宁美术/改编：甘礼乐/绘画：徐芝耀 晓烨/84年3月1版1次64开/印数：21万定价：0.25元/市场交流价：/9品：5元/10品：15元,PaddlePaddle
真假新娘,真假新娘,,改编：吴光文长关 绘画：韦文峰,,,改编：吴光文,吴光文,改编,改编：长关,长关,改编,绘画：韦文峰,韦文峰,绘画,,,,,,,,,,广西人民,广西人民,,南宁,7,1983,1版1次,64,30.65万,0.14,5,10,Ref002:162,单册：拾划,,Sic._Author_Core_2,真假新娘/出版社：广西人民/改编：吴光文长关/绘画：韦文峰 2/83年7月1版1次64开/印数：30.65万定价：0.14元/市场交流价：/9品：5元/10品：10元,PaddlePaddle
流浪儿,流浪儿,,改编：吴其柔 绘画：韩伍,,,改编：吴其柔,吴其柔,改编,绘画：韩伍,韩伍,绘画,,,,,,,,,,,,,上海人民美术,上海人民美术,,上海,3,1984,1版1次,60,17.4万,0.26,30,60,Ref002:163,单册：拾划,,,流浪儿/出版社：上海人民美术/改编：吴其柔/绘画：韩伍/84年3月1版1次60开/印数：17.4万定价：0.26元/市场交流价：/9品：30元/10品：60元,PaddlePaddle
流浪儿,流浪儿,,改编：姚启洪 绘画：梁平波,,,改编：姚启洪,姚启洪,改编,绘画：梁平波,梁平波,绘画,,,,,,,,,,,,,人民美术,人民美术,,,12,1981,1版1次,64,73万,0.15,8,15,Ref002:163,单册：拾划,,,流浪儿/出版社：人民美术/改编：姚启洪/绘画：梁平波/81年12月1版1次64开/印数：73万定价：0.15元/市场交流价：/9品：8元/10品：15元,PaddlePaddle
埃米尔捕盗记,埃米尔捕盗记,,改编：辛果 绘画：李冠国,,,改编：辛果,辛果,改编,绘画：李冠国,李冠国,绘画,,,,,,,,,,,,,辽宁美术,辽宁美术,,沈阳,6,1982,1版2次,64,19.7万,0.31,8,15,Ref002:163,单册：拾划,,,埃米尔捕盗记/出版社：辽宁美术/改编：辛果/绘画：李冠国/82年6月1版2次64开/印数：19.7万定价：0.31元/市场交流价：/9品：8元/10品：15元,PaddlePaddle
黑珍珠球王贝利,黑珍珠球王贝利,,编文：黄振惇李叔均等 绘画：古月等,,,编文：黄振惇,黄振惇,编文,编文：李叔均,李叔均,编文,编文：等,等,编文,绘画：古月,古月,绘画,绘画：等,等,绘画,,,,四川人民,四川人民,,成都,11,1981,1版1次,64,25万,0.11,10,20,Ref002:163,单册：拾划,,,黑珍珠球王贝利/出版社：四川人民/编文：黄振惇李叔均等/绘画：古月等/81年11月1版1次64开/印数：25万定价：0.11元/市场交流价：/9品：10元/10品：20元,PaddlePaddle
高龙巴（上下）,高龙巴,（上下）,改编：劳有林裴高 绘画：胡志荣等,,,改编：劳有林,劳有林,改编,改编：裴高,裴高,改编,绘画：胡志荣,胡志荣,绘画,绘画：等,等,绘画,,,,,,,上海人民美术,上海人民美术,,上海,6,1990,1版1次,64,0.32万,1.48,50（全套）,80,Ref002:163,单册：拾划,,Sic._Author_Core_2,高龙巴（上下）/出版社：上海人民美术/改编：劳有林裴高/绘画：胡志荣等/90年6月1版1次64开/印数：0.32万定价：1.48元/市场交流价：/9品：50元（全套）/10品：80元,PaddlePaddle
爱丽丝梦游奇境记,爱丽丝梦游奇境记,,改编：蔡体荣 绘画：庄根生,,,改编：蔡体荣,蔡体荣,改编,绘画：庄根生,庄根生,绘画,,,,,,,,,,,,,上海人民美术,上海人民美术,,上海,11,1984,1版1次,64,20.4万,0.3,10,15,Ref002:163,单册：拾划,,,爱丽丝梦游奇境记/出版社：上海人民美术/改编：蔡体荣/绘画：庄根生/84年11月1版1次64开/印数：20.4万定价：0.30元/市场交流价：/9品：10元/10品：15元,PaddlePaddle
唐·吉诃德,唐·吉诃德,,改编：力行 绘画：雷时圣等,,,改编：力行,力行,改编,绘画：雷时圣,雷时圣,绘画,绘画：等,等,绘画,,,,,,,,,,四川人民,四川人民,,成都,5,1983,1版1次,64,20.28万,0.17,15,25,Ref002:163,单册：拾划,,,唐·吉诃德/出版社：四川人民/改编：力行/绘画：雷时圣等/83年5月1版1次64开/印数：20.28万定价：0.17元/市场交流价：/9品：15元/10品：25元,PaddlePaddle
高尔基教养院,高尔基教养院,,改编：毛永煌 绘画：永成,,,改编：毛永煌,毛永煌,改编,绘画：永成,永成,绘画,,,,,,,,,,,,,江苏人民,江苏人民,,南京,10,1983,1版1次,64,2.95万,0.19,10,20,Ref002:163,单册：拾划,,,高尔基教养院/出版社：江苏人民/:毛永煌/绘画：永成/83年10月1版1次64开/印数：2.95万定价：0.19元/市场交流价：/9品：10元/10品：20元,PaddlePaddle
“海怪”之谜,“海怪”之谜,,改编：胡源 绘画：毛文彪吴海燕,,,改编：胡源,胡源,改编,绘画：毛文彪,毛文彪,绘画,绘画：吴海燕,吴海燕,绘画,,,,,,,,,,人民美术,人民美术,,,10,1984,1版1次,60,29万,0.42,10,15,Ref002:164,单册：拾划,《“海怪”之谜》与《海底两万里》为同一题材。,,“海怪”之谜/出版社：人民美术/改编：胡源/绘画：毛文彪、吴海燕/84年10月1版1次60开/印数：29万定价：0.42元/市场交流价：/9品：10元/10品：15元,PaddlePaddle
海底两万里（上）,海底两万里,（上）,改编：何泥 绘画：孙愚,,,改编：何泥,何泥,改编,绘画：孙愚,孙愚,绘画,,,,,,,,,,,,,辽宁美术,辽宁美术,,沈阳,6,1981,1版1次,64,45万,0.19,10,20,Ref002:164,单册：拾划,《“海怪”之谜》与《海底两万里》为同一题材。,,海底两万里(上)/出版社：辽宁美术/改编：何泥/绘画：孙愚/81年6月1版1次64开/印数：45万定价：0.19元/市场交流价：/9品：10元/10品：20元,PaddlePaddle
海底两万里（中）,海底两万里,（中）,改编：何泥 绘画：孙愚,,,改编：何泥,何泥,改编,绘画：孙愚,孙愚,绘画,,,,,,,,,,,,,辽宁美术,辽宁美术,,沈阳,10,1982,1版1次,64,12.1万,0.17,25,45,Ref002:164,单册：拾划,《“海怪”之谜》与《海底两万里》为同一题材。,,海底两万里(中)/出版社：辽宁美术/改编：何泥/绘画：孙愚/82年10月1版1次64开/印数：12.1万定价：0.17元/市场交流价：/9品：25元/10品：45元,PaddlePaddle
海底两万里（下）,海底两万里,（下）,改编：何泥 绘画：孙愚,,,改编：何泥,何泥,改编,绘画：孙愚,孙愚,绘画,,,,,,,,,,,,,辽宁美术,辽宁美术,,沈阳,7,1984,1版1次,64,6.507万,0.22,25,55,Ref002:164,单册：拾划,《“海怪”之谜》与《海底两万里》为同一题材。,,海底两万里(下)/出版社：辽宁美术/改编：何泥/绘画：孙愚/84年7月1版1次64开/印数：6.507万定价：0.22元/市场交流价：/9品：25元/10品：55元,PaddlePaddle
海底两万里（上下）,海底两万里,（上下）,改编：卞福顺 绘画：黄云松,,,改编：卞福顺,卞福顺,改编,绘画：黄云松,黄云松,绘画,,,,,,,,,,,,,天津人民美术,天津人民美术,,天津,9,1981,1版1次,64,20万,0.36,35（全套）,60,Ref002:164,单册：拾划,,,海底两万里(上下）/出版社：天津人民美术/改编：卞福顺/绘画：黄云松/81年9月1版1次64开/印数：20万定价：0.36元/市场交流价：/9品：35元（全套）/10品：60元,PaddlePaddle
海的女儿,海的女儿,,编著：（丹）安徒生 绘画：翁文忠邓二龙,编著：安徒生 绘画：翁文忠邓二龙,（丹）,编著：（丹）安徒生,（丹）安徒生,编著,绘画：翁文忠,翁文忠,绘画,绘画：邓二龙,邓二龙,绘画,,,,,,,,,,广西人民,广西人民,,南宁,6,1981,1版1次,64,64万,0.11,15,30,Ref002:164,单册：拾划,,,海的女儿/出版社：广西人民/编著：（丹）安徒生/绘画：翁文忠邓二龙/81年6月1版1次64开/印数：64万定价：0.11元/市场交流价：/9品：15元/10品：30元,PaddlePaddle
海底城的国王,海底城的国王,,改编：茅永 绘画：孙愚,,,改编：茅永,茅永,改编,绘画：孙愚,孙愚,绘画,,,,,,,,,,,,,浙江人民美术,浙江人民美术,,杭州,7,1984,1版1次,64,20.5万,0.2,8,15,Ref002:164,单册：拾划,,,海底城的国王/出版社：浙江人民美术/改编：茅永/绘画：孙愚/84年7月1版1次64开/印数：20.5万定价：0.20元/市场交流价：/9品：8元/10品：15元,PaddlePaddle
海底奇观,海底奇观,,改编：徐英杰 绘者：王双贵,,,改编：徐英杰,徐英杰,改编,绘者：王双贵,王双贵,绘者,,,,,,,,,,,,,河北美术,河北美术,,石家庄,11,1983,1版1次,64,6.5万,0.18,8,15,Ref002:164,单册：拾划,,,海底奇观/出版社：河北美术/改编：徐英杰/绘者：王双贵/83年11月1版1次64开/印数：6.5万定价：0.18元/市场交流价：/9品：8元/10品：15元,PaddlePaddle
绿野仙踪,绿野仙踪,,改编：胡羽中 绘画：刘露薇,,,改编：胡羽中,胡羽中,改编,绘画：刘露薇,刘露薇,绘画,,,,,,,,,,,,,岭南美术,岭南美术,,广州,4,1987,1版1次,64,,0.37,10,20,Ref002:165,单册：拾划,,,绿野仙踪/出版社：岭南美术/改编：胡羽中/绘画：刘露薇/87年4月1版1次64开/印数：未详 定价：0.37元/市场交流价：/9品：10元/10品：20元,PaddlePaddle
绿野仙踪,绿野仙踪,,改编：虞伟民 绘画：潘宝珠,,,改编：虞伟民,虞伟民,改编,绘画：潘宝珠,潘宝珠,绘画,,,,,,,,,,,,,上海人民美术,上海人民美术,,上海,11,1980,1版1次,64,70万,0.12,15,30,Ref002:165,单册：拾划,,,0 绿野仙踪/出版社：上海人民美术/改编：虞伟民/绘画：潘宝珠/80年11月1版1次64开/印数：70万定价：0.12元/市场交流价：/9品：15元/10品：30元,PaddlePaddle
绿野仙踪,绿野仙踪,,改编：白玉 绘画：徐锡林,,,改编：白玉,白玉,改编,绘画：徐锡林,徐锡林,绘画,,,,,,,,,,,,,人民美术,人民美术,,,9,1981,1版1次,64,49万,0.1,10,18,Ref002:165,单册：拾划,,,绿野仙踪/出版社：人民美术/改编：白玉/绘画：徐锡林/81年9月1版1次64开/印数：49万定价：0.10元/市场交流价：/9品：10元/10品：18元,PaddlePaddle
绿野仙踪,绿野仙踪,,改编：毛亮英 绘画：高宝生,,,改编：毛亮英,毛亮英,改编,绘画：高宝生,高宝生,绘画,,,,,,,,,,,,,天津人民美术,天津人民美术,,天津,3,1982,1版1次,64,38.1万,0.16,15,30,Ref002:165,单册：拾划,,,绿野仙踪/出版社：天津人民美术/改编：毛亮英/绘画：高宝生/82年3月1版1次64开/印数：38.1万定价：0.16元/市场交流价：/9品：15元/10品：30元,PaddlePaddle
绿野仙踪,绿野仙踪,,改编：王海平 绘画：徐锡林,,,改编：王海平,王海平,改编,绘画：徐锡林,徐锡林,绘画,,,,,,,,,,,,,人民美术,人民美术,,,3,1987,1版1次,64,3万,,30（全套）,60,Ref002:165,单册：拾划,,,绿野仙踪/出版社：人民美术/改编：王海平/绘画：徐锡林/87年3月1版1次64开/印数：3万/市场交流价：/9品：30元（全套）/10品：60元,PaddlePaddle
多萝茜,多萝茜,,改编：武修敬 绘画：徐中益,,,改编：武修敬,武修敬,改编,绘画：徐中益,徐中益,绘画,,,,,,,,,,,,,湖南少年儿童,湖南少年儿童,,长沙,11,1983,1版1次,64,6.1万,0.2,15,35,Ref002:165,单册：拾划,,,多萝茜/出版社：湖南少年儿童/改编：武修敬/绘画：徐中益/83年11月1版1次64开/印数：6.1万定价：0.20元/市场交流价：/9品：15元/10品：35元,PaddlePaddle
航行曰记的秘密,航行曰记的秘密,,改编：王志冲 绘画：孙永印,,,改编：王志冲,王志冲,改编,绘画：孙永印,孙永印,绘画,,,,,,,,,,,,,人民美术,人民美术,,,11,1985,1版1次,64,10万,0.27,8,20,Ref002:165,单册：拾划,,,航行曰记的秘密/出版社：人民美术/改编：王志冲/绘画：孙永印/85年11月1版1次64开/印数：10万定价：0.27元/市场交流价：/9品：8元/10品：20元,PaddlePaddle
铁流,铁流,,改编：水清 绘画：梁启德,,,改编：水清,水清,改编,绘画：梁启德,梁启德,绘画,,,,,,,,,,,,,浙江人民美术,浙江人民美术,,杭州,2,1984,1版1次,64,27万,0.19,20,35,Ref002:165,单册：拾划,,,铁流/出版社：浙江人民美术/改编：水清/绘画：梁启德/84年2月1版1次64开/印数：27万定价：0.19元/市场交流价：/9品：20元/10品：35元,PaddlePaddle
高老头,高老头,,改编：丁立平 绘画：秀公聂磊,,,改编：丁立平,丁立平,改编,绘画：秀公,秀公,绘画,绘画：聂磊,聂磊,绘画,,,,,,,,,,江苏人民,江苏人民,,南京,6,1982,1版1次,64,28.6万,0.19,15,25,Ref002:166,单册：拾划,,Sic._Author_Core_3,高老头/出版社：江苏人民/改编：丁立平/绘画：秀公聂磊/82年6月1版1次64开/印数：28.6万定价：0.19元/市场交流价：/9品：15元/10品：25元,PaddlePaddle
高老头,高老头,,改编：王成荣 绘画：方昉陈纪仁,,,改编：王成荣,王成荣,改编,绘画：方昉,方昉,绘画,绘画：陈纪仁,陈纪仁,绘画,,,,,,,,,,上海人民美术,上海人民美术,,上海,12,1982,1版1次,64,26万,0.29,20,40,Ref002:166,单册：拾划,,,高老头/出版社：上海人民美术/改编：王成荣/绘画：方昉陈纪仁/82年12月1版1次64开/印数：26万定价：0.29元/市场交流价：/9品：20元/10品：40元,PaddlePaddle
笑面人,笑面人,,改编：任宝贤 绘画：张定华,,,改编：任宝贤,任宝贤,改编,绘画：张定华,张定华,绘画,,,,,,,,,,,,,人民美术,人民美术,,,5,1985,1版1次,64,14.5万,0.53,30,60,Ref002:166,单册：拾划,,,笑面人/出版社：人民美术/改编：任宝贤/绘画：张定华/85年5月1版1次64开 ./印数：14.5万定价：0.53元/市场交流价：/9品：30元/10品：60元,PaddlePaddle
笑面人,笑面人,,改编：陆和荪 绘画：梁平波,,,改编：陆和荪,陆和荪,改编,绘画：梁平波,梁平波,绘画,,,,,,,,,,,,,浙江人民美术,浙江人民美术,,杭州,8,1984,1版1次,64,24万,0.3,20,40,Ref002:166,单册：拾划,,,笑面人/出版社：浙江人民美术/改编：陆和荪/绘画：梁平波/84年8月1版1次64开/印数：24万定价：0.30元/市场交流价：/9品：20元/10品：40元,PaddlePaddle
恶魔导演的战争,恶魔导演的战争,,改编：徐涂 绘画：陈军,,,改编：徐涂,徐涂,改编,绘画：陈军,陈军,绘画,,,,,,,,,,,,,中国文联,中国文联,,北京,12,1984,1版1次,64,,0.33,5,10,Ref002:166,单册：拾划,,,恶魔导演的战争/出版社：中国文联/改编：徐涂/绘画：陈军/84年12月1版1次64开/印数：未详定价：0.33元/市场交流价：/9品：5元/10品：10元,PaddlePaddle
恶魔导演的战争,恶魔导演的战争,,改编：王颖 绘画：孙荣山黄少玲,,,改编：王颖,王颖,改编,绘画：孙荣山,孙荣山,绘画,绘画：黄少玲,黄少玲,绘画,,,,,,,,,,昆仑,昆仑,,北京,7,1985,1版1次,64,,0.3,10,20,Ref002:166,单册：拾划,,,恶魔导演的战争/出版社：昆仑/改编：王颖/绘画：孙荣山黄少玲/85年7月1版1次64开/印数：未详 定价：0.30元/市场交流价：/9品：10元/10品：20元,PaddlePaddle
爱美丽雅,爱美丽雅,,改编：孙加瑞 绘画：胡克文,,,改编：孙加瑞,孙加瑞,改编,绘画：胡克文,胡克文,绘画,,,,,,,,,,,,,上海人民美术,上海人民美术,,上海,1,1984,2版3次,60,39.5万,0.18,20,40,Ref002:166,单册：拾划,,,爱美丽雅/出版社：上海人民美术/改编：孙加瑞/绘画：胡克文/84年1月2版3次60开/印数：39.5万定价：0.18元/市场交流价：/9品：20元/10品：40元,PaddlePaddle
哥仑布,哥仑布,,编文：胡霜 绘画：黄云松,,,编文：胡霜,胡霜,编文,绘画：黄云松,黄云松,绘画,,,,,,,,,,,,,浙江人民美术,浙江人民美术,,杭州,1,1980,1版1次,64,40万,0.15,15,30,Ref002:166,单册：拾划,,,哥仑布/出版社：浙江人民美术/编文：胡霜/绘画：黄云松/80年1月1版1次64开/印数：40万 定价：0.15元/市场交流价：/9品：15元/10品：30元,PaddlePaddle
淀宝潭,淀宝潭,,编文：听涛 绘画：陈光镒,,,编文：听涛,听涛,编文,绘画：陈光镒,陈光镒,绘画,,,,,,,,,,,,,福建人民,福建人民,,福州,2,1980,1版1次,64,50万,0.09,30,60,Ref002:167,单册：拾壹划,,,淀宝潭/出版社：福建人民/编文：听涛/绘画：陈光镒/80年2月1版1次64开/印数：50万定价：0.09元/市场交流价：/9品：30元/10品：60元,PaddlePaddle
断肠悲歌,断肠悲歌,,编文：项冰如 绘画：匈棣（徐有武）,,,编文：项冰如,项冰如,编文,绘画：匈棣(徐有武),匈棣(徐有武),绘画,,,,,,,,,,,,,浙江人民美术,浙江人民美术,,杭州,7,1988,1版1次,64,3.42万,0.38,8,15,Ref002:167,单册：拾壹划,,,断肠悲歌/出版社：浙江人民美术/编文：项冰如/绘画：匈棣 (徐有武)/88年7月1版1次64开/印数：3.42万定价：0.38元/市场交流价：/9品：8元/10品：15元,PaddlePaddle
梅女,梅女,,改编：褚福章 绘画：赵仁年等,,,改编：褚福章,褚福章,改编,绘画：赵仁年,赵仁年,绘画,绘画：等,等,绘画,,,,,,,,,,陕西人民美术,陕西人民美术,,西安,3,1982,1版1次,64,56万,0.23,8,15,Ref002:167,单册：拾壹划,,,梅女/出版社：陕西人民美术/改编：褚福章/绘画：赵仁年等/82年3月1版1次64开/印数：56万定价：0.23元/市场交流价：/9品：8元/10品：15元,PaddlePaddle
笛仙,笛仙,,改编：陈长慧 绘画：叶毓中,,,改编：陈长慧,陈长慧,改编,绘画：叶毓中,叶毓中,绘画,,,,,,,,,,,,,人民音乐,人民音乐,,北京,4,1983,1版1次,64,23.9万,0.13,25,60,Ref002:167,单册：拾壹划,,,笛仙/出版社：人民音乐/改编：陈长慧/绘画：叶毓中/83年4月1版1次64开/印数：23.9万定价：0.13元/市场交流价：/9品：25元/10品：60元,PaddlePaddle
黄头郎,黄头郎,,改编：廉俊生 绘画：张新国卢新东,,,改编：廉俊生,廉俊生,改编,绘画：张新国,张新国,绘画,绘画：卢新东,卢新东,绘画,,,,,,,,,,宁夏人民,宁夏人民,,银川,4,1983,1版1次,64,4.73万,0.1,20,40,Ref002:167,单册：拾壹划,,,黄头郎/出版社：宁夏人民/改编：廉俊生/绘画：张新国卢新东/83年4月1版1次64开/印数：4.73万定价：0.10元/市场交流价：/9品：20元/10品：40元,PaddlePaddle
深宫刺帝,深宫刺帝,,编文：汪佩琴于水 绘画：于玄于水,,,编文：汪佩琴,汪佩琴,编文,编文：于水,于水,编文,绘画：于玄,于玄,绘画,绘画：于水,于水,绘画,,,,,,,江苏美术,江苏美术,,南京,2,1986,1版1次,64,4.54万,0.46,10,20,Ref002:167,单册：拾壹划,,Sic._Author_Core_3,深宫刺帝/出版社：江苏美术/编文：汪佩琴于水/绘画：于玄于水/86年2月1版1次64开/印数：4.54万定价：0.46元/市场交流价：/9品：10元/10品：20元,PaddlePaddle
梨花狱,梨花狱,,改编：王杰夫孔尧其 绘画：陆华陈敏,,,改编：王杰夫,王杰夫,改编,改编：孔尧其,孔尧其,改编,绘画：陆华,陆华,绘画,绘画：陈敏,陈敏,绘画,,,,,,,浙江人民美术,浙江人民美术,,杭州,6,1985,1版1次,64,22万,0.27,15,25,Ref002:167,单册：拾壹划,,,梨花狱/出版社：浙江人民美术/改编：王杰夫孔尧其/绘画：陆华陈敏/85年6月1版1次64开/印数：22万定价：0.27元/市场交流价：/9品：15元/10品：25元,PaddlePaddle
望夫石,望夫石,,改编：李华章胡运枝 绘画：汪国新,,,改编：李华章,李华章,改编,改编：胡运枝,胡运枝,改编,绘画：汪国新,汪国新,绘画,,,,,,,,,,湖南美术,湖南美术,,长沙,6,1983,1版1次,64,10.2万,0.12,8,15,Ref002:167,单册：拾壹划,,,望夫石/出版社：湖南美术/改编：李华章胡运枝/绘画：汪国新/83年6月1版1次64开/印数：10.2万定价：0.12元/市场交流价：/9品：8元/10品：15元,PaddlePaddle
逼上梁山,逼上梁山,,改编：胡霜 绘画：孙昌茵,,,改编：胡霜,胡霜,改编,绘画：孙昌茵,孙昌茵,绘画,,,,,,,,,,,,,浙江人民美术,浙江人民美术,,杭州,1,1980,1版1次,64,40万,0.15,15,25,Ref002:168,单册：拾壹划,,,逼上梁山/出版社：浙江人民美术/改编：胡霜/绘画：孙昌茵/80年1月1版1次64开/印数：40万定价：0.15元/市场交流价：/9品：15元/10品：25元,PaddlePaddle
逼上梁山,逼上梁山,,改编：章霖 绘画：阴衍江,,,改编：章霖,章霖,改编,绘画：阴衍江,阴衍江,绘画,,,,,,,,,,,,,黑龙江人民,黑龙江人民,,哈尔滨,3,1980,1版1次,64,32万,0.14,15,30,Ref002:168,单册：拾壹划,,,逼上梁山/出版社：黑龙江人民/改编：章霖/绘画：阴衍江/80年3月1版1次64开/印数：32万定价：0.14元/市场交流价：/9品：15元/10品：30元,PaddlePaddle
逼上梁山,逼上梁山,,改编：鲁南 绘画：郑新羽,,,改编：鲁南,鲁南,改编,绘画：郑新羽,郑新羽,绘画,,,,,,,,,,,,,辽宁美术,辽宁美术,,沈阳,3,1981,1版1次,64,37.5万,0.22,10,15,Ref002:168,单册：拾壹划,,,逼上梁山/出版社：辽宁美术/改编：鲁南/绘画：郑新羽/81年3月1版1次64开/印数：37.5万定价：0.22元/市场交流价：/9品：10元/10品：15元,PaddlePaddle
逼上梁山,逼上梁山,,改编：黄钟王希平 绘画：任率英等,,,改编：黄钟,黄钟,改编,改编：王希平,王希平,改编,绘画：任率英,任率英,绘画,绘画：等,等,绘画,,,,,,,人民美术,人民美术,,,6,1980,1版2次,64,368万,0.13,20,50,Ref002:168,单册：拾壹划,,,逼上梁山/出版社：人民美术/改编：黄钟王希平/绘画：任率英等/80年6月1版2次64开/印数：368万定价：0.13元/市场交流价：/9品：20元/10品：50元,PaddlePaddle
黄巢起义,黄巢起义,,改编：郁茹 绘画：徐有武,,,改编：郁茹,郁茹,改编,绘画：徐有武,徐有武,绘画,,,,,,,,,,,,,浙江人民美术,浙江人民美术,,杭州,6,1984,1版1次,64,20.5万,0.25,25,50,Ref002:168,单册：拾壹划,,,黄巢起义/出版社：浙江人民美术/改编：郁茹/绘画：徐有武/84年6月1版1次64开/印数：20.5万定价：0.25元/市场交流价：/9品：25元/10品：50元,PaddlePaddle
黄巢起义,黄巢起义,,编文：陆达人 绘画：颜梅华,,,编文：陆达人,陆达人,编文,绘画：颜梅华,颜梅华,绘画,,,,,,,,,,,,,上海人民美术,上海人民美术,,上海,3,1980,1版1次,64,60万,0.16,40,80,Ref002:168,单册：拾壹划,,,黄巢起义/出版社：上海人民美术/编文：陆达人/绘画：颜梅华/80年3月1版1次64开/印数：60万定价：0.16元/市场交流价：/9品：40元/10品：80元,PaddlePaddle
黄巾起义,黄巾起义,,改编：尚羡智 绘画：黄大华崔君沛,,,改编：尚羡智,尚羡智,改编,绘画：黄大华,黄大华,绘画,绘画：崔君沛,崔君沛,绘画,,,,,,,,,,河北美术,河北美术,,石家庄,9,1983,1版1次,64,4.5万,0.16,25,50,Ref002:168,单册：拾壹划,,,黄巾起义/出版社：河北美术/改编：尚羡智/绘画：黄大华崔君沛/83年9月1版1次64开/印数：4.5万定价：0.16元/市场交流价：/9品：25元/10品：50元,PaddlePaddle
黄巾起义,黄巾起义,,编文：冯元魁浦增元 绘画：王亦秋庞先健,,,编文：冯元魁,冯元魁,编文,编文：浦增元,浦增元,编文,绘画：王亦秋,王亦秋,绘画,绘画：庞先健,庞先健,绘画,,,,,,,上海人民美术,上海人民美术,,上海,4,1978,1版1次,64,,0.15,30,60,Ref002:168,单册：拾壹划,,,黄巾起义/出版社：上海人民美术/编文：冯元魁浦增元/绘画：王亦秋庞先健/78年4月1版1次64开/印数：未详定价：0.15元/市场交流价：/9品：30元/10品：60元,PaddlePaddle
黄道周与洪承畴,黄道周与洪承畴,,编文：孙英龙翟卡 绘画：陈光镒,,,编文：孙英龙,孙英龙,编文,编文：翟卡,翟卡,编文,绘画：陈光镒,陈光镒,绘画,,,,,,,,,,福建人民,福建人民,,福州,2,1981,1版1次,64,16.93万,0.11,25,50,Ref002:169,单册：拾壹划,,Sic._Author_Core_2,黄道周与洪承畴/出版社：福建人民/编文：孙英龙翟卡/绘画：陈光镒/81年2月1版1次64开/印数：16.93万定价：0.11元/市场交流价：/9品：25元/10品：50元,PaddlePaddle
猪八戒新传（上下）,猪八戒新传,（上下）,改编：章淑萍张红兵 绘画：杨晓晖,,,改编：章淑萍,章淑萍,改编,改编：张红兵,张红兵,改编,绘画：杨晓晖,杨晓晖,绘画,,,,,,,,,,江苏人民,江苏人民,,南京,11,1979,1版1次,64,30万,0.28,40（全套）,60,Ref002:169,单册：拾壹划,,,猪八戒新传(上下)/出版社：江苏人民/改编：章淑萍张红兵/绘画：杨晓晖/79年11月1版1次64开/印数：30万定价：0.28元/市场交流价：/9品：40元（全套）/10品：60元,PaddlePaddle
猪八戒吃西瓜,猪八戒吃西瓜,,编文：包蕾 绘画：邓柯,,,编文：包蕾,包蕾,编文,绘画：邓柯,邓柯,绘画,,,,,,,,,,,,,上海人民美术,上海人民美术,,上海,2,1979,1版1次,64,80万,0.11,15,30,Ref002:169,单册：拾壹划,,,0 猪八戒吃西瓜/出版社：上海人民美术/编文：包蕾/绘画：邓柯/79年2月1版1次64开/印数：80万定价：0.11元/市场交流价：/9品：15元/10品：30元,PaddlePaddle
猪八戒探山,猪八戒探山,,改编：曾凡益 绘画：陈白一等,,,改编：曾凡益,曾凡益,改编,绘画：陈白一,陈白一,绘画,绘画：等,等,绘画,,,,,,,,,,湖南人民,湖南人民,,长沙,3,1980,1版1次,64,110万,0.13,15,30,Ref002:169,单册：拾壹划,,,猪八戒探山/出版社：湖南人民/改编：曾凡益/绘画：陈白一等/80年3月1版1次64开/印数：：110万定价：0.13元/市场交流价：/9品：15元/10品：30元,PaddlePaddle
渔岛怒潮（上下）,渔岛怒潮,（上下）,改编：王仲 绘画：杨文仁丁宁原,,,改编：王仲,王仲,改编,绘画：杨文仁,杨文仁,绘画,绘画：丁宁原,丁宁原,绘画,,,,,,,,,,人民美术,人民美术,,,2,1983,1版2次,60,27万,0.56,20（全套）,30,Ref002:169,单册：拾壹划,,,渔岛怒潮(上下)/出版社：人民美术/改编：王仲/绘画：杨文仁丁宁原/83年2月1版2次60开/印数：27万定价：0.56元/市场交流价：/9品：20元（全套）/10品：30元,PaddlePaddle
渔岛怒潮（上下）,渔岛怒潮,（上下）,改编：王树华 绘画：丁世弼,,,改编：王树华,王树华,改编,绘画：丁世弼,丁世弼,绘画,,,,,,,,,,,,,江西人民,江西人民,,南昌,7,1973,1版1次,60,50万,0.38,100（全套）,250,Ref002:169,单册：拾壹划,,,B/渔岛怒潮 (上下)/出版社：江西人民/改编：王树华/绘画：丁世弼/73年7月1版1次60开/印数：50万定价：0.38元/市场交流价：/9品：100元（全套）/10品：250元,PaddlePaddle
渔岛之子,渔岛之子,,改编：刘鉴星索 绘画：钱贵荪,,,改编：刘鉴,刘鉴,改编,改编：星索,星索,改编,绘画：钱贵荪,钱贵荪,绘画,,,,,,,,,,人民美术,人民美术,,,9,1972,3版3次,60,,0.18,45,120,Ref002:169,单册：拾壹划,,Sic._Author_Core_2,6/渔岛之子/出版社：人民美术/改编：刘鉴星索/绘画：钱贵荪/72年9月3版3次60开/印数：未详定价：0.18元/市场交流价：/9品：45元/10品：120元,PaddlePaddle
渔钩阵,渔钩阵,,编文：王仲山 绘画：赵明程,,,编文：王仲山,王仲山,编文,绘画：赵明程,赵明程,绘画,,,,,,,,,,,,,山东人民,山东人民,,济南,2,1973,1版1次,60,60万,0.11,20,40,Ref002:169,单册：拾壹划,,,2 渔钩阵/0/出版社：山东人民/编文：王仲山/绘画：赵明程/73年2月1版1次60开/印数：60万定价：0.11元/市场交流价：/9品：20元/10品：40元,PaddlePaddle
排弹英雄,排弹英雄,,改编：李遵义 绘画：杨乐天,,,改编：李遵义,李遵义,改编,绘画：杨乐天,杨乐天,绘画,,,,,,,,,,,,,吉林人民,吉林人民,,长春,2,1974,1版1次,64,100万,0.11,5,10,Ref002:170,单册：拾壹划,,,排弹英雄/出版社：吉林人民/改编：李遵义/绘画：杨乐天/74年2月1版1次64开/印数：100万定价：0.11元/市场交流价：/9品：5元/10品：10元,PaddlePaddle
第一线上,第一线上,,编文：庄大伟 绘画：杨秉良,,,编文：庄大伟,庄大伟,编文,绘画：杨秉良,杨秉良,绘画,,,,,,,,,,,,,上海人民,上海人民,,上海,4,1976,1版1次,64,,0.07,8,15,Ref002:170,单册：拾壹划,,,第一线上/出版社：上海人民/编文：庄大伟/绘画：杨秉良/76年4月1版1次64开/印数：未详定价：0.07元/市场交流价：/9品：8元/10品：15元,PaddlePaddle
第三把钥匙,第三把钥匙,,编文：王兆山 绘画：高天祥等,,,编文：王兆山,王兆山,编文,绘画：高天祥,高天祥,绘画,绘画：等,等,绘画,,,,,,,,,,山东人民,山东人民,,济南,12,1975,1版1次,60,30万,0.09,25,40,Ref002:170,单册：拾壹划,,,第三把钥匙/出版社：山东人民/编文：王兆山/绘画：高天祥等/75年12月1版1次60开/印数：30万定价：0.09元/市场交流价：/9品：25元/10品：40元,PaddlePaddle
惊涛烈火,惊涛烈火,,改编：集体 绘画：集体,,,改编：集体,集体,改编,绘画：集体,集体,绘画,,,,,,,,,,,,,黑龙江人民,黑龙江人民,,哈尔滨,5,1973,1版1次,64,20万,0.12,15,25,Ref002:170,单册：拾壹划,,,惊涛烈火/出版社：黑龙江人民/改编：集体/绘画：集体/73年5月1版1次64开/印数：20万定价：0.12元/市场交流价：/9品：15元/10品：25元,PaddlePaddle
推钢姑娘,推钢姑娘,,改编：集体 绘画：集体,,,改编：集体,集体,改编,绘画：集体,集体,绘画,,,,,,,,,,,,,上海人民,上海人民,,上海,9,1975,1版1次,64,,0.1,8,15,Ref002:170,单册：拾壹划,,,推钢姑娘/出版社：上海人民/改编：集体/绘画：集体/75年9月1版1次64开/印数：未详定价：0.10元/市场交流价：/9品：8元/10品：15元,PaddlePaddle
鹿鸣翠谷,鹿鸣翠谷,,改编：张顺国 绘画：杨春生,,,改编：张顺国,张顺国,改编,绘画：杨春生,杨春生,绘画,,,,,,,,,,,,,辽宁人民,辽宁人民,,沈阳,4,1975,1版1次,64,30万,0.1,10,25,Ref002:170,单册：拾壹划,,,鹿鸣翠谷/出版社：辽宁人民/改编：张顺国/绘画：杨春生/75年4月1版1次64开/印数：30万定价：0.10元/市场交流价：/9品：10元/10品：25元,PaddlePaddle
脚印,脚印,,改编：王佩家 绘画：向群等,,,改编：王佩家,王佩家,改编,绘画：向群,向群,绘画,绘画：等,等,绘画,,,,,,,,,,黑龙江人民,黑龙江人民,,哈尔滨,1,1974,1版1次,64,28万,0.15,8,20,Ref002:170,单册：拾壹划,,,脚印/出版社：黑龙江人民/改编：王佩家/绘画：向群等/74年1月1版1次64开/印数：28万定价：0.15元/市场交流价：/9品：8元/10品：20元,PaddlePaddle
淮北大寨花,淮北大寨花,,改编：集体 绘画：集体,,,改编：集体,集体,改编,绘画：集体,集体,绘画,,,,,,,,,,,,,江苏、人民美术,江苏,人民美术,,6,1977,1版1次,64,94万,0.16,10,20,Ref002:170,单册：拾壹划,,,淮北大寨花/出版社：江苏、人民美术/改编：集体/绘画：集体/77年6月1版1次64开/印数：94万定价：0.16元/市场交流价：/9品：10元/10品：20元,PaddlePaddle
银沙滩（上）,银沙滩,（上）,编文：集体 绘画：集体,,,编文：集体,集体,编文,绘画：集体,集体,绘画,,,,,,,,,,,,,天津人民美术,天津人民美术,,天津,6,1975,1版1次,60,,0.17,,,Ref002:171,单册：拾壹划,,,银沙滩(上)/出版社：天津人民美术/编文：集体/绘画：集体/75年6月1版1次60开/印数：未详 定价：0.17元,PaddlePaddle
银沙滩（下）,银沙滩,（下）,改编：集体 绘画：集体,,,改编：集体,集体,改编,绘画：集体,集体,绘画,,,,,,,,,,,,,天津人民美术,天津人民美术,,天津,12,1977,1版1次,60,,0.19,60（全套）,120,Ref002:171,单册：拾壹划,《银沙滩》下册较上册少见。,,银沙滩(下)/出版社：天津人民美术/改编：集体/绘画：集体/77年12月1版1次60开/印数：未详定价：0.19元/市场交流价：/9品：60元（全套）/10品：120元,PaddlePaddle
银鹰播雨绿草原,银鹰播雨绿草原,,编者：李殿忠邢安夫 绘画：李殿忠邢安夫,,,编者：李殿忠,李殿忠,编者,编者：邢安夫,邢安夫,编者,绘画：李殿忠,李殿忠,绘画,绘画：邢安夫,邢安夫,绘画,,,,,,,内蒙古人民,内蒙古人民,,呼和浩特市,11,1975,1版1次,64,46.万[sic.],0.11,20,40,Ref002:171,单册：拾壹划,,Print_run_sic. ,银鹰播雨绿草原/出版社：内蒙古人民/编者：李殿忠邢安夫/绘画：李殿忠邢安夫/75年11月1版1次64开/印数：46.万定价：0.11元/市场交流价：/9品：20元/10品：40元,PaddlePaddle
“爱民模范”盛习友,“爱民模范”盛习友,,改编：集体 绘画：集体,,,改编：集体,集体,改编,绘画：集体,集体,绘画,,,,,,,,,,,,,人民美术,人民美术,,,11,1972,1版1次,64,,0.11,30,60,Ref002:171,单册：拾壹划,,,“爱民模范”盛习友/出版社：人民美术/改编：集体/绘画：集体/72年11月1版1次64开/印数：未详定价：0.11元/市场交流价：/9品：30元/10品：60元,PaddlePaddle
黄山青松映丹心,黄山青松映丹心,,编文：集体 绘画：集体,,,编文：集体,集体,编文,绘画：集体,集体,绘画,,,,,,,,,,,,,上海人民,上海人民,,上海,9,1971,1版1次,60,,0.08,40,150,Ref002:171,单册：拾壹划,,,黄山青松映丹心/出版社：上海人民/编文：集体/绘画：集体/71年9月1版1次60开/印数：未详定价：0.08元/市场交流价：/9品：40元/10品：150元,PaddlePaddle
烽火少年,烽火少年,,改编：杨明生 绘画：吕景富,,,改编：杨明生,杨明生,改编,绘画：吕景富,吕景富,绘画,,,,,,,,,,,,,黑龙江人民,黑龙江人民,,哈尔滨,10,1974,1版1次,64,80万,0.08,15,25,Ref002:171,单册：拾壹划,,,烽火少年/出版社：黑龙江人民/改编：杨明生/绘画：吕景富/74年10月1版1次64开/印数：80万定价：0.08元/市场交流价：/9品：15元/10品：25元,PaddlePaddle
烽火少年,烽火少年,,改编：赵万堂 绘画：陈兴华,,,改编：赵万堂,赵万堂,改编,绘画：陈兴华,陈兴华,绘画,,,,,,,,,,,,,甘肃人民,甘肃人民,,兰州,12,1973,1版1次,60,45万,0.11,15,30,Ref002:171,单册：拾壹划,,,烽火少年/出版社：甘肃人民/改编：赵万堂/绘画：陈兴华/73年12月1版1次60开/印数：45万定价：0.11元/市场交流价：/9品：15元/10品：30元,PaddlePaddle
烽火少年,烽火少年,,改编：高水然 绘画：关景宇赵宝林,,,改编：高水然,高水然,改编,绘画：关景宇,关景宇,绘画,绘画：赵宝林,赵宝林,绘画,,,,,,,,,,人民美术,人民美术,,,7,1974,1版1次,64,250万,0.08,8,15,Ref002:171,单册：拾壹划,,,烽火少年/出版社：人民美术/改编：高水然/绘画：关景宇赵宝林/74年7月1版1次64开/印数：250万定价：0.08元/市场交流价：/9品：8元/10品：15元,PaddlePaddle
雪山擒敌,雪山擒敌,,编文：朱松 绘画：韩书力等,,,编文：朱松,朱松,编文,绘画：韩书力,韩书力,绘画,绘画：等,等,绘画,,,,,,,,,,天津人民美术,天津人民美术,,天津,7,1975,1版1次,60,,0.09,25,50,Ref002:172,单册：拾壹划,,,雪山擒敌/出版社：天津人民美术/编文：朱松/绘画：韩书力等/75年7月1版1次60开/印数：未详定价：0.09元/市场交流价：/9品：25元/10品：50元,PaddlePaddle
雪莲,雪莲,,改编：徐萌 绘画：吴永良,,,改编：徐萌,徐萌,改编,绘画：吴永良,吴永良,绘画,,,,,,,,,,,,,浙江人民,浙江人民,,杭州,3,1973,1版1次,60,30万,0.07,15,40,Ref002:172,单册：拾壹划,,,雪莲/出版社：浙江人民/改编：徐萌/绘画：吴永良/73年3月1版1次60开/印数：30万定价：0.07元/市场交流价：/9品：15元/10品：40元,PaddlePaddle
雪夜融冰,雪夜融冰,,改编：集体 绘画：集体,,,改编：集体,集体,改编,绘画：集体,集体,绘画,,,,,,,,,,,,,上海人民,上海人民,,上海,8,1972,2版1次,60,,0.09,15,40,Ref002:172,单册：拾壹划,,,雪夜融冰/出版社：上海人民/改编：集体/绘画：集体/72年8月2版1次60开/印数：未详定价：0.09元/市场交流价：/9品：15元/10品：40元,PaddlePaddle
斯库台三英雄,斯库台三英雄,,改编：集体 绘画：叶家斌,,,改编：集体,集体,改编,绘画：叶家斌,叶家斌,绘画,,,,,,,,,,,,,广东人民,广东人民,,广州,8,1973,1版1次,60,40万,0.07,10,20,Ref002:172,单册：拾壹划,,,斯库台三英雄/出版社：广东人民/改编：集体/绘画：叶家斌/73年8月1版1次60开/印数：40万定价：0.07元/市场交流价：/9品：10元/10品：20元,PaddlePaddle
商鞅变法,商鞅变法,,改编：佩君 绘画：赵宏本,,,改编：佩君,佩君,改编,绘画：赵宏本,赵宏本,绘画,,,,,,,,,,,,,上海人民,上海人民,,上海,3,1976,1版1次,64,,0.09,25,50,Ref002:172,单册：拾壹划,,,0/商鞅变法/出版社：上海人民/改编：佩君/绘画：赵宏本/76年3月1版1次64开/印数：未详定价：0.09元/市场交流价：/9品：25元/10品：50元,PaddlePaddle
淀上飞兵,淀上飞兵,,改编：费敏璋 绘画：韩和平,,,改编：费敏璋,费敏璋,改编,绘画：韩和平,韩和平,绘画,,,,,,,,,,,,,上海人民,上海人民,,上海,8,1975,1版1次,64,,0.11,15,30,Ref002:172,单册：拾壹划,,,淀上飞兵/出版社：上海人民/改编：费敏璋/绘画：韩和平/75年8月1版1次64开/印数：未详定价：0.11元/市场交流价：/9品：15元/10品：30元,PaddlePaddle
船舱秘密,船舱秘密,,改编：郑朝 绘画：魏德俊李忠民,,,改编：郑朝,郑朝,改编,绘画：魏德俊,魏德俊,绘画,绘画：李忠民,李忠民,绘画,,,,,,,,,,浙江人民,浙江人民,,杭州,4,1976,1版1次,60,,0.08,8,15,Ref002:172,单册：拾壹划,,,6/船舱秘密/出版社：浙江人民/改编：郑朝/绘画：魏德俊李忠民/76年4月1版1次60开/印数：未详定价：0.08元/市场交流价：/9品：8元/10品：15元,PaddlePaddle
密码的故事,密码的故事,,改编：徐达 绘画：徐达,,,改编：徐达,徐达,改编,绘画：徐达,徐达,绘画,,,,,,,,,,,,,浙江人民,浙江人民,,杭州,1,1974,1版1次,60,100万,0.08,8,15,Ref002:172,单册：拾壹划,,,密码的故事/出版社：浙江人民/改编：徐达/绘画：徐达/74年1月1版1次60开/印数：100万定价：0.08元/市场交流价：/9品：8元/10品：15元,PaddlePaddle
黄河滩上血泪仇,黄河滩上血泪仇,,编文：集体 绘画：集体,,,编文：集体,集体,编文,绘画：集体,集体,绘画,,,,,,,,,,,,,河南人民,河南人民,,郑州,5,1972,2版1次,60,,0.16,30,80,Ref002:173,单册：拾壹划,,,黄河滩上血泪仇/出版社：河南人民/编文：集体/绘画：集体/72年5月2版1次60开/印数：未详定价：0.16元/市场交流价：/9品：30元/10品：80元,PaddlePaddle
深山歼敌（上下）,深山歼敌,（上下）,改编：集体 绘画：集体,,,改编：集体,集体,改编,绘画：集体,集体,绘画,,,,,,,,,,,,,湖北人民,湖北人民,,武汉,9,1973,1版1次,60,115万,0.26,60（全套）,120,Ref002:173,单册：拾壹划,,,深山歼敌(上下）/出版社：湖北人民/改编：集体/绘画：集体/73年9月1版1次60开/印数：115万定价：0.26元/市场交流价：/9品：60元（全套）/10品：120元,PaddlePaddle
深厚的友谊,深厚的友谊,,编文：集体 绘画：杨英镖,,,编文：集体,集体,编文,绘画：杨英镖,杨英镖,绘画,,,,,,,,,,,,,上海人民,上海人民,,上海,10,1972,2版1次,60,100万,0.1,25,70,Ref002:173,单册：拾壹划,,,深厚的友谊/出版社：上海人民/编文：集体/绘画：杨英镖/72年10月2版1次60开/印数：100万 定价：0.10元/市场交流价：/9品：25元/10品：70元,PaddlePaddle
深山擒敌,深山擒敌,,编文：黄铁强 绘画：刘昌华黄铁强,,,编文：黄铁强,黄铁强,编文,绘画：刘昌华,刘昌华,绘画,绘画：黄铁强,黄铁强,绘画,,,,,,,,,,福建人民,福建人民,,福州,4,1975,1版1次,60,,0.13,15,25,Ref002:173,单册：拾壹划,,,深山擒敌/出版社：福建人民/编文：黄铁强/绘画：刘昌华黄铁强/75年4月1版1次60开/印数：未详定价：0.13元/市场交流价：/9品：15元/10品：25元,PaddlePaddle
深山打虎,深山打虎,,编文：集体 绘画：集体,,,编文：集体,集体,编文,绘画：集体,集体,绘画,,,,,,,,,,,,,福建人民,福建人民,,福州,2,1973,1版1次,60,25万,0.09,15,30,Ref002:173,单册：拾壹划,,,深山打虎/出版社：福建人民/编文：集体/绘画：集体/73年2月1版1次60开/印数：25万定价：0.09元/市场交流价：/9品：15元/10品：30元,PaddlePaddle
深山猎狐,深山猎狐,,改编：陈关龙 绘画：汪绚秋,,,改编：陈关龙,陈关龙,改编,绘画：汪绚秋,汪绚秋,绘画,,,,,,,,,,,,,上海人民,上海人民,,上海,3,1976,1版1次,64,,0.08,10,20,Ref002:173,单册：拾壹划,,,深山猎狐/出版社：上海人民/改编：陈关龙/绘画：汪绚秋/76年3月1版1次64开/印数：未详定价：0.08元/市场交流价：/9品：10元/10品：20元,PaddlePaddle
盘查哨,盘查哨,,改编：曾成金 绘画：曾成金,,,改编：曾成金,曾成金,改编,绘画：曾成金,曾成金,绘画,,,,,,,,,,,,,浙江人民,浙江人民,,杭州,11,1973,1版1次,60,40万,0.07,8,20,Ref002:173,单册：拾壹划,,,B 盘查哨/出版社：浙江人民/改编：曾成金/绘画：曾成金/73年11月1版1次60开/印数：40万定价：0.07元/市场交流价：/9品：8元/10品：20元,PaddlePaddle
骑白骏马的人,骑白骏马的人,,改编：石凯 绘画：罗兴,,,改编：石凯,石凯,改编,绘画：罗兴,罗兴,绘画,,,,,,,,,,,,,上海人民,上海人民,,上海,1,1973,1版1次,60,50万,0.1,25,80,Ref002:173,单册：拾壹划,,,G/骑白骏马的人/出版社：上海人民/改编：石凯/绘画：罗兴/73年1月1版1次60开/印数：50万定价：0.10元/市场交流价：/9品：25元/10品：80元,PaddlePaddle
银球传友谊,银球传友谊,,编文：潘国祥 绘画：孙愚,,,编文：潘国祥,潘国祥,编文,绘画：孙愚,孙愚,绘画,,,,,,,,,,,,,上海人民,上海人民,,上海,2,1974,1版1次,60,60万,0.06,20,40,Ref002:174,单册：拾壹划,,,银球传友谊/出版社：上海人民/编文：潘国祥/绘画：孙愚/74年2月1版1次60开/印数：60万定价：0.06元/市场交流价：/9品：20元/10品：40元,PaddlePaddle
盛林法,盛林法,,改编：集体 绘画：集体,,,改编：集体,集体,改编,绘画：集体,集体,绘画,,,,,,,,,,,,,上海市出版革命组,上海市出版革命组,,上海,9,1970,1版1次,60,,0.07,50,150,Ref002:174,单册：拾壹划,,,盛林法/出版社：上海市出版革命组/改编：集体/绘画：集体/70年9月1版1次60开/印数：未详定价：0.07元/市场交流价：/9品：50元/10品：150元,PaddlePaddle
龚二,龚二,,改编：集体 绘画：集体,,,改编：集体,集体,改编,绘画：集体,集体,绘画,,,,,,,,,,,,,江苏人民,江苏人民,,南京,5,1972,1版1次,60,,0.08,60,150,Ref002:174,单册：拾壹划,,,龚二/出版社：江苏人民/改编：集体/绘画：集体/72年5月1版1次60开/印数：未详定价：0.08元/市场交流价：/9品：60元/10品：150元,PaddlePaddle
黄明道,黄明道,,改编：集体 绘画：集体,,,改编：集体,集体,改编,绘画：集体,集体,绘画,,,,,,,,,,,,,广东人民,广东人民,,广州,8,1972,1版1次,60,,0.09,80,150,Ref002:174,单册：拾壹划,,,黄明道/出版社：广东人民/改编：集体/绘画：集体/72年8月1版1次60开/印数：未详定价：0.09元/市场交流价：/9品：80元/10品：150元,PaddlePaddle
做工农业大发展的促进派,做工农业大发展的促进派,,编文：集体 绘画：集体,,,编文：集体,集体,编文,绘画：集体,集体,绘画,,,,,,,,,,,,,吉林人民,吉林人民,,长春,2,1971,1版1次,60,,0.13,150,400,Ref002:174,单册：拾壹划,,,做工农业大发展的促进派/出版社：吉林人民/编文：集体/绘画：集体/71年2月1版1次60开/印数：未详定价：0.13元/市场交流价：/9品：150元/10品：400元,PaddlePaddle
野心家吕后,野心家吕后,,编者：任梅 绘画：任率英于学俭等,,,编者：任梅,任梅,编者,绘画：任率英,任率英,绘画,绘画：于学俭,于学俭,绘画,绘画：等,等,绘画,,,,,,,人民美术,人民美术,,,4,1977,1版1次,60,100万,0.05,50,120,Ref002:174,单册：拾壹划,,,野心家吕后/出版社：人民美术/编者：任梅/绘画：任率英于学俭等/77年4月1版1次60开/印数：100万 定价：0.05元/市场交流价：/9品：50元/10品：120元,PaddlePaddle
淮海大战（上下）,淮海大战,（上下）,改编：沙铁军 绘画：王其钧高洪啸,,,改编：沙铁军,沙铁军,改编,绘画：王其钧,王其钧,绘画,绘画：高洪啸,高洪啸,绘画,,,,,,,,,,安徽美术,安徽美术,,合肥,2,1985,1版1次,64,,0.62,30（全套）,50,Ref002:174,单册：拾壹划,,,淮海大战(上下)/出版社：安徽美术/改编：沙铁军/绘画：王其钧高洪啸/85年2月1版1次64开/印数：未详定价：0.62元/市场交流价：/9品：30元（全套）/10品：50元,PaddlePaddle
烽火孤儿（上下）,烽火孤儿,（上下）,改编：杨野 绘画：李俊生等,,,改编：杨野,杨野,改编,绘画：李俊生,李俊生,绘画,绘画：等,等,绘画,,,,,,,,,,黑龙江美术,黑龙江美术,,哈尔滨,5,1985,1版1次,64,16.73万,0.72,10（全套）,15,Ref002:174,单册：拾壹划,,,烽火孤儿（上下)/出版社：黑龙江美术/改编：杨野/绘画：李俊生等/85年5月1版1次64开/印数：16.73万定价：0.72元/市场交流价：/9品：10元（全套）/10品：15元,PaddlePaddle
第二次握手,第二次握手,,改编：赵剑 绘画：关庆留,,,改编：赵剑,赵剑,改编,绘画：关庆留,关庆留,绘画,,,,,,,,,,,,,陕西人民美术,陕西人民美术,,西安,6,1980,1版1次,64,24.5万,0.21,30,60,Ref002:175,单册：拾壹划,,,第二次握手/出版社：陕西人民美术/改编：赵剑/绘画：关庆留/80年6月1版1次64开/印数：24.5万定价：0.21元/市场交流价：/9品：30元/10品：60元,PaddlePaddle
第二次握手（上下）,第二次握手,（上下）,改编：丁楠 绘画：贺安成冯椒生,,,改编：丁楠,丁楠,改编,绘画：贺安成,贺安成,绘画,绘画：冯椒生,冯椒生,绘画,,,,,,,,,,湖南美术,湖南美术,,长沙,9,1981,1版1次,64,20万,0.25,40（全套）,70,Ref002:175,单册：拾壹划,,,第二次握手（上下)/出版社：湖南美术/改编：丁楠/绘画：贺安成冯椒生/81年9月1版1次64开/印数：20万定价：0.25元/市场交流价：/9品：40元（全套）/10品：70元,PaddlePaddle
第二次握手,第二次握手,,改编：高援 绘画：景启民,,,改编：高援,高援,改编,绘画：景启民,景启民,绘画,,,,,,,,,,,,,辽宁美术,辽宁美术,,沈阳,6,1981,1版1次,64,40万,0.17,25,50,Ref002:175,单册：拾壹划,,,第二次握手/出版社：辽宁美术/改编：高援/绘画：景启民/81年6月1版1次64开/印数：40万定价：0.17元/市场交流价：/9品：25元/10品：50元,PaddlePaddle
第二次握手,第二次握手,,改编：广夏谕李硕儒 绘画：沈尧伊,,,改编：广夏谕,广夏谕,改编,改编：李硕儒,李硕儒,改编,绘画：沈尧伊,沈尧伊,绘画,,,,,,,,,,天津人民美术,天津人民美术,,天津,9,1980,1版1次,64,5万,0.18,45,100,Ref002:175,单册：拾壹划,,,第二次握手/出版社：天津人民美术/改编：广夏谕李硕儒/绘画：沈尧伊/80年9月1版1次64开/印数：5万定价：0.18元/市场交流价：/9品：45元/10品：100元,PaddlePaddle
第二次握手,第二次握手,,改编：罗杰锋 绘画：孙愚范生福,,,改编：罗杰锋,罗杰锋,改编,绘画：孙愚,孙愚,绘画,绘画：范生福,范生福,绘画,,,,,,,,,,上海人民美术,上海人民美术,,上海,12,1979,1版1次,64,100万,0.17,15,30,Ref002:175,单册：拾壹划,,,第二次握手/出版社：上海人民美术/改编：罗杰锋/绘画：孙愚范生福/79年12月1版1次64开/印数：100万定价：0.17元/市场交流价：/9品：15元/10品：30元,PaddlePaddle
第二次握手,第二次握手,,改编：楠林 绘画：陈宜明等,,,改编：楠林,楠林,改编,绘画：陈宜明,陈宜明,绘画,绘画：等,等,绘画,,,,,,,,,,黑龙江人民,黑龙江人民,,哈尔滨,12,1981,1版1次,40,9.35万,0.35,60,90,Ref002:175,单册：拾壹划,,,第二次握手/出版社：黑龙江人民/改编：楠林。/绘画：陈宜明等/81年12月1版1次40开/印数：9.35万定价：0.35元/市场交流价：/9品：60元/10品：90元,PaddlePaddle
接班,接班,,改编：程斌 绘画：杨道彪,,,改编：程斌,程斌,改编,绘画：杨道彪,杨道彪,绘画,,,,,,,,,,,,,上海人民,上海人民,,上海,11,1977,1版1次,64,,0.09,8,15,Ref002:175,单册：拾壹划,,,接班/出版社：上海人民/改编：程斌/绘画：杨道彪/77年11月1版1次64开/印数：未详定价：0.09元/市场交流价：/9品：8元/10品：15元,PaddlePaddle
接电台,接电台,,改编：集体 绘画：吕敬人,,,改编：集体,集体,改编,绘画：吕敬人,吕敬人,绘画,,,,,,,,,,,,,黑龙江人民,黑龙江人民,,哈尔滨,11,1977,1版1次,64,20万,0.07,5,10,Ref002:175,单册：拾壹划,,,接电台/出版社：黑龙江人民/改编：集体/绘画：吕敬人/77年11月1版1次64开/印数：20万定价：0.07元/市场交流价：/9品：5元/10品：10元,PaddlePaddle
检察官,检察官,,改编：彭瑞高 绘画：汪观清,,,改编：彭瑞高,彭瑞高,改编,绘画：汪观清,汪观清,绘画,,,,,,,,,,,,,上海人民美术,上海人民美术,,上海,6,1982,1版1次,64,70万,0.17,10,20,Ref002:176,单册：拾壹划,,,检察官/出版社：上海人民美术/改编：彭瑞高/绘画：汪观清/82年6月1版1次64开/印数：70万定价：0.17元/市场交流价：/9品：10元/10品：20元,PaddlePaddle
检察官,检察官,,改编：王良莹 绘画：石恒谟,,,改编：王良莹,王良莹,改编,绘画：石恒谟,石恒谟,绘画,,,,,,,,,,,,,河北美术,河北美术,,石家庄,5,1984,1版1次,64,29.9万,0.14,5,10,Ref002:176,单册：拾壹划,,,检察官/出版社：河北美术/改编：王良莹/绘画：石恒谟/84年5月1版1次64开/印数：29.9万定价：0.14元/市场交流价：/9品：5元/10品：10元,PaddlePaddle
密林擒敌,密林擒敌,,改编：钱志清 绘画：施大畏,,,改编：钱志清,钱志清,改编,绘画：施大畏,施大畏,绘画,,,,,,,,,,,,,上海人民美术,上海人民美术,,上海,10,1982,1版1次,64,50万,0.24,15,25,Ref002:176,单册：拾壹划,,,密林擒敌/出版社：上海人民美术/改编：钱志清/绘画：施大畏/82年10月1版1次64开/印数：50万定价：0.24元/市场交流价：/9品：15元/10品：25元,PaddlePaddle
密林深处的枪声,密林深处的枪声,,编文：白杉 绘画：张树奇张国祥,,,编文：白杉,白杉,编文,绘画：张树奇,张树奇,绘画,绘画：张国祥,张国祥,绘画,,,,,,,,,,内蒙古人民,内蒙古人民,,呼和浩特市,2,1984,1版1次,64,41万,0.14,3,6,Ref002:176,单册：拾壹划,,,密林深处的枪声/出版社：内蒙古人民/编文：白杉/绘画：张树奇张国祥/84年2月1版1次64开/印数：41万定价：0.14元/市场交流价：/9品：3元/10品：6元,PaddlePaddle
梨树沟大捷,梨树沟大捷,,编文：王朝玉杨志远 绘画：张洪飞,,,编文：王朝玉,王朝玉,编文,编文：杨志远,杨志远,编文,绘画：张洪飞,张洪飞,绘画,,,,,,,,,,辽宁美术,辽宁美术,,沈阳,5,1979,1版1次,64,50.06万,0.12,5,10,Ref002:176,单册：拾壹划,,,梨树沟大捷/出版社：辽宁美术/编文：王朝玉杨志远/绘画：张洪飞/79年5月1版1次64开/印数：50.06万定价：0.12元/市场交流价：/9品：5元/10品：10元,PaddlePaddle
梨花湾,梨花湾,,编文：张荣春 绘画：杨淑涛,,,编文：张荣春,张荣春,编文,绘画：杨淑涛,杨淑涛,绘画,,,,,,,,,,,,,天津人民美术,天津人民美术,,天津,4,1977,1版1次,64,,0.08,8,15,Ref002:176,单册：拾壹划,,,梨花湾/出版社：天津人民美术/编文：张荣春/绘画：杨淑涛/77年4月1版1次64开/印数：未详定价：0.08元/市场交流价：/9品：8元/10品：15元,PaddlePaddle
黄桥决战,黄桥决战,,改编：张振和 绘画：许震凯,,,改编：张振和,张振和,改编,绘画：许震凯,许震凯,绘画,,,,,,,,,,,,,山东美术,山东美术,,济南,4,1985,1版1次,64,25.28万,0.38,5,8,Ref002:176,单册：拾壹划,,,黄桥决战/出版社：山东美术/改编：张振和/绘画：许震凯/85年4月1版1次64开/印数：25.28万定价：0.38元/市场交流价：/9品：5元/10品：8元,PaddlePaddle
黄水大队,黄水大队,,改编：贾品 绘画：王宏剑,,,改编：贾品,贾品,改编,绘画：王宏剑,王宏剑,绘画,,,,,,,,,,,,,河南人民,河南人民,,郑州,7,1984,1版1次,64,17.6万,0.3,10,20,Ref002:176,单册：拾壹划,,,黄水大队/出版社：河南人民/改编：贾品/绘画：王宏剑/84年7月1版1次64开/印数：17.6万定价：0.30元/市场交流价：/9品：10元/10品：20元,PaddlePaddle
雪原前哨,雪原前哨,,改编：王钊 绘画：关庆留,,,改编：王钊,王钊,改编,绘画：关庆留,关庆留,绘画,,,,,,,,,,,,,人民美术,人民美术,,,5,1977,1版1次,64,100万,0.1,15,25,Ref002:177,单册：拾壹划,,,雪原前哨/出版社：人民美术/改编：王钊/绘画：关庆留/77年5月1版1次64开/印数：100万定价：0.10元/市场交流价：/9品：15元/10品：25元,PaddlePaddle
雪花飘飘,雪花飘飘,,改编：陈耀华魏忠才 绘画：吴懋祥,,,改编：陈耀华,陈耀华,改编,改编：魏忠才,魏忠才,改编,绘画：吴懋祥,吴懋祥,绘画,,,,,,,,,,河南人民,河南人民,,郑州,8,1984,1版1次,64,16.2万,0.16,15,30,Ref002:177,单册：拾壹划,,,雪花飘飘/出版社：河南人民/改编：陈耀华魏忠才/绘画：吴懋祥/84年8月1版1次64开/印数：16.2万定价：0.16元/市场交流价：/9品：15元/10品：30元,PaddlePaddle
雪山恩仇记,雪山恩仇记,,改编：顾城 绘画：关庆留等,,,改编：顾城,顾城,改编,绘画：关庆留,关庆留,绘画,绘画：等,等,绘画,,,,,,,,,,人民美术,人民美术,,,8,1980,1版1次,64,11万,0.16,30,60,Ref002:177,单册：拾壹划,,,雪山恩仇记/出版社：人民美术/改编：顾城/绘画：关庆留等/80年8月1版1次64开/印数：11万定价：0.16元/市场交流价：/9品：30元/10品：60元,PaddlePaddle
雪山魔笛,雪山魔笛,,改编：郑子铭 绘画：翁开恩方金河,,,改编：郑子铭,郑子铭,改编,绘画：翁开恩,翁开恩,绘画,绘画：方金河,方金河,绘画,,,,,,,,,,福建人民,福建人民,,福州,8,1980,1版1次,64,25.5万,0.1,10,25,Ref002:177,单册：拾壹划,,,雪山魔笛/出版社：福建人民/改编：郑子铭/绘画：翁开恩方金河/80年8月1版1次64开/印数：25.5万定价：0.10元/市场交流价：/9品：10元/10品：25元,PaddlePaddle
雪夜擒敌,雪夜擒敌,,改编：曹积三 绘画：刘大为,,,改编：曹积三,曹积三,改编,绘画：刘大为,刘大为,绘画,,,,,,,,,,,,,内蒙古人民,内蒙古人民,,呼和浩特市,6,1979,1版1次,64,18.68万,0.11,5,10,Ref002:177,单册：拾壹划,,,雪夜擒敌/出版社：内蒙古人民/改编：曹积三/绘画：刘大为/79年6月1版1次64开/印数：18.68万定价：0.11元/市场交流价：/9品：5元/10品：10元,PaddlePaddle
野火春风斗古城,野火春风斗古城,,改编：王佩家 绘画：常玉昌张桂芝,,,改编：王佩家,王佩家,改编,绘画：常玉昌,常玉昌,绘画,绘画：张桂芝,张桂芝,绘画,,,,,,,,,,黑龙江人民,黑龙江人民,,哈尔滨,1,1981,1版1次,64,6.85万,0.22,20,40,Ref002:177,单册：拾壹划,,,野火春风斗古城/出版社：黑龙江人民/改编：王佩家/绘画：常玉昌 张桂芝/81年1月1版1次64开/印数：6.85万定价：0.22元/市场交流价：/9品：20元/10品：40元,PaddlePaddle
脚步,脚步,,改编：姚关虎 绘画：毛震耀,,,改编：姚关虎,姚关虎,改编,绘画：毛震耀,毛震耀,绘画,,,,,,,,,,,,,上海人民美术,上海人民美术,,上海,8,1979,1版1次,64,24万,0.17,10,20,Ref002:177,单册：拾壹划,,,脚步/出版社：上海人民美术/改编：姚关虎/绘画：毛震耀/79年8月1版1次64开/印数：24万定价：0.17元/市场交流价：/9品：10元/10品：20元,PaddlePaddle
猎火记,猎火记,,改编：刘碧玛 绘画：李荣山刘斌,,,改编：刘碧玛,刘碧玛,改编,绘画：李荣山,李荣山,绘画,绘画：刘斌,刘斌,绘画,,,,,,,,,,人民美术,人民美术,,,4,1980,1版1次,64,60万,0.1,8,15,Ref002:177,单册：拾壹划,,,猎火记/出版社：人民美术/改编：刘碧玛/绘画：李荣山刘斌/80年4月1版1次64开/印数：60万定价：0.10元/市场交流价：/9品：8元/10品：15元,PaddlePaddle
阎罗号,阎罗号,,改编：武矛 绘者：王社林陈和西,,,改编：武矛,武矛,改编,绘者：王社林,王社林,绘者,绘者：陈和西,陈和西,绘者,,,,,,,,,,湖南少儿,湖南少儿,,长沙,11,1985,1版1次,64,7万,0.35,10,20,Ref002:178,单册：拾壹划,,,阎罗号/出版社：湖南少儿/改编：武矛/绘者：王社林陈和西/85年11月1版1次64开/印数：7万定价：0.35元/市场交流价：/9品：10元/10品：20元,PaddlePaddle
第七条猎狗,第七条猎狗,,改编：陈洪冈 绘画：李全民,,,改编：陈洪冈,陈洪冈,改编,绘画：李全民,李全民,绘画,,,,,,,,,,,,,岭南美术,岭南美术,,广州,10,1984,1版1次,64,51.1万,0.24,5,15,Ref002:178,单册：拾壹划,,,第七条猎狗/出版社：岭南美术/改编：陈洪冈/绘画：李全民/84年10月1版1次64开/印数：51.1万 定价：0.24元/市场交流价：/9品：5元/10品：15元,PaddlePaddle
惊雷（上下）,惊雷,（上下）,改编：集体 绘画：集体,,,改编：集体,集体,改编,绘画：集体,集体,绘画,,,,,,,,,,,,,黑龙江人民,黑龙江人民,,哈尔滨,9,1977,1版1次,64,30万,0.2,25（全套）,45,Ref002:178,单册：拾壹划,,,惊雷 (上下)/出版社：黑龙江人民/改编：集体/绘画：集体/77年9月1版1次64开/印数：30万定价：0.20元/市场交流价：/9品：25元（全套）/10品：45元,PaddlePaddle
野店,野店,,改编：李培森 绘画：苗再新,,,改编：李培森,李培森,改编,绘画：苗再新,苗再新,绘画,,,,,,,,,,,,,解放军文艺,解放军文艺,,北京,8,1984,1版1次,64,,0.18,8,15,Ref002:178,单册：拾壹划,,,野店/出版社：解放军文艺/改编：李培森/绘画：苗再新/84年8月1版1次64开/印数：未详定价：0.18元/市场交流价：/9品：8元/10品：15元,PaddlePaddle
铜墙铁壁,铜墙铁壁,,改编：定兴 绘画：魏志刚刘希立等,,,改编：定兴,定兴,改编,绘画：魏志刚,魏志刚,绘画,绘画：刘希立,刘希立,绘画,绘画：等,等,绘画,,,,,,,天津人民美术,天津人民美术,,天津,4,1978,1版1次,64,,0.19,10,20,Ref002:178,单册：拾壹划,,,铜墙铁壁/出版社：天津人民美术/改编：定兴/绘画：魏志刚刘希立 等/78年4月1版1次64开/印数：未详定价：0.19元/市场交流价：/9品：10元/10品：20元,PaddlePaddle
铜墙铁壁,铜墙铁壁,,编者：姚建峰 绘者：高光明,,,编者：姚建峰,姚建峰,编者,绘者：高光明,高光明,绘者,,,,,,,,,,,,,新疆人民,新疆人民,,乌鲁木齐,6,1979,1版1次,60,3.5万,0.09,10,20,Ref002:178,单册：拾壹划,,,铜墙铁壁/出版社：新疆人民/编者：姚建峰/绘者：高光明/79年6月1版1次60开/印数：3.5万定价：0.09元/市场交流价：/9品：10元/10品：20元,PaddlePaddle
甜岛少年,甜岛少年,,编者：曾成金 绘者：曾成金,,,编者：曾成金,曾成金,编者,绘者：曾成金,曾成金,绘者,,,,,,,,,,,,,浙江人民,浙江人民,,杭州,4,1977,1版1次,60,,0.11,20,30,Ref002:178,单册：拾壹划,,,甜岛少年/出版社：浙江人民/编者：曾成金/绘者：曾成金/77年4月1版1次60开/印数：未详定价：0.11元/市场交流价：/9品：20元/10品：30元,PaddlePaddle
曹雁的故事,曹雁的故事,,改编：吕书臣 绘画：贺敏忠,,,改编：吕书臣,吕书臣,改编,绘画：贺敏忠,贺敏忠,绘画,,,,,,,,,,,,,长江文艺,长江文艺,,武汉,9,1984,1版1次,64,3.45万,0.18,15,25,Ref002:178,单册：拾壹划,,,曹雁的故事/出版社：长江文艺/改编：吕书臣/绘画：贺敏忠/84年9月1版1次64开/印数：3.45万定价：0.18元/市场交流价：/9品：15元/10品：25元,PaddlePaddle
清水河畔,清水河畔,,编文：王太宽 绘画：华延风李玉凯,,,编文：王太宽,王太宽,编文,绘画：华延风,华延风,绘画,绘画：李玉凯,李玉凯,绘画,,,,,,,,,,辽宁人民,辽宁人民,,沈阳,10,1977,1版1次,64,20万,0.11,8,15,Ref002:179,单册：拾壹划,,,清水河畔/出版社：辽宁人民/编文：王太宽/绘画：华延风李玉凯/77年10月1版1次64开/印数：20万定价：0.11元/市场交流价：/9品：8元/10品：15元,PaddlePaddle
彩凤凰,彩凤凰,,改编：张企荣 绘画：赵贵德,,,改编：张企荣,张企荣,改编,绘画：赵贵德,赵贵德,绘画,,,,,,,,,,,,,天津人民美术,天津人民美术,,天津,7,1985,1版1次,64,14.37万,0.32,5,10,Ref002:179,单册：拾壹划,,,彩凤凰/出版社：天津人民美术/改编：张企荣/绘画：赵贵德/85年7月1版1次64开/印数：14.37万定价：0.32元/市场交流价：/9品：5元/10品：10元,PaddlePaddle
望日莲,望日莲,,改编：周贵良 绘画：张冰洁,,,改编：周贵良,周贵良,改编,绘画：张冰洁,张冰洁,绘画,,,,,,,,,,,,,河北美术,河北美术,,石家庄,9,1983,1版1次,64,22.5万,0.1,4,8,Ref002:179,单册：拾壹划,,,望日莲/出版社：河北美术/改编：周贵良/绘画：张冰洁/83年9月1版1次64开/印数：22.5万定价：0.10元/市场交流价：/9品：4元/10品：8元,PaddlePaddle
黄河飞渡,黄河飞渡,,改编：集体 绘画：陈惠冠,,,改编：集体,集体,改编,绘画：陈惠冠,陈惠冠,绘画,,,,,,,,,,,,,人民美术,人民美术,,,4,1972,2版1次,60,,0.14,60,120,Ref002:179,单册：拾壹划,,,黄河飞渡/出版社：人民美术/改编：集体/绘画：陈惠冠/72年4月2版1次60开/印数：未详定价：0.14元/市场交流价：/9品：60元/10品：120元,PaddlePaddle
渔女春秋,渔女春秋,,编者：郭同江 绘画：郭同江,,,编者：郭同江,郭同江,编者,绘画：郭同江,郭同江,绘画,,,,,,,,,,,,,人民美术,人民美术,,,2,1985,2版4次,64,62.5万,0.18,20,45,Ref002:179,单册：拾壹划,,,渔女春秋/出版社：人民美术/编者：郭同江/绘画：郭同江/85年2月2版4次64开/印数：62.5万 定价：0.18元/市场交流价：/9品：20元/10品：45元,PaddlePaddle
第九个售货亭,第九个售货亭,,改编：锡明 绘画：丁红章,,,改编：锡明,锡明,改编,绘画：丁红章,丁红章,绘画,,,,,,,,,,,,,江苏美术,江苏美术,,南京,9,1984,1版1次,64,6.38万,0.17,8,15,Ref002:179,单册：拾壹划,,,第九个售货亭/出版社：江苏美术/改编：锡明/绘画：丁红章/84年9月1版1次64开/印数：6.38万定价：0.17元/市场交流价：/9品：8元/10品：15元,PaddlePaddle
假面具下的爱情,假面具下的爱情,,改编：张企荣 绘画：徐刚,,,改编：张企荣,张企荣,改编,绘画：徐刚,徐刚,绘画,,,,,,,,,,,,,上海人民美术,上海人民美术,,上海,4,1985,1版1次,64,38.1万,0.29,8,15,Ref002:179,单册：拾壹划,,,假面具下的爱情/出版社：上海人民美术/改编：张企荣/绘画：徐刚/85年4月1版1次64开/印数：38.1万 定价：0.29元/市场交流价：/9品：8元/10品：15元,PaddlePaddle
假面爱情,假面爱情,,改编：刘泽霖 绘画：黄报之,,,改编：刘泽霖,刘泽霖,改编,绘画：黄报之,黄报之,绘画,,,,,,,,,,,,,长江文艺,长江文艺,,武汉,1,1985,1版1次,64,46.5万,0.33,8,15,Ref002:179,单册：拾壹划,,,假面爱情/出版社：长江文艺/改编：刘泽霖/绘画：黄报之/85年1月1版1次64开/印数：46.5万定价：0.33元/市场交流价：/9品：8元/10品：15元,PaddlePaddle
舜的故事,舜的故事,,改编：欢路 绘画：段伟君,,,改编：欢路,欢路,改编,绘画：段伟君,段伟君,绘画,,,,,,,,,,,,,中国戏剧,中国戏剧,,北京,1,1985,1版1次,64,,0.15,40,80,Ref002:180,单册：拾贰划,,,舜的故事/出版社：中国戏剧/改编：欢路/绘画：段伟君/85年1月1版1次64开/印数：未祥定价：0.15元/市场交流价：/9品：40元/10品：80元,PaddlePaddle
貂蝉与吕布,貂蝉与吕布,,改编：甘礼乐 绘画：徐有武徐有刚,,,改编：甘礼乐,甘礼乐,改编,绘画：徐有武,徐有武,绘画,绘画：徐有刚,徐有刚,绘画,,,,,,,,,,浙江人民美术,浙江人民美术,,杭州,7,1984,1版1次,64,23万,0.18,35,60,Ref002:180,单册：拾贰划,,,貂蝉与吕布/出版社：浙江人民美术/改编：甘礼乐/绘画：徐有武徐有刚/84年7月1版1次64开/印数：23万定价：0.18元/市场交流价：/9品：35元/10品：60元,PaddlePaddle
搜书院,搜书院,,改编：李大发 绘画：杨宝恒,,,改编：李大发,李大发,改编,绘画：杨宝恒,杨宝恒,绘画,,,,,,,,,,,,,辽宁美术,辽宁美术,,沈阳,7,1982,1版1次,64,62.1万,0.31,15,30,Ref002:180,单册：拾贰划,,,搜书院/出版社：辽宁美术/改编：李大发/绘画：杨宝恒/82年7月1版1次64开/印数：62.1万定价：0.31元/市场交流价：/9品：15元/10品：30元,PaddlePaddle
强中更有强中手,强中更有强中手,,改编：孙锦常 绘画：卢延光,,,改编：孙锦常,孙锦常,改编,绘画：卢延光,卢延光,绘画,,,,,,,,,,,,,岭南美术,岭南美术,,广州,8,1984,1版1次,64,238.1万,0.21,5,10,Ref002:180,单册：拾贰划,,,强中更有强中手/出版社：岭南美术/改编：孙锦常/绘画：卢延光/84年8月1版1次64开/印数：238.1万定价：0.21元/市场交流价：/9品：5元/10品：10元,PaddlePaddle
智斩权宦,智斩权宦,,改编：张正新 绘画：邵劭,,,改编：张正新,张正新,改编,绘画：邵劭,邵劭,绘画,,,,,,,,,,,,,江苏人民,江苏人民,,南京,4,1983,1版1次,64,16.9万,0.13,10,25,Ref002:180,单册：拾贰划,,,智斩权宦/出版社：江苏人民/改编：张正新/绘画：邵 劭/83年4月1版1次64开/印数：16.9万 定价：0.13元/市场交流价：/9品：10元/10品：25元,PaddlePaddle
晴雯,晴雯,,编文：屈鲁 绘画：肖林,,,编文：屈鲁,屈鲁,编文,绘画：肖林,肖林,绘画,,,,,,,,,,,,,吉林人民,吉林人民,,长春,4,1982,1版1次,64,28.5万,0.15,20,35,Ref002:180,单册：拾贰划,,,晴雯/出版社：吉林人民/编文：屈鲁/绘画：肖林/82年4月1版1次64开/印数：28.5万定价：0.15元/市场交流价：/9品：20元/10品：35元,PaddlePaddle
越王勾践,越王勾践,,改编：汤式稼 绘画：徐有武,,,改编：汤式稼,汤式稼,改编,绘画：徐有武,徐有武,绘画,,,,,,,,,,,,,浙江人民美术,浙江人民美术,,杭州,5,1980,1版1次,64,125万,0.14,10,20,Ref002:180,单册：拾贰划,,,越王勾践/出版社：浙江人民美术/改编：汤式稼/绘画：徐有武/80年5月1版1次64开/印数：125万定价：0.14元/市场交流价：/9品：10元/10品：20元,PaddlePaddle
傲蕾·一兰（上下）,傲蕾·一兰,（上下）,改编：周元骏 绘画：胡克文,,,改编：周元骏,周元骏,改编,绘画：胡克文,胡克文,绘画,,,,,,,,,,,,,上海人民美术,上海人民美术,,上海,1,1982,1版1次,64,40万,0.18,60（全套）,120,Ref002:180,单册：拾贰划,,,傲蕾·一兰(上下)/出版社：上海人民美术/改编：周元骏/绘画：胡克文/82年1月1版1次64开/印数：40万定价：0.18元/市场交流价：/9品：60元（全套）/10品：120元,PaddlePaddle
谢瑶环,谢瑶环,,改编：刘光等 绘画：宗静草宗静风,,,改编：刘光,刘光,改编,改编：等,等,改编,绘画：宗静草,宗静草,绘画,绘画：宗静风,宗静风,绘画,,,,,,,辽宁美术,辽宁美术,,沈阳,3,1980,1版2次,64,36万,0.21,60,120,Ref002:181,单册：拾贰划,,,谢瑶环/出版社：辽宁美术/改编：刘光等/绘画：宗静草 宗静风/80年3月1版2次64开/印数：36万定价：0.21元/市场交流价：/9品：60元/10品：120元,PaddlePaddle
谢瑶环,谢瑶环,,改编：王肇岐 绘画：韩敏,,,改编：王肇岐,王肇岐,改编,绘画：韩敏,韩敏,绘画,,,,,,,,,,,,,上海人民美术,上海人民美术,,上海,1,1983,1版1次,64,13万,0.14,30,80,Ref002:181,单册：拾贰划,,,谢瑶环/出版社：上海人民美术/改编：王肇岐/绘画：韩敏/83年1月1版1次64开/印数：13万定价：0.14元/市场交流价：/9品：30元/10品：80元,PaddlePaddle
谢瑶环,谢瑶环,,编文：黄钟 绘画：薛方,,,编文：黄钟,黄钟,编文,绘画：薛方,薛方,绘画,,,,,,,,,,,,,人民美术,人民美术,,,9,1981,1版1次,64,96万,0.15,10,20,Ref002:181,单册：拾贰划,,,谢瑶环/出版社：人民美术/编文：黄钟/绘画：薛方/81年9月1版1次64开/印数：96万定价：0.15元/市场交流价：/9品：10元/10品：20元,PaddlePaddle
花和尚鲁智深（上下）,花和尚鲁智深,（上下）,改编：王延海 绘画：赵明钧,,,改编：王延海,王延海,改编,绘画：赵明钧,赵明钧,绘画,,,,,,,,,,,,,辽宁美术,辽宁美术,,沈阳,1,1985,1版1次,64,60元[sic.],0.62,25（全套）,35,Ref002:181,单册：拾贰划,,,花和尚鲁智深(上下）/出版社：辽宁美术/改编：王延海/绘画：赵明钧/85年1月1版1次64开/印数：60元定价：0.62元/市场交流价：/9品：25元（全套）/10品：35元,PaddlePaddle
棠棣之花,棠棣之花,,改编：林林 绘画：卢延光,,,改编：林林,林林,改编,绘画：卢延光,卢延光,绘画,,,,,,,,,,,,,四川美术,四川美术,,成都,3,1986,1版1次,64,0.6万,0.29,100,250,Ref002:181,单册：拾贰划,,Title_missing_sic.,出版社：四川美术/改编：林林/绘画：卢延光/86年3月1版1次64开/印数：0.6万定价：0.29元/市场交流价：/9品：100元/10品：250元,PaddlePaddle
棠棣之花,棠棣之花,,改编：张隽 绘画：邓平,,,改编：张隽,张隽,改编,绘画：邓平,邓平,绘画,,,,,,,,,,,,,吉林人民,吉林人民,,长春,6,1981,1版1次,64,37万,0.14,5,10,Ref002:181,单册：拾贰划,,,棠棣之花/出版社：吉林人民/改编：张隽/绘画：邓平/81年6月1版1次64开/印数：37万定价：0.14元/市场交流价：/9品：5元/10品：10元,PaddlePaddle
韩非寓言故事选,韩非寓言故事选,,改编：集体 绘画：颜梅华王仲清等,,,改编：集体,集体,改编,绘画：颜梅华,颜梅华,绘画,绘画：王仲清,王仲清,绘画,绘画：等,等,绘画,,,,,,,上海人民,上海人民,,上海,11,1974,1版1次,60,80万,0.07,20,80,Ref002:181,单册：拾贰划,,,韩非寓言故事选/出版社：上海人民/改编：集体/绘画：颜梅华王仲清等/74年11月1版1次60开/印数：80万定价：0.07元/市场交流价：/9品：20元/10品：80元,PaddlePaddle
韩非批儒故事,韩非批儒故事,,编文：集体 绘画：李德庆等,,,编文：集体,集体,编文,绘画：李德庆,李德庆,绘画,绘画：等,等,绘画,,,,,,,,,,辽宁人民,辽宁人民,,沈阳,1,1975,1版2次,64,100万,0.08,20,40,Ref002:181,单册：拾贰划,,,韩非批儒故事/出版社：辽宁人民/编文：集体/绘画：李德庆等/75年1月1版2次64开/印数：100万定价：0.08元/市场交流价：/9品：20元/10品：40元,PaddlePaddle
黑三角,黑三角,,改编：缪德彰 绘画：胡震国王守中,,,改编：缪德彰,缪德彰,改编,绘画：胡震国,胡震国,绘画,绘画：王守中,王守中,绘画,,,,,,,,,,上海人民美术,上海人民美术,,上海,3,1980,1版1次,64,50万,0.18,20,30,Ref002:182,单册：拾贰划,,,黑三角/出版社：上海人民美术/改编：缪德彰/绘画：胡震国王守中/80年3月1版1次64开/印数：50万定价：0.18元/市场交流价：/9品：20元/10品：30元,PaddlePaddle
智胜敌舰,智胜敌舰,,改编：集体 绘画：集体,,,改编：集体,集体,改编,绘画：集体,集体,绘画,,,,,,,,,,,,,上海上民[sic.],上海上民[sic.],,,12,1971,1版6次,60,,0.07,25,65,Ref002:182,单册：拾贰划,,Publisher_sic.,6/智胜敌舰/出版社：上海上民/改编：集体/绘画：集体/71年12月1版6次60开/印数：未详定价：0.07元/市场交流价：/9品：25元/10品：65元,PaddlePaddle
智歼残匪,智歼残匪,,改编：邱胜贤 绘画：邱胜贤,,,改编：邱胜贤,邱胜贤,改编,绘画：邱胜贤,邱胜贤,绘画,,,,,,,,,,,,,天津人民美术,天津人民美术,,天津,9,1976,1版1次,60,,0.1,8,15,Ref002:182,单册：拾贰划,,,智歼残匪/出版社：天津人民美术/改编：邱胜贤/绘画：邱胜贤/76年9月1版1次60开/印数：未详定价：0.10元/市场交流价：/9品：8元/10品：15元,PaddlePaddle
智取粮船,智取粮船,,改编：集体 绘画：集体,,,改编：集体,集体,改编,绘画：集体,集体,绘画,,,,,,,,,,,,,江苏人民,江苏人民,,南京,11,1973,1版1次,60,70万,0.11,10,20,Ref002:182,单册：拾贰划,,,智取粮船/出版社：江苏人民/改编：集体/绘画：集体/73年11月1版1次60开/印数：70万定价：0.11元/市场交流价：/9品：10元/10品：20元,PaddlePaddle
痛击美帝纸老虎,痛击美帝纸老虎,,编文：植人 绘画：植人,,,编文：植人,植人,编文,绘画：植人,植人,绘画,,,,,,,,,,,,,浙江人民,浙江人民,,杭州,2,1972,1版1次,60,,0.07,80,200,Ref002:182,单册：拾贰划,,,痛击美帝纸老虎/出版社：浙江人民/编文：植人/绘画：植人/72年2月1版1次60开/印数：未详定价：0.07元/市场交流价：/9品：80元/10品：200元,PaddlePaddle
痛歼美帝“王牌军”,痛歼美帝“王牌军”,,改编：集体 绘画：集体,,,改编：集体,集体,改编,绘画：集体,集体,绘画,,,,,,,,,,,,,吉林人民,吉林人民,,长春,3,1972,1版1次,60,,0.1,25,50,Ref002:182,单册：拾贰划,,,痛歼美帝“王牌军”/出版社：吉林人民/改编：集体/绘画：集体/72年3月1版1次60开/印数：未详定价：0.10元/市场交流价：/9品：25元/10品：50元,PaddlePaddle
毛主席的好学生焦裕禄,毛主席的好学生焦裕禄,,改编：集体 绘画：集体,,,改编：集体,集体,改编,绘画：集体,集体,绘画,,,,,,,,,,,,,河南人民,河南人民,,郑州,5,1975,2版1次,60,,0.16,40,100,Ref002:182,单册：拾贰划,,,毛主席的好学生焦裕禄/出版社：河南人民/改编：集体/绘画：集体/75年5月2版1次60开/印数：未详定价：0.16元/市场交流价：/9品：40元/10品：100元,PaddlePaddle
琵琶声里的斗争,琵琶声里的斗争,,改编：关铣等 绘画：关铣胡辉,,,改编：关铣,关铣,改编,改编：等,等,改编,绘画：关铣,关铣,绘画,绘画：胡辉,胡辉,绘画,,,,,,,广东人民,广东人民,,广州,5,1975,1版1次,60,,0.09,25,50,Ref002:182,单册：拾贰划,,Sic._Author_Core_4,琵琶声里的斗争/出版社：广东人民/改编：关铣等/绘画：关铣胡辉/75年5月1版1次60开/印数：未详定价：0.09元/市场交流价：/9品：25元/10品：50元,PaddlePaddle
渡口,渡口,,改编：冯骥才 绘画：王公懿,,,改编：冯骥才,冯骥才,改编,绘画：王公懿,王公懿,绘画,,,,,,,,,,,,,天津人民美术,天津人民美术,,天津,7,1975,1版1次,60,,0.09,10,20,Ref002:183,单册：拾贰划,,,渡口/出版社：天津人民美术/改编：冯骥才/绘画：王公懿/75年7月1版1次60开/印数：未详定价：0.09元/市场交流价：/9品：10元/10品：20元,PaddlePaddle
渡口激浪,渡口激浪,,改编：集体 绘画：集体,,,改编：集体,集体,改编,绘画：集体,集体,绘画,,,,,,,,,,,,,江苏人民,江苏人民,,南京,4,1973,1版1次,60,10万,0.12,20,40,Ref002:183,单册：拾贰划,,,渡口激浪/出版社：江苏人民/改编：集体/绘画：集体/73年4月1版1次60开/印数：10万定价：0.12元/市场交流价：/9品：20元/10品：40元,PaddlePaddle
渡口小艄公,渡口小艄公,,改编：万青力 绘画：王西京,,,改编：万青力,万青力,改编,绘画：王西京,王西京,绘画,,,,,,,,,,,,,人民美术,人民美术,,,12,1973,1版1次,64,100万,0.1,8,20,Ref002:183,单册：拾贰划,,,渡口小艄公/出版社：人民美术/改编：万青力/绘画：王西京/73年12月1版1次64开/印数：100万定价：0.10元/市场交流价：/9品：8元/10品：20元,PaddlePaddle
雁翎队,雁翎队,,改编：集体 绘画：集体,,,改编：集体,集体,改编,绘画：集体,集体,绘画,,,,,,,,,,,,,人民美术,人民美术,,,2,1974,1版1次,64,50万,0.16,15,30,Ref002:183,单册：拾贰划,《雁翎队》有64、60开两种版本。其中60开本少见。市场全品价约100元。,,雁翎队/出版社：人民美术/改编：集体/绘画：集体/74年2月1版1次64开/印数：50万定价：0.16元/市场交流价：/9品：15元/10品：30元,PaddlePaddle
集市锄奸记,集市锄奸记,,编文：杨新民 绘画：孙爱华,,,编文：杨新民,杨新民,编文,绘画：孙爱华,孙爱华,绘画,,,,,,,,,,,,,山东人民,山东人民,,济南,3,1973,1版1次,60,60万,0.09,5,10,Ref002:183,单册：拾贰划,,,集市锄奸记/出版社：山东人民/编文：杨新民/绘画：孙爱华/73年3月1版1次60开/印数：60万定价：0.09元/市场交流价：/9品：5元/10品：10元,PaddlePaddle
琼虎,琼虎,,改编：高宝生 绘画：高宝生,,,改编：高宝生,高宝生,改编,绘画：高宝生,高宝生,绘画,,,,,,,,,,,,,人民美术,人民美术,,,11,1972,1版1次,60,,0.1,30,60,Ref002:183,单册：拾贰划,,,琼虎/出版社：人民美术/改编：高宝生/绘画：高宝生/72年11月1版1次60开/印数：未详定价：0.10元/市场交流价：/9品：30元/10品：60元,PaddlePaddle
黑鱼泡的故事,黑鱼泡的故事,,编文：江漾 绘画：梁家军金松山等,,,编文：江漾,江漾,编文,绘画：梁家军,梁家军,绘画,绘画：金松山,金松山,绘画,绘画：等,等,绘画,,,,,,,黑龙江人民,黑龙江人民,,哈尔滨,11,1976,1版1次,64,35万,0.11,5,15,Ref002:183,单册：拾贰划,,,黑鱼泡的故事/出版社：黑龙江人民/编文：江漾/绘画：梁家军金松山等/76年11月1版1次64开/印数：35万定价：0.11元/市场交流价：/9品：5元/10品：15元,PaddlePaddle
黑子,黑子,,改编：集体 绘画：集体,,,改编：集体,集体,改编,绘画：集体,集体,绘画,,,,,,,,,,,,,人民美术,人民美术,,,2,1974,1版1次,64,100万,0.11,10,20,Ref002:183,单册：拾贰划,,,0 黑子/出版社：人民美术/改编：集体/绘画：集体/74年2月1版1次64开/印数：100万定价：0.11元/市场交流价：/9品：10元/10品：20元,PaddlePaddle
揭投降派宋江,揭投降派宋江,,改编：任梅 绘画：集体,,,改编：任梅,任梅,改编,绘画：集体,集体,绘画,,,,,,,,,,,,,人民美术,人民美术,,,6,1976,1版1次,60,100万,0.28,200,600,Ref002:184,单册：拾贰划,,,揭投降派宋江/出版社：人民美术/改编：任梅/绘画：集体/76年6月1版1次60开/印数：100万定价：0.28元/市场交流价：/9品：200元/10品：600元,PaddlePaddle
董存瑞,董存瑞,,改编：马辛国陈秉德 绘画：马延奎刘端等,,,改编：马辛国,马辛国,改编,改编：陈秉德,陈秉德,改编,绘画：马延奎,马延奎,绘画,绘画：刘端,刘端,绘画,绘画：等,等,绘画,,,,河北人民,河北人民,,石家庄,12,1978,4版1次,64,30万,0.16,25,40,Ref002:184,单册：拾贰划,,,董存瑞/出版社：河北人民/改编：马辛国陈秉德/绘画：马延奎刘端等/78年12月4版1次64开/印数：30万定价：0.16元/市场交流价：/9品：25元/10品：40元,PaddlePaddle
董存瑞的故事,董存瑞的故事,,改编：林丹 绘画：侯德剑董成伟,,,改编：林丹,林丹,改编,绘画：侯德剑,侯德剑,绘画,绘画：董成伟,董成伟,绘画,,,,,,,,,,上海人民美术,上海人民美术,,上海,12,1978,1版2次,64,65万,0.17,10,25,Ref002:184,单册：拾贰划,,,董存瑞的故事/出版社：上海人民美术/改编：林丹/绘画：侯德剑董成伟/78年12月1版2次64开/印数：65万定价：0.17元/市场交流价：/9品：10元/10品：25元,PaddlePaddle
董存瑞,董存瑞,,改编：集体 绘画：集体,,,改编：集体,集体,改编,绘画：集体,集体,绘画,,,,,,,,,,,,,河北人民,河北人民,,石家庄,5,1972,1版1次,60,,0.18,40,120,Ref002:184,单册：拾贰划,,,董存瑞/出版社：河北人民/改编：集体/绘画：集体/72年5月1版1次60开/印数：未详定价：0.18元/市场交流价：/9品：40元/10品：120元,PaddlePaddle
铺满阳光的路,铺满阳光的路,,改编：肖斌华 绘画：杨一明,,,改编：肖斌华,肖斌华,改编,绘画：杨一明,杨一明,绘画,,,,,,,,,,,,,人民美术,人民美术,,,2,1975,1版1次,64,100万,0.08,8,15,Ref002:184,单册：拾贰划,,,铺满阳光的路/出版社：人民美术/改编：肖斌华/绘画：杨一明/75年2月1版1次64开/印数：100万定价：0.08元/市场交流价：/9品：8元/10品：15元,PaddlePaddle
登攀,登攀,,改编：集体 绘画：集体,,,改编：集体,集体,改编,绘画：集体,集体,绘画,,,,,,,,,,,,,上海人民,上海人民,,上海,10,1976,1版1次,64,,0.1,15,40,Ref002:184,单册：拾贰划,,,登攀/出版社：上海人民/改编：集体/绘画：集体/76年10月1版1次64开/印数：未详定价：0.10元/市场交流价：/9品：15元/10品：40元,PaddlePaddle
鲁迅在广洲,鲁迅在广洲,,编文：集体 绘画：集体,,,编文：集体,集体,编文,绘画：集体,集体,绘画,,,,,,,,,,,,,人民美术,人民美术,,,1,1976,1版1次,60,150万,0.2,15,30,Ref002:184,单册：拾贰划,,,鲁迅在广洲/出版社：人民美术/编文：集体/绘画：集体/76年1月1版1次60开/印数：150万定价：0.20元/市场交流价：/9品：15元/10品：30元,PaddlePaddle
新老清水店,新老清水店,,改编：董嘉善 绘画：徐小龙,,,改编：董嘉善,董嘉善,改编,绘画：徐小龙,徐小龙,绘画,,,,,,,,,,,,,河南人民,河南人民,,郑州,2,1984,1版1次,64,4.511万,0.15,8,15,Ref002:184,单册：拾贰划,,,新老清水店/出版社：河南人民/改编：董嘉善/绘画：徐小龙/84年2月1版1次64开/印数：4.511万  定价：0.15元/市场交流价：/9品：8元/10品：15元,PaddlePaddle
彭总扶我上战马,彭总扶我上战马,,改编：齐嘉 绘画：高泉,,,改编：齐嘉,齐嘉,改编,绘画：高泉,高泉,绘画,,,,,,,,,,,,,人民美术,人民美术,,,3,1984,1版1次,60,18万,0.11,25,50,Ref002:185,单册：拾贰划,,,彭总扶我上战马/出版社：人民美术/改编：齐嘉/绘画：高泉/84年3月1版1次60开/印数：18万定价：0.11元/市场交流价：/9品：25元/10品：50元,PaddlePaddle
彭德怀的故事,彭德怀的故事,,编文：王肇歧 绘画：韩和平汪观清等,,,编文：王肇歧,王肇歧,编文,绘画：韩和平,韩和平,绘画,绘画：汪观清,汪观清,绘画,绘画：等,等,绘画,,,,,,,上海人民美术,上海人民美术,,上海,9,1980,1版1次,60,66万,0.15,25,50,Ref002:185,单册：拾贰划,,,彭德怀的故事/出版社：上海人民美术/编文：王肇歧/绘画：韩和平汪观清等/80年9月1版1次60开/印数：66万定价：0.15元/市场交流价：/9品：25元/10品：50元,PaddlePaddle
彭德怀,彭德怀,,编文：于平等 绘画：影雪,,,编文：于平,于平,编文,编文：等,等,编文,绘画：影雪,影雪,绘画,,,,,,,,,,江苏人民,江苏人民,,南京,9,1982,1版1次,64,30万,0.15,8,15,Ref002:185,单册：拾贰划,,,彭德怀/出版社：江苏人民/编文：于平等/绘画：影雪/82年9月1版1次64开/印数：30万定价：0.15元/市场交流价：/9品：8元/10品：15元,PaddlePaddle
痛苦与欢乐,痛苦与欢乐,,改编：陈镇江 绘画：陈云华王重义,,,改编：陈镇江,陈镇江,改编,绘画：陈云华,陈云华,绘画,绘画：王重义,王重义,绘画,,,,,,,,,,上海人民美术,上海人民美术,,上海,2,1980,1版1次,64,15万,0.11,10,20,Ref002:185,单册：拾贰划,,,痛苦与欢乐/出版社：上海人民美术/改编：陈镇江/绘画：陈云华王重义/80年2月1版1次64开/印数：15万定价：0.11元/市场交流价：/9品：10元/10品：20元,PaddlePaddle
彭湃的故事,彭湃的故事,,编文：卢权 绘画：杜应强曾宪龙,,,编文：卢权,卢权,编文,绘画：杜应强,杜应强,绘画,绘画：曾宪龙,曾宪龙,绘画,,,,,,,,,,岭南美术,岭南美术,,广州,3,1981,1版1次,60,,0.28,40,80,Ref002:185,单册：拾贰划,,,彭湃的故事/出版社：岭南美术/编文：卢权/绘画：杜应强曾宪龙/81年3月1版1次60开/印数：未详定价：0.28元/市场交流价：/9品：40元/10品：80元,PaddlePaddle
智破桃园堡,智破桃园堡,,改编：谭勋等 绘画：区本泉黄穗中,,,改编：谭勋,谭勋,改编,改编：等,等,改编,绘画：区本泉,区本泉,绘画,绘画：黄穗中,黄穗中,绘画,,,,,,,岭南美术,岭南美术,,广州,3,1981,1版1次,60,,0.2,20.元[sic.],40,Ref002:185,单册：拾贰划,《山乡风云录》的60开版式。另有64开本，两者封⾯不同。,Price_sic.,*智破桃园堡/出版社：岭南美术/改编：谭勋等/绘画：区本泉黄穗中/81年3月1版1次60开/印数：未详定价：0.20元/市场交流价：/9品：20.元/10品：40元,PaddlePaddle
智取城防图,智取城防图,,编文：魏世祥 绘画：秦云海,,,编文：魏世祥,魏世祥,编文,绘画：秦云海,秦云海,绘画,,,,,,,,,,,,,河南人民,河南人民,,郑州,8,1977,1版1次,64,,0.11,8,15,Ref002:185,单册：拾贰划,,,智取城防图/出版社：河南人民/编文：魏世祥/绘画：秦云海/77年8月1版1次64开/印数：未详定价：0.11元/市场交流价：/9品：8元/10品：15元,PaddlePaddle
悲哀的拳王,悲哀的拳王,,改编：竺乾华 绘画：雷德祖,,,改编：竺乾华,竺乾华,改编,绘画：雷德祖,雷德祖,绘画,,,,,,,,,,,,,浙江人民美术,浙江人民美术,,杭州,5,1980,1版1次,64,20万,0.15,10,20,Ref002:185,单册：拾贰划,,,悲哀的拳王/出版社：浙江人民美术/改编：竺乾华/绘画：雷德祖/80年5月1版1次64开/印数：20万定价：0.15元/市场交流价：/9品：10元/10品：20元,PaddlePaddle
窗口,窗口,,改编：任可 绘画：中流王传义等,,,改编：任可,任可,改编,绘画：中流,中流,绘画,绘画：王传义,王传义,绘画,绘画：等,等,绘画,,,,,,,人民美术,人民美术,,,3,1979,1版1次,64,46万,0.08,8,15,Ref002:186,单册：拾贰划,,,窗口/出版社：人民美术/改编：任可/绘画：中流王传义等/79年3月1版1次64开/印数：46万定价：0.08元/市场交流价：/9品：8元/10品：15元,PaddlePaddle
窗口,窗口,,改编：蒋德生 绘画：丁亮盛,,,改编：蒋德生,蒋德生,改编,绘画：丁亮盛,丁亮盛,绘画,,,,,,,,,,,,,上海人民美术,上海人民美术,,上海,4,1979,1版1次,64,45万,0.11,8,15,Ref002:186,单册：拾贰划,,,窗口/出版社：上海人民美术/改编：蒋德生/绘画：丁亮盛/79年4月1版1次64开/印数：45万定价：0.11元/市场交流价：/9品：8元/10品：15元,PaddlePaddle
湖上小八路,湖上小八路,,改编：毛亮英 绘画：谌孝安,,,改编：毛亮英,毛亮英,改编,绘画：谌孝安,谌孝安,绘画,,,,,,,,,,,,,上海人民美术,上海人民美术,,上海,7,1979,1版1次,64,90万,0.11,10,15,Ref002:186,单册：拾贰划,,,湖上小八路/出版社：上海人民美术/改编：毛亮英/绘画：谌孝安/79年7月1版1次64开/印数：90万定价：0.11元/市场交流价：/9品：10元/10品：15元,PaddlePaddle
湖边小暗哨,湖边小暗哨,,改编：高家驹 绘画：郭红雁,,,改编：高家驹,高家驹,改编,绘画：郭红雁,郭红雁,绘画,,,,,,,,,,,,,江苏人民,江苏人民,,南京,6,1978,1版1次,64,,0.14,25,50,Ref002:186,单册：拾贰划,,,湖边小暗哨/出版社：江苏人民/改编：高家驹/绘画：郭红雁/78年6月1版1次64开/印数：未详定价：0.14元/市场交流价：/9品：25元/10品：50元,PaddlePaddle
朝阳沟,朝阳沟,,改编：武耀强 绘画：刘继卣,,,改编：武耀强,武耀强,改编,绘画：刘继卣,刘继卣,绘画,,,,,,,,,,,,,人民美术,人民美术,,,8,1977,2版2次,64,100万,0.11,150,300,Ref002:186,单册：拾贰划,,,朝阳沟/出版社：人民美术/改编：武耀强/绘画：刘继卣/77年8月2版2次64开/印数：100万定价：0.11元/市场交流价：/9品：150元/10品：300元,PaddlePaddle
朝阳花,朝阳花,,改编：刘广惠 绘画：施大畏,,,改编：刘广惠,刘广惠,改编,绘画：施大畏,施大畏,绘画,,,,,,,,,,,,,黑龙江美术,黑龙江美术,,哈尔滨,7,1984,1版1次,64,11.4万,0.25,20,40,Ref002:186,单册：拾贰划,,,朝阳花/出版社：黑龙江美术/改编：刘广惠/绘画：施大畏/84年7月1版1次64开/印数：11.4万 定价：0.25元/市场交流价：/9品：20元/10品：40元,PaddlePaddle
朝阳花,朝阳花,,编文：赵吉南 绘画：陆成法陆小弟,,,编文：赵吉南,赵吉南,编文,绘画：陆成法,陆成法,绘画,绘画：陆小弟,陆小弟,绘画,,,,,,,,,,上海人民美术,上海人民美术,,上海,7,1981,1版1次,64,60万,0.19,15,30,Ref002:186,单册：拾贰划,,,朝阳花/出版社：上海人民美术/编文：赵吉南/绘画：陆成法陆小弟/81年7月1版1次64开/印数：60万定价：0.19元/市场交流价：/9品：15元/10品：30元,PaddlePaddle
新礼花,新礼花,,改编：冯永杰 绘画：集体,,,改编：冯永杰,冯永杰,改编,绘画：集体,集体,绘画,,,,,,,,,,,,,上海人民,上海人民,,上海,7,1977,1版1次,64,,0.1,8,20,Ref002:186,单册：拾贰划,,,新礼花/出版社：上海人民/改编：冯永杰/绘画：集体/77年7月1版1次64开/印数：未详定价：0.10元/市场交流价：/9品：8元/10品：20元,PaddlePaddle
啼笑因缘,啼笑因缘,,改编：郁如 绘画：刘国辉,,,改编：郁如,郁如,改编,绘画：刘国辉,刘国辉,绘画,,,,,,,,,,,,,浙江人民美术,浙江人民美术,,杭州,5,1981,1版1次,64,60万,0.21,5,10,Ref002:187,单册：拾贰划,,,啼笑因缘/出版社：浙江人民美术/改编：郁如/绘画：刘国辉/81年5月1版1次64开/印数：60万定价：0.21元/市场交流价：/9品：5元/10品：10元,PaddlePaddle
啼笑姻缘,啼笑姻缘,,改编：宗玉 绘画：唐源源,,,改编：宗玉,宗玉,改编,绘画：唐源源,唐源源,绘画,,,,,,,,,,,,,湖南美术,湖南美术,,长沙,6,1982,1版1次,64,76万,0.13,10,20,Ref002:187,单册：拾贰划,《啼笑因缘》浙江版，标题“因”是错别字，应为“姻”。,,啼笑姻缘/出版社：湖南美术/改编：宗玉/绘画：唐源源/82年6月1版1次64开/印数：76万定价：0.13元/市场交流价：/9品：10元/10品：20元,PaddlePaddle
雁鸣湖畔,雁鸣湖畔,,改编：集体 绘画：集体,,,改编：集体,集体,改编,绘画：集体,集体,绘画,,,,,,,,,,,,,黑龙江人民,黑龙江人民,,哈尔滨,5,1977,1版1次,64,25万,0.18,8,15,Ref002:187,单册：拾贰划,,,雁鸣湖畔/出版社：黑龙江人民/改编：集体/绘画：集体/77年5月1版1次64开/印数：25万定价：0.18元/市场交流价：/9品：8元/10品：15元,PaddlePaddle
雁门关伏击战,雁门关伏击战,,改编：刘伟新 绘画：劳宏必顺,,,改编：刘伟新,刘伟新,改编,绘画：劳宏,劳宏,绘画,绘画：必顺,必顺,绘画,,,,,,,,,,湖北美术,湖北美术,,武汉,12,1989,1版1次,64,3.5万,0.55,5,15,Ref002:187,单册：拾贰划,,"Sic._Author_Core_2, Author_Core_3",雁门关伏击战/出版社：湖北美术/改编：刘伟新/绘画：劳宏必顺/89年12月1版1次64开/印数：3.5万定价：0.55元/市场交流价：/9品：5元/10品：15元,PaddlePaddle
骑师与美人鱼,骑师与美人鱼,,改编：林之 绘画：越非广之,,,改编：林之,林之,改编,绘画：越非,越非,绘画,绘画：广之,广之,绘画,,,,,,,,,,湖南美术,湖南美术,,长沙,1,1986,1版1次,64,4.48万,0.32,5,15,Ref002:187,单册：拾贰划,,Sic._Author_Core_3,骑师与美人鱼/出版社：湖南美术/改编：林之/绘画：越非广之/86年1月1版1次64开/印数：4.48万定价：0.32元/市场交流价：/9品：5元/10品：15元,PaddlePaddle
渡江侦察记,渡江侦察记,,改编：章程 绘画：顾炳鑫,,,改编：章程,章程,改编,绘画：顾炳鑫,顾炳鑫,绘画,,,,,,,,,,,,,上海人民,上海人民,,上海,11,1977,1版1次,64,,0.26,250,600,Ref002:187,单册：拾贰划,,,渡江侦察记/出版社：上海人民/改编：章程/绘画：顾炳鑫/77年11月1版1次64开/印数：未详定价：0.26元/市场交流价：/9品：250元/10品：600元,PaddlePaddle
湘江侦察,湘江侦察,,编文：原水 绘画：钱贵荪,,,编文：原水,原水,编文,绘画：钱贵荪,钱贵荪,绘画,,,,,,,,,,,,,人民美术,人民美术,,,4,1984,2版5次,64,109万,0.16,20,40,Ref002:187,单册：拾贰划,,,湘江侦察/出版社：人民美术/编文：原水/绘画：钱贵荪/84年4月2版5次64开/印数：109万定价：0.16元/市场交流价：/9品：20元/10品：40元,PaddlePaddle
搭错车,搭错车,,改编：邓会光 绘画：季源业等,,,改编：邓会光,邓会光,改编,绘画：季源业,季源业,绘画,绘画：等,等,绘画,,,,,,,,,,广东旅游,广东旅游,,广州,8,1985,1版1次,64,,0.33,8,15,Ref002:187,单册：拾贰划,,,搭错车/出版社：广东旅游/改编：邓会光/绘画：季源业：等/85年8月1版1次64开/印数：未详定价：0.33元/市场交流价：/9品：8元/10品：15元,PaddlePaddle
喝延河水长大的,喝延河水长大的,,改编：李文龙 绘画：施大畏,,,改编：李文龙,李文龙,改编,绘画：施大畏,施大畏,绘画,,,,,,,,,,,,,天津人民美术,天津人民美术,,天津,1,1981,1版1次,64,3.7万,0.22,15,35,Ref002:188,单册：拾贰划,,,喝延河水长大的/出版社：天津人民美术/改编：李文龙/绘画：施大畏/81年1月1版1次64开/印数：3.7万定价：0.22元/市场交流价：/9品：15元/10品：35元,PaddlePaddle
湘岭怒火,湘岭怒火,,编文：张广昌 绘画：丁德邻,,,编文：张广昌,张广昌,编文,绘画：丁德邻,丁德邻,绘画,,,,,,,,,,,,,江苏人民,江苏人民,,南京,3,1980,1版1次,64,20万,0.13,10,20,Ref002:188,单册：拾贰划,,,湘岭怒火/出版社：江苏人民/编文：张广昌/绘画：丁德邻/80年3月1版1次64开/印数：20万定价：0.13元/市场交流价：/9品：10元/10品：20元,PaddlePaddle
雅克萨反击战,雅克萨反击战,,改编：贾永盛 绘画：张永新,,,改编：贾永盛,贾永盛,改编,绘画：张永新,张永新,绘画,,,,,,,,,,,,,辽宁美术,辽宁美术,,沈阳,8,1982,1版1次,64,50万,0.2,5,10,Ref002:188,单册：拾贰划,,,雅克萨反击战/出版社：辽宁美术/改编：贾永盛/绘画：张永新/82年8月1版1次64开/印数：50万定价：0.20元/市场交流价：/9品：5元/10品：10元,PaddlePaddle
象倌传奇,象倌传奇,,编文：黄岭 绘画：陈水远,,,编文：黄岭,黄岭,编文,绘画：陈水远,陈水远,绘画,,,,,,,,,,,,,江西人民,江西人民,,南昌,12,1981,1版1次,64,23万,0.2,15,30,Ref002:188,单册：拾贰划,,,象倌传奇/出版社：江西人民/编文：黄岭/绘画：陈水远/81年12月1版1次64开/印数：23万定价：0.20元/市场交流价：/9品：15元/10品：30元,PaddlePaddle
喜哥,喜哥,,编文：王正 绘画：余家乐,,,编文：王正,王正,编文,绘画：余家乐,余家乐,绘画,,,,,,,,,,,,,上海人民美术,上海人民美术,,上海,11,1985,1版1次,64,3万,0.31,15,30,Ref002:188,单册：拾贰划,,,喜哥/出版社：上海人民美术/编文：王正/绘画：余家乐/85年11月1版1次64开/印数：3万定价：0.31元/市场交流价：/9品：15元/10品：30元,PaddlePaddle
韩宝山相亲,韩宝山相亲,,编文：艾明 绘画：杜玉曦,,,编文：艾明,艾明,编文,绘画：杜玉曦,杜玉曦,绘画,,,,,,,,,,,,,山西人民,山西人民,,太原,12,1984,1版1次,64,8万,0.17,5,10,Ref002:188,单册：拾贰划,,,韩宝山相亲/出版社：山西人民/编文：艾明/绘画：杜玉曦/84年12月1版1次64开/印数：8万定价：0.17元/市场交流价：/9品：5元/10品：10元,PaddlePaddle
温钦夫镇魔记,温钦夫镇魔记,,编文：孙法智 绘画：潘直亮,,,编文：孙法智,孙法智,编文,绘画：潘直亮,潘直亮,绘画,,,,,,,,,,,,,中州书画,中州书画,,郑州,2,1982,1版1次,64,42.8万,0.14,10,20,Ref002:188,单册：拾贰划,,,温钦夫镇魔记/出版社：中州书画/编文：孙法智/绘画：潘直亮/82年2月1版1次64开/印数：42.8万 定价：0.14元/市场交流价：/9品：10元/10品：20元,PaddlePaddle
葫芦湾抢船,葫芦湾抢船,,改编：韩双东 绘画：熊孔成,,,改编：韩双东,韩双东,改编,绘画：熊孔成,熊孔成,绘画,,,,,,,,,,,,,中州书画,中州书画,,郑州,4,1983,1版1次,64,16.1万,0.2,15,25,Ref002:188,单册：拾贰划,,,葫芦湾抢船/出版社：中州书画/改编：韩双东/绘画：熊孔成/83年4月1版1次64开/印数：16.1万定价：0.20元/市场交流价：/9品：15元/10品：25元,PaddlePaddle
鲁迅传（一）,鲁迅传,（一）,编文：集体 绘画：集体,,,编文：集体,集体,编文,绘画：集体,集体,绘画,,,,,,,,,,,,,广东人民,广东人民,,广州,5,1977,1版1次,60,,0.5,100（全套）,200,Ref002:189,单册：拾贰划,,,鲁迅传(一)/出版社：广东人民/编文：集体/绘画：集体/77年5月1版1次60开/印数：未详定价：0.50元/市场交流价：/9品：100元（全套）/10品：200元,PaddlePaddle
鲁迅传（二）,鲁迅传,（二）,编文：张磊潘晋拔 绘画：夏晔刘启瑞,,,编文：张磊,张磊,编文,编文：潘晋拔,潘晋拔,编文,绘画：夏晔,夏晔,绘画,绘画：刘启瑞,刘启瑞,绘画,,,,,,,广东人民,广东人民,,广州,5,1978,1版1次,64,,0.22,,,Ref002:189,单册：拾贰划,,,鲁迅传(二)/出版社：广东人民/编文：张磊潘晋拔/绘画：夏晔刘启瑞/78年5月1版1次64开/印数：未详定价：0.22元,PaddlePaddle
瑞普的奇遇,瑞普的奇遇,,编文：张廷琛 绘画：胡若军谌孝安,,,编文：张廷琛,张廷琛,编文,绘画：胡若军,胡若军,绘画,绘画：谌孝安,谌孝安,绘画,,,,,,,,,,上海人民美术,上海人民美术,,上海,4,1981,1版1次,64,50万,0.08,8,15,Ref002:189,单册：拾贰划,,,瑞普的奇遇/出版社：上海人民美术/编文：张廷琛/绘画：胡若军谌孝安/81年4月1版1次64开/印数：50万定价：0.08元/市场交流价：/9品：8元/10品：15元,PaddlePaddle
猴王子,猴王子,,改编：孙法智 绘画：潘直亮,,,改编：孙法智,孙法智,改编,绘画：潘直亮,潘直亮,绘画,,,,,,,,,,,,,中州书画,中州书画,,郑州,6,1983,1版1次,64,20.4万,0.16,8,15,Ref002:189,单册：拾贰划,,,猴王子/出版社：中州书画/改编：孙法智/绘画：潘直亮/83年6月1版1次64开/印数：20.4万 定价0.16元/市场交流价：/9品：8元/10品：15元,PaddlePaddle
最危险的猎物,最危险的猎物,,改编：白宇 绘画：费声福,,,改编：白宇,白宇,改编,绘画：费声福,费声福,绘画,,,,,,,,,,,,,人民美术,人民美术,,,6,1983,1版1次,60,32万,0.16,10,20,Ref002:189,单册：拾贰划,,,最危险的猎物/出版社：人民美术/改编：白宇/绘画：费声福/83年6月1版1次60开/印数：32万定价：0.16元/市场交流价：/9品：10元/10品：20元,PaddlePaddle
最危险的猎物,最危险的猎物,,改编：史策 绘画：陈昌柱朱小果,,,改编：史策,史策,改编,绘画：陈昌柱,陈昌柱,绘画,绘画：朱小果,朱小果,绘画,,,,,,,,,,重庆,重庆,,重庆,10,1983,1版1次,64,10万,0.11,10,20,Ref002:189,单册：拾贰划,,,最危险的猎物/出版社：重庆/改编：史策/绘画：陈昌柱朱小果/83年10月1版1次64开/印数：10万定价：0.11元/市场交流价：/9品：10元/10品：20元,PaddlePaddle
新天方夜谭,新天方夜谭,,改编：张万鸿 绘画：郁芷芳,,,改编：张万鸿,张万鸿,改编,绘画：郁芷芳,郁芷芳,绘画,,,,,,,,,,,,,上海人民美术,上海人民美术,,上海,5,1984,1版1次,64,47.5万,0.23,5,10,Ref002:189,单册：拾贰划,,,新天方夜谭/出版社：上海人民美术/改编：张万鸿/绘画：郁芷芳/84年5月1版1次64开/印数：47.5万 定价：0.23元/市场交流价：/9品：5元/10品：10元,PaddlePaddle
塔拉斯的火炬,塔拉斯的火炬,,改编：高正 绘画：潘喜良,,,改编：高正,高正,改编,绘画：潘喜良,潘喜良,绘画,,,,,,,,,,,,,吉林人民,吉林人民,,长春,6,1981,1版1次,64,35万,0.14,10,20,Ref002:189,单册：拾贰划,,,塔拉斯的火炬/出版社：吉林人民/改编：高正/绘画：潘喜良/81年6月1版1次64开/印数：35万定价：0.14元/市场交流价：/9品：10元/10品：20元,PaddlePaddle
鲁滨孙飘流全集（上下）,鲁滨孙飘流全集,（上下）,改编：崔岩峰等 绘画：倪洪泉,,,改编：崔岩峰,崔岩峰,改编,改编：等,等,改编,绘画：倪洪泉,倪洪泉,绘画,,,,,,,,,,海洋,海洋,,上海,3,1985,1版1次,64,250万,0.7,20（全套）,30,Ref002:190,单册：拾贰划,,,鲁滨孙飘流全集（上下）/出版社：海洋/改编：崔岩峰等/绘画：倪洪泉/85年3月1版1次64开/印数：250万定价：0.70元/市场交流价：/9品：20元（全套）/10品：30元,PaddlePaddle
鲁滨逊飘流记,鲁滨逊飘流记,,改编：萧芦 绘画：王文瑞沃叶柳,,,改编：萧芦,萧芦,改编,绘画：王文瑞,王文瑞,绘画,绘画：沃叶柳,沃叶柳,绘画,,,,,,,,,,上海人民美术,上海人民美术,,上海,1,1990,1版1次,64,1.2万,1.4,20,40,Ref002:190,单册：拾贰划,,,鲁滨逊飘流记/出版社：上海人民美术/改编：萧芦/绘画：王文瑞沃叶柳/1990年1月1版1次64开/印数：1.2万定价：1.40元/市场交流价：/9品：20元/10品：40元,PaddlePaddle
鲁滨逊飘流记,鲁滨逊飘流记,,改编：李建新 绘画：黄云松,,,改编：李建新,李建新,改编,绘画：黄云松,黄云松,绘画,,,,,,,,,,,,,河北人民,河北人民,,石家庄,2,1980,1版1次,64,169万,0.2,15,25,Ref002:190,单册：拾贰划,,Year_sic.,鲁滨逊飘流记/出版社：河北人民/改编：李建新/绘画：黄云松/80年2月1版1次64开/印数：169万定价：0.20元/市场交流价：/9品：15元/10品：25元,PaddlePaddle
悲惨世界（上下）,悲惨世界,（上下）,改编：文华 绘画：董福章,,,改编：文华,文华,改编,绘画：董福章,董福章,绘画,,,,,,,,,,,,,人民美术,人民美术,,,7,1983,1版1次,64,7.4万,0.26,50（全套）,80,Ref002:190,单册：拾贰划,,,悲惨世界(上下)/出版社：人民美术/改编：文华/绘画：董福章/83年7月1版1次64开/印数：7.4万定价：0.26元/市场交流价：/9品：50元（全套）/10品：80元,PaddlePaddle
奥德赛的故事,奥德赛的故事,,改编：徐涂 绘画：庞邦本王怀庆等,,,改编：徐涂,徐涂,改编,绘画：庞邦本,庞邦本,绘画,绘画：王怀庆,王怀庆,绘画,绘画：等,等,绘画,,,,,,,人民美术,人民美术,,,4,1984,1版1次,60,27万,0.3,25,50,Ref002:190,单册：拾贰划,,,奥德赛的故事/出版社：人民美术/改编：徐涂/绘画：庞邦本王怀庆等/84年4月1版1次60开/印数：27万定价：0.30元/市场交流价：/9品：25元/10品：50元,PaddlePaddle
奥德赛,奥德赛,,编文：缪德彰 改编：等 绘画：奚阿兴,,,编文：缪德彰,缪德彰,编文,改编：等,等,改编,绘画：奚阿兴,奚阿兴,绘画,,,,,,,,,,少年儿童,少年儿童,,上海,6,1983,1版1次,64,22万,0.16,10,25,Ref002:190,单册：拾贰划,,,奥德赛/出版社：少年儿童/编文：缪德彰等/绘画：奚阿兴/83年6月1版1次64开/印数：22万定价：0.16元/市场交流价：/9品：10元/10品：25元,PaddlePaddle
奥瑟罗,奥瑟罗,,改编：肖移山 绘画：梁益强窦培高,,,改编：肖移山,肖移山,改编,绘画：梁益强,梁益强,绘画,绘画：窦培高,窦培高,绘画,,,,,,,,,,中国文联,中国文联,,北京,8,1984,1版1次,64,,0.21,8,15,Ref002:190,单册：拾贰划,,,奥瑟罗/出版社：中国文联/改编：肖移山/绘画：梁益强窦培高/84年8月1版1次64开/印数：未详定价：0.21元/市场交流价：/9品：8元/10品：15元,PaddlePaddle
棺材之谜,棺材之谜,,编文：刘红 绘画：陈水远,,,编文：刘红,刘红,编文,绘画：陈水远,陈水远,绘画,,,,,,,,,,,,,江西人民,江西人民,,南昌,4,1981,1版1次,64,80万,0.21,5,8,Ref002:190,单册：拾贰划,,,棺材之谜/出版社：江西人民/编文：刘红/绘画：陈水远/81年4月1版1次64开/印数：80万定价：0.21元/市场交流价：/9品：5元/10品：8元,PaddlePaddle
暑假里的故事,暑假里的故事,,改编：王志冲 绘画：曹英义,,,改编：王志冲,王志冲,改编,绘画：曹英义,曹英义,绘画,,,,,,,,,,,,,江苏人民,江苏人民,,南京,11,1982,1版1次,64,20.07万,0.12,10,20,Ref002:191,单册：拾贰划,,,暑假里的故事/出版社：江苏人民/改编：王志冲/绘画：曹英义/82年11月1版1次64开/印数：20.07万定价：0.12元/市场交流价：/9品：10元/10品：20元,PaddlePaddle
窦天佑打擂,窦天佑打擂,,改编：大民 绘画：谢立堂,,,改编：大民,大民,改编,绘画：谢立堂,谢立堂,绘画,,,,,,,,,,,,,河北美术,河北美术,,石家庄,8,1985,1版1次,64,51万,0.24,3,6,Ref002:191,单册：拾贰划,,,窦天佑打擂/出版社：河北美术/改编：大民/绘画：谢立堂/85年8月1版1次64开/印数：51万定价：0.24元/市场交流价：/9品：3元/10品：6元,PaddlePaddle
紫娟情辞试莽玉,紫娟情辞试莽玉,,改编：萃娃 绘画：徐晓平,,,改编：萃娃,萃娃,改编,绘画：徐晓平,徐晓平,绘画,,,,,,,,,,,,,天津人民美术,天津人民美术,,天津,9,1982,1版1次,64,36.1万,0.11,25,50,Ref002:191,单册：拾贰划,,Title_missing_sic.,出版社：天津人民美术/改编：萃娃/绘画：徐晓平/82年9月1版1次64开/印数：36.1万 定价：0.11元/市场交流价：/9品：25元/10品：50元,PaddlePaddle
嵩口司,嵩口司,,改编：张铁民 绘画：王井,,,改编：张铁民,张铁民,改编,绘画：王井,王井,绘画,,,,,,,,,,,,,福建人民,福建人民,,福州,4,1981,1版1次,64,27万,0.14,15,35,Ref002:191,单册：拾贰划,,,嵩口司/出版社：福建人民/改编：张铁民/绘画：王井/81年4月1版1次64开/印数：27万定价0.14元/市场交流价：/9品：15元/10品：35元,PaddlePaddle
楚汉相争,楚汉相争,,编文：易进 绘画：汪家龄,,,编文：易进,易进,编文,绘画：汪家龄,汪家龄,绘画,,,,,,,,,,,,,安徽人民,安徽人民,,合肥,7,1984,1版1次,64,10万,0.24,8,15,Ref002:191,单册：拾贰划,,,楚汉相争/出版社：安徽人民/编文：易进/绘画：汪家龄/84年7月1版1次64开/印数：10万定价：0.24元/市场交流价：/9品：8元/10品：15元,PaddlePaddle
新站长,新站长,,改编：崔亚斌 绘画：赵宝林,,,改编：崔亚斌,崔亚斌,改编,绘画：赵宝林,赵宝林,绘画,,,,,,,,,,,,,人民美术,人民美术,,,6,1974,1版1次,64,100万,0.09,5,15,Ref002:191,单册：拾贰划,,,新站长/出版社：人民美术/改编：崔亚斌/绘画：赵宝林/74年6月1版1次64开/印数：100万定价：0.09元/市场交流价：/9品：5元/10品：15元,PaddlePaddle
新来的书记,新来的书记,,改编：程锦川 绘画：谢永康,,,改编：程锦川,程锦川,改编,绘画：谢永康,谢永康,绘画,,,,,,,,,,,,,上海人民美术,上海人民美术,,上海,2,1979,1版1次,64,40万,0.11,8,15,Ref002:191,单册：拾贰划,,,新来的书记/出版社：上海人民美术/改编：程锦川/绘画：谢永康/79年2月1版1次64开/印数：40万定价：0.11元/市场交流价：/9品：8元/10品：15元,PaddlePaddle
煤海新歌,煤海新歌,,编文：集体 绘画：集体,,,编文：集体,集体,编文,绘画：集体,集体,绘画,,,,,,,,,,,,,山西人民,山西人民,,太原,2,1975,1版1次,64,10万,0.1,15,25,Ref002:191,单册：拾贰划,,,煤海新歌/出版社：山西人民/编文：集体/绘画：集体/75年2月1版1次64开/印数：10万定价：0.10元/市场交流价：/9品：15元/10品：25元,PaddlePaddle
新来的船工,新来的船工,,改编：潘年 绘画：劳思吴放等,,,改编：潘年,潘年,改编,绘画：劳思,劳思,绘画,绘画：吴放,吴放,绘画,绘画：等,等,绘画,,,,,,,江苏人民,江苏人民,,南京,9,1976,1版1次,60,60万,0.11,15,30,Ref002:192,单册：拾贰划,,Sic._Author_Core_3,新来的船工/出版社：江苏人民/改编：潘年/绘画：劳思吴放等/76年9月1版1次60开/印数：60万定价：0.11元/市场交流价：/9品：15元/10品：30元,PaddlePaddle
新的战斗,新的战斗,,改编：集体 绘画：贺友直罗盘等,,,改编：集体,集体,改编,绘画：贺友直,贺友直,绘画,绘画：罗盘,罗盘,绘画,绘画：等,等,绘画,,,,,,,上海人民,上海人民,,上海,12,1973,1版1次,60,120万,0.12,50,150,Ref002:192,单册：拾贰划,,,新的战斗/出版社：上海人民/改编：集体/绘画：贺友直罗盘等/73年12月1版1次60开/印数：120万定价：0.12元/市场交流价：/9品：50元/10品：150元,PaddlePaddle
新来的小石柱（上）,新来的小石柱,（上）,改编：刘含真等 绘画：高燕等,,,改编：刘含真,刘含真,改编,改编：等,等,改编,绘画：高燕,高燕,绘画,绘画：等,等,绘画,,,,,,,人民体育,人民体育,,北京,3,1976,1版1次,60,,0.18,,,Ref002:192,单册：拾贰划,,,新来的小石柱(上)/出版社：人民体育/改编：刘含真等/绘画：高燕等/76年3月1版1次60开/印数：未详定价：0.18元,PaddlePaddle
新来的小石柱（下）,新来的小石柱,（下）,改编：刘含真等 绘画：高燕等,,,改编：刘含真,刘含真,改编,改编：等,等,改编,绘画：高燕,高燕,绘画,绘画：等,等,绘画,,,,,,,人民体育,人民体育,,北京,2,1977,1版1次,60,,0.18,60（全套）,150,Ref002:192,单册：拾贰划,,,新来的小石柱(下)/出版社：人民体育/改编：刘含真等/绘画：高燕等/77年2月1版1次60开/印数：未详定价：0.18元/市场交流价：/9品：60元（全套）/10品：150元,PaddlePaddle
新苗茁壮,新苗茁壮,,编文：集体 绘画：杨剑华,,,编文：集体,集体,编文,绘画：杨剑华,杨剑华,绘画,,,,,,,,,,,,,安徽人民,安徽人民,,合肥,12,1975,1版1次,64,30万,0.13,10,20,Ref002:192,单册：拾贰划,,,新苗茁壮/出版社：安徽人民/编文：集体/绘画：杨剑华/75年12月1版1次64开/印数：30万定价：0.13元/市场交流价：/9品：10元/10品：20元,PaddlePaddle
新战场,新战场,,编文：庄大伟 绘画：胡克文,,,编文：庄大伟,庄大伟,编文,绘画：胡克文,胡克文,绘画,,,,,,,,,,,,,上海人民,上海人民,,上海,11,1975,1版1次,64,,0.07,15,40,Ref002:192,单册：拾贰划,,,新战场/出版社：上海人民/编文：庄大伟/绘画：胡克文/75年11月1版1次64开/印数：未详定价：0.07元/市场交流价：/9品：15元/10品：40元,PaddlePaddle
新来的管理员,新来的管理员,,编文：王金富 绘画：严启生,,,编文：王金富,王金富,编文,绘画：严启生,严启生,绘画,,,,,,,,,,,,,上海人民,上海人民,,上海,6,1975,1版1次,64,40万,0.07,10,25,Ref002:192,单册：拾贰划,,,新来的管理员/出版社：上海人民/编文：王金富/绘画：严启生/75年6月1版1次64开/印数：40万定价：0.07元/市场交流价：/9品：10元/10品：25元,PaddlePaddle
焦裕禄—艰苦创业,焦裕禄,艰苦创业,改编：集体 绘画：集体,,,改编：集体,集体,改编,绘画：集体,集体,绘画,,,,,,,,,,,,,人民美术,人民美术,,,10,1976,1版1次,64,100万,0.13,25,40,Ref002:192,单册：拾叁划,,,焦裕禄一艰苦创业/出版社：人民美术/改编：集体/绘画：集体/76年10月1版1次64开/印数：100万定价：0.13元/市场交流价：/9品：25元/10品：40元,PaddlePaddle
雷锋,雷锋,,编文：姜维朴等 绘画：费声福等,,,编文：姜维朴,姜维朴,编文,编文：等,等,编文,绘画：费声福,费声福,绘画,绘画：等,等,绘画,,,,,,,人民美术,人民美术,,,4,1981,2版2次,60,50万,0.18,20,45,Ref002:193,单册：拾叁划,,,雷锋/出版社：人民美术/编文：姜维朴等/绘画：费声福等/81年4月2版2次60开/印数：50万定价：0.18元/市场交流价：/9品：20元/10品：45元,PaddlePaddle
雷锋,雷锋,,改编：集体 绘画：集体,,,改编：集体,集体,改编,绘画：集体,集体,绘画,,,,,,,,,,,,,湖南人民,湖南人民,,长沙,2,1973,1版1次,60,23万,0.14,100,250,Ref002:193,单册：拾叁划,,,雷锋/出版社：湖南人民/改编：集体/绘画：集体/73年2月1版1次60开/印数：23万定价：0.14元/市场交流价：/9品：100元/10品：250元,PaddlePaddle
雷锋,雷锋,,改编：集体 绘画：集体,,,改编：集体,集体,改编,绘画：集体,集体,绘画,,,,,,,,,,,,,人民美术,人民美术,,,3,1973,1版1次,60,,0.07,25,60,Ref002:193,单册：拾叁划,,,雷锋/出版社：人民美术/改编：集体/绘画：集体/73年3月1版1次60开/印数：未详定价：0.07元/市场交流价：/9品：25元/10品：60元,PaddlePaddle
雷锋的少年时代,雷锋的少年时代,,改编：刘含真 绘画：钱贵荪,,,改编：刘含真,刘含真,改编,绘画：钱贵荪,钱贵荪,绘画,,,,,,,,,,,,,人民美术,人民美术,,,2,1973,2版1次,64,,0.08,15,40,Ref002:193,单册：拾叁划,,,雷锋的少年时代/出版社：人民美术/改编：刘含真/绘画：钱贵荪/73年2月2版1次64开/印数：未详定价：0.08元/市场交流价：/9品：15元/10品：40元,PaddlePaddle
雷锋,雷锋,,编文：朱芸芳 绘画：汪观清,,,编文：朱芸芳,朱芸芳,编文,绘画：汪观清,汪观清,绘画,,,,,,,,,,,,,江苏人民,江苏人民,,南京,2,1982,1版1次,64,29万,0.12,15,30,Ref002:193,单册：拾叁划,,,雷锋/出版社：江苏人民/编文：朱芸芳/绘画：汪观清/82年2月1版1次64开/印数：29万定价：0.12元/市场交流价：/9品：15元/10品：30元,PaddlePaddle
塘边脚印,塘边脚印,,编文：梁业鸿等 绘画：江恩莲,,,编文：梁业鸿,梁业鸿,编文,编文：等,等,编文,绘画：江恩莲,江恩莲,绘画,,,,,,,,,,广东人民,广东人民,,广州,2,1973,1版1次,60,30万,0.16,15,30,Ref002:193,单册：拾叁划,,,塘边脚印/出版社：广东人民/编文：梁业鸿等/绘画：江恩莲/73年2月1版1次60开/印数：30万定价：0.16元/市场交流价：/9品：15元/10品：30元,PaddlePaddle
塘边脚印,塘边脚印,,编文：梁业鸿等 绘画：江恩莲,,,编文：梁业鸿,梁业鸿,编文,编文：等,等,编文,绘画：江恩莲,江恩莲,绘画,,,,,,,,,,广东人民,广东人民,,广州,10,1975,1版4次,60,,0.16,10,20,Ref002:193,单册：拾叁划,,,塘边脚印/出版社：广东人民/编文：梁业鸿等/绘画：江恩莲/75年10月1版4次60开/印数：未详定价：0.16元/市场交流价：/9品：10元/10品：20元,PaddlePaddle
塘南血泪仇,塘南血泪仇,,改编：集体 绘画：集体,,,改编：集体,集体,改编,绘画：集体,集体,绘画,,,,,,,,,,,,,江西省新华书店,江西省新华书店,,南昌,10,1970,1版1次,60,,0.1,100,200,Ref002:193,单册：拾叁划,,,塘南血泪仇/出版社：江西省新华书店/改编：集体/绘画：集体/70年10月1版1次60开/印数：未详定价：0.10元/市场交流价：/9品：100元/10品：200元,PaddlePaddle
满湖冰封满湖春,满湖冰封满湖春,,改编：集体 绘画：集体,,,改编：集体,集体,改编,绘画：集体,集体,绘画,,,,,,,,,,,,,上海人民,上海人民,,上海,8,1972,1版1次,60,,0.1,15,30,Ref002:194,单册：拾叁划,,,满湖冰封满湖春/出版社：上海人民/改编：集体/绘画：集体/72年8月1版1次60开/印数：未详定价：0.10元/市场交流价：/9品：15.00元/10品：30.00元,PaddlePaddle
鼓手,鼓手,,改编：曹杰 绘画：娄溥义,,,改编：曹杰,曹杰,改编,绘画：娄溥义,娄溥义,绘画,,,,,,,,,,,,,甘肃人民,甘肃人民,,兰州,9,1973,1版1次,60,35万,0.1,15,25,Ref002:194,单册：拾叁划,,,鼓手/出版社：甘肃人民/改编：曹杰/绘画：娄溥义/73年9月1版1次60开/印数：35万定价：0.10元/市场交流价：/9品：15元/10品：25元,PaddlePaddle
雏鹰初飞,雏鹰初飞,,编文：王敬东 绘画：刘禾生魏楚予,,,编文：王敬东,王敬东,编文,绘画：刘禾生,刘禾生,绘画,绘画：魏楚予,魏楚予,绘画,,,,,,,,,,江苏人民,江苏人民,,南京,9,1974,1版1次,60,40万,0.09,15,25,Ref002:194,单册：拾叁划,,,雏鹰初飞/出版社：江苏人民/编文：王敬东/绘画：刘禾生 魏楚予/74年9月1版1次60开/印数：40万定价：0.09元/市场交流价：/9品：15元/10品：25元,PaddlePaddle
雾岛尖兵,雾岛尖兵,,改编：白克强 绘画：罗兴,,,改编：白克强,白克强,改编,绘画：罗兴,罗兴,绘画,,,,,,,,,,,,,上海人民,上海人民,,上海,11,1975,1版1次,64,,0.07,10,20,Ref002:194,单册：拾叁划,,,雾岛尖兵/出版社：上海人民/改编：白克强/绘画：罗兴/75年11月1版1次64开/印数：未详定价：0.07元/市场交流价：/9品：10元/10品：20元,PaddlePaddle
詹天佑,詹天佑,,编文：周佐愚 绘画：杨劲松,,,编文：周佐愚,周佐愚,编文,绘画：杨劲松,杨劲松,绘画,,,,,,,,,,,,,科普,科普,,北京,10,1984,1版1次,64,,0.18,8,15,Ref002:194,单册：拾叁划,,,詹天佑/出版社：科普/编文：周佐愚/绘画：杨劲松/84年10月1版1次64开/印数：未详定价：0.18元/市场交流价：/9品：8元/10品：15元,PaddlePaddle
詹天佑,詹天佑,,编文：文政 绘画：关振旋周炳基,,,编文：文政,文政,编文,绘画：关振旋,关振旋,绘画,绘画：周炳基,周炳基,绘画,,,,,,,,,,岭南美术,岭南美术,,广州,5,1983,1版1次,64,5.72万,0.21,15,30,Ref002:194,单册：拾叁划,,,詹天佑/出版社：岭南美术/编文：文政/绘画：关振旋周炳基/83年5月1版1次64开/印数：5.72万定价：0.21元/市场交流价：/9品：15元/10品：30元,PaddlePaddle
詹天佑,詹天佑,,改编：孙安文 绘画：戎鸣岐戴敦邦,,,改编：孙安文,孙安文,改编,绘画：戎鸣岐,戎鸣岐,绘画,绘画：戴敦邦,戴敦邦,绘画,,,,,,,,,,陕西人民美术,陕西人民美术,,西安,2,1982,1版1次,64,12.5万,0.13,10,20,Ref002:194,单册：拾叁划,,,詹天佑/出版社：陕西人民美术/改编：孙安文/绘画：戎鸣岐 戴敦邦/82年2月1版1次64开/印数：12.5万定价：0.13元/市场交流价：/9品：10元/10品：20元,PaddlePaddle
跟踪追击,跟踪追击,,改编：辛生 绘画：高适,,,改编：辛生,辛生,改编,绘画：高适,高适,绘画,,,,,,,,,,,,,上海人民美术,上海人民美术,,上海,1,1978,2版5次,64,,0.15,30,60,Ref002:194,单册：拾叁划,,,跟踪追击/出版社：上海人民美术/改编：辛生/绘画：高 适/78年1月2版5次64开/印数：未详定价：0.15元/市场交流价：/9品：30元/10品：60元,PaddlePaddle
塞上忠魂,塞上忠魂,,改编：关胜武 绘画：王纯信王聪,,,改编：关胜武,关胜武,改编,绘画：王纯信,王纯信,绘画,绘画：王聪,王聪,绘画,,,,,,,,,,黑龙江人民,黑龙江人民,,哈尔滨,3,1983,1版1次,64,18.9万,0.21,5,10,Ref002:195,单册：拾叁划,,Sic._Author_Core_3,塞上忠魂/出版社：黑龙江人民/改编：关胜武/绘画：王纯信王聪/83年3月1版1次64开/印数：18.9万定价：0.21元/市场交流价：/9品：5元/10品：10元,PaddlePaddle
塞外夺宝,塞外夺宝,,改编：蕴真 绘画：卜逸肖琼,,,改编：蕴真,蕴真,改编,绘画：卜逸,卜逸,绘画,绘画：肖琼,肖琼,绘画,,,,,,,,,,广东旅游,广东旅游,,广州,2,1985,1版1次,64,100万,0.28,5,8,Ref002:195,单册：拾叁划,,Sic._Author_Core_3,塞外夺宝/出版社：广东旅游/改编：蕴真/绘画：卜逸肖 琼/85年2月1版1次64开/印数：100万定价：0.28元/市场交流价：/9品：5元/10品：8元,PaddlePaddle
雾都报童,雾都报童,,改编：陆扬烈 绘画：张昌洵,,,改编：陆扬烈,陆扬烈,改编,绘画：张昌洵,张昌洵,绘画,,,,,,,,,,,,,浙江人民,浙江人民,,杭州,2,1979,1版1次,64,80万,0.17,10,20,Ref002:195,单册：拾叁划,,,雾都报童/出版社：浙江人民/改编：陆扬烈/绘画：张昌洵/79年2月1版1次64开/印数：80万定价：0.17元/市场交流价：/9品：10元/10品：20元,PaddlePaddle
雾都报童,雾都报童,,改编：杨明生 绘画：胡博综,,,改编：杨明生,杨明生,改编,绘画：胡博综,胡博综,绘画,,,,,,,,,,,,,黑龙江人民,黑龙江人民,,哈尔滨,10,1979,1版1次,64,17.8万,0.13,8,15,Ref002:195,单册：拾叁划,,,雾都报童/出版社：黑龙江人民/改编：杨明生/绘画：胡博综/79年10月1版1次64开/印数：17.8万定价：0.13元/市场交流价：/9品：8元/10品：15元,PaddlePaddle
雾都十三夜,雾都十三夜,,改编：舟石 绘画：王征,,,改编：舟石,舟石,改编,绘画：王征,王征,绘画,,,,,,,,,,,,,山东美术,山东美术,,济南,3,1984,1版1次,64,20.9万,0.2,15,30,Ref002:195,单册：拾叁划,,,雾都十三夜/出版社：山东美术/改编：舟石/绘画：王征/84年3月1版1次64开/印数：20.9万 定价：0.20元/市场交流价：/9品：15元/10品：30元,PaddlePaddle
雷雨,雷雨,,改编：沙铁军 绘画：陈贻福,,,改编：沙铁军,沙铁军,改编,绘画：陈贻福,陈贻福,绘画,,,,,,,,,,,,,江苏人民,江苏人民,,南京,10,1982,1版1次,64,18.5万,0.23,20,40,Ref002:195,单册：拾叁划,,,雷雨/出版社：江苏人民/改编：沙铁军/绘画：陈贻福/82年10月1版1次64开/印数：18.5万 定价：0.23元/市场交流价：/9品：20元/10品：40元,PaddlePaddle
雷雨,雷雨,,改编：王良莹 绘画：谢京秋,,,改编：王良莹,王良莹,改编,绘画：谢京秋,谢京秋,绘画,,,,,,,,,,,,,辽宁美术,辽宁美术,,沈阳,5,1982,1版1次,64,41.2万,0.25,5,10,Ref002:195,单册：拾叁划,,,雷雨/出版社：辽宁美术/改编：王良莹/绘画：谢京秋/82年5月1版1次64开/印数：41.2万定价：0.25元/市场交流价：/9品：5元/10品：10元,PaddlePaddle
感情,感情,,改编：何柄章 绘画：于大武,,,改编：何柄章,何柄章,改编,绘画：于大武,于大武,绘画,,,,,,,,,,,,,安徽人民,安徽人民,,合肥,12,1983,1版1次,64,8.5万,0.12,10,20,Ref002:195,单册：拾叁划,,,感情/出版社：安徽人民/改编：何柄章/绘画：于大武/83年12月1版1次64开/印数：8.5万定价：0.12元/市场交流价：/9品：10元/10品：20元,PaddlePaddle
蓝色象鼻湖,蓝色象鼻湖,,改编：阿素 绘画：黄英浩肖田,,,改编：阿素,阿素,改编,绘画：黄英浩,黄英浩,绘画,绘画：肖田,肖田,绘画,,,,,,,,,,中国少年儿童,中国少年儿童,,北京,7,1983,1版1次,64,,0.15,10,20,Ref002:196,单册：拾叁划,,Sic._Author_Core_3,蓝色象鼻湖/出版社：中国少年儿童/改编：阿素/绘画：黄英浩肖田/83年7月1版1次64开/印数：未详定价：0.15元/市场交流价：/9品：10元/10品：20元,PaddlePaddle
鉴湖女侠,鉴湖女侠,,改编：陆和荪 绘画：钱贵荪,,,改编：陆和荪,陆和荪,改编,绘画：钱贵荪,钱贵荪,绘画,,,,,,,,,,,,,浙江人民,浙江人民,,杭州,10,1979,1版1次,64,54万,0.21,20,50,Ref002:196,单册：拾叁划,,,鉴湖女侠/出版社：浙江人民/改编：陆和荪/绘画：钱贵荪/79年10月1版1次64开/印数：54万定价：0.21元/市场交流价：/9品：20元/10品：50元,PaddlePaddle
马半仙外传,马半仙外传,,改编：王乐群 绘画：王纯信,,,改编：王乐群,王乐群,改编,绘画：王纯信,王纯信,绘画,,,,,,,,,,,,,黑龙江美术,黑龙江美术,,哈尔滨,9,1984,1版1次,64,15.1万,0.25,5,8,Ref002:196,单册：拾叁划,,,马半仙外传/出版社：黑龙江美术/改编：王乐群/绘画：王纯信/84年9月1版1次64开/印数：15.1万定价：0.25元/市场交流价：/9品：5元/10品：8元,PaddlePaddle
榆面商人,榆面商人,,改编：文康 绘画：侯德剑赵建明,,,改编：文康,文康,改编,绘画：侯德剑,侯德剑,绘画,绘画：赵建明,赵建明,绘画,,,,,,,,,,人民美术,人民美术,,,10,1983,1版1次,64,30万,0.11,10,20,Ref002:196,单册：拾叁划,,,榆面商人/出版社：人民美术/改编：文康/绘画：侯德剑赵建明/83年10月1版1次64开/印数：30万定价：0.11元/市场交流价：/9品：10元/10品：20元,PaddlePaddle
蒙根花,蒙根花,,改编：牟怀珂 绘画：丁斌曾,,,改编：牟怀珂,牟怀珂,改编,绘画：丁斌曾,丁斌曾,绘画,,,,,,,,,,,,,上海人民美术,上海人民美术,,上海,7,1981,1版1次,64,74万,0.17,20,50,Ref002:196,单册：拾叁划,,,蒙根花/出版社：上海人民美术/改编：牟怀珂/绘画：丁斌曾/81年7月1版1次64开/印数：74万定价：0.17元/市场交流价：/9品：20元/10品：50元,PaddlePaddle
管电记,管电记,,编文：胡斌 绘画：胡斌,,,编文：胡斌,胡斌,编文,绘画：胡斌,胡斌,绘画,,,,,,,,,,,,,人民美术,人民美术,,,4,1971,1版1次,64,50万,0.14,8,15,Ref002:196,单册：拾叁划,,,管电记/出版社：人民美术/编文：胡斌/绘画：胡斌/71年4月1版1次64开/印数：50万定价：0.14元/市场交流价：/9品：8元/10品：15元,PaddlePaddle
新珠,新珠,,改编：秋次郎 绘画：池长尧,,,改编：秋次郎,秋次郎,改编,绘画：池长尧,池长尧,绘画,,,,,,,,,,,,,福建人民,福建人民,,福州,6,1981,1版1次,64,30万,0.26,5,10,Ref002:196,单册：拾叁划,,,新珠/出版社：福建人民/改编：秋次郎/绘画：池长尧/81年6月1版1次64开/印数：30万定价：0.26元/市场交流价：/9品：5元/10品：10元,PaddlePaddle
跳来跳去的女人,跳来跳去的女人,,改编：马玲玲 绘画：柴本善,,,改编：马玲玲,马玲玲,改编,绘画：柴本善,柴本善,绘画,,,,,,,,,,,,,上海人民美术,上海人民美术,,上海,9,1983,1版1次,64,31.6万,0.11,5,10,Ref002:196,单册：拾叁划,,,跳来跳去的女人/出版社：上海人民美术/改编：马玲玲/绘画：柴本善/83年9月1版1次64开/印数：31.6万 定价：0.11元/市场交流价：/9品：5元/10品：10元,PaddlePaddle
简爱（上）,简爱,（上）,改编：大鲁 绘画：吴冠英,,,改编：大鲁,大鲁,改编,绘画：吴冠英,吴冠英,绘画,,,,,,,,,,,,,岭南美术,岭南美术,,广州,12,1987,1版1次,64,,0.5,,,Ref002:197,单册：拾叁划,,,简爱(上)/出版社：岭南美术/改编：大鲁/绘画：吴冠英/87年12月1版1次64开/印数：未详定价：0.50元,PaddlePaddle
简爱（上下）,简爱,（上下）,改编：李遵义 绘画：庞邦本,,,改编：李遵义,李遵义,改编,绘画：庞邦本,庞邦本,绘画,,,,,,,,,,,,,辽宁美术,辽宁美术,,沈阳,11,1983,1版1次,64,33.1万,0.4,80（全套）,150,Ref002:197,单册：拾叁划,,,简爱(上下)/出版社：辽宁美术/改编：李遵义/绘画：庞邦本/83年11月1版1次64开/印数：33.1万定价：0.40元/市场交流价：/9品：80元（全套）/10品：150元,PaddlePaddle
满江红,满江红,,改编：任梅 绘画：墨浪,,,改编：任梅,任梅,改编,绘画：墨浪,墨浪,绘画,,,,,,,,,,,,,人民美术,人民美术,,,11,1981,1版2次,60,132.42万,0.13,30,90,Ref002:197,单册：拾叁划,,,满江红/出版社：人民美术/改编：任梅/绘画：墨浪/81年11月1版2次60开/印数：132.42万定价：0.13元/市场交流价：/9品：30元/10品：90元,PaddlePaddle
满江红,满江红,,改编：张春峰 绘画：汪玉山,,,改编：张春峰,张春峰,改编,绘画：汪玉山,汪玉山,绘画,,,,,,,,,,,,,河北人民,河北人民,,石家庄,1,1980,2版1次,64,248万,0.1,20,40,Ref002:197,单册：拾叁划,,,满江红/出版社：河北人民/改编：张春峰/绘画：汪玉山/80年1月2版1次64开/印数：248万定价：0.10元/市场交流价：/9品：20元/10品：40元,PaddlePaddle
嫦娥奔月,嫦娥奔月,,改编：程中岳 绘画：徐有武,,,改编：程中岳,程中岳,改编,绘画：徐有武,徐有武,绘画,,,,,,,,,,,,,浙江人民美术,浙江人民美术,,杭州,3,1981,1版1次,64,110万,0.17,20,40,Ref002:197,单册：拾叁划,,,嫦娥奔月/出版社：浙江人民美术/改编：程中岳/绘画：徐有武/81年3月1版1次64开/印数：110万定价：0.17元/市场交流价：/9品：20元/10品：40元,PaddlePaddle
蔡文姬,蔡文姬,,改编：唐开础 绘画：胡若佛,,,改编：唐开础,唐开础,改编,绘画：胡若佛,胡若佛,绘画,,,,,,,,,,,,,河北美术,河北美术,,石家庄,7,1982,2版2次,64,11.3万,0.16,60,180,Ref002:197,单册：拾叁划,,,蔡文姬/出版社：河北美术/改编：唐开础/绘画：胡若佛/82年7月1版2次64开/印数：11.3万 定价：0.16元/市场交流价：/9品：60元/10品：180元,PaddlePaddle
蔡文姬,蔡文姬,,改编：吴廷官等 绘画：范志泉汪继声,,,改编：吴廷官,吴廷官,改编,改编：等,等,改编,绘画：范志泉,范志泉,绘画,绘画：汪继声,汪继声,绘画,,,,,,,辽宁美术,辽宁美术,,沈阳,8,1979,1版1次,64,20万,0.2,60,180,Ref002:197,单册：拾叁划,,,蔡文姬/出版社：辽宁美术/改编：吴廷官等/绘画：范志泉汪继声/79年8月1版1次64开/印数：20万定价：0.20元/市场交流价：/9品：60元/10品：180元,PaddlePaddle
蔡文姬,蔡文姬,,改编：李光羽 绘画：项维仁,,,改编：李光羽,李光羽,改编,绘画：项维仁,项维仁,绘画,,,,,,,,,,,,,上海人民美术,上海人民美术,,上海,9,1980,1版1次,60,50万,0.18,80,200,Ref002:197,单册：拾叁划,,,蔡文姬/出版社：上海人民美术/改编：李光羽/绘画：项维仁/80年9月1版1次60开/印数：50万定价：0.18元/市场交流价：/9品：80元/10品：200元,PaddlePaddle
暴动,暴动,,改编：张友 绘画：施大畏崔君沛等,,,改编：张友,张友,改编,绘画：施大畏,施大畏,绘画,绘画：崔君沛,崔君沛,绘画,绘画：等,等,绘画,,,,,,,黑龙江人民,黑龙江人民,,哈尔滨,11,1983,1版1次,64,10.2万,0.23,20,40,Ref002:198,单册：拾叁划,,,暴动/出版社：黑龙江人民/改编：张友/绘画：施大畏崔君沛 等/83年11月1版1次64开/印数：10.2万定价：0.23元/市场交流价：/9品：20元/10品：40元,PaddlePaddle
翠谷鞭声,翠谷鞭声,,编文：盛殿元 绘画：刘天民杨维华,,,编文：盛殿元,盛殿元,编文,绘画：刘天民,刘天民,绘画,绘画：杨维华,杨维华,绘画,,,,,,,,,,辽宁人民,辽宁人民,,沈阳,5,1976,1版1次,64,30万,0.07,8,15,Ref002:198,单册：拾叁划,,,翠谷鞭声/出版社：辽宁人民/编文：盛殿元/绘画：刘天民杨维华/76年5月1版1次64开/印数：30万定价：0.07元/市场交流价：/9品：8元/10品：15元,PaddlePaddle
蔡永祥,蔡永祥,,编者：集体 绘画：集体,,,编者：集体,集体,编者,绘画：集体,集体,绘画,,,,,,,,,,,,,浙江工农兵画报编缉部,浙江工农兵画报编缉部,,,10,1968,1版1次,64,,0.06,100,200,Ref002:198,单册：拾叁划,,,蔡永祥/出版社：浙江工农兵画报编缉部/编者：集体/绘画：集体/68年10月1版1次64开/印数：未详定价：0.06元/市场交流价：/9品：100元/10品：200元,PaddlePaddle
槟榔山下,槟榔山下,,编文：关则驹 绘画：李昌柏,,,编文：关则驹,关则驹,编文,绘画：李昌柏,李昌柏,绘画,,,,,,,,,,,,,广东人民,广东人民,,广州,9,1973,1版1次,60,50万,0.15,20,50,Ref002:198,单册：拾叁划,,Title_missing_sic.,出版社：广东人民/编文：关则驹/绘画：李昌柏/73年9月1版1次60开/印数：50万定价：0.15元/市场交流价：/9品：20元/10品：50元,PaddlePaddle
静静的鱼塘,静静的鱼塘,,改编：赵思政姚义兴 绘画：姚逸之李维山,,,改编：赵思政,赵思政,改编,改编：姚义兴,姚义兴,改编,绘画：姚逸之,姚逸之,绘画,绘画：李维山,李维山,绘画,,,,,,,江西人民,江西人民,,南昌,11,1975,1版1次,60,30万,0.12,20,50,Ref002:198,单册：拾叁划,,,静静的鱼塘/出版社：江西人民/改编：赵思政 姚义兴/绘画：姚逸之 李维山/75年11月1版1次60开/印数：30万定价：0.12元/市场交流价：/9品：20元/10品：50元,PaddlePaddle
鞍钢工人王吉才,鞍钢工人王吉才,,改编：集体 绘画：集体,,,改编：集体,集体,改编,绘画：集体,集体,绘画,,,,,,,,,,,,,辽宁人民,辽宁人民,,沈阳,4,1972,1版1次,60,,0.1,40,100,Ref002:198,单册：拾叁划,,,鞍钢工人王吉才/出版社：辽宁人民/改编：集体/绘画：集体/72年4月1版1次60开/印数：未详定价：0.10元/市场交流价：/9品：40元/10品：100元,PaddlePaddle
滚雷英雄罗光变,滚雷英雄罗光变,,改编：集体 绘画：集体,,,改编：集体,集体,改编,绘画：集体,集体,绘画,,,,,,,,,,,,,上海人民,上海人民,,上海,4,1972,1版1次,60,,0.12,40,180,Ref002:198,单册：拾叁划,,,滚雷英雄罗光变/出版社：上海人民/改编：集体/绘画：集体/72年4月1版1次60开/印数：未详定价：0.12元/市场交流价：/9品：40元/10品：180元,PaddlePaddle
播火记（上下）,播火记,（上下）,改编：尚羡智 绘画：刘端,,,改编：尚羡智,尚羡智,改编,绘画：刘端,刘端,绘画,,,,,,,,,,,,,河北人民,河北人民,,石家庄,3,1981,1版1次,64,60万,0.45,30（全套）,50,Ref002:198,单册：拾叁划,,,播火记（上下）/出版社：河北人民/改编：尚羡智/绘画：刘端/81年3月1版1次64开/印数：60万定价：0.45元/市场交流价：/9品：30元（全套）/10品：50元,PaddlePaddle
暴风骤雨（上下）,暴风骤雨,（上下）,改编：杨根相 绘画：施大畏,,,改编：杨根相,杨根相,改编,绘画：施大畏,施大畏,绘画,,,,,,,,,,,,,上海人民美术,上海人民美术,,上海,11,1981,1版1次,64,50万,0.44,60（全套）,150,Ref002:199,单册：拾叁划,,,暴风骤雨(上下)/出版社：上海人民美术/改编：杨根相/绘画：施大畏/81年11月1版1次64开/印数：50万定价：0.44元/市场交流价：/9品：60元（全套）/10品：150元,PaddlePaddle
暴风骤雨,暴风骤雨,,改编：呈虹 绘画：林钧相,,,改编：呈虹,呈虹,改编,绘画：林钧相,林钧相,绘画,,,,,,,,,,,,,辽宁美术,辽宁美术,,沈阳,4,1981,1版1次,64,28.6万,0.25,10,20,Ref002:199,单册：拾叁划,,,暴风骤雨/出版社：辽宁美术/改编：呈虹/绘画：林钧相/81年4月1版1次64开/印数：28.6万定价：0.25元/市场交流价：/9品：10元/10品：20元,PaddlePaddle
暴风骤雨（上）,暴风骤雨,（上）,改编：张启太 绘画：王纯信,,,改编：张启太,张启太,改编,绘画：王纯信,王纯信,绘画,,,,,,,,,,,,,黑龙江人民,黑龙江人民,,哈尔滨,1,1980,1版1次,64,6.7万,0.18,,,Ref002:199,单册：拾叁划,,,暴风骤雨(上)/出版社：黑龙江人民/改编：张启太/绘画：王纯信/80年1月1版1次64开/印数：6.7万定价：0.18元,PaddlePaddle
暴风骤雨（下）,暴风骤雨,（下）,改编：张启太 绘画：于海江,,,改编：张启太,张启太,改编,绘画：于海江,于海江,绘画,,,,,,,,,,,,,黑龙江人民,黑龙江人民,,哈尔滨,2,1981,1版1次,64,4.3万,0.13,80（全套）,120,Ref002:199,单册：拾叁划,,,暴风骤雨(下)/出版社：黑龙江人民/改编：张启太/绘画：于海江/81年2月1版1次64开/印数：4.3万定价：0.13元/市场交流价：/9品：80元（全套）/10品：120元,PaddlePaddle
黎明的河边,黎明的河边,,改编：顾炳鑫 绘画：顾炳鑫,,,改编：顾炳鑫,顾炳鑫,改编,绘画：顾炳鑫,顾炳鑫,绘画,,,,,,,,,,,,,上海人民美术,上海人民美术,,上海,2,1978,2版15次,60,,0.11,60,180,Ref002:199,单册：拾叁划,,,黎明的河边/出版社：上海人民美术/改编：顾炳鑫/绘画：顾炳鑫/78年2月2版15次60开/印数：未详定价：0.11元/市场交流价：/9品：60元/10品：180元,PaddlePaddle
黎明的河边,黎明的河边,,改编：艾馨 绘画：谭尔康,,,改编：艾馨,艾馨,改编,绘画：谭尔康,谭尔康,绘画,,,,,,,,,,,,,胡南少年儿童,胡南少年儿童,,,5,1984,1版1次,64,25.3万,0.14,8,15,Ref002:199,单册：拾叁划,,,黎明的河边/出版社：胡南少年儿童/改编：艾馨/绘画：谭尔康/84年5月1版1次64开/印数：25.3万定价：0.14元/市场交流价：/9品：8元/10品：15元,PaddlePaddle
廖仲恺,廖仲恺,,改编：柯逢 绘画：雷德祖,,,改编：柯逢,柯逢,改编,绘画：雷德祖,雷德祖,绘画,,,,,,,,,,,,,福建人民,福建人民,,福州,5,1984,1版1次,64,5.246万,0.23,25,60,Ref002:199,单册：拾叁划,,,廖仲恺/出版社：福建人民/改编：柯逢/绘画：雷德祖/84年5月1版1次64开/印数：5.246万 定价：0.23元/市场交流价：/9品：25元/10品：60元,PaddlePaddle
碧海长缨,碧海长缨,,改编：郑之同 绘画：雷著华,,,改编：郑之同,郑之同,改编,绘画：雷著华,雷著华,绘画,,,,,,,,,,,,,广西人民,广西人民,,南宁,8,1986,1版1次,60,25万,0.14,30,60,Ref002:199,单册：拾叁划,,,碧海长缨/出版社：广西人民/改编：郑之同/绘画：雷著华/86年8月1版1次60开/印数：25万定价：0.14元/市场交流价：/9品：30元/10品：60元,PaddlePaddle
碧海丹心,碧海丹心,,改编：庄宏安 绘画：徐进,,,改编：庄宏安,庄宏安,改编,绘画：徐进,徐进,绘画,,,,,,,,,,,,,上海人民美术,上海人民美术,,上海,12,1983,2版3次,60,64.5万,0.18,50,100,Ref002:200,单册：拾叁划,,,碧海丹心/出版社：上海人民美术/改编：庄宏安/绘画：徐进/83年12月2版3次60开/印数：64.5万定价：0.18元/市场交流价：/9品：50元/10品：100元,PaddlePaddle
碧水扬波,碧水扬波,,改编：孙文秀 绘画：刘少臣,,,改编：孙文秀,孙文秀,改编,绘画：刘少臣,刘少臣,绘画,,,,,,,,,,,,,天津人民美术,天津人民美术,,天津,8,1977,1版1次,60,,0.09,5,15,Ref002:200,单册：拾叁划,,,碧水扬波/出版社：天津人民美术/改编：孙文秀/绘画：刘少臣/77年8月1版1次60开/印数：未详定价：0.09元/市场交流价：/9品：5元/10品：15元,PaddlePaddle
碧血丹心,碧血丹心,,编文：沈玉章等 绘画：谢舒弋等,,,编文：沈玉章,沈玉章,编文,编文：等,等,编文,绘画：谢舒弋,谢舒弋,绘画,绘画：等,等,绘画,,,,,,,长城,长城,,北京,3,1986,1版1次,64,,0.37,5,8,Ref002:200,单册：拾叁划,,,碧血丹心/出版社：长城/编文：沈玉章等/绘画：谢舒弋 等/86年3月1版1次64开/印数：未详定价：0.37元/市场交流价：/9品：5元/10品：8元,PaddlePaddle
槐树庄,槐树庄,,改编：万家春 绘画：高适等,,,改编：万家春,万家春,改编,绘画：高适,高适,绘画,绘画：等,等,绘画,,,,,,,,,,上海人民美术,上海人民美术,,上海,3,1978,2版6次,64,,0.17,80,150,Ref002:200,单册：拾叁划,,,槐树庄/出版社：上海人民美术/改编：万家春/绘画：高适等/78年3月2版6次64开/印数：未详定价：0.17元/市场交流价：/9品：80元/10品：150元,PaddlePaddle
渔光曲,渔光曲,,改编：小云 绘画：赵静东,,,改编：小云,小云,改编,绘画：赵静东,赵静东,绘画,,,,,,,,,,,,,天津人民美术,天津人民美术,,天津,5,1979,1版1次,60,12万,0.14,60,150,Ref002:200,单册：拾叁划,,,渔光曲/出版社：天津人民美术/改编：小云/绘画：赵静东/79年5月1版1次60开/印数：12万定价：0.14元/市场交流价：/9品：60元/10品：150元,PaddlePaddle
嘎达梅林,嘎达梅林,,改编：钟志诚 绘画：许勇顾莲塘等,,,改编：钟志诚,钟志诚,改编,绘画：许勇,许勇,绘画,绘画：顾莲塘,顾莲塘,绘画,绘画：等,等,绘画,,,,,,,辽宁美术,辽宁美术,,沈阳,8,1984,1版1次,64,10.7万,0.34,20,40,Ref002:200,单册：拾叁划,,,嘎达梅林/出版社：辽宁美术/改编：钟志诚/绘画：许勇顾莲塘等/84年8月1版1次64开/印数：10.7万定价：0.34元/市场交流价：/9品：20元/10品：40元,PaddlePaddle
黎勇打豹,黎勇打豹,,改编：姜春鸣 绘画：朱成梁,,,改编：姜春鸣,姜春鸣,改编,绘画：朱成梁,朱成梁,绘画,,,,,,,,,,,,,江苏人民,江苏人民,,南京,2,1979,1版1次,64,,0.06,8,15,Ref002:200,单册：拾叁划,,,黎勇打豹/出版社：江苏人民/改编：姜春鸣/绘画：朱成梁/79年2月1版1次64开/印数：未详定价：0.06元/市场交流价：/9品：8元/10品：15元,PaddlePaddle
瑶山密林,瑶山密林,,改编：王荣 绘画：邵子振邵秋海,,,改编：王荣,王荣,改编,绘画：邵子振,邵子振,绘画,绘画：邵秋海,邵秋海,绘画,,,,,,,,,,黑龙江美术,黑龙江美术,,哈尔滨,2,1985,1版1次,64,14.94万,0.34,5,10,Ref002:200,单册：拾叁划,,,瑶山密林/出版社：黑龙江美术/改编：王荣/绘画：邵子振 邵秋海/85年2月1版1次64开/印数：14.94万 定价：0.34元/市场交流价：/9品：5元/10品：10元,PaddlePaddle
满山红（上下）,满山红,（上下）,改编：李大发 绘画：傅琳柴山林,,,改编：李大发,李大发,改编,绘画：傅琳,傅琳,绘画,绘画：柴山林,柴山林,绘画,,,,,,,,,,山西人民,山西人民,,太原,9,1984,1版1次,64,1.528万,0.4,30（全套）,50,Ref002:201,单册：拾叁划,,,满山红(上下)/出版社：山西人民/改编：李大发/绘画：傅琳柴山林/84年9月1版1次64开/印数：1.528万定价：0.40元/市场交流价：/9品：30元（全套）/10品：50元,PaddlePaddle
毁灭,毁灭,,改编：陆和荪 绘画：胡振宇,,,改编：陆和荪,陆和荪,改编,绘画：胡振宇,胡振宇,绘画,,,,,,,,,,,,,浙江人民美术,浙江人民美术,,杭州,8,1984,1版1次,64,26.5万,0.22,15,30,Ref002:201,单册：拾叁划,,,毁灭/出版社：浙江人民美术/改编：陆和荪/绘画：胡振宇/84年8月1版1次64开/印数：26.5万定价：0.22元/市场交流价：/9品：15元/10品：30元,PaddlePaddle
魂断蓝桥,魂断蓝桥,,改编：华士明吴湘英 绘画：黄穗中,,,改编：华士明,华士明,改编,改编：吴湘英,吴湘英,改编,绘画：黄穗中,黄穗中,绘画,,,,,,,,,,岭南美术,岭南美术,,广州,2,1983,1版1次,64,36.7万,0.23,8,15,Ref002:201,单册：拾肆划~贰拾壹划,,,魂断蓝桥/出版社：岭南美术/改编：华士明吴湘英/绘画：黄穗中/83年2月1版1次64开/印数：36.7万定价：0.23元/市场交流价：/9品：8元/10品：15元,PaddlePaddle
蔡永祥,蔡永祥,,改编：集体 绘画：集体,,,改编：集体,集体,改编,绘画：集体,集体,绘画,,,,,,,,,,,,,浙江人民美术,浙江人民美术,,杭州,7,1967,1版1次,60,26万,0.12,400,600,Ref002:201,单册：拾肆划~贰拾壹划,,,蔡永祥/出版社：浙江人民美术/改编：集体/绘画：集体/67年7月1版1次60开/印数：26万定价：0.12元/市场交流价：/9品：400元/10品：600元,PaddlePaddle
蝴蝶兰,蝴蝶兰,,改编：胡翀 绘画：徐有武徐有刚,,,改编：胡翀,胡翀,改编,绘画：徐有武,徐有武,绘画,绘画：徐有刚,徐有刚,绘画,,,,,,,,,,浙江人民美术,浙江人民美术,,杭州,6,1982,1版1次,64,31万,0.17,20,40,Ref002:201,单册：拾肆划~贰拾壹划,,,蝴蝶兰/出版社：浙江人民美术/改编：胡/绘画：徐有武徐有刚/82年6月1版1次64开/印数：31万定价：0.17元/市场交流价：/9品：20元/10品：40元,PaddlePaddle
蝴蝶兰,蝴蝶兰,,编文：洪寿仁陈韩星 绘者：卢德平,,,编文：洪寿仁,洪寿仁,编文,编文：陈韩星,陈韩星,编文,绘者：卢德平,卢德平,绘者,,,,,,,,,,岭南美术,岭南美术,,广州,2,1983,1版1次,64,22.53万,0.24,8,15,Ref002:201,单册：拾肆划~贰拾壹划,,,蝴蝶兰/出版社：岭南美术/编文：洪寿仁陈韩星/绘者：卢德平/83年2月1版1次64开/印数：22.53万 定价：0.24元/市场交流价：/9品：8元/10品：15元,PaddlePaddle
鲤鱼洲的枪声,鲤鱼洲的枪声,,改编：雪兰 绘画：谷照恩,,,改编：雪兰,雪兰,改编,绘画：谷照恩,谷照恩,绘画,,,,,,,,,,,,,天津人民美术,天津人民美术,,天津,11,1982,1版1次,64,50.1万,0.13,5,10,Ref002:201,单册：拾肆划~贰拾壹划,,,鲤鱼洲的枪声/出版社：天津人民美术/改编：雪兰/绘画：谷照恩/82年11月1版1次64开/印数：50.1万定价：0.13元/市场交流价：/9品：5元/10品：10元,PaddlePaddle
劈浪擒敌,劈浪擒敌,,改编：集体 绘画：集体,,,改编：集体,集体,改编,绘画：集体,集体,绘画,,,,,,,,,,,,,上海人民,上海人民,,上海,9,1974,1版1次,60,100万,0.7,10,20,Ref002:201,单册：拾肆划~贰拾壹划,,,劈浪擒敌/出版社：上海人民/改编：集体/绘画：集体/74年9月1版1次60开/印数：100万定价：0.70元/市场交流价：/9品：10元/10品：20元,PaddlePaddle
糟头新兵,糟头新兵,,编文：任书香 绘画：王同辰杜玉舟,,,编文：任书香,任书香,编文,绘画：王同辰,王同辰,绘画,绘画：杜玉舟,杜玉舟,绘画,,,,,,,,,,河北人民,河北人民,,石家庄,1,1975,1版1次,64,50万,0.09,8,15,Ref002:202,单册：拾肆划~贰拾壹划,,,糟头新兵/出版社：河北人民/编文：任书香/绘画：王同辰杜玉舟/75年1月1版1次64开/印数：50万定价：0.09元/市场交流价：/9品：8元/10品：15元,PaddlePaddle
燕儿窝之夜,燕儿窝之夜,,改编：晓虹 绘画：邵劭,,,改编：晓虹,晓虹,改编,绘画：邵劭,邵劭,绘画,,,,,,,,,,,,,上海人民美术,上海人民美术,,上海,7,1984,1版1次,64,18万,0.17,8,15,Ref002:202,单册：拾肆划~贰拾壹划,,,燕儿窝之夜/出版社：上海人民美术/改编：晓虹/绘画：邵劭/84年7月1版1次64开/印数：18万定价：0.17元/市场交流价：/9品：8元/10品：15元,PaddlePaddle
憨儿子,憨儿子,,编文：康兴龙 绘画：李邦耀,,,编文：康兴龙,康兴龙,编文,绘画：李邦耀,李邦耀,绘画,,,,,,,,,,,,,长江文艺,长江文艺,,武汉,1,1985,1版1次,64,21万,0.24,5,10,Ref002:202,单册：拾肆划~贰拾壹划,,,憨儿子/出版社：长江文艺/编文：康兴龙/绘画：李邦耀/85年1月1版1次64开/印数：21万定价：0.24元/市场交流价：/9品：5元/10品：10元,PaddlePaddle
薛刚反唐,薛刚反唐,,改编：张键 绘画：汪玉山等,,,改编：张键,张键,改编,绘画：汪玉山,汪玉山,绘画,绘画：等,等,绘画,,,,,,,,,,河北美术,河北美术,,石家庄,6,1982,1版2次,64,146万,0.14,15,30,Ref002:202,单册：拾肆划~贰拾壹划,,,薛刚反唐/出版社：河北美术/改编：张键/绘画：汪玉山等/82年6月1版2次64开/印数：146万定价：0.14元/市场交流价：/9品：15元/10品：30元,PaddlePaddle
霓裳羽衣曲,霓裳羽衣曲,,改编：高翔 绘画：陈泽山,,,改编：高翔,高翔,改编,绘画：陈泽山,陈泽山,绘画,,,,,,,,,,,,,福建美术,福建美术,,福州,5,1985,1版1次,64,17.9万,0.39,8,15,Ref002:202,单册：拾肆划~贰拾壹划,,,霓裳羽衣曲/出版社：福建美术/改编：高翔/绘画：陈泽山/85年5月1版1次64开/印数：17.9万 定价：0.39元/市场交流价：/9品：8元/10品：15元,PaddlePaddle
穆桂英（上下）,穆桂英,（上下）,改编：文文 绘画：宗静草,,,改编：文文,文文,改编,绘画：宗静草,宗静草,绘画,,,,,,,,,,,,,江苏人民,江苏人民,,南京,6,1981,1版1次,64,70万,0.22,20（全套）,35,Ref002:202,单册：拾肆划~贰拾壹划,,,穆桂英 (上下）/出版社：江苏人民/改编：文文/绘画：宗静草/81年6月1版1次64开/印数：70万定价：0.22元/市场交流价：/9品：20元（全套）/10品：35元,PaddlePaddle
霍光,霍光,,改编：韩季华 绘画：张景林陆小弟,,,改编：韩季华,韩季华,改编,绘画：张景林,张景林,绘画,绘画：陆小弟,陆小弟,绘画,,,,,,,,,,陕西人民美术,陕西人民美术,,西安,2,1984,1版1次,64,8.4万,0.25,8,15,Ref002:202,单册：拾肆划~贰拾壹划,,,霍光/出版社：陕西人民美术/改编：韩季华/绘画：张景林陆小弟/84年2月1版1次64开/印数：8.4万定价：0.25元/市场交流价：/9品：8元/10品：15元,PaddlePaddle
滕知县断案,滕知县断案,,编文：柳笙 绘画：刘端,,,编文：柳笙,柳笙,编文,绘画：刘端,刘端,绘画,,,,,,,,,,,,,吉林人民,吉林人民,,长春,8,1983,1版1次,64,22.19万,0.11,10,30,Ref002:202,单册：拾肆划~贰拾壹划,,,滕知县断案/出版社：吉林人民/编文：柳笙/绘画：刘端/83年8月1版1次64开/印数：22.19万定价：0.11元/市场交流价：/9品：10元/10品：30元,PaddlePaddle
激浪红心,激浪红心,,改编：集体 绘画：集体,,,改编：集体,集体,改编,绘画：集体,集体,绘画,,,,,,,,,,,,,上海人民,上海人民,,上海,9,1971,1版1次,60,,0.11,40,150,Ref002:203,单册：拾肆划~贰拾壹划,,,激浪红心/出版社：上海人民/改编：集体/绘画：集体/71年9月1版1次60开/印数：未详定价：0.11元/市场交流价：/9品：40元/10品：150元,PaddlePaddle
操心,操心,,改编：徐迅 绘画：徐季同,,,改编：徐迅,徐迅,改编,绘画：徐季同,徐季同,绘画,,,,,,,,,,,,,浙江人民,浙江人民,,杭州,4,1974,1版1次,60,45万,0.08,8,20,Ref002:203,单册：拾肆划~贰拾壹划,,,操心/出版社：浙江人民/改编：徐迅/绘画：徐季同/74年4月1版1次60开/印数：45万定价：0.08元/市场交流价：/9品：8元/10品：20元,PaddlePaddle
穆宗新,穆宗新,,改编：集体 绘画：李丰田,,,改编：集体,集体,改编,绘画：李丰田,李丰田,绘画,,,,,,,,,,,,,河北人民,河北人民,,石家庄,10,1973,1版1次,64,7万,0.1,40,80,Ref002:203,单册：拾肆划~贰拾壹划,,,穆宗新/出版社：河北人民/改编：集体/绘画：李丰田/73年10月1版1次64开/印数：7万定价：0.10元/市场交流价：/9品：40元/10品：80元,PaddlePaddle
燎原,燎原,,编文：叶惠元 绘画：徐加昌,,,编文：叶惠元,叶惠元,编文,绘画：徐加昌,徐加昌,绘画,,,,,,,,,,,,,人民美术,人民美术,,,10,1980,2版2次,60,41.5万,0.27,40,80,Ref002:203,单册：拾肆划~贰拾壹划,,,燎原/出版社：人民美术/编文：叶惠元/绘画：徐加昌/80年10月2版2次60开/印数：41.5万 定价：0.27元/市场交流价：/9品：40元/10品：80元,PaddlePaddle
激战崔家洼,激战崔家洼,,改编：石洪林 绘画：杨一明,,,改编：石洪林,石洪林,改编,绘画：杨一明,杨一明,绘画,,,,,,,,,,,,,北京,北京,,北京,3,1980,1版1次,60,,0.09,5,10,Ref002:203,单册：拾肆划~贰拾壹划,,,激战崔家洼/出版社：北京/改编：石洪林/绘画：杨一明/80年3月1版1次60开/印数：未详定价：0.09元/市场交流价：/9品：5元/10品：10元,PaddlePaddle
儒法治军路线斗争故事选,儒法治军路线斗争故事选,,改编：丁国联陈元山 绘画：罗希贤等,,,改编：丁国联,丁国联,改编,改编：陈元山,陈元山,改编,绘画：罗希贤,罗希贤,绘画,绘画：等,等,绘画,,,,,,,上海人民,上海人民,,上海,10,1975,1版1次,64,,0.09,15,30,Ref002:203,单册：拾肆划~贰拾壹划,,,儒法治军路线斗争故事选/出版社：上海人民/改编：丁国联陈元山/绘画：罗希贤等/75年10月1版1次64开/印数：未详定价：0.09元/市场交流价：/9品：15元/10品：30元,PaddlePaddle
激战夜航,激战夜航,,编文：集体 绘画：洪瑞生等,,,编文：集体,集体,编文,绘画：洪瑞生,洪瑞生,绘画,绘画：等,等,绘画,,,,,,,,,,福建人民,福建人民,,福州,1,1975,1版1次,60,,0.08,15,35,Ref002:203,单册：拾肆划~贰拾壹划,,,激战夜航/出版社：福建人民/编文：集体/绘画：洪瑞生等/75年1月1版1次60开/印数：未详 定价：0.08元/市场交流价：/9品：15元/10品：35元,PaddlePaddle
激战无名川（上下）,激战无名川,（上下）,改编：卞福顺 绘画：冯玉太李秀玲,,,改编：卞福顺,卞福顺,改编,绘画：冯玉太,冯玉太,绘画,绘画：李秀玲,李秀玲,绘画,,,,,,,,,,辽宁美术,辽宁美术,,沈阳,8,1982,1版1次,64,61.1万,0.46,10（全套）,20,Ref002:203,单册：拾肆划~贰拾壹划,,,激战无名川(上下)/出版社：辽宁美术/改编：卞福顺/绘画：冯玉太李秀玲/82年8月1版1次64开/印数：61.1万定价：0.46元/市场交流价：/9品：10元（全套)/10品：20元,PaddlePaddle
擎天礁擒谍,擎天礁擒谍,,改编：陈铁英 绘画：雷德祖,,,改编：陈铁英,陈铁英,改编,绘画：雷德祖,雷德祖,绘画,,,,,,,,,,,,,天津人民美术,天津人民美术,,天津,8,1978,1版1次,60,,0.15,20,50,Ref002:204,单册：拾肆划~贰拾壹划,,,擎天礁擒谍/出版社：天津人民美术/改编：陈铁英/绘画：雷德祖/78年8月1版1次60开/印数：未详定价：0.15元/市场交流价：/9品：20元/10品：50元,PaddlePaddle
磨坊之役,磨坊之役,,改编：徐涂 绘画：徐芒耀,,,改编：徐涂,徐涂,改编,绘画：徐芒耀,徐芒耀,绘画,,,,,,,,,,,,,上海人民,上海人民,,上海,5,1984,1版1次,64,17.5万,0.16,5,10,Ref002:204,单册：拾肆划~贰拾壹划,,,磨坊之役/出版社：上海人民/改编：徐涂/绘画：徐芒耀/84年5月1版1次64开/印数：17.5万定价：0.16元/市场交流价：/9品：5元/10品：10元,PaddlePaddle
蟋蟀,蟋蟀,,改编：易子 绘画：周波,,,改编：易子,易子,改编,绘画：周波,周波,绘画,,,,,,,,,,,,,岭南美术,岭南美术,,广州,1,1981,1版1次,64,,0.18,5,8,Ref002:204,单册：拾肆划~贰拾壹划,,,蟋蟀/出版社：岭南美术/改编：易子/绘画：周波/81年1月1版1次64开/印数：未详定价：0.18元/市场交流价：/9品：5元/10品：8元,PaddlePaddle
“镢柄”相亲记,“镢柄”相亲记,,改编：刘思成 绘画：刘国辉,,,改编：刘思成,刘思成,改编,绘画：刘国辉,刘国辉,绘画,,,,,,,,,,,,,上海人民美术,上海人民美术,,上海,1,1983,1版1次,64,14万,0.13,8,15,Ref002:204,单册：拾肆划~贰拾壹划,,,“镢柄”相亲记/出版社：上海人民美术/改编：刘思成/绘画：刘国辉/83年1月1版1次64开/印数：14万定价：0.13元/市场交流价：/9品：8元/10品：15元,PaddlePaddle
曙光,曙光,,改编：王育生 绘画：马廷奎,,,改编：王育生,王育生,改编,绘画：马廷奎,马廷奎,绘画,,,,,,,,,,,,,人民美术,人民美术,,,10,1979,1版1次,64,79万,0.22,8,15,Ref002:204,单册：拾肆划~贰拾壹划,,,曙光/出版社：人民美术/改编：王育生/绘画：马廷奎/79年10月1版1次64开/印数：79万定价：0.22元/市场交流价：/9品：8元/10品：15元,PaddlePaddle
曙光,曙光,,改编：金伯弢 绘画：蔡超陈一文,,,改编：金伯弢,金伯弢,改编,绘画：蔡超,蔡超,绘画,绘画：陈一文,陈一文,绘画,,,,,,,,,,上海人民美术,上海人民美术,,上海,3,1981,1版1次,64,59万,0.19,15,25,Ref002:204,单册：拾肆划~贰拾壹划,,,曙光/出版社：上海人民美术/改编：金伯/绘画：蔡超陈一文/81年3月1版1次64开/印数：59万定价：0.19元/市场交流价：/9品：15元/10品：25元,PaddlePaddle
鹰岛大捷,鹰岛大捷,,编文：丘兰生等 绘者：施友义,,,编文：丘兰生,丘兰生,编文,编文：等,等,编文,绘者：施友义,施友义,绘者,,,,,,,,,,福建人民,福建人民,,福州,9,1975,1版1次,60,,0.16,20,45,Ref002:204,单册：拾肆划~贰拾壹划,,,鹰岛大捷/出版社：福建人民/编文：丘兰生 三等/绘者：施友义/75年9月1版1次60开/印数：未详定价：0.16元/市场交流价：/9品：20元/10品：45元,PaddlePaddle
鹰击长空,鹰击长空,,编文：芮衡之 绘者：黄振永,,,编文：芮衡之,芮衡之,编文,绘者：黄振永,黄振永,绘者,,,,,,,,,,,,,辽宁美术,辽宁美术,,沈阳,9,1979,1版1次,64,45万,0.19,15,25,Ref002:204,单册：拾肆划~贰拾壹划,,,鹰击长空/出版社：辽宁美术/编文：芮衡之/绘者：黄振永/79年9月1版1次64开/印数：45万定价：0.19元/市场交流价：/9品：15元/10品：25元,PaddlePaddle
鹰拳,鹰拳,,改编：牛素琴张驰 绘画：何保全,,,改编：牛素琴,牛素琴,改编,改编：张驰,张驰,改编,绘画：何保全,何保全,绘画,,,,,,,,,,河北美术,河北美术,,石家庄,7,1984,1版1次,64,100万,0.13,5,10,Ref002:205,单册：拾肆划~贰拾壹划,,Sic._Author_Core_2,鹰拳/出版社：河北美术/改编：牛素琴张驰/绘画：何保全/84年7月1版1次64开/印数：100万定价：0.13元/市场交流价：/9品：5元/10品：10元,PaddlePaddle
鹰拳,鹰拳,,改编：溪水 绘画：丁世弼,,,改编：溪水,溪水,改编,绘画：丁世弼,丁世弼,绘画,,,,,,,,,,,,,安徽人民,安徽人民,,合肥,11,1983,1版1次,64,254万,0.15,5,8,Ref002:205,单册：拾肆划~贰拾壹划,,,鹰拳/出版社：安徽人民/改编：溪水/绘画：丁世弼/83年11月1版1次64开/印数：254万定价：0.15元/市场交流价：/9品：5元/10品：8元,PaddlePaddle
瞿秋白,瞿秋白,,编文：高煌 绘画：丁德邻朱丹,,,编文：高煌,高煌,编文,绘画：丁德邻,丁德邻,绘画,绘画：朱丹,朱丹,绘画,,,,,,,,,,江苏美术,江苏美术,,南京,1,1984,1版1次,64,5.53万,0.28,10,30,Ref002:205,单册：拾肆划~贰拾壹划,,,瞿秋白/出版社：江苏美术/编文：高煌/绘画：丁德邻朱丹/84年1月1版1次64开/印数：5.53万定价：0.28元/市场交流价：/9品：10元/10品：30元,PaddlePaddle
魔鬼角的歌声,魔鬼角的歌声,,编文：白虹 绘画：梁平波,,,编文：白虹,白虹,编文,绘画：梁平波,梁平波,绘画,,,,,,,,,,,,,浙江人民美术,浙江人民美术,,杭州,8,1980,1版1次,64,110万,0.14,15,25,Ref002:205,单册：拾肆划~贰拾壹划,,,魔鬼角的歌声/出版社：浙江人民美术/编文：白虹/绘画：梁平波/80年8月1版1次64开/印数：110万定价：0.14元/市场交流价：/9品：15元/10品：25元,PaddlePaddle
魔岛之谜,魔岛之谜,,编译：唐世民 绘画：黄英浩,,,编译：唐世民,唐世民,编译,绘画：黄英浩,黄英浩,绘画,,,,,,,,,,,,,江苏人民,江苏人民,,南京,11,1981,1版1次,64,50.1万,0.24,20,40,Ref002:205,单册：拾肆划~贰拾壹划,,,魔岛之谜/出版社：江苏人民/编译：唐世民/绘画：黄英浩/81年11月1版1次64开/印数：50.1万定价：0.24元/市场交流价：/9品：20元/10品：40元,PaddlePaddle
警惕的眼睛,警惕的眼睛,,改编：毛亮英 绘画：集体,,,改编：毛亮英,毛亮英,改编,绘画：集体,集体,绘画,,,,,,,,,,,,,天津人民美术,天津人民美术,,天津,11,1978,1版1次,64,,0.13,10,20,Ref002:205,单册：拾肆划~贰拾壹划,,,警惕的眼睛/出版社：天津人民美术/改编：毛亮英/绘画：集体/78年11月1版1次64开/印数：未详定价：0.13元/市场交流价：/9品：10元/10品：20元,PaddlePaddle
赣江风雷,赣江风雷,,改编：集体 绘画：集体,,,改编：集体,集体,改编,绘画：集体,集体,绘画,,,,,,,,,,,,,浙江人民美术,浙江人民美术,,杭州,4,1971,1版1次,60,,0.13,40,100,Ref002:205,单册：拾肆划~贰拾壹划,,,赣江风雷/出版社：浙江人民美术/改编：集体/绘画：集体/71年4月1版1次60开/印数：未详定价：0.13元/市场交流价：/9品：40元/10品：100元,PaddlePaddle
霸王别姬,霸王别姬,,改编：汤廷乐 绘画：赵文玉,,,改编：汤廷乐,汤廷乐,改编,绘画：赵文玉,赵文玉,绘画,,,,,,,,,,,,,浙江人民美术,浙江人民美术,,杭州,1,1983,1版1次,64,22万,0.17,5,10,Ref002:205,单册：拾肆划~贰拾壹划,,,霸王别姬/出版社：浙江人民美术/改编：汤廷乐/绘画：赵文玉/83年1月1版1次64开/印数：22万定价：0.17元/市场交流价：/9品：5元/10品：10元,PaddlePaddle
西游记,西游记,,改编：林一本 绘画：吴国威,,,改编：林一本,林一本,改编,绘画：吴国威,吴国威,绘画,,,,,,,,,,,,,湖南美术,湖南美术,,长沙,10,1981,1版1次,64,135万,0.16,5,10,Ref002:206,套书：古典题材,《西游记》湖南版。全套共二十五册，其中《变法斗三仙》较少。《西游记》天津版，全套⼗册，9品100元、10品150元。《西游记》⼭东版，全套⼗册。九品60元，⼗品120元。市场交流价：（一般2元一册）,,西游记/出版社：湖南美术/改编：林一本/绘画：吴国威/81年10月1版1次64开/印数：135万定价：0.16元/市场交流价：（一般2元一册）/9品：5元/10品：10元,PaddlePaddle
西游记,西游记,,改编：徐礼娴 绘画：刘振亭,,,改编：徐礼娴,徐礼娴,改编,绘画：刘振亭,刘振亭,绘画,,,,,,,,,,,,,天津人民美术,天津人民美术,,天津,8,1981,1版1次,64,84万,0.18,,,Ref002:206,套书：古典题材,,,西游记/出版社：天津人民美术/改编：徐礼娴/绘画：刘振亭/81年8月1版1次64开/印数：84万 定价：0.18元,PaddlePaddle
西游记,西游记,,改编：郭子宣 绘画：周申,,,改编：郭子宣,郭子宣,改编,绘画：周申,周申,绘画,,,,,,,,,,,,,山东人民,山东人民,,济南,8,1982,1版1次,64,43.35万,0.16,,,Ref002:206,套书：古典题材,,,西游记/出版社：山东人民/改编：郭子宣/绘画：周申/82年8月1版1次64开/印数：43.35万定价：0.16元,PaddlePaddle
续西游记,续西游记,,改编：朱凤文 绘画：舒少华,,,改编：朱凤文,朱凤文,改编,绘画：舒少华,舒少华,绘画,,,,,,,,,,,,,湖北美术,湖北美术,,武汉,5,1989,1版1次,64,10.1万,0.54,30（全套10册）,50,Ref002:206,套书：古典题材,,,续西游记/出版社：湖北美术/改编：朱凤文/绘画：舒少华/89年5月1版1次64开/印数：10.1万定价：0.54元/市场交流价：/9品：30元（全套10册）/10品：50元,PaddlePaddle
西游记,西游记,,改编：陈平夫 绘画：张鹿山,,,改编：陈平夫,陈平夫,改编,绘画：张鹿山,张鹿山,绘画,,,,,,,,,,,,,河北人民,河北人民,,石家庄,5,1981,2版1次,64,80万,0.1,20,40,Ref002:206,套书：古典题材,《西游记》河北版，棕⾊边框全套共三⼗五种。其中《龙宫借宝》、《⿊⽔河》为全书之筋，好品相，极少见。市场交流价9品800元、10品1600元。另⼀种为绿⾊边框再版本，多见且封⾯及内页部分改动。该书第⼀版在⽂⾰前出版⼆⼗五种。《西游记》上美版，第⼀版共⼗种封底有红⾊孙悟空腾云图案。市场交流价9品100元、10品200元。《西游记》四川版，全套20册《如来降妖》《⽐丘怜⼦》较为少见。市场交流价，9品140元、10品250元。,,西游记/出版社：河北人民/改编：陈平夫/绘画：张鹿山/81年5月2版1次64开/印数：80万定价：0.10元/市场交流价：/9品：20元/10品：40元,PaddlePaddle
西游记,西游记,,改编：卢光照 绘画：任率英,,,改编：卢光照,卢光照,改编,绘画：任率英,任率英,绘画,,,,,,,,,,,,,河北人民,河北人民,,石家庄,1,1982,1版2次,64,99万,0.14,15,30,Ref002:206,套书：古典题材,,,西游记/出版社：河北人民/改编：卢光照/绘画：任率英/82年1月1版2次64开/印数：99万定价：0.14元/市场交流价：/9品：15元/10品：30元,PaddlePaddle
西游记,西游记,,改编：胡遂平 绘画：夏书玉,,,改编：胡遂平,胡遂平,改编,绘画：夏书玉,夏书玉,绘画,,,,,,,,,,,,,上海人民美术,上海人民美术,,上海,10,1980,2版9次,64,237.1万,0.14,,,Ref002:206,套书：古典题材,,,西游记/出版社：上海人民美术/改编：胡遂平/绘画：夏书玉/80年10月2版9次64开/印数：237.1万 定价：0.14元,PaddlePaddle
西游记,西游记,,编文：庄努槐山 绘画：叶毓中陈光镒等,,,编文：庄努,庄努,编文,编文：槐山,槐山,编文,绘画：叶毓中,叶毓中,绘画,绘画：陈光镒,陈光镒,绘画,绘画：等,等,绘画,,,,四川人民,四川人民,,成都,5,1983,1版1次,64,50.37万,0.15,,,Ref002:206,套书：古典题材,,,西游记/出版社：四川人民/编文：庄努槐山/绘画：叶毓中陈光镒等/83年5月1版1次64开/印数：50.37万定价：0.15元,PaddlePaddle
异母兄弟,异母兄弟,,编文：仓阳卿 绘画：王亦秋,,,编文：仓阳卿,仓阳卿,编文,绘画：王亦秋,王亦秋,绘画,,,,,,,,,,,,,天津人民美术,天津人民美术,,天津,11,1982,1版1次,64,35.1万,0.13,25,50,Ref002:207,套书：古典题材,,,异母兄弟/出版社：天津人民美术/编文：仓阳卿/绘画：王亦秋/82年11月1版1次64开/印数：35.1万 定价：0.13元/市场交流价：/9品：25元/10品：50元,PaddlePaddle
荷花三娘子,荷花三娘子,,编文：江浚 绘画：吴大成,,,编文：江浚,江浚,编文,绘画：吴大成,吴大成,绘画,,,,,,,,,,,,,天津人民美术,天津人民美术,,天津,9,1982,1版1次,64,44.1万,0.12,30,60,Ref002:207,套书：古典题材,,,荷花三娘子/出版社：天津人民美术/编文：江浚/绘画：吴大成/82年9月1版1次64开/印数：44.1万 定价：0.12元/市场交流价：/9品：30元/10品：60元,PaddlePaddle
张洪渐,张洪渐,,改编：雷云霄 绘画：张锡武张荣章,,,改编：雷云霄,雷云霄,改编,绘画：张锡武,张锡武,绘画,绘画：张荣章,张荣章,绘画,,,,,,,,,,天津人民美术,天津人民美术,,天津,1,1983,1版1次,64,18万,0.13,80,150,Ref002:207,套书：古典题材,,,张洪渐/出版社：天津人民美术/改编：雷云霄/绘画：张锡武 张荣章/83年1月1版1次64开/印数：18万 定价：0.13元/市场交流价：/9品：80元/10品：150元,PaddlePaddle
封三娘,封三娘,,改编：吴秀英 绘画：刘棣等,,,改编：吴秀英,吴秀英,改编,绘画：刘棣,刘棣,绘画,绘画：等,等,绘画,,,,,,,,,,天津人民美术,天津人民美术,,天津,1,1983,1版1次,64,19.5万,0.12,100,160,Ref002:207,套书：古典题材,《聊斋》天津版，全套59种，除6种60开外，均为64开本。《封三娘》《张洪渐》为全书之筋。其余品种之间印量差异也较大，交流价格各不相同。全套市场交流价9品800元，10品1200元（市场少见有成套全品交易）。,,封三娘/出版社：天津人民美术/改编：吴秀英/绘画：刘棣等/83年1月1版1次64开/印数：19.5万 定价：0.12元/市场交流价：/9品：100元/10品：160元,PaddlePaddle
小谢,小谢,,改编：小戈 绘画：张令涛胡若佛,,,改编：小戈,小戈,改编,绘画：张令涛,张令涛,绘画,绘画：胡若佛,胡若佛,绘画,,,,,,,,,,天津人民美术,天津人民美术,,天津,2,1980,1版1次,60,100万,0.13,15,30,Ref002:207,套书：古典题材,,,小谢/出版社：天津人民美术/改编：小戈/绘画：张令涛 胡若佛/80年2月1版1次60开/印数：100万 定价：0.13元/市场交流价：/9品：15元/10品：30元,PaddlePaddle
白秋练,白秋练,,编文：张明文 绘画：颜梅华,,,编文：张明文,张明文,编文,绘画：颜梅华,颜梅华,绘画,,,,,,,,,,,,,天津人民美术,天津人民美术,,天津,12,1979,1版1次,60,100万,0.13,15,30,Ref002:207,套书：古典题材,,,白秋练/出版社：天津人民美术/编文：张明文/绘画：颜梅华/79年12月1版1次60开/印数：100万定价：0.13元/市场交流价：/9品：15元/10品：30元,PaddlePaddle
连锁,连锁,,改编：修世榕 绘画：王福增,,,改编：修世榕,修世榕,改编,绘画：王福增,王福增,绘画,,,,,,,,,,,,,山东美术,山东美术,,济南,4,1984,1版1次,64,18.3万,0.12,15,30,Ref002:207,套书：古典题材,,,连锁/出版社：山东美术/改编：修世榕/绘画：王福增/84年4月1版1次64开/印数：18.3万定价：0.12元/市场交流价：/9品：15元/10品：30元,PaddlePaddle
良缘奇曲,良缘奇曲,,改编：呆红星杨长瀛 绘画：张兆涵,,,改编：呆红星,呆红星,改编,改编：杨长瀛,杨长瀛,改编,绘画：张兆涵,张兆涵,绘画,,,,,,,,,,山东人民,山东人民,,济南,2,1982,1版1次,64,97万,0.11,3,5,Ref002:207,套书：古典题材,《聊斋》⼭东版，全套共四十五种，其中部分有再版，其中均较少。尤以《⽥七郎》等为全书之筋。该书各分册印量差别悬殊成套难度极大，故市场鲜见有成套交流。,,良缘奇曲/出版社：山东人民/改编：呆红星杨长瀛/绘画：张兆涵/82年2月1版1次64开/印数：97万定价：0.11元/市场交流价：/9品：3元/10品：5元,PaddlePaddle
鲁智深,鲁智深,,改编：高梅仪 绘画：马程,,,改编：高梅仪,高梅仪,改编,绘画：马程,马程,绘画,,,,,,,,,,,,,人民美术,人民美术,,,11,1981,1版1次,64,150万,0.24,100,150,Ref002:208,套书：古典题材,,,鲁智深/出版社：人民美术/改编：高梅仪/绘画：马程/81年11月1版1次64开/印数：150万定价：0.24元/全套三十册。/9品：100元/10品：150元,PaddlePaddle
生擒高太尉,生擒高太尉,,改编：小路 绘画：陆成法徐雅娥,,,改编：小路,小路,改编,绘画：陆成法,陆成法,绘画,绘画：徐雅娥,徐雅娥,绘画,,,,,,,,,,浙江人民美术,浙江人民美术,,杭州,3,1980,1版1次,64,32万,0.14,20（全套六册）,30,Ref002:208,套书：古典题材,,,生擒高太尉/出版社：浙江人民美术/改编：小路/绘画：陆成法 徐雅娥/80年3月1版1次64开/印数：32万定价：0.14元/市场交流价：/9品：20元(全套六册)/10品：30元,PaddlePaddle
误入白虎堂,误入白虎堂,,改编：阿秀阿南 绘画：颜梅华,,,改编：阿秀,阿秀,改编,改编：阿南,阿南,改编,绘画：颜梅华,颜梅华,绘画,,,,,,,,,,上海人民美术,上海人民美术,,上海,4,1979,1版1次,64,100万,0.14,15,25,Ref002:208,套书：古典题材,,Sic._Author_Core_2,误入白虎堂/出版社：上海人民美术/改编：阿秀阿南/绘画：颜梅华/79年4月1版1次64开/印数：100万定价：0.14元/市场交流价：/9品：15元/10品：25元,PaddlePaddle
野猪林,野猪林,,改编：赵金发 绘画：戴红倩戴敦邦,,,改编：赵金发,赵金发,改编,绘画：戴红倩,戴红倩,绘画,绘画：戴敦邦,戴敦邦,绘画,,,,,,,,,,上海人民美术,上海人民美术,,上海,7,1981,1版1次,64,156万,0.13,10,30,Ref002:208,套书：古典题材,上美版《⽔浒故事》全套13种，《闹江洲》封⾯有⼀种特殊版式，标题为⽩⾊底框（仅见）疑为错版。印刷较之⼀般，精良不少。仅在上海⼀位藏家⼿中有见，且品相完美。,,野猪林/出版社：上海人民美术/改编：赵金发/绘画：戴红倩 戴敦邦/81年7月1版1次64开/印数：156万 定价：0.13元/市场交流价：/9品：10元/10品：30元,PaddlePaddle
智取生辰纲,智取生辰纲,,改编：丁国联 绘画：颜梅华,,,改编：丁国联,丁国联,改编,绘画：颜梅华,颜梅华,绘画,,,,,,,,,,,,,上海人民美术,上海人民美术,,上海,8,1981,1版1次,64,140万,0.16,15,30,Ref002:208,套书：古典题材,,,智取生辰纲/出版社：上海人民美术/改编：丁国联/绘画：颜梅华/81年8月1版1次64开/印数：140万定价：0.16元/市场交流价：/9品：15元/10品：30元,PaddlePaddle
杨志卖刀,杨志卖刀,,改编：吴其柔 绘画：颜梅华,,,改编：吴其柔,吴其柔,改编,绘画：颜梅华,颜梅华,绘画,,,,,,,,,,,,,上海人民美术,上海人民美术,,上海,5,1985,1版1次,64,15.6万,0.24,50,80,Ref002:208,套书：古典题材,,,杨志卖刀/出版社：上海人民美术/改编：吴其柔/绘画：颜梅华/85年5月1版1次64开/印数：15.6万定价：0.24元/市场交流价：/9品：50元/10品：80元,PaddlePaddle
大闹五台山,大闹五台山,,编文：胡雁 绘画：赵仁年,,,编文：胡雁,胡雁,编文,绘画：赵仁年,赵仁年,绘画,,,,,,,,,,,,,上海人民美术,上海人民美术,,上海,7,1981,1版1次,64,135万,0.16,5,10,Ref002:208,套书：古典题材,,,大闹五台山/出版社：上海人民美术/编文：胡雁/绘画：赵仁年/81年7月1版1次64开/印数：135万定价：0.16元/市场交流价：/9品：5元/10品：10元,PaddlePaddle
宋江杀惜,宋江杀惜,,编文：曹欣渊 绘画：魏忠善,,,编文：曹欣渊,曹欣渊,编文,绘画：魏忠善,魏忠善,绘画,,,,,,,,,,,,,上海人民美术,上海人民美术,,上海,5,1983,1版1次,64,31万,0.13,15,30,Ref002:208,套书：古典题材,,,宋江杀惜/出版社：上海人民美术/编文：曹欣渊/绘画：魏忠善/83年5月1版1次64开/印数：31万定价：0.13元/市场交流价：/9品：15元/10品：30元,PaddlePaddle
火井王伦,火井王伦,,编文：丁国联 绘画：徐正平,,,编文：丁国联,丁国联,编文,绘画：徐正平,徐正平,绘画,,,,,,,,,,,,,上海人民美术,上海人民美术,,上海,5,1982,1版1次,64,75万,0.13,10,20,Ref002:209,套书：古典题材,,,火井王伦/出版社：上海人民美术/编文：丁国联/绘画：徐正平/82年5月1版1次64开/印数：75万定价：0.13元/市场交流价：/9品：10元/10品：20元,PaddlePaddle
拳打镇关西,拳打镇关西,,改编：丁国联 绘画：赵仁年,,,改编：丁国联,丁国联,改编,绘画：赵仁年,赵仁年,绘画,,,,,,,,,,,,,上海人民美术,上海人民美术,,上海,2,1980,1版1次,64,150万,0.12,5,10,Ref002:209,套书：古典题材,,,拳打镇关西/出版社：上海人民美术/改编：丁国联/绘画：赵仁年/80年2月1版1次64开/印数：150万定价：0.12元/市场交流价：/9品：5元/10品：10元,PaddlePaddle
猎虎记,猎虎记,,编文：丁国联 绘画：凌涛,,,编文：丁国联,丁国联,编文,绘画：凌涛,凌涛,绘画,,,,,,,,,,,,,上海人民美术,上海人民美术,,上海,4,1981,1版1次,64,126万,0.12,15,25,Ref002:209,套书：古典题材,,,猎虎记/出版社：上海人民美术/编文：丁国联/绘画：凌涛/81年4月1版1次64开/印数：126万定价：0.12元/市场交流价：/9品：15元/10品：25元,PaddlePaddle
枷打白秀英,枷打白秀英,,改编：曹欣渊 绘画：庞先健,,,改编：曹欣渊,曹欣渊,改编,绘画：庞先健,庞先健,绘画,,,,,,,,,,,,,上海人民美术,上海人民美术,,上海,8,1984,1版1次,64,43.5万,0.16,15,30,Ref002:209,套书：古典题材,,,枷打白秀英/出版社：上海人民美术/改编：曹欣渊/绘画：庞先健/84年8月1版1次64开/印数：43.5万定价：0.16元/市场交流价：/9品：15元/10品：30元,PaddlePaddle
闹江州,闹江州,,改编：张企荣 绘画：周申,,,改编：张企荣,张企荣,改编,绘画：周申,周申,绘画,,,,,,,,,,,,,上海人民美术,上海人民美术,,上海,11,1984,1版1次,64,26.5万,0.25,5,10,Ref002:209,套书：古典题材,,,闹江州/出版社：上海人民美术/改编：张企荣/绘画：周申/84年11月1版1次64开/印数：26.5万定价：0.25元/市场交流价：/9品：5元/10品：10元,PaddlePaddle
闹江洲,闹江洲,,改编：张企荣 绘画：周申,,,改编：张企荣,张企荣,改编,绘画：周申,周申,绘画,,,,,,,,,,,,,上海人民美术,上海人民美术,,上海,11,1984,1版1次,64,26.5万,0.25,,,Ref002:209,套书：古典题材,《闹江洲》一书，近期有量出现，故成交价相对前期有大幅下价。,,闹江洲/出版社：上海人民美术/改编：张企荣/绘画：周申/84年11月1版1次64开/印数：26.5万定价：0.25元/无市场成交价,PaddlePaddle
杀四虎,杀四虎,,改编：蔡家骏 绘画：赵仁年,,,改编：蔡家骏,蔡家骏,改编,绘画：赵仁年,赵仁年,绘画,,,,,,,,,,,,,上海人民美术,上海人民美术,,上海,11,1984,1版1次,64,43.6万,0.16,15,25,Ref002:209,套书：古典题材,,,杀四虎/出版社：上海人民美术/改编：蔡家骏/绘画：赵仁年/84年11月1版1次64开/印数：43.6万 定价：0.16元/市场交流价：/9品：15元/10品：25元,PaddlePaddle
清风寨,清风寨,,编文：张企荣 绘画：邵鲁江邵鲁军,,,编文：张企荣,张企荣,编文,绘画：邵鲁江,邵鲁江,绘画,绘画：邵鲁军,邵鲁军,绘画,,,,,,,,,,上海人民美术,上海人民美术,,上海,11,1983,1版1次,64,33万,0.16,10,20,Ref002:209,套书：古典题材,,,清风寨/出版社：上海人民美术/编文：张企荣/绘画：邵鲁江 邵鲁军/83年11月1版1次64开/印数：33万定价：0.16元/市场交流价：/9品：10元/10品：20元,PaddlePaddle
宋江,宋江,,编文：张玉来 绘画：桑麟康,,,编文：张玉来,张玉来,编文,绘画：桑麟康,桑麟康,绘画,,,,,,,,,,,,,吉林人民,吉林人民,,长春,5,1983,1版1次,64,10.11万,0.63,,,Ref002:210,套书：古典题材,,,宋江/出版社：吉林人民/编文：张玉来/绘画：桑麟康/83年5月1版1次64开/印数：10.11万定价：0.63元,PaddlePaddle
武松（上中下）,武松,（上中下）,编文：刘廷龄 绘画：吕世荣,,,编文：刘廷龄,刘廷龄,编文,绘画：吕世荣,吕世荣,绘画,,,,,,,,,,,,,吉林人民,吉林人民,,长春,5,1981,1版1次,64,75.251万,1.11,,,Ref002:210,套书：古典题材,《⽔浒⼈物》吉林版，全套11种13册，《武松》上、中、下较为少见。该书有两种版本，封⾯不同，全套市场交流价，9品50元、10品100元。,,武松(上中下)/出版社：吉林人民/编文：刘廷龄/绘画：吕世荣/81年5月1版1次64开/印数：75.251万定价：1.11元,PaddlePaddle
晁盖,晁盖,,编文：张玉来 绘画：张亚力,,,编文：张玉来,张玉来,编文,绘画：张亚力,张亚力,绘画,,,,,,,,,,,,,吉林人民,吉林人民,,长春,10,1982,1版1次,64,24.081万,0.37,,,Ref002:210,套书：古典题材,,,晁盖/出版社：吉林人民/编文：张玉来/绘画：张亚力/82年10月1版1次64开/印数：24.081万定价：0.37元,PaddlePaddle
卢俊义,卢俊义,,编文：张艾莉 绘画：李峰山,,,编文：张艾莉,张艾莉,编文,绘画：李峰山,李峰山,绘画,,,,,,,,,,,,,吉林人民,吉林人民,,长春,1,1983,1版1次,64,22.531万,0.37,,,Ref002:210,套书：古典题材,,,卢俊义/出版社：吉林人民/编文：张艾莉/绘画：李峰山/83年1月1版1次64开/印数：22.531万定价：0.37元,PaddlePaddle
陈景润,陈景润,,著文：徐伟敏郑平 绘画：王立志,,,著文：徐伟敏,徐伟敏,著文,著文：郑平,郑平,著文,绘画：王立志,王立志,绘画,,,,,,,,,,上海人民美术,上海人民美术,,上海,6,1980,1版1次,64,30万,0.14,10,20,Ref002:210,套书：古典题材,,,陈景润/出版社：上海人民美术/著文：徐伟敏郑平/绘画：王立志/80年6月1版1次64开/印数：30万定价：0.14元/市场交流价：/9品：10元/10品：20元,PaddlePaddle
李四光,李四光,,编文：霍达 绘画：王为政,,,编文：霍达,霍达,编文,绘画：王为政,王为政,绘画,,,,,,,,,,,,,上海人民美术,上海人民美术,,上海,3,1979,1版1次,64,70万,0.19,8,15,Ref002:210,套书：古典题材,,,李四光/出版社：上海人民美术/编文：霍达/绘画：王为政/79年3月1版1次64开/印数：70万 定价：0.19元/市场交流价：/9品：8元/10品：15元,PaddlePaddle
童第周,童第周,,改编：理由于公介 绘画：姜荣根,,,改编：理由,理由,改编,改编：于公介,于公介,改编,绘画：姜荣根,姜荣根,绘画,,,,,,,,,,上海人民美术,上海人民美术,,上海,1,1980,1版1次,64,20万,0.09,20,40,Ref002:210,套书：古典题材,,,童第周/出版社：上海人民美术/改编：理由于公介/绘画：姜荣根/80年1月1版1次64开/印数：20万定价：0.09元/市场交流价：/9品：20元/10品：40元,PaddlePaddle
高士其,高士其,,改编：贾秉恒 绘画：桑麟康,,,改编：贾秉恒,贾秉恒,改编,绘画：桑麟康,桑麟康,绘画,,,,,,,,,,,,,上海人民美术,上海人民美术,,上海,7,1982,1版1次,64,10万,0.14,30,80,Ref002:210,套书：古典题材,《科学家的故事》上美版，共出版中国科学家四种，外国科学家⼀种（《伽俐略》），其中《⾼⼠其》⼀种少见。,,高士其/出版社：上海人民美术/改编：贾秉恒/绘画：桑麟康/82年7月1版1次64开/印数：10万 定价：0.14元/市场交流价：/9品：30元/10品：80元,PaddlePaddle
关公,关公,,改编：侯弋戈 绘画：施大畏施其畏,,,改编：侯弋戈,侯弋戈,改编,绘画：施大畏,施大畏,绘画,绘画：施其畏,施其畏,绘画,,,,,,,,,,浙江人民美术,浙江人民美术,,杭州,1,1984,1版1次,64,46万,0.22,10,20,Ref002:211,套书：古典题材,,,关公/出版社：浙江人民美术/改编：侯弋戈/绘画：施大畏施其畏/84年1月1版1次64开/印数：46万定价：0.22元/市场交流价：/9品：10元/10品：20元,PaddlePaddle
张飞,张飞,,改编：汤式稼 绘画：徐有武徐有刚,,,改编：汤式稼,汤式稼,改编,绘画：徐有武,徐有武,绘画,绘画：徐有刚,徐有刚,绘画,,,,,,,,,,浙江人民美术,浙江人民美术,,杭州,10,1982,1版1次,64,40万,0.21,8,15,Ref002:211,套书：古典题材,,,张飞/出版社：浙江人民美术/改编：汤式稼/绘画：徐有武 徐有刚/82年10月1版1次64开/印数：40万 定价：0.21元/市场交流价：/9品：8元/10品：15元,PaddlePaddle
黄忠,黄忠,,改编：程中岳 绘画：崔君沛,,,改编：程中岳,程中岳,改编,绘画：崔君沛,崔君沛,绘画,,,,,,,,,,,,,浙江人民美术,浙江人民美术,,杭州,7,1984,1版1次,64,16万,0.33,25,40,Ref002:211,套书：古典题材,,,黄忠/出版社：浙江人民美术/改编：程中岳/绘画：崔君沛/84年7月1版1次64开/印数：16万定价：0.33元/市场交流价：/9品：25元/10品：40元,PaddlePaddle
马超,马超,,编者：易寒 绘画：陈宁,,,编者：易寒,易寒,编者,绘画：陈宁,陈宁,绘画,,,,,,,,,,,,,浙江人民美术,浙江人民美术,,杭州,8,1984,1版1次,64,24万,0.26,20,30,Ref002:211,套书：古典题材,浙美版《五虎上将》，仅出四种。《赵云》⼀书，未出版。,,马超/出版社：浙江人民美术/编者：易寒/绘画：陈宁/84年8月1版1次64开/印数：24万定价：0.26元/市场交流价：/9品：20元/10品：30元,PaddlePaddle
桃园结义,桃园结义,,编文：本社 绘画：徐正平徐宏达,,,编文：本社,本社,编文,绘画：徐正平,徐正平,绘画,绘画：徐宏达,徐宏达,绘画,,,,,,,,,,上海人民美术,上海人民美术,,上海,4,1979,2版,64,78.5万,0.15,300（全套48册）,600,Ref002:211,套书：古典题材,,,桃园结义/出版社：上海人民美术/编文：本社/绘画：徐正平 徐宏达/79年4月2版64开/印数：78.5万 定价：0.15元/市场交流价：/9品：300元（全套48册）/10品：600元,PaddlePaddle
战宛城,战宛城,,改编：吉志平 绘画：陈履平,,,改编：吉志平,吉志平,改编,绘画：陈履平,陈履平,绘画,,,,,,,,,,,,,上海人民美术,上海人民美术,,上海,12,1987,1版1次,64,11万,0.45,120（增补12册）,250,Ref002:211,套书：古典题材,,,战宛城/出版社：上海人民美术/改编：吉志平/绘画：陈履平/87年12月1版1次64开/印数：11万定价：0.45元/市场交流价：/9品：120元（ （增补12册）/10品：250元,PaddlePaddle
严氏兄弟,严氏兄弟,,编文：何翔 绘画：王型型,,,编文：何翔,何翔,编文,绘画：王型型,王型型,绘画,,,,,,,,,,,,,吉林人民,吉林人民,,长春,8,1984,1版1次,64,16.5万,0.14,5,10,Ref002:211,套书：古典题材,,,严氏兄弟/出版社：吉林人民/编文：何翔/绘画：王型型/84年8月1版1次64开/印数：16.5万定价：0.14元/市场交流价：/9品：5元/10品：10元,PaddlePaddle
邯郸记,邯郸记,,改编：雷蕾 绘画：刘昌华,,,改编：雷蕾,雷蕾,改编,绘画：刘昌华,刘昌华,绘画,,,,,,,,,,,,,江苏美术,江苏美术,,南京,8,1984,1版1次,64,13.75万,0.17,5,10,Ref002:211,套书：古典题材,《三国演义》上美版，该种书版次较多，交流价格仅以79版为准。87年按⽼版六⼗册为标准，⼗⼆册增补本同时出版，印刷质量极差，但印量较少。《儒林外史》吉林版计划出版九种。,,邯郸记/出版社：江苏美术/改编：雷蕾/绘画：刘昌华/84年8月1版1次64开/印数：13.75万 定价：0.17元/市场交流价：/9品：5元/10品：10元,PaddlePaddle
岳飞拜师（一）,岳飞拜师,（一）,改编：金青 绘画：傅伯星耒汶阳,,,改编：金青,金青,改编,绘画：傅伯星,傅伯星,绘画,绘画：耒汶阳,耒汶阳,绘画,,,,,,,,,,福建人民,福建人民,,福州,6,1982,1版1次,64,30.4万,0.15,70,150,Ref002:212,套书：古典题材,,,岳飞拜师(一)/出版社：福建人民/改编：金青/绘画：傅伯星耒汶阳/82年6月1版1次64开/印数：30.4万定价：0.15元/市场交流价：/9品：70元/10品：150元,PaddlePaddle
周三畏赠剑（四）,周三畏赠剑,（四）,编文：犁丁 绘画：王井,,,编文：犁丁,犁丁,编文,绘画：王井,王井,绘画,,,,,,,,,,,,,福建人民,福建人民,,福州,10,1983,1版1次,64,16.9万,0.16,10,20,Ref002:212,套书：古典题材,,,周三畏赠剑(四)/出版社：福建人民/编文：犁丁/绘画：王井/83年10月1版1次64开/印数：16.9万定价：0.16元/市场交流价：/9品：10元/10品：20元,PaddlePaddle
邦昌献女（十一）,邦昌献女,（十一）,改编：何永魁 绘画：傅伯星,,,改编：何永魁,何永魁,改编,绘画：傅伯星,傅伯星,绘画,,,,,,,,,,,,,福建人民,福建人民,,福州,8,1985,1版1次,64,14.045万,0.26,15,25,Ref002:212,套书：古典题材,,,邦昌献女(十一)/出版社：福建人民/改编：何永魁/绘画：傅伯星/85年8月1版1次64开/印数：14.045万定价：0.26元/市场交流价：/9品：15元/10品：25元,PaddlePaddle
大败金粘罕（十五）,大败金粘罕,（十五）,编文：何绵山 绘画：来汶阳林云屏,,,编文：何绵山,何绵山,编文,绘画：来汶阳,来汶阳,绘画,绘画：林云屏,林云屏,绘画,,,,,,,,,,福建人民,福建人民,,福州,9,1985,1版1次,64,10.6万,0.22,40,80,Ref002:212,套书：古典题材,《说岳全传》福建版计划出书三十种，实际仅出版了前十五种。第一、十五分册最为少见，第二、三、四、十一册较少。全套市场交流价9品300元、10品500元。,,大败金粘罕(十五)/出版社：福建人民/编文：何绵山/绘画：来汶阳林云屏/85年9月1版1次64开/印数：10.6万定价：0.22元/市场交流价：/9品：40元/10品：80元,PaddlePaddle
金兵入中原,金兵入中原,,改编：李遵义 绘画：辛宽良,,,改编：李遵义,李遵义,改编,绘画：辛宽良,辛宽良,绘画,,,,,,,,,,,,,辽宁美术,辽宁美术,,沈阳,8,1982,1版1次,64,47.5万,0.25,5,10,Ref002:212,套书：古典题材,,,金兵入中原/出版社：辽宁美术/改编：李遵义/绘画：辛宽良/82年8月1版1次64开/印数：47.5万定价：0.25元/市场交流价：/9品：5元/10品：10元,PaddlePaddle
枪桃小梁王,枪桃小梁王,,改编：李遵义 绘画：王建梁萍,,,改编：李遵义,李遵义,改编,绘画：王建,王建,绘画,绘画：梁萍,梁萍,绘画,,,,,,,,,,辽宁美术,辽宁美术,,沈阳,8,1982,1版1次,64,48.5万,0.18,5,10,Ref002:212,套书：古典题材,,Sic._Author_Core_3,枪桃小梁王/出版社：辽宁美术/改编：李遵义/绘画：王建 梁萍/82年8月1版1次64开/印数：48.5万定价：0.18元/市场交流价：/9品：5元/10品：10元,PaddlePaddle
岳飞出世,岳飞出世,,改编：高梅仪 绘画：刘锡永王亦秋,,,改编：高梅仪,高梅仪,改编,绘画：刘锡永,刘锡永,绘画,绘画：王亦秋,王亦秋,绘画,,,,,,,,,,人民美术,人民美术,,,2,1981,2版12次,60,374.9万,0.21,5,10,Ref002:212,套书：古典题材,,,岳飞出世/出版社：人民美术/改编：高梅仪/绘画：刘锡永王亦秋/81年2月2版12次60开/印数：374.9万定价：0.21元/市场交流价：/9品：5元/10品：10元,PaddlePaddle
岳云,岳云,,改编：高梅仪 绘画：陈光镒马英,,,改编：高梅仪,高梅仪,改编,绘画：陈光镒,陈光镒,绘画,绘画：马英,马英,绘画,,,,,,,,,,人民美术,人民美术,,,6,1981,2版5次,60,351.1万,0.26,15,30,Ref002:212,套书：古典题材,《岳传》⼈美版，全套⼗五册。《岳云》较少。市场交流价，全套9品80元、10品200元。该种书，全品⽆订锈者少。,,岳云/出版社：人民美术/改编：高梅仪/绘画：陈光镒马英/81年6月2版5次60开/印数：351.1万定价：0.26元/市场交流价：/9品：15元/10品：30元,PaddlePaddle
洪承畴降清（二十三）,洪承畴降清,（二十三）,改编：甘礼乐 绘画：崔君沛,,,改编：甘礼乐,甘礼乐,改编,绘画：崔君沛,崔君沛,绘画,,,,,,,,,,,,,上海人民美术,上海人民美术,,上海,7,1983,1版1次,60,14万,0.23,45,70,Ref002:213,套书：古典题材,,,洪承畴降清(二十三)/出版社：上海人民美术/改编：甘礼乐/绘画：崔君沛/83年7月1版1次60开/印数：14万定价：0.23元/市场交流价：/9品：45元/10品：70元,PaddlePaddle
朱仙镇（二十五）,朱仙镇,（二十五）,改编：钱兴凤 绘画：江云,,,改编：钱兴凤,钱兴凤,改编,绘画：江云,江云,绘画,,,,,,,,,,,,,上海人民美术,上海人民美术,,上海,9,1983,1版1次,60,18.7万,0.23,40,60,Ref002:213,套书：古典题材,,,朱仙镇(二十五)/出版社：上海人民美术/改编：钱兴凤/绘画：江云/83年9月1版1次60开/印数：18.7万定价：0.23元/市场交流价：/9品：40元/10品：60元,PaddlePaddle
横扫宛叶（二十）,横扫宛叶,（二十）,改编：甘礼乐 绘画：魏忠善,,,改编：甘礼乐,甘礼乐,改编,绘画：魏忠善,魏忠善,绘画,,,,,,,,,,,,,上海人民美术,上海人民美术,,上海,9,1983,1版1次,60,13.55万,0.23,45,70,Ref002:213,套书：古典题材,,,横扫宛叶(二十)/出版社：上海人民美术/改编：甘礼乐/绘画：魏忠善/83年9月1版1次60开/印数：13.55万 定价：0.23元/市场交流价：/9品：45元/10品：70元,PaddlePaddle
辽海崩溃（十九）,辽海崩溃,（十九）,改编：甘礼乐 绘画：崔君沛,,,改编：甘礼乐,甘礼乐,改编,绘画：崔君沛,崔君沛,绘画,,,,,,,,,,,,,上海人民美术,上海人民美术,,上海,8,1982,1版1次,60,22万,0.23,50,80,Ref002:213,套书：古典题材,,,辽海崩溃(十九)/出版社：上海人民美术/改编：甘礼乐/绘画：崔君沛/82年8月1版1次60开/印数：22万 定价：0.23元/市场交流价：/9品：50元/10品：80元,PaddlePaddle
水淹开封（二十六）,水淹开封,（二十六）,改编：杨兆林 绘画：魏忠善,,,改编：杨兆林,杨兆林,改编,绘画：魏忠善,魏忠善,绘画,,,,,,,,,,,,,上海人民美术,上海人民美术,,上海,3,1985,1版1次,60,9.3万,0.33,60,120,Ref002:213,套书：古典题材,《李自成》上美版。计划出书27种，实际出书25种，第二十四、二十七两册未出版。该套书自十八册之后，印量少。其中《三雄聚会》，《水淹开封》，为全套书之筋。全套市场交流价，9品900元，10品1600元。,,水淹开封(二十六)/出版社：上海人民美术/改编：杨兆林/绘画：魏忠善/85年3月1版1次60开/印数：9.3万定价：0.33元/市场交流价：/9品：60元/10品：120元,PaddlePaddle
三雄聚会（十八）,三雄聚会,（十八）,改编：杨兆林 绘画：崔君沛,,,改编：杨兆林,杨兆林,改编,绘画：崔君沛,崔君沛,绘画,,,,,,,,,,,,,上海人民美术,上海人民美术,,上海,2,1983,1版1次,60,13.5万,0.23,80,150,Ref002:213,套书：古典题材,,,三雄聚会(十八)/出版社：上海人民美术/改编：杨兆林/绘画：崔君沛/83年2月1版1次60开/印数：13.5万定价：0.23元/市场交流价：/9品：80元/10品：150元,PaddlePaddle
李自成（九）,李自成,（九）,改编：黄亦加 绘画：秀公等,,,改编：黄亦加,黄亦加,改编,绘画：秀公,秀公,绘画,绘画：等,等,绘画,,,,,,,,,,江苏人民,江苏人民,,南京,3,1980,1版1次,60,25万,0.23,20,35,Ref002:213,套书：古典题材,《李自成》江苏版、全套土册。自第五册后，印量较少，其中第六、十两册较缺。全套市场交流价：9品150元、10品300元。,,李自成(九)/出版社：江苏人民/改编：黄亦加/绘画：秀公等/80年3月1版1次60开/印数：25万定价：0.23元/市场交流价：/9品：20元/10品：35元,PaddlePaddle
李自成（十）,李自成,（十）,改编：黄亦加 绘画：秀公等,,,改编：黄亦加,黄亦加,改编,绘画：秀公,秀公,绘画,绘画：等,等,绘画,,,,,,,,,,江苏人民,江苏人民,,南京,8,1980,1版1次,60,10万,0.23,25,40,Ref002:213,套书：古典题材,《李自成》江苏版、全套土册。自第五册后，印量较少，其中第六、十两册较缺。全套市场交流价：9品150元、10品300元。,,李自成(十)/出版社：江苏人民/改编：黄亦加/绘画：秀公等/80年8月1版1次60开/印数：10万定价：0.23元/市场交流价：/9品：25元/10品：40元,PaddlePaddle
李自成（六）,李自成,（六）,改编：定兴何溶 绘画：刘文颉张培成,,,改编：定兴,定兴,改编,改编：何溶,何溶,改编,绘画：刘文颉,刘文颉,绘画,绘画：张培成,张培成,绘画,,,,,,,天津人民美术,天津人民美术,,天津,8,1981,1版1次,64,7.8万,0.24,20,40,Ref002:214,套书：古典题材,《李自成》天津版，全套十册。第、三、四分册较多见。其余较少。第七册绝少见。全套市场交流价：9品400元、10品700元。,,李自成(六）/出版社：天津人民美术/改编：定兴何溶/绘画：刘文颉张培成/81年8月1版1次64开/印数：7.8万定价：0.24元/市场交流价：/9品：20元/10品：40元,PaddlePaddle
李自成（七）,李自成,（七）,改编：何溶定兴 绘画：陈惠冠,,,改编：何溶,何溶,改编,改编：定兴,定兴,改编,绘画：陈惠冠,陈惠冠,绘画,,,,,,,,,,天津人民美术,天津人民美术,,天津,9,1980,1版1次,64,2万,0.21,100,200,Ref002:214,套书：古典题材,《李自成》天津版，全套十册。第、三、四分册较多见。其余较少。第七册绝少见。全套市场交流价：9品400元、10品700元。,,李自成(七)/出版社：天津人民美术/改编：何溶定兴/绘画：陈惠冠/80年9月1版1次64开/印数：2万定价：0.21元/市场交流价：/9品：100元/10品：200元,PaddlePaddle
李自成（九）,李自成,（九）,改编：何溶定兴 绘画：王传义中流,,,改编：何溶,何溶,改编,改编：定兴,定兴,改编,绘画：王传义,王传义,绘画,绘画：中流,中流,绘画,,,,,,,天津人民美术,天津人民美术,,天津,8,1982,1版1次,64,35.1万,0.21,20,35,Ref002:214,套书：古典题材,《李自成》天津版，全套十册。第、三、四分册较多见。其余较少。第七册绝少见。全套市场交流价：9品400元、10品700元。,,李自成(九)/出版社：天津人民美术/改编：何溶定兴/绘画：王传义中流/82年8月1版1次64开/印数：35.1万定价：0.21元/市场交流价：/9品：20元/10品：35元,PaddlePaddle
李自成（十）,李自成,（十）,改编：何溶定兴 绘画：戴红杰戴敦邦,,,改编：何溶,何溶,改编,改编：定兴,定兴,改编,绘画：戴红杰,戴红杰,绘画,绘画：戴敦邦,戴敦邦,绘画,,,,,,,天津人民美术,天津人民美术,,天津,8,1982,1版1次,64,35.1万,0.18,20,35,Ref002:214,套书：古典题材,《李自成》天津版，全套十册。第、三、四分册较多见。其余较少。第七册绝少见。全套市场交流价：9品400元、10品700元。,,李自成(十）/出版社：天津人民美术/改编：何溶定兴/绘画：戴红杰戴敦邦/82年8月1版1次64开/印数：35.1万定价：0.18元/市场交流价：/9品：20元/10品：35元,PaddlePaddle
李自成（十一）,李自成,（十一）,改编：卞福顺 绘画：朱光玉,,,改编：卞福顺,卞福顺,改编,绘画：朱光玉,朱光玉,绘画,,,,,,,,,,,,,辽宁美术,辽宁美术,,沈阳,11,1980,1版1次,64,50万,0.13,20,30,Ref002:214,套书：古典题材,《李自成》辽美版，全套十二册。第十、一、二分册较少，有再版。初版全套市场交流价：9品250元、10品400元。,,李自成 (十一)/出版社：辽宁美术/改编：卞福顺/绘画：朱光玉/80年11月1版1次64开/印数：50万定价：0.13元/市场交流价：/9品：20元/10品：30元,PaddlePaddle
李自成（十二）,李自成,（十二）,改编：卞福顺 绘画：辛宽良,,,改编：卞福顺,卞福顺,改编,绘画：辛宽良,辛宽良,绘画,,,,,,,,,,,,,辽宁美术,辽宁美术,,沈阳,8,1981,1版1次,64,31万,0.24,20,40,Ref002:214,套书：古典题材,《李自成》辽美版，全套十二册。第十、一、二分册较少，有再版。初版全套市场交流价：9品250元、10品400元。,,李自成(十二)/出版社：辽宁美术/改编：卞福顺/绘画：辛宽良/81年8月1版1次64开/印数：31万定价：0.24元/市场交流价：/9品：20元/10品：40元,PaddlePaddle
借饷银（七）,借饷银,（七）,改编：张剑萍 绘画：王福增,,,改编：张剑萍,张剑萍,改编,绘画：王福增,王福增,绘画,,,,,,,,,,,,,山东人民,山东人民,,济南,7,1981,1版1次,64,15万,0.21,100（全套）,150,Ref002:214,套书：古典题材,,,借银(七)/出版社：山东人民/改编：张剑萍/绘画：王福增/81年7月1版1次64开/印数：15万定价：0.21元/市场交流价：/9品：100元(全套)/10品：150元,PaddlePaddle
智取张家寨（五）,智取张家寨,（五）,改编：王永祥 绘画：钟为高裕德,,,改编：王永祥,王永祥,改编,绘画：钟为,钟为,绘画,绘画：高裕德,高裕德,绘画,,,,,,,,,,陕西人民美术,陕西人民美术,,西安,12,1981,1版1次,64,36万,0.16,100（全套）,160,Ref002:214,套书：古典题材,,,智取张家寨(五)/出版社：陕西人民美术/改编：王永祥/绘画：钟为高裕德/81年12月1版1次64开/印数：36万定价：0.16元/市场交流价：/9品：100元（全套）/10品：160元,PaddlePaddle
海青天,海青天,,编文：溪海 绘画：戴敦邦王白水,,,编文：溪海,溪海,编文,绘画：戴敦邦,戴敦邦,绘画,绘画：王白水,王白水,绘画,,,,,,,,,,河北人民,河北人民,,石家庄,8,1981,1版1次,64,73万,0.16,15,25,Ref002:215,套书：古典题材,,,海青天/出版社：河北人民/编文：溪海/绘画：戴敦邦王白水/81年8月1版1次64开/印数：73万 定价：0.16元/市场交流价：/9品：15元/10品：25元,PaddlePaddle
包公错断狄龙案,包公错断狄龙案,,编文：李新娟 绘画：白庚延,,,编文：李新娟,李新娟,编文,绘画：白庚延,白庚延,绘画,,,,,,,,,,,,,河北美术,河北美术,,石家庄,2,1983,1版1次,64,40.3万,0.17,20,40,Ref002:215,套书：古典题材,,,包公错断狄龙案/出版社：河北美术/编文：李新娟/绘画：白庚延/83年2月1版1次64开/印数：40.3万定价：0.17元/市场交流价：/9品：20元/10品：40元,PaddlePaddle
三打陶三春,三打陶三春,,编文：于秀溪 绘画：陆新森许全群,,,编文：于秀溪,于秀溪,编文,绘画：陆新森,陆新森,绘画,绘画：许全群,许全群,绘画,,,,,,,,,,河北人民,河北人民,,石家庄,2,1982,1版1次,64,88万,0.18,20,40,Ref002:215,套书：古典题材,,,三打陶三春/出版社：河北人民/编文：于秀溪/绘画：陆新森许全群/82年2月1版1次64开/印数：88万定价：0.18元/市场交流价：/9品：20元/10品：40元,PaddlePaddle
知县训虎,知县训虎,,编文：李明堂 绘画：童介眉,,,编文：李明堂,李明堂,编文,绘画：童介眉,童介眉,绘画,,,,,,,,,,,,,河北美术,河北美术,,石家庄,9,1982,1版1次,64,54.2万,0.14,20,35,Ref002:215,套书：古典题材,,,知县训虎/出版社：河北美术/编文：李明堂/绘画：童介眉/82年9月1版1次64开/印数：54.2万定价：0.14元/市场交流价：/9品：20元/10品：35元,PaddlePaddle
春草闯堂,春草闯堂,,编文：敦谦 绘画：牛双印,,,编文：敦谦,敦谦,编文,绘画：牛双印,牛双印,绘画,,,,,,,,,,,,,河北美术,河北美术,,石家庄,8,1982,1版1次,64,19万,0.18,30,60,Ref002:215,套书：古典题材,,,春草闯堂/出版社：河北美术/编文：敦谦/绘画：牛双印/82年8月1版1次64开/印数：19万定价：0.18元/市场交流价：/9品：30元/10品：60元,PaddlePaddle
怒斩关平,怒斩关平,,编文：羡智 绘画：窦世魁项维仁,,,编文：羡智,羡智,编文,绘画：窦世魁,窦世魁,绘画,绘画：项维仁,项维仁,绘画,,,,,,,,,,河北美术,河北美术,,石家庄,1,1983,1版1次,64,47.42万,0.19,10,20,Ref002:215,套书：古典题材,,,怒斩关平/出版社：河北美术/编文：羡智/绘画：窦世魁项维仁/83年1月1版1次64开/印数：47.42万定价：0.19元/市场交流价：/9品：10元/10品：20元,PaddlePaddle
宝莲灯,宝莲灯,,编文：焦玉峰等 绘画：雷金池,,,编文：焦玉峰,焦玉峰,编文,编文：等,等,编文,绘画：雷金池,雷金池,绘画,,,,,,,,,,河北人民,河北人民,,石家庄,5,1981,1版1次,64,10万,0.15,40,80,Ref002:215,套书：古典题材,,,宝莲灯/出版社：河北人民/编文：焦玉峰等/绘画：雷金池/81年5月1版1次64开/印数：10万定价：0.15元/市场交流价：/9品：40元/10品：80元,PaddlePaddle
秦香莲,秦香莲,,编文：杨兆祥 绘画：罗希贤,,,编文：杨兆祥,杨兆祥,编文,绘画：罗希贤,罗希贤,绘画,,,,,,,,,,,,,河北人民,河北人民,,石家庄,2,1981,1版1次,64,24万,0.17,15,25,Ref002:215,套书：古典题材,,,秦香莲/出版社：河北人民/编文：杨兆祥/绘画：罗希贤/81年2月1版1次64开/印数：24万定价：0.17元/市场交流价：/9品：15元/10品：25元,PaddlePaddle
智赚合同文,智赚合同文,,改编：胡玉兰 绘画：傅伯星,,,改编：胡玉兰,胡玉兰,改编,绘画：傅伯星,傅伯星,绘画,,,,,,,,,,,,,天津人民美术,天津人民美术,,天津,11,1983,1版1次,64,19万,0.12,15,30,Ref002:216,套书：古典题材,,,智赚合同文/出版社：天津人民美术/改编：胡玉兰/绘画：傅伯星/83年11月1版1次64开/印数：19万定价：0.12元/市场交流价：/9品：15元/10品：30元,PaddlePaddle
苏小妹三难新郎,苏小妹三难新郎,,改编：沙铁军 绘画：江栋梁,,,改编：沙铁军,沙铁军,改编,绘画：江栋梁,江栋梁,绘画,,,,,,,,,,,,,天津人民美术,天津人民美术,,天津,11,1982,1版1次,64,36.1万,0.11,30,60,Ref002:216,套书：古典题材,《传统戏曲故事》天津版，全系列共21种，未见市场有整套交易。其中《三打陶三春》种最少见，《苏妹三难新郎》、《春草闯堂》、《凤还巢》次之。,,苏小妹三难新郎/出版社：天津人民美术/改编：沙铁军/绘画：江栋梁/82年11月1版1次64开/印数：36.1万 定价：0.11元/市场交流价：/9品：30元/10品：60元,PaddlePaddle
杨八郎中镖,杨八郎中镖,,改编：徐涂 绘画：裘国骥,,,改编：徐涂,徐涂,改编,绘画：裘国骥,裘国骥,绘画,,,,,,,,,,,,,天津人民美术,天津人民美术,,天津,7,1985,1版1次,64,32.56万,0.17,10,15,Ref002:216,套书：古典题材,,,杨八郎中镖/出版社：天津人民美术/改编：徐涂/绘画：裘国骥/85年7月1版1次64开/印数：32.56万 定价：0.17元/市场交流价：/9品：10元/10品：15元,PaddlePaddle
灰圈记,灰圈记,,改编：陈铁英 绘画：庞先健,,,改编：陈铁英,陈铁英,改编,绘画：庞先健,庞先健,绘画,,,,,,,,,,,,,天津人民美术,天津人民美术,,天津,6,1985,1版1次,64,15.1万,0.22,10,15,Ref002:216,套书：古典题材,,,灰圈记/出版社：天津人民美术/改编：陈铁英/绘画：庞先健/85年6月1版1次64开/印数：15.1万 定价：0.22元/市场交流价：/9品：10元/10品：15元,PaddlePaddle
棒打薄情郎,棒打薄情郎,,改编：江浚 绘画：吴大成,,,改编：江浚,江浚,改编,绘画：吴大成,吴大成,绘画,,,,,,,,,,,,,天津人民美术,天津人民美术,,天津,3,1984,1版1次,64,28.29万,0.14,15,30,Ref002:216,套书：古典题材,,,棒打薄情郎/出版社：天津人民美术/改编：江浚/绘画：吴大成/84年3月1版1次64开/印数：28.29万 定价：0.14元/市场交流价：/9品：15元/10品：30元,PaddlePaddle
打棍出箱,打棍出箱,,改编：定兴 绘画：季鑫焕,,,改编：定兴,定兴,改编,绘画：季鑫焕,季鑫焕,绘画,,,,,,,,,,,,,天津人民美术,天津人民美术,,天津,8,1983,1版1次,64,44.2万,0.15,5,10,Ref002:216,套书：古典题材,,,打棍出箱/出版社：天津人民美术/改编：定兴/绘画：季鑫焕/83年8月1版1次64开/印数：44.2万定价：0.15元/市场交流价：/9品：5元/10品：10元,PaddlePaddle
卖妙郎,卖妙郎,,改编：甄光俊 绘画：张治华,,,改编：甄光俊,甄光俊,改编,绘画：张治华,张治华,绘画,,,,,,,,,,,,,天津人民美术,天津人民美术,,天津,9,1985,1版1次,64,22.26万,0.22,5,10,Ref002:216,套书：古典题材,,,卖妙郎/出版社：天津人民美术/改编：甄光俊/绘画：张治华/85年9月1版1次64开/印数：22.26万定价：0.22元/市场交流价：/9品：5元/10品：10元,PaddlePaddle
凤还巢,凤还巢,,改编：荆予 绘画：鲁蘅,,,改编：荆予,荆予,改编,绘画：鲁蘅,鲁蘅,绘画,,,,,,,,,,,,,天津人民美术,天津人民美术,,天津,9,1984,1版1次,64,23.6万,0.21,30,50,Ref002:216,套书：古典题材,,,凤还巢/出版社：天津人民美术/改编：荆予/绘画：鲁衡/84年9月1版1次64开/印数：23.6万 定价：0.21元/市场交流价：/9品：30元/10品：50元,PaddlePaddle
三打陶三春,三打陶三春,,改编：吴同宾 绘画：于骏治,,,改编：吴同宾,吴同宾,改编,绘画：于骏治,于骏治,绘画,,,,,,,,,,,,,天津人民美术,天津人民美术,,天津,11,1982,1版1次,64,19.1万,0.13,40,60,Ref002:217,套书：古典题材,,,三打陶三春/出版社：天津人民美术/改编：吴同宾/绘画：于骏治/82年11月1版1次64开/印数：19.1万定价：0.13元/市场交流价：/9品：40元/10品：60元,PaddlePaddle
春草闯堂,春草闯堂,,改编：梦学 绘画：陆汝浩,,,改编：梦学,梦学,改编,绘画：陆汝浩,陆汝浩,绘画,,,,,,,,,,,,,天津人民美术,天津人民美术,,天津,4,1984,1版1次,64,15万,0.17,20,40,Ref002:217,套书：古典题材,,,春草闯堂/出版社：天津人民美术/改编：梦学/绘画：陆汝浩/84年4月1版1次64开/印数：15万定价：0.17元/市场交流价：/9品：20元/10品：40元,PaddlePaddle
鹊桥,鹊桥,,改编：詹代尔 绘画：贾文涛,,,改编：詹代尔,詹代尔,改编,绘画：贾文涛,贾文涛,绘画,,,,,,,,,,,,,天津人民美术,天津人民美术,,天津,6,1985,1版1次,64,13.34万,0.21,10,20,Ref002:217,套书：古典题材,,,鹊桥/出版社：天津人民美术/改编：詹代尔/绘画：贾文涛/85年6月1版1次64开/印数：13.34万定价：0.21元/市场交流价：/9品：10元/10品：20元,PaddlePaddle
李后还宫,李后还宫,,改编：陈国英 绘画：傅伯星等,,,改编：陈国英,陈国英,改编,绘画：傅伯星,傅伯星,绘画,绘画：等,等,绘画,,,,,,,,,,天津人民美术,天津人民美术,,天津,11,1983,1版1次,64,42万,0.15,10,20,Ref002:217,套书：古典题材,,,李后还宫/出版社：天津人民美术/改编：陈国英/绘画：傅伯星等/83年11月1版1次64开/印数：42万定价：0.15元/市场交流价：/9品：10元/10品：20元,PaddlePaddle
魔合罗,魔合罗,,改编：郑荣华 绘画：童介眉,,,改编：郑荣华,郑荣华,改编,绘画：童介眉,童介眉,绘画,,,,,,,,,,,,,天津人民美术,天津人民美术,,天津,8,1984,1版1次,64,35.2万,0.19,10,20,Ref002:217,套书：古典题材,,,魔合罗/出版社：天津人民美术/改编：郑荣华/绘画：童介眉/84年8月1版1次64开/印数：35.2万 定价：0.19元/市场交流价：/9品：10元/10品：20元,PaddlePaddle
救风尘,救风尘,,改编：冯速 绘画：张晓飞,,,改编：冯速,冯速,改编,绘画：张晓飞,张晓飞,绘画,,,,,,,,,,,,,天津人民美术,天津人民美术,,天津,9,1985,1版1次,64,14.9万,0.19,20,30,Ref002:217,套书：古典题材,,,救风尘/出版社：天津人民美术/改编：冯速/绘画：张晓飞/85年9月1版1次64开/印数：14.9万定价：0.19元/市场交流价：/9品：20元/10品：30元,PaddlePaddle
望江亭,望江亭,,编文：刘莹 绘画：李少文,,,编文：刘莹,刘莹,编文,绘画：李少文,李少文,绘画,,,,,,,,,,,,,天津人民美术,天津人民美术,,天津,2,1985,1版1次,64,20.5万,0.21,5,10,Ref002:217,套书：古典题材,,,望江亭/出版社：天津人民美术/编文：刘莹/绘画：李少文/85年2月1版1次64开/印数：20.5万定价：0.21元/市场交流价：/9品：5元/10品：10元,PaddlePaddle
好述传,好述传,,改编：袁玮大 绘画：杨春瑞,,,改编：袁玮大,袁玮大,改编,绘画：杨春瑞,杨春瑞,绘画,,,,,,,,,,,,,天津人民美术,天津人民美术,,天津,3,1984,1版1次,64,63.7万,0.17,5,8,Ref002:217,套书：古典题材,,,好述传/出版社：天津人民美术/改编：袁玮大/绘画：杨春瑞/84年3月1版1次64开/印数：63.7万定价：0.17元/市场交流价：/9品：5元/10品：8元,PaddlePaddle
拉郎配,拉郎配,,改编：李艺林 绘者：金茗,,,改编：李艺林,李艺林,改编,绘者：金茗,金茗,绘者,,,,,,,,,,,,,天津人民美术,天津人民美术,,天津,3,1984,1版1次,64,32.77万,0.16,10,20,Ref002:218,套书：古典题材,,,拉郎配/出版社：天津人民美术/改编：李艺林/绘者：金茗/84年3月1版1次64开/印数：32.77万 定价：0.16元/市场交流价：/9品：10元/10品：20元,PaddlePaddle
绣襦记,绣襦记,,改编：潭力 绘画：徐晓平,,,改编：潭力,潭力,改编,绘画：徐晓平,徐晓平,绘画,,,,,,,,,,,,,天津人民美术,天津人民美术,,天津,7,1984,1版1次,64,23.4万,0.17,15,30,Ref002:218,套书：古典题材,,,绣襦记/出版社：天津人民美术/改编：潭力/绘画：徐晓平/84年7月1版1次64开/印数：23.4万 定价：0.17元/市场交流价：/9品：15元/10品：30元,PaddlePaddle
包公除奸,包公除奸,,改编：毛志毅 绘画：刘建平,,,改编：毛志毅,毛志毅,改编,绘画：刘建平,刘建平,绘画,,,,,,,,,,,,,天津人民美术,天津人民美术,,天津,9,1983,1版1次,64,23.3万,0.14,10,25,Ref002:218,套书：古典题材,,,包公除奸/出版社：天津人民美术/改编：毛志毅/绘画：刘建平/83年9月1版1次64开/印数：23.3万 定价：0.14元/市场交流价：/9品：10元/10品：25元,PaddlePaddle
金瓶女,金瓶女,,改编：吴同宾 绘画：庞先健,,,改编：吴同宾,吴同宾,改编,绘画：庞先健,庞先健,绘画,,,,,,,,,,,,,天津人民美术,天津人民美术,,天津,12,1983,1版1次,64,49.4万,0.17,5,10,Ref002:218,套书：古典题材,,,金瓶女/出版社：天津人民美术/改编：吴同宾/绘画：庞先健/83年12月1版1次64开/印数：49.4万定价：0.17元/市场交流价：/9品：5元/10品：10元,PaddlePaddle
金锤将出世,金锤将出世,,改编：冯同军 绘者：董风章,,,改编：冯同军,冯同军,改编,绘者：董风章,董风章,绘者,,,,,,,,,,,,,内蒙古人民,内蒙古人民,,呼和浩特市,3,1984,1版1次,64,100万,0.19,20（全套十六册）,30,Ref002:218,套书：古典题材,,,金锤将出世/出版社：内蒙古人民/改编：冯同军/绘者：董风章/84年3月1版1次64开/印数：100万定价：0.19元/市场交流价：/9品：20元(全套十六册)/10品：30元,PaddlePaddle
墙头马上,墙头马上,,编者：林林 绘者：刘廷相,,,编者：林林,林林,编者,绘者：刘廷相,刘廷相,绘者,,,,,,,,,,,,,辽宁美术,辽宁美术,,沈阳,10,1985,1版1次,64,3.96万,0.34,15,30,Ref002:218,套书：古典题材,,,墙头马上/出版社：辽宁美术/编者：林林/绘者：刘廷相/85年10月1版1次64开/印数：3.96万定价：0.34元/市场交流价：/9品：15元/10品：30元,PaddlePaddle
看钱奴,看钱奴,,改编：于玉生 绘画：郁汉羽,,,改编：于玉生,于玉生,改编,绘画：郁汉羽,郁汉羽,绘画,,,,,,,,,,,,,辽宁美术,辽宁美术,,沈阳,2,1986,1版1次,64,3.41万,0.34,20,40,Ref002:218,套书：古典题材,,,看钱奴/出版社：辽宁美术/改编：于玉生/绘画：郁汉羽/86年2月1版1次64开/印数：3.41万定价：0.4元/市场交流价：/9品：20元/10品：40元,PaddlePaddle
救风尘,救风尘,,改编：庄宏安 绘画：曹永,,,改编：庄宏安,庄宏安,改编,绘画：曹永,曹永,绘画,,,,,,,,,,,,,辽宁美术,辽宁美术,,沈阳,2,1986,1版1次,64,4.67万,0.34,20,40,Ref002:218,套书：古典题材,,,救风尘/出版社：辽宁美术/改编：庄宏安/绘画：曹永/86年2月1版1次64开/印数：4.67万定价：0.34元/市场交流价：/9品：20元/10品：40元,PaddlePaddle
画扇判案,画扇判案,,改编：路平 绘画：顾炳鑫韩和平,,,改编：路平,路平,改编,绘画：顾炳鑫,顾炳鑫,绘画,绘画：韩和平,韩和平,绘画,,,,,,,,,,浙江人民美术,浙江人民美术,,杭州,11,1980,1版1次,64,30万,0.12,10,20,Ref002:219,套书：古典题材,,,画扇判案/出版社：浙江人民美术/改编：路平/绘画：顾炳鑫韩和平/80年11月1版1次64开/印数：30万定价：0.12元/市场交流价：/9品：10元/10品：20元,PaddlePaddle
一线天,一线天,,改编：路平 绘画：高志岳,,,改编：路平,路平,改编,绘画：高志岳,高志岳,绘画,,,,,,,,,,,,,浙江人民美术,浙江人民美术,,杭州,5,1980,1版1次,64,50万,0.1,15,30,Ref002:219,套书：古典题材,,,一线天/出版社：浙江人民美术/改编：路平/绘画：高志岳/80年5月1版1次64开/印数：50万定价：0.10元/市场交流价：/9品：15元/10品：30元,PaddlePaddle
运木古井,运木古井,,改编：一兵 绘画：贺友直,,,改编：一兵,一兵,改编,绘画：贺友直,贺友直,绘画,,,,,,,,,,,,,浙江人民美术,浙江人民美术,,杭州,4,1982,1版1次,64,50万,0.19,20,40,Ref002:219,套书：古典题材,,,运木古井/出版社：浙江人民美术/改编：一兵/绘画：贺友直/82年4月1版1次64开/印数：50万定价：0.19元/市场交流价：/9品：20元/10品：40元,PaddlePaddle
蚕花娘子,蚕花娘子,,改编：徐飞 绘画：华三川华玲玲,,,改编：徐飞,徐飞,改编,绘画：华三川,华三川,绘画,绘画：华玲玲,华玲玲,绘画,,,,,,,,,,浙[sic.]工人民美术,浙[sic.]工人民美术,,,2,1981,1版1次,64,5万,0.1,70,150,Ref002:219,套书：古典题材,《西湖民间故》浙美版，全套十种。计划书目中的《风凰⼭》，在实际出版中名为《运木古井》。该套书中《蚕花娘⼦》最少，《⽩蛇传》《运木古井》次之。,Publisher_sic.,蚕花娘子/出版社：浙工人民美术/改编：徐飞/绘画：华三川华玲玲/81年2月1版1次64开/印数：5万定价：0.10元/市场交流价：/9品：70元/10品：150元,PaddlePaddle
白蛇传,白蛇传,,改编：徐飞 绘画：颜梅华颜志强,,,改编：徐飞,徐飞,改编,绘画：颜梅华,颜梅华,绘画,绘画：颜志强,颜志强,绘画,,,,,,,,,,浙江人民美术,浙江人民美术,,杭州,5,1981,2版4次,64,100万,0.17,30,60,Ref002:219,套书：古典题材,《西湖民间故》浙美版，全套十种。计划书目中的《风凰⼭》，在实际出版中名为《运木古井》。该套书中《蚕花娘⼦》最少，《⽩蛇传》《运木古井》次之。,,白蛇传/出版社：浙江人民美术/改编：徐飞/绘画：颜梅华颜志强/81年5月2版4次64开/印数：100万 定价：0.17元/市场交流价：/9品：30元/10品：60元,PaddlePaddle
寻太阳,寻太阳,,改编：申屠奇 绘画：黄膺父,,,改编：申屠奇,申屠奇,改编,绘画：黄膺父,黄膺父,绘画,,,,,,,,,,,,,浙江人民美术,浙江人民美术,,杭州,5,1979,1版1次,60,100万,0.14,15,30,Ref002:219,套书：古典题材,,,寻太阳/出版社：浙江人民美术/改编：申屠奇/绘画：黄膺父/79年5月1版1次60开/印数：100万定价：0.14元/市场交流价：/9品：15元/10品：30元,PaddlePaddle
康熙题匾,康熙题匾,,改编：徐飞 绘画：徐有武,,,改编：徐飞,徐飞,改编,绘画：徐有武,徐有武,绘画,,,,,,,,,,,,,浙江人民美术,浙江人民美术,,杭州,1,1980,1版1次,60,80万,0.1,15,30,Ref002:219,套书：古典题材,,,康熙题匾/出版社：浙江人民美术/改编：徐飞/绘画：徐有武/80年1月1版1次60开/印数：80万定价：0.10元/市场交流价：/9品：15元/10品：30元,PaddlePaddle
臭秦桧,臭秦桧,,改编：路平 绘画：王耀南,,,改编：路平,路平,改编,绘画：王耀南,王耀南,绘画,,,,,,,,,,,,,浙江人民美术,浙江人民美术,,杭州,1,1980,1版1次,60,80万,0.1,15,30,Ref002:219,套书：古典题材,,,臭秦桧/出版社：浙江人民美术/改编：路平/绘画：王耀南/80年1月1版1次60开/印数：80万定价：0.10元/市场交流价：/9品：15元/10品：30元,PaddlePaddle
黑才女巧难秀才,黑才女巧难秀才,,改编：黄群雄 绘画：卢汶刘斌昆,,,改编：黄群雄,黄群雄,改编,绘画：卢汶,卢汶,绘画,绘画：刘斌昆,刘斌昆,绘画,,,,,,,,,,福建人民,福建人民,,福州,8,1982,1版1次,64,46.9万,0.18,15,30,Ref002:220,套书：古典题材,,,黑才女巧难秀才/出版社：福建人民/改编：黄群雄/绘画：卢汶刘斌昆/82年8月1版1次64开/印数：46.9万定价：0.18元/市场交流价：/9品：15元/10品：30元,PaddlePaddle
仙姑献谷,仙姑献谷,,改编：洪斌 绘画：赵秀如张景林,,,改编：洪斌,洪斌,改编,绘画：赵秀如,赵秀如,绘画,绘画：张景林,张景林,绘画,,,,,,,,,,福建人民,福建人民,,福州,9,1984,1版1次,64,23.18万,0.16,10,20,Ref002:220,套书：古典题材,,,仙姑献谷/出版社：福建人民/改编：洪斌/绘画：赵秀如张景林/84年9月1版1次64开/印数：23.18万定价：0.16元/市场交流价：/9品：10元/10品：20元,PaddlePaddle
小蓬莱仙岛,小蓬莱仙岛,,改编：运方 绘画：高适,,,改编：运方,运方,改编,绘画：高适,高适,绘画,,,,,,,,,,,,,福建人民,福建人民,,福州,11,1982,1版1次,64,19.45万,0.15,20,40,Ref002:220,套书：古典题材,,,小蓬莱仙岛/出版社：福建人民/改编：运方/绘画：高适/82年11月1版1次64开/印数：19.45万 定价：0.15元/市场交流价：/9品：20元/10品：40元,PaddlePaddle
碧梧岭麟猊相争,碧梧岭麟猊相争,,改编：洪兵 绘画：高适,,,改编：洪兵,洪兵,改编,绘画：高适,高适,绘画,,,,,,,,,,,,,福建人民,福建人民,,福州,11,1982,1版1次,64,43.5万,0.15,50,100,Ref002:220,套书：古典题材,《镜花缘》福建版，全套十一种。其中《碧梧岭麟猊相争》最少《岐舌国九公显神通》次之。,,碧梧岭麟猊相争/出版社：福建人民/改编：洪兵/绘画：高适/82年11月1版1次64开/印数：43.5万 定价：0.15元/市场交流价：/9品：50元/10品：100元,PaddlePaddle
岐舌国九公显神通,岐舌国九公显神通,,改编：邱国华芷雨 绘画：盛亮贤郑波,,,改编：邱国华,邱国华,改编,改编：芷雨,芷雨,改编,绘画：盛亮贤,盛亮贤,绘画,绘画：郑波,郑波,绘画,,,,,,,福建人民,福建人民,,福州,7,1982,1版1次,64,43.96万,0.18,50,80,Ref002:220,套书：古典题材,,Sic._Author_Core_2,岐舌国九公显神通/出版社：福建人民/改编：邱国华芷雨/绘画：盛亮贤郑波/82年7月1版1次64开/印数：43.96万 定价：0.18元/市场交流价：/9品：50元/10品：80元,PaddlePaddle
小瀛洲聚义,小瀛洲聚义,,改编：邱国华 绘画：徐进,,,改编：邱国华,邱国华,改编,绘画：徐进,徐进,绘画,,,,,,,,,,,,,福建人民,福建人民,,福州,10,1982,1版1次,64,19.35万,0.18,25,40,Ref002:220,套书：古典题材,,,小瀛洲聚义/出版社：福建人民/改编：邱国华/绘画：徐进/82年10月1版1次64开/印数：19.35万定价：0.18元/市场交流价：/9品：25元/10品：40元,PaddlePaddle
红文宴,红文宴,,改编：邱国华芷雨 绘画：崔君沛林海萍,,,改编：邱国华,邱国华,改编,改编：芷雨,芷雨,改编,绘画：崔君沛,崔君沛,绘画,绘画：林海萍,林海萍,绘画,,,,,,,福建人民,福建人民,,福州,9,1982,1版1次,64,27.35万,0.14,20,40,Ref002:220,套书：古典题材,,Sic._Author_Core_2,红文宴/出版社：福建人民/改编：邱国华芷雨/绘画：崔君沛林海萍/82年9月1版1次64开/印数：27.35万定价：0.14元/市场交流价：/9品：20元/10品：40元,PaddlePaddle
大破迷魂阵,大破迷魂阵,,改编：邱国华 绘画：罗盘何进,,,改编：邱国华,邱国华,改编,绘画：罗盘,罗盘,绘画,绘画：何进,何进,绘画,,,,,,,,,,福建人民,福建人民,,福州,7,1983,1版1次,64,27.58万,0.21,20,35,Ref002:220,套书：古典题材,,,大破迷魂阵/出版社：福建人民/改编：邱国华/绘画：罗盘何进/83年7月1版1次64开/印数：27.58万定价：0.21元/市场交流价：/9品：20元/10品：35元,PaddlePaddle
滕大尹鬼断家私,滕大尹鬼断家私,,改编：林承璜 绘画：朱光玉,,,改编：林承璜,林承璜,改编,绘画：朱光玉,朱光玉,绘画,,,,,,,,,,,,,福建人民,福建人民,,福州,8,1982,1版1次,64,26.28[sic.]元,0.15,10,20,Ref002:221,套书：古典题材,,Print_run_sic. ,滕大尹鬼断家私/出版社：福建人民/改编：林承璜/绘画：朱光玉/82年8月1版1次64开/印数：2628元定价：0.15元/市场交流价：/9品：10元/10品：20元,PaddlePaddle
灌园叟晚逢仙女,灌园叟晚逢仙女,,改编：卓钟霖 绘画：叶毓中,,,改编：卓钟霖,卓钟霖,改编,绘画：叶毓中,叶毓中,绘画,,,,,,,,,,,,,福建人民,福建人民,,福州,6,1984,1版1次,64,14.6万,0.19,40,60,Ref002:221,套书：古典题材,《⽩话》福建版：计划出书十八种，实际出版十四种。《白玉娘忍苦成夫》一种最少见，《灌园叟晚逢仙女》次之。全套市场交流价：9品300元，10品480元。,,灌园叟晚逢仙女/出版社：福建人民/改编：卓钟霖/绘画：叶毓中/84年6月1版1次64开/印数：14.6万定价：0.19元/市场交流价：/9品：40元/10品：60元,PaddlePaddle
乔太守乱点鸳鸯谱,乔太守乱点鸳鸯谱,,改编：卓夫 绘画：郑毓敏何惟明,,,改编：卓夫,卓夫,改编,绘画：郑毓敏,郑毓敏,绘画,绘画：何惟明,何惟明,绘画,,,,,,,,,,福建人民,福建人民,,福州,5,1984,1版1次,64,20.48万,0.16,20,35,Ref002:221,套书：古典题材,,,乔太守乱点鸳鸯谱/出版社：福建人民/改编：卓夫/绘画：郑毓敏何惟明/84年5月1版1次64开/印数：20.48万定价：0.16元/市场交流价：/9品：20元/10品：35元,PaddlePaddle
沈小官—鸟害七命,沈小官,鸟害七命,改编：李玉光 绘画：朱光玉,,,改编：李玉光,李玉光,改编,绘画：朱光玉,朱光玉,绘画,,,,,,,,,,,,,福建人民,福建人民,,福州,4,1985,1版1次,64,32.86万,0.19,15,25,Ref002:221,套书：古典题材,,,沈小官一鸟害七命/出版社：福建人民/改编：李玉光/绘画：朱光玉/85年4月1版1次64开/印数：32.86万定价：0.19元/市场交流价：/9品：15元/10品：25元,PaddlePaddle
谢小娥智擒船上盗,谢小娥智擒船上盗,,改编：黎服兵 绘画：梁如洁,,,改编：黎服兵,黎服兵,改编,绘画：梁如洁,梁如洁,绘画,,,,,,,,,,,,,岭南美术,岭南美术,,广州,12,1982,1版1次,64,56.17万,0.17,8,15,Ref002:221,套书：古典题材,,,谢小娥智擒船上盗/出版社：岭南美术/改编：黎服兵/绘画：梁如洁/82年12月1版1次64开/印数：56.17万定：价0.17元/市场交流价：/9品：8元/10品：15元,PaddlePaddle
钱秀才错占凤凰俦,钱秀才错占凤凰俦,,编文：郭福平 绘画：裘国骥,,,编文：郭福平,郭福平,编文,绘画：裘国骥,裘国骥,绘画,,,,,,,,,,,,,岭南美术,岭南美术,,广州,11,1984,1版1次,64,,0.23,10,15,Ref002:221,套书：古典题材,,,钱秀才错占凤凰俦/出版社：岭南美术/编文：郭福平/绘画：裘国骥/84年11月1版1次64开/印数：未详定价：0.23元/市场交流价：/9品：10元/10品：15元,PaddlePaddle
李汧公穷邸遇侠客,李汧公穷邸遇侠客,,改编：钟迈浩 绘画：邓志刚,,,改编：钟迈浩,钟迈浩,改编,绘画：邓志刚,邓志刚,绘画,,,,,,,,,,,,,岭南美术,岭南美术,,广州,1,1983,1版1次,64,58.07万,0.17,5,10,Ref002:221,套书：古典题材,,,李升公穷邸遇侠客/出版社：岭南美术/改编：钟迈浩/绘画：邓志刚/83年1月1版1次64开/印数：58.07万定价：0.17元/市场交流价：/9品：5元/10品：10元,PaddlePaddle
沈小霞相会出师表,沈小霞相会出师表,,改编：李实 绘画：梁如洁,,,改编：李实,李实,改编,绘画：梁如洁,梁如洁,绘画,,,,,,,,,,,,,岭南美术,岭南美术,,广州,5,1985,1版1次,64,,0.28,10,15,Ref002:221,套书：古典题材,《白适》岭南版全套八种，其中以《陈御中石勘银钟案》最少贝。,,沈小霞相会出师表/出版社：岭南美术/改编：李实/绘画：梁如洁/85年5月1版1次64开/印数：未详定价：0.28元/市场交流价：/9品：10元/10品：15元,PaddlePaddle
象护与金象,象护与金象,,编文：伯里 绘画：李明强,,,编文：伯里,伯里,编文,绘画：李明强,李明强,绘画,,,,,,,,,,,,,甘肃人民,甘肃人民,,兰州,5,1984,1版1次,64,12.5万,0.1,5,10,Ref002:222,套书：古典题材,,,象护与金象/出版社：甘肃人民/编文：伯里/绘画：李明强/84年5月1版1次64开/印数：12.5万定价：0.10元/市场交流价：/9品：5元/10品：10元,PaddlePaddle
取宝记,取宝记,,改编：黄英 绘画：恩广智等,,,改编：黄英,黄英,改编,绘画：恩广智,恩广智,绘画,绘画：等,等,绘画,,,,,,,,,,甘肃人民,甘肃人民,,兰州,4,1984,1版1次,64,11.1万,0.15,25,40,Ref002:222,套书：古典题材,《敦煌壁画》肃版全套五种，《取宝记》最少见，《丘尼遇难》次之。,,取宝记/出版社：甘肃人民/改编：黄英/绘画：恩广智等/84年4月1版1次64开/印数：11.1万定价：0.15元/市场交流价：/9品：25元/10品：40元,PaddlePaddle
布金园,布金园,,改编：谢宠 绘画：戴敦邦等,,,改编：谢宠,谢宠,改编,绘画：戴敦邦,戴敦邦,绘画,绘画：等,等,绘画,,,,,,,,,,甘肃人民,甘肃人民,,兰州,2,1984,1版1次,64,17.1万,0.15,10,15,Ref002:222,套书：古典题材,,,布金园/出版社：甘肃人民/改编：谢宠/绘画：戴敦邦等/84年2月1版1次64开/印数：17.1万定价：0.15元/市场交流价：/9品：10元/10品：15元,PaddlePaddle
鹿母夫人,鹿母夫人,,改编：谢宠 绘画：薛晓林,,,改编：谢宠,谢宠,改编,绘画：薛晓林,薛晓林,绘画,,,,,,,,,,,,,甘肃人民,甘肃人民,,兰州,4,1984,1版1次,64,10.6万,0.12,10,20,Ref002:222,套书：古典题材,,,鹿母夫人/出版社：甘肃人民/改编：谢宠/绘画：薛晓林/84年4月1版1次64开/印数：10.6万定价：0.12元/市场交流价：/9品：10元/10品：20元,PaddlePaddle
比丘尼遇难,比丘尼遇难,,改编：陈仁川 绘画：任杰,,,改编：陈仁川,陈仁川,改编,绘画：任杰,任杰,绘画,,,,,,,,,,,,,甘肃人民,甘肃人民,,兰州,5,1984,1版1次,64,12.5万,0.12,15,25,Ref002:222,套书：古典题材,,,比丘尼遇难/出版社：甘肃人民/改编：陈仁川/绘画：任杰/84年5月1版1次64开/印数：12.5万定价：0.12元/市场交流价：/9品：15元/10品：25元,PaddlePaddle
搁笔记,搁笔记,,编文：曾宪均 绘画：查加伍,,,编文：曾宪均,曾宪均,编文,绘画：查加伍,查加伍,绘画,,,,,,,,,,,,,湖北美术,湖北美术,,武汉,6,1985,1版1次,64,5万,0.16,,,Ref002:222,套书：古典题材,,,搁笔记/出版社：湖北美术/编文：曾宪均/绘画：查加伍/85年6月1版1次64开/印数：5万定价：0.16元,PaddlePaddle
戏官记,戏官记,,编文：曾宪均 绘画：黄河清,,,编文：曾宪均,曾宪均,编文,绘画：黄河清,黄河清,绘画,,,,,,,,,,,,,湖北美术,湖北美术,,武汉,6,1985,1版1次,64,5万,0.16,,,Ref002:222,套书：古典题材,,,戏官记/出版社：湖北美术/编文：曾宪均/绘画：黄河清/85年6月1版1次64开/印数：5万定价：0.16元,PaddlePaddle
驾鹤记,驾鹤记,,编文：曾宪均 绘画：汪国新,,,编文：曾宪均,曾宪均,编文,绘画：汪国新,汪国新,绘画,,,,,,,,,,,,,湖北美术,湖北美术,,武汉,6,1985,1版2次,64,5万,0.18,,,Ref002:222,套书：古典题材,,,驾鹤记/出版社：湖北美术/编文：曾宪均/绘画：汪国新/85年6月1版2次64开/印数：5万定价：0.18元,PaddlePaddle
镇火记,镇火记,,编文：曾宪均 绘画：谢智良,,,编文：曾宪均,曾宪均,编文,绘画：谢智良,谢智良,绘画,,,,,,,,,,,,,湖北美术,湖北美术,,武汉,10,1985,1版1次,64,7.2万,0.18,,,Ref002:223,套书：古典题材,,,镇火记/出版社：湖北美术/编文：曾宪均/绘画：谢智良/85年10月1版1次64开/印数：7.2万定价：0.18元,PaddlePaddle
仙枣记,仙枣记,,改编：曾宪均 绘画：潘仁勇,,,改编：曾宪均,曾宪均,改编,绘画：潘仁勇,潘仁勇,绘画,,,,,,,,,,,,,湖北美术,湖北美术,,武汉,5,1985,1版1次,64,5.5万,1.25,180（全套）,260,Ref002:223,套书：古典题材,《黄鹤楼》湖北版全套五册，该书极少见，其中《镇火记》、《仙枣记》最为少见另有一种。全套市场交流价9品100元、10品200元，鲜有成套交易。,,仙枣记/出版社：湖北美术/改编：曾宪均/绘画：潘仁勇/85年5月1版1次64开/印数：5.5万定价：1.25元/市场交流价：/9品：180元（全套）/10品：260元,PaddlePaddle
吐金吐银的孩子,吐金吐银的孩子,,改编：徐涂 绘画：许全群,,,改编：徐涂,徐涂,改编,绘画：许全群,许全群,绘画,,,,,,,,,,,,,农村读物,农村读物,,北京,1,1983,1版1次,64,19.53万,0.12,5,15,Ref002:223,套书：古典题材,,,吐金吐银的孩子/出版社：农村读物/改编：徐涂/绘画：许全群/83年1月1版1次64开/印数：19.53万定价：0.12元/市场交流价：/9品：5元/10品：15元,PaddlePaddle
阿里与白鸽,阿里与白鸽,,改编：李白英 绘画：江皓赵宝林,,,改编：李白英,李白英,改编,绘画：江皓,江皓,绘画,绘画：赵宝林,赵宝林,绘画,,,,,,,,,,农村读物,农村读物,,北京,1,1983,1版1次,64,18.33万,0.12,8,15,Ref002:223,套书：古典题材,,,阿里与白鸽/出版社：农村读物/改编：李白英/绘画：江皓赵宝林/83年1月1版1次64开/印数：18.33万定价：0.12元/市场交流价：/9品：8元/10品：15元,PaddlePaddle
卖树荫的故事,卖树荫的故事,,编文：吴文焕 绘画：何滨,,,编文：吴文焕,吴文焕,编文,绘画：何滨,何滨,绘画,,,,,,,,,,,,,农村读物,农村读物,,北京,3,1984,1版1次,64,,0.17,15,20,Ref002:223,套书：古典题材,,,卖树荫的故事/出版社：农村读物/编文：吴文焕/绘画：何 滨/84年3月1版1次64开/印数：未详定价：0.17元/市场交流价：/9品：15元/10品：20元,PaddlePaddle
阿达尼罗,阿达尼罗,,改编：曹作锐 绘画：马程,,,改编：曹作锐,曹作锐,改编,绘画：马程,马程,绘画,,,,,,,,,,,,,农村读物,农村读物,,北京,6,1982,1版1次,64,40.8万,0.15,8,15,Ref002:223,套书：古典题材,,,阿达尼罗/出版社：农村读物/改编：曹作锐/绘画：马程/82年6月1版1次64开/印数：40.8万定价：0.15元/市场交流价：/9品：8元/10品：15元,PaddlePaddle
金沙江边石蛙村,金沙江边石蛙村,,改编：徐涂 绘画：陈成斗,,,改编：徐涂,徐涂,改编,绘画：陈成斗,陈成斗,绘画,,,,,,,,,,,,,农村读物,农村读物,,北京,8,1982,1版1次,64,44.03万,0.12,8,15,Ref002:223,套书：古典题材,,,金沙江边石蛙村/出版社：农村读物/改编：徐涂/绘画：陈成斗/82年8月1版1次64开/印数：44.03万定价：0.12元/市场交流价：/9品：8元/10品：15元,PaddlePaddle
华佗学医,华佗学医,,编文：思今 绘画：童介眉,,,编文：思今,思今,编文,绘画：童介眉,童介眉,绘画,,,,,,,,,,,,,农村读物,农村读物,,北京,1,1983,1版1次,64,10.03万,0.12,15,25,Ref002:223,套书：古典题材,《民间故事》农村版全套计有十二种，《华佗学医》最少见。,,华佗学医/出版社：农村读物/编文：思今/绘画：童介眉/83年1月1版1次64开/印数：10.03万定价：0.12元/市场交流价：/9品：15元/10品：25元,PaddlePaddle
黄帝大战蚩尤,黄帝大战蚩尤,,编者：王吉祥 绘画：赵明钧,,,编者：王吉祥,王吉祥,编者,绘画：赵明钧,赵明钧,绘画,,,,,,,,,,,,,辽宁美术,辽宁美术,,沈阳,10,1982,1版1次,64,18.8万,0.17,,,Ref002:224,套书：古典题材,,,黄帝大战蚩尤/出版社：辽宁美术/编者：王吉祥/绘画：赵明钧/82年10月1版1次64开/印数：18.8万定价：0.17元,PaddlePaddle
女娲抟土造人,女娲抟土造人,,改编：王吉祥等 绘画：赵明钧张成思,,,改编：王吉祥,王吉祥,改编,改编：等,等,改编,绘画：赵明钧,赵明钧,绘画,绘画：张成思,张成思,绘画,,,,,,,辽宁美术,辽宁美术,,沈阳,10,1982,1版1次,64,19.9万,0.21,,,Ref002:224,套书：古典题材,,,女娲抟土造人/出版社：辽宁美术/改编：王吉祥等/绘画：赵明钧张成思/82年10月1版1次64开/印数：19.9万定价：0.21元,PaddlePaddle
后羿射日除凶,后羿射日除凶,,改编：王吉祥 绘画：张成思,,,改编：王吉祥,王吉祥,改编,绘画：张成思,张成思,绘画,,,,,,,,,,,,,辽宁美术,辽宁美术,,沈阳,9,1982,1版1次,64,19.2万,0.16,,,Ref002:224,套书：古典题材,,,后羿射日除凶/出版社：辽宁美术/改编：王吉祥/绘画：张成思/82年9月1版1次64开/印数：19.2万定价：0.16元,PaddlePaddle
大禹治服洪水,大禹治服洪水,,改编：王吉祥 绘画：赵明钧,,,改编：王吉祥,王吉祥,改编,绘画：赵明钧,赵明钧,绘画,,,,,,,,,,,,,辽宁美术,辽宁美术,,沈阳,9,1982,1版1次,64,15.6万,0.13,120.00（全套）,200,Ref002:224,套书：古典题材,《远古神话》辽宁版，全套四册，有再版。,,大禹治服洪水/出版社：辽宁美术/改编：王吉祥/绘画：赵明钧/82年9月1版1次64开/印数：15.6万定价：0.13元/市场交流价：/9品：120.00元（全套）/10品：200.00元,PaddlePaddle
纸,纸,,编文：姚世迦 绘画：严启生,,,编文：姚世迦,姚世迦,编文,绘画：严启生,严启生,绘画,,,,,,,,,,,,,上海人民美术,上海人民美术,,上海,7,1980,1版1次,64,20万,0.1,15,30,Ref002:224,套书：古典题材,,,纸/出版社：上海人民美术/编文：姚世迦/绘画：严启生/80年7月1版1次64开/印数：20万定价：0.10元/市场交流价：/9品：15元/10品：30元,PaddlePaddle
印刷,印刷,,编文：姚世迦 绘画：严启生,,,编文：姚世迦,姚世迦,编文,绘画：严启生,严启生,绘画,,,,,,,,,,,,,上海人民美术,上海人民美术,,上海,2,1982,1版1次,64,14万,0.12,20,40,Ref002:224,套书：古典题材,,,印刷/出版社：上海人民美术/编文：姚世迦/绘画：严启生/82年2月1版1次64开/印数：14万定价：0.12元/市场交流价：/9品：20元/10品：40元,PaddlePaddle
指南针,指南针,,编文：思嘉 绘画：严启生,,,编文：思嘉,思嘉,编文,绘画：严启生,严启生,绘画,,,,,,,,,,,,,上海人民美术,上海人民美术,,上海,3,1984,1版1次,64,6.7万,0.13,20,40,Ref002:224,套书：古典题材,,,指南针/出版社：上海人民美术/编文：思嘉/绘画：严启生/84年3月1版1次64开/印数：6.7万定价：0.13元/市场交流价：/9品：20元/10品：40元,PaddlePaddle
火药,火药,,编文：袁海庭等 绘画：严启生,,,编文：袁海庭,袁海庭,编文,编文：等,等,编文,绘画：严启生,严启生,绘画,,,,,,,,,,上海人民美术,上海人民美术,,上海,4,1985,1版1次,64,2.7万,0.18,50,100,Ref002:224,套书：古典题材,《四大发明》上美版，全套四册。其中《火药》极为少见。,,火药/出版社：上海人民美术/编文：袁海庭等/绘画：严启生/85年4月1版1次64开/印数：2.7万定价：0.18元/市场交流价：/9品：50元/10品：100元,PaddlePaddle
杜甫,杜甫,,编文：李荣标 绘画：贺成,,,编文：李荣标,李荣标,编文,绘画：贺成,贺成,绘画,,,,,,,,,,,,,江苏人民,江苏人民,,南京,7,1980,1版1次,64,15万,0.14,15,40,Ref002:225,套书：古典题材,,,杜甫/出版社：江苏人民/编文：李荣标/绘画：贺成/80年7月1版1次64开/印数：15万定价：0.14/元市场交流价：/9品：15元/10品：40元,PaddlePaddle
薛涛,薛涛,,编文：龙翔 绘画：刘芸生,,,编文：龙翔,龙翔,编文,绘画：刘芸生,刘芸生,绘画,,,,,,,,,,,,,江苏人民,江苏人民,,南京,9,1983,1版1次,64,5.4万,0.19,30,60,Ref002:225,套书：古典题材,,,薛涛/出版社：江苏人民/编文：龙翔/绘画：刘芸生/83年9月1版1次64开/印数：5.4万定价：0.19元/市场交流价：/9品：30元/10品：60元,PaddlePaddle
陶渊明,陶渊明,,编文：苗杰 绘画：耒汶阳耒振阳,,,编文：苗杰,苗杰,编文,绘画：耒汶阳,耒汶阳,绘画,绘画：耒振阳,耒振阳,绘画,,,,,,,,,,江苏人民,江苏人民,,南京,7,1983,1版1次,64,3.08万,0.14,30,60,Ref002:225,套书：古典题材,,,陶渊明/出版社：江苏人民/编文：苗杰/绘画：耒汶阳 耒振阳/83年7月1版1次64开/印数：3.08万定价：0.14元/市场交流价：/9品：30元/10品：60元,PaddlePaddle
曹雪芹,曹雪芹,,编文：谭元杰 绘画：戚新国,,,编文：谭元杰,谭元杰,编文,绘画：戚新国,戚新国,绘画,,,,,,,,,,,,,江苏美术,江苏美术,,南京,6,1984,1版1次,64,6.83万,0.2,25,40,Ref002:225,套书：古典题材,,,曹雪芹/出版社：江苏美术/编文：谭元杰/绘画：戚新国/84年6月1版1次64开/印数：6.83万定价：0.20元/市场交流价：/9品：25元/10品：40元,PaddlePaddle
白居易,白居易,,编文：许祖龙 绘画：耒汶阳傅伯星,,,编文：许祖龙,许祖龙,编文,绘画：耒汶阳,耒汶阳,绘画,绘画：傅伯星,傅伯星,绘画,,,,,,,,,,江苏人民,江苏人民,,南京,2,1981,1版2次,64,15.052万,0.14,20,40,Ref002:225,套书：古典题材,,,出版社：江苏人民/编文：许祖龙/绘画：耒汶阳 傅伯星/81年2月1版2次64开/印数：15.052万定价：0.14元/市场交流价：/9品：20元/10品：40元,PaddlePaddle
薄松龄,薄松龄,,编文：孙中晓 绘画：曾平凤金,,,编文：孙中晓,孙中晓,编文,绘画：曾平,曾平,绘画,绘画：凤金,凤金,绘画,,,,,,,,,,江苏美术,江苏美术,,南京,10,1984,1版1次,64,13.87万,0.28,20,50,Ref002:225,套书：古典题材,,Sic._Author_Core_3,出版社：江苏美术/编文：孙中晓/绘画：曾平凤金/84年10月1版1次64开/印数：13.87万定价：0.28元/市场交流价：/9品：20元/10品：50元,PaddlePaddle
元稹,元稹,,改编：李鸣球 绘画：邹越非邹越清,,,改编：李鸣球,李鸣球,改编,绘画：邹越非,邹越非,绘画,绘画：邹越清,邹越清,绘画,,,,,,,,,,江苏人民,江苏人民,,南京,12,1983,1版1次,64,5.35万,0.2,20,50,Ref002:225,套书：古典题材,,,元稹/出版社：江苏人民/改编：李鸣球/绘画：邹越非 邹越清/83年12月1版1次64开/印数：5.35万定价：0.20元/市场交流价：/9品：20元/10品：50元,PaddlePaddle
苏轼,苏轼,,编文：俞润生 绘画：迎春,,,编文：俞润生,俞润生,编文,绘画：迎春,迎春,绘画,,,,,,,,,,,,,江苏人民,江苏人民,,南京,1,1981,1版1次,64,6万,0.15,25,50,Ref002:225,套书：古典题材,《中国古代文学家故事》各分册印量均少。尤以《梅尧臣》、《王安石》、《韩愈》、《李白》四种最少。全系列二十六种，除本书已刊出外，尚有《陆游》、《柳宗元》、《司马迁》、《李清照》、《真假王维》、《李白》。《真假王维》一封面无“中国古代文学家”字样，但从其题材及王维在文学史上的地位来判断，应属于该系列丛书。,,苏轼/出版社：江苏人民/编文：俞润生/绘画：迎春/81年1月1版1次64开/印数：6万定价：0.15元/市场交流价：/9品：25元/10品：50元,PaddlePaddle
辛弃疾,辛弃疾,,编文：沈为宁 绘画：范思田范生福,,,编文：沈为宁,沈为宁,编文,绘画：范思田,范思田,绘画,绘画：范生福,范生福,绘画,,,,,,,,,,江苏人民,江苏人民,,南京,6,1982,1版1次,64,10.6万,0.17,20,40,Ref002:226,套书：古典题材,,,辛弃疾/出版社：江苏人民/编文：沈为宁/绘画：范思田范生福/82年6月1版1次64开/印数：10.6万定价：0.17元/市场交流价：/9品：20元/10品：40元,PaddlePaddle
欧阳修,欧阳修,,编文：李鸣球 绘画：贺成,,,编文：李鸣球,李鸣球,编文,绘画：贺成,贺成,绘画,,,,,,,,,,,,,江苏人民,江苏人民,,南京,1,1983,1版1次,64,5.87万,0.17,30,60,Ref002:226,套书：古典题材,,,欧阳修/出版社：江苏人民/编文：李鸣球/绘画：贺成/83年1月1版1次64开/印数：5.87万定价：0.17元/市场交流价：/9品：30元/10品：60元,PaddlePaddle
神童王勃,神童王勃,,编文：刘天平 绘画：晓飞曾平,,,编文：刘天平,刘天平,编文,绘画：晓飞,晓飞,绘画,绘画：曾平,曾平,绘画,,,,,,,,,,江苏人民,江苏人民,,南京,4,1982,1版1次,64,16.1万,0.1,20,40,Ref002:226,套书：古典题材,,,神童王勃/出版社：江苏人民/编文：刘天平/绘画：晓飞曾平/82年4月1版1次64开/印数：16.1万定价：0.10元/市场交流价：/9品：20元/10品：40元,PaddlePaddle
刘禹锡,刘禹锡,,编文：李鸣球 绘画：孙昌茵,,,编文：李鸣球,李鸣球,编文,绘画：孙昌茵,孙昌茵,绘画,,,,,,,,,,,,,江苏人民,江苏人民,,南京,12,1983,1版1次,64,4.81万,0.2,20,50,Ref002:226,套书：古典题材,,,刘禹锡/出版社：江苏人民/编文：李鸣球/绘画：孙昌茵/83年12月1版1次64开/印数：4.81万 定价：0.20元/市场交流价：/9品：20元/10品：50元,PaddlePaddle
施耐庵,施耐庵,,编文：张袁祥 绘画：郭荣,,,编文：张袁祥,张袁祥,编文,绘画：郭荣,郭荣,绘画,,,,,,,,,,,,,江苏美术,江苏美术,,南京,5,1985,1版1次,64,5.135万,0.39,10,25,Ref002:226,套书：古典题材,,,施耐庵/出版社：江苏美术/编文：张袁祥/绘画：郭荣/85年5月1版1次64开/印数：5.135万定价：0.39元/市场交流价：/9品：10元/10品：25元,PaddlePaddle
初唐四杰,初唐四杰,,编文：吴福林 绘画：吕清华聂磊,,,编文：吴福林,吴福林,编文,绘画：吕清华,吕清华,绘画,绘画：聂磊,聂磊,绘画,,,,,,,,,,江苏美术,江苏美术,,南京,9,1984,1版1次,64,10.96万,0.21,20,40,Ref002:226,套书：古典题材,,Sic._Author_Core_3,初唐四杰/出版社：江苏美术/编文：吴福林/绘画：吕清华聂磊/84年9月1版1次64开/印数：10.96万定价：0.21元/市场交流价：/9品：20元/10品：40元,PaddlePaddle
梅尧臣,梅尧臣,,编文：李鸣球 绘画：徐海鸥,,,编文：李鸣球,李鸣球,编文,绘画：徐海鸥,徐海鸥,绘画,,,,,,,,,,,,,江苏人民,江苏人民,,南京,7,1983,1版1次,64,2.48万,0.14,50,120,Ref002:226,套书：古典题材,,,梅尧臣/出版社：江苏人民/编文：李鸣球/绘画：徐海鸥/83年7月1版1次64开/印数：2.48万定价：0.14元/市场交流价：/9品：50元/10品：120元,PaddlePaddle
洪升,洪升,,编文：曹晓波 绘画：朱新昌,,,编文：曹晓波,曹晓波,编文,绘画：朱新昌,朱新昌,绘画,,,,,,,,,,,,,江苏美术,江苏美术,,南京,3,1984,1版1次,64,7.3万,0.11,20,40,Ref002:226,套书：古典题材,,,洪升/出版社：江苏美术/编文：曹晓波/绘画：朱新昌/84年3月1版1次64开/印数：7.3万定价：0.11元/市场交流价：/9品：20元/10品：40元,PaddlePaddle
韩愈,韩愈,,编文：李鸣球 绘画：陈慧荪,,,编文：李鸣球,李鸣球,编文,绘画：陈慧荪,陈慧荪,绘画,,,,,,,,,,,,,江苏美术,江苏美术,,南京,3,1985,1版1次,64,3.932万,0.39,30,50,Ref002:227,套书：古典题材,,,韩愈/出版社：江苏美术/编文：李鸣球/绘画：陈慧荪/85年3月1版1次64开/印数：3.932万定价：0.39元/市场交流价：/9品：30元/10品：50元,PaddlePaddle
李商隐,李商隐,,编文：叶明 绘画：邹越清邹越非,,,编文：叶明,叶明,编文,绘画：邹越清,邹越清,绘画,绘画：邹越非,邹越非,绘画,,,,,,,,,,江苏人民,江苏人民,,南京,12,1981,1版1次,64,8.07万,0.15,20,40,Ref002:227,套书：古典题材,,,李商隐/出版社：江苏人民/编文：叶明/绘画：邹越清 邹越非/81年12月1版1次64开/印数：8.07万定价：0.15元/市场交流价：/9品：20元/10品：40元,PaddlePaddle
王安石,王安石,,编文：吴福林 绘画：邹越非,,,编文：吴福林,吴福林,编文,绘画：邹越非,邹越非,绘画,,,,,,,,,,,,,江苏人民,江苏人民,,南京,5,1983,1版1次,64,3.07万,0.14,40,100,Ref002:227,套书：古典题材,,,王安石/出版社：江苏人民/编文：吴福林/绘画：邹越非/83年5月1版1次64开/印数：3.07万定价：0.14元/市场交流价：/9品：40元/10品：100元,PaddlePaddle
杜牧,杜牧,,编文：李鸣球 绘画：来汶阳,,,编文：李鸣球,李鸣球,编文,绘画：来汶阳,来汶阳,绘画,,,,,,,,,,,,,江苏人民,江苏人民,,南京,10,1982,1版1次,64,9.07万,0.17,20,40,Ref002:227,套书：古典题材,,,杜牧/出版社：江苏人民/编文：李鸣球/绘画：来汶阳/82年10月1版1次64开/印数：9.07万定价：0.17元/市场交流价：/9品：20元/10品：40元,PaddlePaddle
真假王维,真假王维,,改编：王吉祥 绘画：刘昌华,,,改编：王吉祥,王吉祥,改编,绘画：刘昌华,刘昌华,绘画,,,,,,,,,,,,,江苏人民,江苏人民,,南京,1,1983,1版1次,64,13万,0.15,15,25,Ref002:227,套书：古典题材,,,真假王维/出版社：江苏人民/改编：王吉祥/绘画：刘昌华/83年1月1版1次64开/印数：13万定价：0.15元/市场交流价：/9品：15元/10品：25元,PaddlePaddle
朱元璋,朱元璋,,编文：张震麟 绘画：汪拔如,,,编文：张震麟,张震麟,编文,绘画：汪拔如,汪拔如,绘画,,,,,,,,,,,,,江苏人民,江苏人民,,南京,6,1981,1版1次,64,33万,0.22,10,20,Ref002:227,套书：古典题材,,,朱元璋/出版社：江苏人民/编文：张震麟/绘画：汪拔如/81年6月1版1次64开/印数：33万定价：0.22元/市场交流价：/9品10元/10品：20元,PaddlePaddle
海瑞,海瑞,,编文：沈为宁 绘画：刘芸生,,,编文：沈为宁,沈为宁,编文,绘画：刘芸生,刘芸生,绘画,,,,,,,,,,,,,江苏人民,江苏人民,,南京,3,1980,1版1次,64,30万,0.15,15,25,Ref002:227,套书：古典题材,,,海瑞/出版社：江苏人民/编文：沈为宁/绘画：刘芸生/80年3月1版1次64开/印数：30万定价：0.15元/市场交流价：/9品：15元/10品：25元,PaddlePaddle
霍去病,霍去病,,编文：王海燕 绘画：白露,,,编文：王海燕,王海燕,编文,绘画：白露,白露,绘画,,,,,,,,,,,,,江苏人民,江苏人民,,南京,7,1983,1版1次,64,6.15万,0.15,20,40,Ref002:227,套书：古典题材,《⼈物传说故事》江苏版，全套七册，其中《霍去病》⼀种，最少见。除本书刊出外，尚有《唐伯虎》⼀种。,,霍去病/出版社：江苏人民/编文：王海燕/绘画：白露/83年7月1版1次64开/印数：6.15万定价：0.15元/市场交流价：/9品：20元/10品：40元,PaddlePaddle
嵇康,嵇康,,编文：吴福林 绘画：赵绪成,,,编文：吴福林,吴福林,编文,绘画：赵绪成,赵绪成,绘画,,,,,,,,,,,,,江苏美术,江苏美术,,南京,6,1984,1版1次,64,4.28万,0.13,8,15,Ref002:228,套书：古典题材,,,嵇康/出版社：江苏美术/编文：吴福林/绘画：赵绪成/84年6月1版1次64开/印数：4.28万定价：0.13元/市场交流价：/9品：8元/10品：15元,PaddlePaddle
沈石田,沈石田,,编文：任梅 绘画：贺成,,,编文：任梅,任梅,编文,绘画：贺成,贺成,绘画,,,,,,,,,,,,,江苏美术,江苏美术,,南京,3,1984,1版1次,64,4.97万,0.15,5,10,Ref002:228,套书：古典题材,,,沈石田/出版社：江苏美术/编文：任梅/绘画：贺成/84年3月1版1次64开/印数：4.97万 定价：0.15元/市场交流价：/9品：5元/10品：10元,PaddlePaddle
文征明,文征明,,编文：周景标 绘画：侯春洋,,,编文：周景标,周景标,编文,绘画：侯春洋,侯春洋,绘画,,,,,,,,,,,,,江苏人民,江苏人民,,南京,1,1983,1版1次,64,6.57万,0.14,10,20,Ref002:228,套书：古典题材,,,文征明/出版社：江苏人民/编文：周景标/绘画：侯春洋/83年1月1版1次64开/印数：6.57万定价：0.14元/市场交流价：/9品：10元/10品：20元,PaddlePaddle
鸡鸣寺的传说,鸡鸣寺的传说,,编文：华士明 绘画：贺成,,,编文：华士明,华士明,编文,绘画：贺成,贺成,绘画,,,,,,,,,,,,,江苏人民,江苏人民,,南京,5,1981,1版1次,64,21万,0.23,10,20,Ref002:228,套书：古典题材,,,鸡鸣寺的传说/出版社：江苏人民/编文：华士明/绘画：贺成/81年5月1版1次64开/印数：21万定价：0.23元/市场交流价：/9品：10元/10品：20元,PaddlePaddle
苏东坡,苏东坡,,改编：赖海晏 绘画：汪宗强,,,改编：赖海晏,赖海晏,改编,绘画：汪宗强,汪宗强,绘画,,,,,,,,,,,,,岭南美术,岭南美术,,广州,9,1982,1版1次,64,20.7万,0.2,20,40,Ref002:228,套书：古典题材,,,苏东坡/出版社：岭南美术/改编：赖海晏/绘画：汪宗强/82年9月1版1次64开/印数：20.7万 定价：0.20元/市场交流价：/9品：20元/10品：40元,PaddlePaddle
李白,李白,,改编：高风 绘画：邹莉,,,改编：高风,高风,改编,绘画：邹莉,邹莉,绘画,,,,,,,,,,,,,岭南美术,岭南美术,,广州,3,1983,1版1次,64,10.85万,0.21,15,30,Ref002:228,套书：古典题材,,,李白/出版社：岭南美术/改编：高风/绘画：邹莉/83年3月1版1次64开/印数：10.85万定价：0.21元/市场交流价：/9品：15元/10品：30元,PaddlePaddle
陆游,陆游,,改编：劳炯基 绘画：潘小庆王孟奇,,,改编：劳炯基,劳炯基,改编,绘画：潘小庆,潘小庆,绘画,绘画：王孟奇,王孟奇,绘画,,,,,,,,,,岭南美术,岭南美术,,广州,3,1982,1版1次,64,,0.17,20,40,Ref002:228,套书：古典题材,,,陆游/出版社：岭南美术/改编：劳炯基/绘画：潘小庆王孟奇/82年3月1版1次64开/印数：未详定价：0.17元/市场交流价：/9品：20元/10品：40元,PaddlePaddle
辛弃疾,辛弃疾,,编文：斯奋 绘画：巫治平,,,编文：斯奋,斯奋,编文,绘画：巫治平,巫治平,绘画,,,,,,,,,,,,,岭南美术,岭南美术,,广州,4,1981,1版1次,60,,0.25,20,40,Ref002:228,套书：古典题材,《古代诗人》岭南版，全套十种。其中《屈原》一册极为少见。该套书有再版，封面涂塑。,,辛弃疾/出版社：岭南美术/编文：斯奋/绘画：巫治平/81年4月1版1次60开/印数：未详 定价：0.25元/市场交流价：/9品：20元/10品：40元,PaddlePaddle
张衡,张衡,,编文：安琪 绘画：郭荣,,,编文：安琪,安琪,编文,绘画：郭荣,郭荣,绘画,,,,,,,,,,,,,江苏人民,江苏人民,,南京,7,1982,1版1次,64,15.08万,0.15,10,25,Ref002:229,套书：古典题材,,,张衡/出版社：江苏人民/编文：安琪/绘画：郭荣/82年7月1版1次64开/印数：15.08万定价：0.15元/市场交流价：/9品：10元/10品：25元,PaddlePaddle
扁鹊,扁鹊,,编文：石祥等 绘画：肖平肖和,,,编文：石祥,石祥,编文,编文：等,等,编文,绘画：肖平,肖平,绘画,绘画：肖和,肖和,绘画,,,,,,,江苏人民,江苏人民,,南京,9,1983,1版1次,64,4.33万,0.19,20,40,Ref002:229,套书：古典题材,,Sic._Author_Core_4,扁鹊/出版社：江苏人民/编文：石祥等/绘画：肖平肖和/83年9月1版1次64开/印数：4.33万定价：0.19元/市场交流价：/9品：20元/10品：40元,PaddlePaddle
李冰,李冰,,编文：李荣标 绘画：徐修余,,,编文：李荣标,李荣标,编文,绘画：徐修余,徐修余,绘画,,,,,,,,,,,,,江苏人民,江苏人民,,南京,8,1980,1版1次,64,5万,0.1,10,20,Ref002:229,套书：古典题材,,,李冰/出版社：江苏人民/编文：李荣标/绘画：徐修余/80年8月1版1次64开/印数：5万定价：0.10元/市场交流价：/9品：10元/10品：20元,PaddlePaddle
鲁班,鲁班,,编文：杨本生 绘画：苏华苏家杰,,,编文：杨本生,杨本生,编文,绘画：苏华,苏华,绘画,绘画：苏家杰,苏家杰,绘画,,,,,,,,,,江苏人民,江苏人民,,南京,10,1979,1版1次,64,8万,0.15,25,50,Ref002:229,套书：古典题材,《科学家》江苏版，全套十三册。除本书刊出外，尚有《李时珍》、《华佗》、《沈括》、《张骞》、《毕升》。其中《毕升》一种极少见。《玄奘》一种封面没有“中国科学家”标识。,,鲁班/出版社：江苏人民/编文：杨本生/绘画：苏华苏家杰/79年10月1版1次64开/印数：8万定价：0.15元/市场交流价：/9品：25元/10品：50元,PaddlePaddle
郑和,郑和,,改编：沈为宁 绘画：黄贤安宣善铭,,,改编：沈为宁,沈为宁,改编,绘画：黄贤安,黄贤安,绘画,绘画：宣善铭,宣善铭,绘画,,,,,,,,,,江苏人民,江苏人民,,南京,9,1979,1版1次,64,8万,0.09,25,50,Ref002:229,套书：古典题材,,,郑和/出版社：江苏人民/改编：沈为宁/绘画：黄贤安宣善铭/79年9月1版1次64开/印数：8万定价：0.09元/市场交流价：/9品：25元/10品：50元,PaddlePaddle
玄奘,玄奘,,编文：汪青辰 绘画：龚东明,,,编文：汪青辰,汪青辰,编文,绘画：龚东明,龚东明,绘画,,,,,,,,,,,,,江苏人民,江苏人民,,南京,11,1983,1版1次,64,5.33万,0.18,20,40,Ref002:229,套书：古典题材,,,玄奘/出版社：江苏人民/编文：汪青辰/绘画：龚东明/83年11月1版1次64开/印数：5.33万定价：0.18元/市场交流价/9品：20元/10品：40元,PaddlePaddle
宋慈,宋慈,,编文：王宏甲 绘画：邹越非邹越清,,,编文：王宏甲,王宏甲,编文,绘画：邹越非,邹越非,绘画,绘画：邹越清,邹越清,绘画,,,,,,,,,,江苏美术,江苏美术,,南京,3,1984,1版1次,64,8.3万,0.23,15,25,Ref002:229,套书：古典题材,,,宋慈/出版社：江苏美术/编文：王宏甲/绘画：邹越非 邹越清/84年3月1版1次64开/印数：8.3万定价：0.23元/市场交流价：/9品：15元/10品：25元,PaddlePaddle
祖冲之,祖冲之,,编文：毛永煌 绘画：宗静草,,,编文：毛永煌,毛永煌,编文,绘画：宗静草,宗静草,绘画,,,,,,,,,,,,,江苏人民,江苏人民,,南京,2,1979,1版1次,64,35万,0.11,5,15,Ref002:229,套书：古典题材,,,祖冲之/出版社：江苏人民/编文：毛永煌/绘画：宗静草/79年2月1版1次64开/印数：35万定价：0.11元/市场交流价：/9品：5元/10品：15元,PaddlePaddle
达尔文,达尔文,,编文：张秉伦等 绘画：董福章,,,编文：张秉伦,张秉伦,编文,编文：等,等,编文,绘画：董福章,董福章,绘画,,,,,,,,,,人民美术,人民美术,,,9,1980,1版1次,60,16万,0.24,15,30,Ref002:230,套书：古典题材,,,达尔文/出版社：人民美术/编文：张秉伦等/绘画：董福章/80年9月1版1次60开/印数：16万定价：0.24元/市场交流价：/9品：15元/10品：30元,PaddlePaddle
贝尔,贝尔,,编文：王秉龙 绘画：袁浩,,,编文：王秉龙,王秉龙,编文,绘画：袁浩,袁浩,绘画,,,,,,,,,,,,,人民美术,人民美术,,,8,1980,1版1次,60,30万,0.12,10,20,Ref002:230,套书：古典题材,,,贝尔/出版社：人民美术/编文：王秉龙/绘画：袁浩/80年8月1版1次60开/印数：30万定价：0.12元/市场交流价：/9品：10元/10品：20元,PaddlePaddle
莱特兄弟,莱特兄弟,,编文：管正美 绘画：李加高宝生,,,编文：管正美,管正美,编文,绘画：李加,李加,绘画,绘画：高宝生,高宝生,绘画,,,,,,,,,,人民美术,人民美术,,,3,1982,1版1次,60,34万,0.14,10,20,Ref002:230,套书：古典题材,,,莱特兄弟/出版社：人民美术/编文：管正美/绘画：李加高宝生/82年3月1版1次60开/印数：34万定价：0.14元/市场交流价：/9品：10元/10品：20元,PaddlePaddle
华佗,华佗,,编文：汪子春 绘画：朱光玉,,,编文：汪子春,汪子春,编文,绘画：朱光玉,朱光玉,绘画,,,,,,,,,,,,,人民美术,人民美术,,,5,1979,1版1次,60,100万,0.12,15,30,Ref002:230,套书：古典题材,,,华佗/出版社：人民美术/编文：汪子春/绘画：朱光玉/79年5月1版1次60开/印数：100万定价：0.12元/市场交流价：/9品：15元/10品：30元,PaddlePaddle
道尔顿,道尔顿,,编文：周嘉华 绘画：李士伋,,,编文：周嘉华,周嘉华,编文,绘画：李士伋,李士伋,绘画,,,,,,,,,,,,,人民美术,人民美术,,,9,1979,1版1次,60,80万,0.15,10,20,Ref002:230,套书：古典题材,,,道尔顿/出版社：人民美术/编文：周嘉华/绘画：李士伋/79年9月1版1次60开/印数：80万定价：0.15元/市场交流价：/9品：10元/10品：20元,PaddlePaddle
黄道婆,黄道婆,,编文：揭培礼 绘画：陈成斗,,,编文：揭培礼,揭培礼,编文,绘画：陈成斗,陈成斗,绘画,,,,,,,,,,,,,人民美术,人民美术,,,7,1981,1版1次,60,25万,0.12,25,50,Ref002:230,套书：古典题材,,,黄道婆/出版社：人民美术/编文：揭培礼/绘画：陈成斗/81年7月1版1次60开/印数：25万定价：0.12元/市场交流价：/9品：25元/10品：50元,PaddlePaddle
李时珍,李时珍,,编文：杨新 绘画：林镛陈文光,,,编文：杨新,杨新,编文,绘画：林镛,林镛,绘画,绘画：陈文光,陈文光,绘画,,,,,,,,,,人民美术,人民美术,,,6,1982,1版2次,60,21万,0.15,20,40,Ref002:230,套书：古典题材,,,李时珍/出版社：人民美术/编文：杨新/绘画：林镛陈文光/82年6月1版2次60开/印数：21万定价：0.15元/市场交流价：/9品：20元/10品：40元,PaddlePaddle
爱因斯坦,爱因斯坦,,编文：方国汀 绘画：刘永凯,,,编文：方国汀,方国汀,编文,绘画：刘永凯,刘永凯,绘画,,,,,,,,,,,,,人民美术,人民美术,,,5,1980,1版2次,60,110万,0.1,5,8,Ref002:230,套书：古典题材,《利学家故事》人美版，共三十种。其中《祖冲之》，《巴甫洛夫》两种极少。部分为再版⽂⾰前作品。,,爱因斯坦/出版社：人民美术/编文：方国汀/绘画：刘永凯/80年5月1版2次60开/印数：110万定价：0.10元/市场交流价：/9品：5元/10品：8元,PaddlePaddle
王冠的秘密,王冠的秘密,,改编：周嘉华 绘画：刘永凯,,,改编：周嘉华,周嘉华,改编,绘画：刘永凯,刘永凯,绘画,,,,,,,,,,,,,人民美术,人民美术,,,3,1979,1版1次,60,100万,0.11,5,10,Ref002:231,套书：古典题材,,,王冠的秘密/出版社：人民美术/改编：周嘉华/绘画：刘永凯/79年3月1版1次60开/印数：100万定价：0.11元/市场交流价：/9品：5元/10品：10元,PaddlePaddle
爱迪生,爱迪生,,编文：白筠 绘画：胡克礼恽南平,,,编文：白筠,白筠,编文,绘画：胡克礼,胡克礼,绘画,绘画：恽南平,恽南平,绘画,,,,,,,,,,人民美术,人民美术,,,9,1980,1版2次,60,150万,0.23,10,20,Ref002:231,套书：古典题材,,,爱迪生/出版社：人民美术/编文：白筠/绘画：胡克礼恽南平/80年9月1版2次60开/印数：150万定价：0.23元/市场交流价：/9品：10元/10品：20元,PaddlePaddle
卢瑟福,卢瑟福,,改编：姜炳炘 绘画：孙贤陵冯怀荣,,,改编：姜炳炘,姜炳炘,改编,绘画：孙贤陵,孙贤陵,绘画,绘画：冯怀荣,冯怀荣,绘画,,,,,,,,,,人民美术,人民美术,,,12,1979,1版1次,60,70万,0.11,15,25,Ref002:231,套书：古典题材,,,卢瑟福/出版社：人民美术/改编：姜炳/绘画：孙贤陵 冯怀荣/79年12月1版1次60开/印数：70万定价：0.11元/市场交流价：/9品：15元/10品：25元,PaddlePaddle
诺贝尔,诺贝尔,,编文：邢润川等 绘画：袁浩方斐娜,,,编文：邢润川,邢润川,编文,编文：等,等,编文,绘画：袁浩,袁浩,绘画,绘画：方斐娜,方斐娜,绘画,,,,,,,人民美术,人民美术,,,5,1981,1版1次,60,24万,0.19,20,50,Ref002:231,套书：古典题材,,,诺贝尔/出版社：人民美术/编文：邢润川等/绘画：袁浩方斐娜/81年5月1版1次60开/印数：24万定价：0.19元/市场交流价：/9品：20元/10品：50元,PaddlePaddle
萧莱马,萧莱马,,编文：潘吉星 绘画：袁浩,,,编文：潘吉星,潘吉星,编文,绘画：袁浩,袁浩,绘画,,,,,,,,,,,,,人民美术,人民美术,,,7,1979,1版1次,60,80万,0.14,10,20,Ref002:231,套书：古典题材,,,萧莱马/出版社：人民美术/编文：潘吉星/绘画：袁浩/79年7月1版1次60开/印数：80万定价：0.14元/市场交流价：/9品：10元/10品：20元,PaddlePaddle
沈括,沈括,,编文：钱加婺 绘画：钱贵荪,,,编文：钱加婺,钱加婺,编文,绘画：钱贵荪,钱贵荪,绘画,,,,,,,,,,,,,人民美术,人民美术,,,2,1982,1版1次,60,16万,0.12,15,30,Ref002:231,套书：古典题材,,,沈括/出版社：人民美术/编文：钱加婺/绘画：钱贵荪/82年2月1版1次60开/印数：16万定价：0.12元/市场交流价：/9品：15元/10品：30元,PaddlePaddle
喻皓,喻皓,,编文：钱加婺 绘画：来汶阳付伯星,,,编文：钱加婺,钱加婺,编文,绘画：来汶阳,来汶阳,绘画,绘画：付伯星,付伯星,绘画,,,,,,,,,,人民美术,人民美术,,,3,1981,1版1次,60,16.5万,0.11,30,60,Ref002:231,套书：古典题材,,,喻皓/出版社：人民美术/编文：钱加婺/绘画：来汶阳 付伯星/81年3月1版1次60开/印数：16.5万定价：0.11元/市场交流价：/9品：30元/10品：60元,PaddlePaddle
勒维烈和亚当斯,勒维烈和亚当斯,,编文：刘金沂 绘画：马程,,,编文：刘金沂,刘金沂,编文,绘画：马程,马程,绘画,,,,,,,,,,,,,人民美术,人民美术,,,6,1979,1版1次,60,90万,0.11,8,15,Ref002:231,套书：古典题材,,,勒维烈和亚当斯/出版社：人民美术/编文：刘金沂/绘画：马程/79年6月1版1次60开/印数：90万定价：0.11元/市场交流价：/9品：8元/10品：15元,PaddlePaddle
铜半球的秘密,铜半球的秘密,,编文：周嘉华 绘画：郭怀仁,,,编文：周嘉华,周嘉华,编文,绘画：郭怀仁,郭怀仁,绘画,,,,,,,,,,,,,人民美术,人民美术,,,1,1984,1版1次,60,11.3万,0.12,60,100,Ref002:232,套书：古典题材,,,铜半球的秘密/出版社：人民美术/编文：周嘉华/绘画：郭怀仁/84年1月1版1次60开/印数：11.3万定价：0.12元/市场交流价：/9品：60元/10品：100元,PaddlePaddle
斯蒂芬逊,斯蒂芬逊,,编文：王秉龙 绘画：王秉龙,,,编文：王秉龙,王秉龙,编文,绘画：王秉龙,王秉龙,绘画,,,,,,,,,,,,,人民美术,人民美术,,,11,1982,1版1次,60,10万,0.17,30,60,Ref002:232,套书：古典题材,,,斯蒂芬逊/出版社：人民美术/编文：王秉龙/绘画：王秉龙/82年11月1版1次60开/印数：10万定价：0.17元/市场交流价：/9品：30元/10品：60元,PaddlePaddle
伽俐略,伽俐略,,改编：亦名 绘画：胡克礼恽南平,,,改编：亦名,亦名,改编,绘画：胡克礼,胡克礼,绘画,绘画：恽南平,恽南平,绘画,,,,,,,,,,人民美术,人民美术,,,6,1978,2版2次,60,102万,0.11,10,20,Ref002:232,套书：古典题材,,,伽俐略/出版社：人民美术/改编：亦名/绘画：胡克礼恽南平/78年6月2版2次60开/印数：102万定价：0.11元/市场交流价：/9品：10元/10品：20元,PaddlePaddle
巴甫洛夫,巴甫洛夫,,编文：余民 绘画：聂崇瑞,,,编文：余民,余民,编文,绘画：聂崇瑞,聂崇瑞,绘画,,,,,,,,,,,,,人民美术,人民美术,,,7,1984,1版1次,60,4万,0.21,100,200,Ref002:232,套书：古典题材,,,巴甫洛夫/出版社：人民美术/编文：余民/绘画：聂崇瑞/84年7月1版1次60开/印数：4万定价：0.21元/市场交流价：/9品：100元/10品：200元,PaddlePaddle
牛顿,牛顿,,编文：史青 绘画：胡克礼恽南平,,,编文：史青,史青,编文,绘画：胡克礼,胡克礼,绘画,绘画：恽南平,恽南平,绘画,,,,,,,,,,人民美术,人民美术,,,8,1980,1版1次,60,30万,0.14,25,50,Ref002:232,套书：古典题材,,,牛顿/出版社：人民美术/编文：史青/绘画：胡克礼恽南平/80年8月1版1次60开/印数：30万定价：0.14元/市场交流价：/9品：25元/10品：50元,PaddlePaddle
居里夫人,居里夫人,,改编：夏阳 绘画：潘晋华叶大荣,,,改编：夏阳,夏阳,改编,绘画：潘晋华,潘晋华,绘画,绘画：叶大荣,叶大荣,绘画,,,,,,,,,,人民美术,人民美术,,,4,1978,2版2次,60,108万,0.19,10,20,Ref002:232,套书：古典题材,,,居里夫人/出版社：人民美术/改编：夏阳/绘画：潘晋华叶大荣/78年4月2版2次60开/印数：108万定价：0.19元/市场交流价：/9品：10元/10品：20元,PaddlePaddle
罗蒙诺索夫,罗蒙诺索夫,,改编：李光羽 绘画：胡克礼,,,改编：李光羽,李光羽,改编,绘画：胡克礼,胡克礼,绘画,,,,,,,,,,,,,人民美术,人民美术,,,12,1983,1版1次,60,30万,0.18,30,60,Ref002:232,套书：古典题材,,,罗蒙诺索夫/出版社：人民美术/改编：李光羽/绘画：胡克礼/83年12月1版1次60开/印数：30万定价：0.18元/市场交流价：/9品：30元/10品：60元,PaddlePaddle
真纳和牛痘,真纳和牛痘,,改编：马表 绘画：阿裘,,,改编：马表,马表,改编,绘画：阿裘,阿裘,绘画,,,,,,,,,,,,,人民美术,人民美术,,,6,1979,1版1次,60,95万,0.09,3,8,Ref002:232,套书：古典题材,,,真纳和牛痘/出版社：人民美术/改编：马表/绘画：阿裘/79年6月1版1次60开/印数：95万定价：0.09元/市场交流价：/9品：3元/10品：8元,PaddlePaddle
X光与伦琴,X光与伦琴,,编文：范若由 绘画：聂崇瑞,,,编文：范若由,范若由,编文,绘画：聂崇瑞,聂崇瑞,绘画,,,,,,,,,,,,,人民美术,人民美术,,,2,1983,1版1次,60,7.1万,0.13,80,160,Ref002:233,套书：古典题材,,,X光与伦琴/出版社：人民美术/编文：范若由/绘画：聂崇瑞/83年2月1版1次60开/印数：7.1万定价：0.13元/市场交流价：/9品：80元/10品：160元,PaddlePaddle
祖冲之,祖冲之,,编文：叶苏 绘画：阴衍江,,,编文：叶苏,叶苏,编文,绘画：阴衍江,阴衍江,绘画,,,,,,,,,,,,,人民美术,人民美术,,,2,1985,1版1次,60,5万,0.38,100,200,Ref002:233,套书：古典题材,,,祖冲之/出版社：人民美术/编文：叶苏/绘画：阴衍江/85年2月1版1次60开/印数：5万定价：0.38元/市场交流价：/9品：100元/10品：200元,PaddlePaddle
张骞,张骞,,编文：陈绍棣 绘画：王弘力,,,编文：陈绍棣,陈绍棣,编文,绘画：王弘力,王弘力,绘画,,,,,,,,,,,,,人民美术,人民美术,,,3,1980,1版1次,60,66万,0.18,40,100,Ref002:233,套书：古典题材,,,张骞/出版社：人民美术/编文：陈绍棣/绘画：王弘力/80年3月1版1次60开/印数：66万定价：0.18元/市场交流价：/9品：40元/10品：100元,PaddlePaddle
毕升,毕升,,改编：高远 绘画：谢振瓯,,,改编：高远,高远,改编,绘画：谢振瓯,谢振瓯,绘画,,,,,,,,,,,,,人民美术,人民美术,,,10,1981,1版1次,60,20.6万,0.14,40,80,Ref002:233,套书：古典题材,,,毕升/出版社：人民美术/改编：高远/绘画：谢振瓯/81年10月1版1次60开/印数：20.6万 定价：0.14元/市场交流价：/9品：40元/10品：80元,PaddlePaddle
巴斯德,巴斯德,,编文：张润春 绘画：蒲以庄,,,编文：张润春,张润春,编文,绘画：蒲以庄,蒲以庄,绘画,,,,,,,,,,,,,人民美术,人民美术,,,12,1983,1版1次,60,7万,0.21,30,60,Ref002:233,套书：古典题材,,,巴斯德/出版社：人民美术/编文：张润春/绘画：蒲以庄/83年12月1版1次60开/印数：7万定价：0.21元/市场交流价：/9品：30元/10品：60元,PaddlePaddle
哥白尼,哥白尼,,编文：揭培礼 绘画：胡祖清,,,编文：揭培礼,揭培礼,编文,绘画：胡祖清,胡祖清,绘画,,,,,,,,,,,,,人民美术,人民美术,,,3,1982,1版1次,60,15万,0.18,40,80,Ref002:233,套书：古典题材,,,哥白尼/出版社：人民美术/编文：揭培礼/绘画：胡祖清/82年3月1版1次60开/印数：15万定价：0.18元/市场交流价：/9品：40元/10品：80元,PaddlePaddle
巴士德,巴士德,,编文：贾克刚 绘画：赵正阳,,,编文：贾克刚,贾克刚,编文,绘画：赵正阳,赵正阳,绘画,,,,,,,,,,,,,天津人民美术,天津人民美术,,天津,3,1981,1版1次,60,4.4万,0.12,20,40,Ref002:233,套书：古典题材,,,巴士德/出版社：天津人民美术/编文：贾克刚/绘画：赵正阳/81年3月1版1次60开/印数：4.4万定价：0.12元/市场交流价：/9品：20元/10品：40元,PaddlePaddle
伽里略,伽里略,,编文：惠伊深 绘画：杨建友赵奇,,,编文：惠伊深,惠伊深,编文,绘画：杨建友,杨建友,绘画,绘画：赵奇,赵奇,绘画,,,,,,,,,,天津人民美术,天津人民美术,,天津,3,1980,1版1次,64,5万,0.15,10,20,Ref002:233,套书：古典题材,《科学家》天津版，仅见两种。,,伽里略/出版社：天津人民美术/编文：惠伊深/绘画：杨建友赵奇/80年3月1版1次64开/印数：5万定价：0.15元/市场交流价：/9品：10元/10品：20元,PaddlePaddle
徐茂公退敌,徐茂公退敌,,改编：潘笠翁 绘画：王井,,,改编：潘笠翁,潘笠翁,改编,绘画：王井,王井,绘画,,,,,,,,,,,,,福建人民,福建人民,,福州,3,1982,1版1次,64,80.33万,0.17,5,10,Ref002:234,套书：古典题材,,,徐茂公退敌/出版社：福建人民/改编：潘笠翁/绘画：王 井/82年3月1版1次64开/印数：80.33万定价：0.17元/市场交流价：/9品：5元/10品：10元,PaddlePaddle
罗成擒五王,罗成擒五王,,改编：冉一 绘画：施友义,,,改编：冉一,冉一,改编,绘画：施友义,施友义,绘画,,,,,,,,,,,,,福建人民,福建人民,,福州,7,1982,1版1次,64,31.1万,0.17,15,30,Ref002:234,套书：古典题材,,,罗成擒五王/出版社：福建人民/改编：冉一/绘画：施友义/82年7月1版1次64开/印数：31.1万定价：0.17元/市场交流价：/9品：15元/10品：30元,PaddlePaddle
秦王入狱,秦王入狱,,改编：犁丁 绘画：王重英王重圭,,,改编：犁丁,犁丁,改编,绘画：王重英,王重英,绘画,绘画：王重圭,王重圭,绘画,,,,,,,,,,福建人民,福建人民,,福州,8,1982,1版1次,64,30.05万,0.2,10,20,Ref002:234,套书：古典题材,,,秦王入狱/出版社：福建人民/改编：犁丁/绘画：王重英、王重圭/82年8月1版1次64开/印数：30.05万定价：0.20元/市场交流价：/9品：10元/10品：20元,PaddlePaddle
李世民登基,李世民登基,,改编：沈河娟 绘画：王井,,,改编：沈河娟,沈河娟,改编,绘画：王井,王井,绘画,,,,,,,,,,,,,福建人民,福建人民,,福州,5,1983,1版1次,64,32.9万,0.21,15,30,Ref002:234,套书：古典题材,《说唐》福建版全套十册，第八、九、十分册较少。全套市场交流价：9品100元，10品200元。,,李世民登基/出版社：福建人民/改编：沈河娟/绘画：王井/83年5月1版1次64开/印数：32.9万定价：0.21元/市场交流价：/9品：15元/10品：30元,PaddlePaddle
阿里山的传说,阿里山的传说,,编文：杨荔 绘画：杨思陶,,,编文：杨荔,杨荔,编文,绘画：杨思陶,杨思陶,绘画,,,,,,,,,,,,,末来,末来,,,12,1983,1版1次,64,8万,0.1,,,Ref002:234,套书：古典题材,,,阿里山的传说/出版社：末来/编文：杨荔/绘画：杨思陶/83年12月1版1次64开/印数：8万定价：0.10元,PaddlePaddle
浊水溪,浊水溪,,编文：杨荔 绘画：吴永良,,,编文：杨荔,杨荔,编文,绘画：吴永良,吴永良,绘画,,,,,,,,,,,,,未来,未来,,西安,5,1985,1版1次,64,12.77万,0.17,,,Ref002:234,套书：古典题材,,,浊水溪/出版社：未来/编文：杨荔/绘画：吴永良/85年5月1版1次64开/印数：12.77万定价：0.17元,PaddlePaddle
姐妹山,姐妹山,,编文：杨荔 绘画：李以泰,,,编文：杨荔,杨荔,编文,绘画：李以泰,李以泰,绘画,,,,,,,,,,,,,未来,未来,,西安,5,1985,1版1次,64,12.18万,0.14,,,Ref002:234,套书：古典题材,,,姐妹山/出版社：未来/编文：杨荔/绘画：李以泰/85年5月1版1次64开/印数：12.18万定价：0.14元,PaddlePaddle
秀姑山和彭佳屿,秀姑山和彭佳屿,,编文：杨荔 绘画：邬继德,,,编文：杨荔,杨荔,编文,绘画：邬继德,邬继德,绘画,,,,,,,,,,,,,未来,未来,,西安,5,1985,1版1次,64,13.69万,0.17,,,Ref002:234,套书：古典题材,《台湾民间传说》全套十种，市场交流价：9品100元，10品180元。,,秀姑山和彭佳屿/出版社：未来/编文：杨荔/绘画：邬继德/85年5月1版1次64开/印数：13.69万定价：0.17元,PaddlePaddle
呼延赞落草,呼延赞落草,,改编：张珍芬 绘画：高吟春常人,,,改编：张珍芬,张珍芬,改编,绘画：高吟春,高吟春,绘画,绘画：常人,常人,绘画,,,,,,,,,,福建人民,福建人民,,福州,1,1982,1版1次,64,53.87万,0.18,8,15,Ref002:235,套书：古典题材,,,呼延赞落草/出版社：福建人民/改编：张珍芬/绘画：高吟春常人/82年1月1版1次64开/印数：53.87万定价：0.18元/市场交流价：/9品：8元/10品：15元,PaddlePaddle
潘仁美妒贤,潘仁美妒贤,,改编：王东声 绘画：王重圭常人,,,改编：王东声,王东声,改编,绘画：王重圭,王重圭,绘画,绘画：常人,常人,绘画,,,,,,,,,,福建人民,福建人民,,福州,5,1982,1版1次,64,52.92万,0.14,10,25,Ref002:235,套书：古典题材,,,潘仁美妒贤/出版社：福建人民/改编：王东声/绘画：王重圭常人/82年5月1版1次64开/印数：52.92万定价：0.14元/市场交流价：/9品：10元/10品：25元,PaddlePaddle
宋师北征,宋师北征,,改编：魏德光 绘画：刘斌昆卢汶,,,改编：魏德光,魏德光,改编,绘画：刘斌昆,刘斌昆,绘画,绘画：卢汶,卢汶,绘画,,,,,,,,,,福建人民,福建人民,,福州,7,1983,1版1次,60,22.65万,0.15,8,15,Ref002:235,套书：古典题材,,,宋师北征/出版社：福建人民/改编：魏德光/绘画：刘斌昆卢 汶/83年7月1版1次60开/印数：22.65万定价：0.15元/市场交流价：/9品：8元/10品：15元,PaddlePaddle
杨令公归宋,杨令公归宋,,改编：碧江 绘画：庞先健张峻松,,,改编：碧江,碧江,改编,绘画：庞先健,庞先健,绘画,绘画：张峻松,张峻松,绘画,,,,,,,,,,福建人民,福建人民,,福州,9,1982,1版1次,64,49.92万,0.13,5,10,Ref002:235,套书：古典题材,《杨家将演义》福建版，全套二十二册。,,杨令公归宋/出版社：福建人民/改编：碧江/绘画：庞先健张峻松/82年9月1版1次64开/印数：49.92万定价：0.13元/市场交流价：/9品：5元/10品：10元,PaddlePaddle
大战瓦桥关,大战瓦桥关,,改编：冉一 绘画：马方洛,,,改编：冉一,冉一,改编,绘画：马方洛,马方洛,绘画,,,,,,,,,,,,,福建人民,福建人民,,福州,1,1982,1版1次,64,50.42万,0.14,8,15,Ref002:235,套书：古典题材,,,大战瓦桥关/出版社：福建人民/改编：冉一/绘画：马方洛/82年1月1版1次64开/印数：50.42万定价：0.14元/市场交流价：/9品：8元/10品：15元,PaddlePaddle
杨五郎出家,杨五郎出家,,编文：林薇 绘画：崔君沛,,,编文：林薇,林薇,编文,绘画：崔君沛,崔君沛,绘画,,,,,,,,,,,,,福建人民,福建人民,,福州,6,1982,1版1次,64,52.4万,0.15,5,10,Ref002:235,套书：古典题材,,,杨五郎出家/出版社：福建人民/编文：林薇/绘画：崔君沛/82年6月1版1次64开/印数：52.4万定价：0.15元/市场交流价：/9品：5元/10品：10元,PaddlePaddle
杨业尽节,杨业尽节,,改编：林薇 绘画：王振华,,,改编：林薇,林薇,改编,绘画：王振华,王振华,绘画,,,,,,,,,,,,,福建人民,福建人民,,福州,3,1983,1版1次,64,20.65万,0.14,10,20,Ref002:235,套书：古典题材,,,杨业尽节/出版社：福建人民/改编：林薇/绘画：王振华/83年3月1版1次64开/印数：20.65万：定价0.14元/市场交流价：/9品：10元/10品：20元,PaddlePaddle
六郎告御状,六郎告御状,,改编：斯颂 绘画：高吟春高吟冬等,,,改编：斯颂,斯颂,改编,绘画：高吟春,高吟春,绘画,绘画：高吟冬,高吟冬,绘画,绘画：等,等,绘画,,,,,,,福建人民,福建人民,,福州,7,1983,1版1次,64,21.25万,0.2,5,10,Ref002:235,套书：古典题材,,,六郎告御状/出版社：福建人民/改编：斯颂/绘画：高吟春 高吟冬等/83年7月1版1次64开/印数：21.25万定价：0.20元/市场交流价：/9品：5元/10品：10元,PaddlePaddle
三擒孟良,三擒孟良,,改编：文卒等 绘画：张仁康李群力,,,改编：文卒,文卒,改编,改编：等,等,改编,绘画：张仁康,张仁康,绘画,绘画：李群力,李群力,绘画,,,,,,,福建人民,福建人民,,福州,9,1982,1版1次,64,19.35万,0.16,15,25,Ref002:236,套书：古典题材,,,三擒孟良/出版社：福建人民/改编：文卒等/绘画：张仁康李群力/82年9月1版1次64开/印数：19.35万定价：0.16元/市场交流价：/9品：15元/10品：25元,PaddlePaddle
红羊洞盗骨,红羊洞盗骨,,改编：卞南 绘画：何进,,,改编：卞南,卞南,改编,绘画：何进,何进,绘画,,,,,,,,,,,,,福建人民,福建人民,,福州,3,1983,1版1次,64,34.05万,0.12,5,10,Ref002:236,套书：古典题材,,,红羊洞盗骨/出版社：福建人民/改编：卞南/绘画：何进/83年3月1版1次64开/印数：34.05万定价：0.12元/市场交流价：/9品：5元/10品：10元,PaddlePaddle
焦赞锄奸,焦赞锄奸,,改编：陈雄 绘画：常人高吟春,,,改编：陈雄,陈雄,改编,绘画：常人,常人,绘画,绘画：高吟春,高吟春,绘画,,,,,,,,,,福建人民,福建人民,,福州,8,1982,1版1次,64,19.15万,0.19,10,20,Ref002:236,套书：古典题材,,,焦赞锄奸/出版社：福建人民/改编：陈雄/绘画：常人高吟春/82年8月1版1次64开/印数：19.15万定价：0.19元/市场交流价：/9品：10元/10品：20元,PaddlePaddle
杨延昭救驾,杨延昭救驾,,改编：沈河 绘画：高适高吟春,,,改编：沈河,沈河,改编,绘画：高适,高适,绘画,绘画：高吟春,高吟春,绘画,,,,,,,,,,福建人民,福建人民,,福州,12,1983,1版1次,64,28.75万,0.19,5,15,Ref002:236,套书：古典题材,,,杨延昭救驾/出版社：福建人民/改编：沈河/绘画：高适高吟春/83年12月1版1次64开/印数：28.75万定价：0.19元/市场交流价：/9品：5元/10品：15元,PaddlePaddle
吕洞宾布阵,吕洞宾布阵,,改编：江雄 绘画：高适,,,改编：江雄,江雄,改编,绘画：高适,高适,绘画,,,,,,,,,,,,,福建人民,福建人民,,福州,12,1983,1版1次,64,30.35万,0.15,5,10,Ref002:236,套书：古典题材,,,吕洞宾布阵/出版社：福建人民/改编：江雄/绘画：高适/83年12月1版1次64开/印数：30.35万定价：0.15元/市场交流价：/9品：5元/10品：10元,PaddlePaddle
宗保破神机,宗保破神机,,编文：江雄 绘画：高适,,,编文：江雄,江雄,编文,绘画：高适,高适,绘画,,,,,,,,,,,,,福建人民,福建人民,,福州,12,1983,1版1次,64,29.65万,0.17,8,15,Ref002:236,套书：古典题材,,,宗保破神机/出版社：福建人民/编文：江雄/绘画：高适/83年12月1版1次64开/印数：29.65万定价：0.17元/市场交流价：/9品：8元/10品：15元,PaddlePaddle
穆桂英招亲,穆桂英招亲,,改编：汪浪 绘画：陈光镒,,,改编：汪浪,汪浪,改编,绘画：陈光镒,陈光镒,绘画,,,,,,,,,,,,,福建人民,福建人民,,福州,12,1983,1版1次,64,28.35万,0.18,25,50,Ref002:236,套书：古典题材,,,穆桂英招亲/出版社：福建人民/改编：汪浪/绘画：陈光镒/83年12月1版1次64开/印数：28.35万定价：0.18元/市场交流价：/9品：25元/10品：50元,PaddlePaddle
大破天门阵,大破天门阵,,改编：陈文雄 绘画：陈光镒陈菊绘,,,改编：陈文雄,陈文雄,改编,绘画：陈光镒,陈光镒,绘画,绘画：陈菊绘,陈菊绘,绘画,,,,,,,,,,福建人民,福建人民,,福州,10,1984,1版1次,64,20.75万,0.25,20,40,Ref002:236,套书：古典题材,,,大破天门阵/出版社：福建人民/改编：陈文雄/绘画：陈光镒陈菊绘/84年10月1版1次64开/印数：20.75万定价：0.25元/市场交流价：/9品：20元/10品：40元,PaddlePaddle
鏖战九龙谷,鏖战九龙谷,,改编：汪春良 绘画：盛贤亮郑波,,,改编：汪春良,汪春良,改编,绘画：盛贤亮,盛贤亮,绘画,绘画：郑波,郑波,绘画,,,,,,,,,,福建人民,福建人民,,福州,11,1984,1版1次,64,22.07万,0.24,10,20,Ref002:237,套书：古典题材,,,战九龙谷/出版社：福建人民/改编：汪春良/绘画：盛贤亮郑波/84年11月1版1次64开/印数：22.07万定价：0.24元/市场交流价：/9品：10元/10品：20元,PaddlePaddle
大闹幽州城,大闹幽州城,,改编：江诗雄 绘画：林光錩,,,改编：江诗雄,江诗雄,改编,绘画：林光錩,林光錩,绘画,,,,,,,,,,,,,福建人民,福建人民,,福州,11,1984,1版1次,64,22.05万,0.18,10,20,Ref002:237,套书：古典题材,,,大闹幽州城/出版社：福建人民/改编：江诗雄/绘画：林光/84年11月1版1次64开/印数：22.05万 定价：0.18元/市场交流价：/9品：10元/10品：20元,PaddlePaddle
三英雄归天,三英雄归天,,改编：卞墨 绘画：庞先健何进,,,改编：卞墨,卞墨,改编,绘画：庞先健,庞先健,绘画,绘画：何进,何进,绘画,,,,,,,,,,福建人民,福建人民,,福州,12,1984,1版1次,64,22.37万,0.15,10,20,Ref002:237,套书：古典题材,,,三英雄归天/出版社：福建人民/改编：卞墨/绘画：庞先健何进/84年12月1版1次64开/印数：22.37万 定价：0.15元/市场交流价：/9品：10元/10品：20元,PaddlePaddle
杨宗保征西,杨宗保征西,,编文：汪春良 绘画：黄大华陈宁,,,编文：汪春良,汪春良,编文,绘画：黄大华,黄大华,绘画,绘画：陈宁,陈宁,绘画,,,,,,,,,,福建人民,福建人民,,福州,1,1985,1版1次,64,22.47[sic.],0.2,10,20,Ref002:237,套书：古典题材,,Print_run_sic. ,杨宗保征西/出版社：福建人民/编文：汪春良/绘画：黄大华陈宁/85年1月1版1次64开/印数：22.47定价：0.20元/市场交流价：/9品：10元/10品：20元,PaddlePaddle
十二寡妇凯归,十二寡妇凯归,,改编：江雄 绘画：高适,,,改编：江雄,江雄,改编,绘画：高适,高适,绘画,,,,,,,,,,,,,福建人民,福建人民,,福州,2,1985,1版1次,64,22.48万,0.19,10,20,Ref002:237,套书：古典题材,,,十二寡妇凯归/出版社：福建人民/改编：江雄/绘画：高适/85年2月1版1次64开/印数：22.48万定价：0.19元/市场交流价：/9品：10元/10品：20元,PaddlePaddle
杨禅师下山,杨禅师下山,,改编：卞南 绘画：王重圭高适,,,改编：卞南,卞南,改编,绘画：王重圭,王重圭,绘画,绘画：高适,高适,绘画,,,,,,,,,,福建人民,福建人民,,福州,5,1983,1版1次,64,34.5万,0.14,5,15,Ref002:237,套书：古典题材,,,杨禅师下山/出版社：福建人民/改编：卞南/绘画：王重圭高适/83年5月1版1次64开/印数：34.5万定价：0.14元/市场交流价：/9品：5元/10品：15元,PaddlePaddle
智审潘仁美,智审潘仁美,,改编：赵建明 绘画：张令涛胡若佛,,,改编：赵建明,赵建明,改编,绘画：张令涛,张令涛,绘画,绘画：胡若佛,胡若佛,绘画,,,,,,,,,,人民美术,人民美术,,,3,1981,1版1次,64,200万,0.21,,,Ref002:237,套书：古典题材,,,智审潘仁美/出版社：人民美术/改编：赵建明/绘画：张令涛胡若佛/81年3月1版1次64开/印数：200万定价：0.21元,PaddlePaddle
双龙会,双龙会,,改编：赵建明 绘画：张令涛胡若佛,,,改编：赵建明,赵建明,改编,绘画：张令涛,张令涛,绘画,绘画：胡若佛,胡若佛,绘画,,,,,,,,,,人民美术,人民美术,,,4,1981,2版6次,64,256.3万,0.16,60（全套五册）,100,Ref002:237,套书：古典题材,,,双龙会/出版社：人民美术/改编：赵建明/绘画：张令涛 胡若佛/81年4月2版6次64开/印数：256.3万定价：0.16元/市场交流价：/9品：60元（全套五册）/10品：100元,PaddlePaddle
杨七郎打擂,杨七郎打擂,,改编：曹治淮 绘画：刘汉宗等,,,改编：曹治淮,曹治淮,改编,绘画：刘汉宗,刘汉宗,绘画,绘画：等,等,绘画,,,,,,,,,,河北美术,河北美术,,石家庄,5,1983,1版2次,64,105.8万,0.15,60（全二十一册）,90,Ref002:238,套书：古典题材,,,杨七郎打擂/出版社：河北美术/改编：曹治淮/绘画：刘汉宗等/83年5月1版2次64开/印数：105.8万定价：0.15元/市场交流价：/9品：60元（全二十一册）/10品：90元,PaddlePaddle
金刀杨令公,金刀杨令公,,编文：孙长江等 绘画：李维定,,,编文：孙长江,孙长江,编文,编文：等,等,编文,绘画：李维定,李维定,绘画,,,,,,,,,,中州书画社,中州书画社,,郑州,4,1982,1版1次,64,43.3万,0.2,40（全套十册）,60,Ref002:238,套书：古典题材,,,金刀杨令公/出版社：中州书画社/编文：孙长江等/绘画：李维定/82年4月1版1次64开/印数：43.3万定价：0.20元/市场交流价：/9品：40元（全套十册）/10品：60元,PaddlePaddle
杨业归宋,杨业归宋,,改编：江南春 绘画：陈成斗陈志谦等,,,改编：江南春,江南春,改编,绘画：陈成斗,陈成斗,绘画,绘画：陈志谦,陈志谦,绘画,绘画：等,等,绘画,,,,,,,甘肃人民,甘肃人民,,兰州,7,1983,1版1次,64,5.506万,0.17,60（全套六册）,100,Ref002:238,套书：古典题材,,,杨业归宋/出版社：甘肃人民/改编：江南春/绘画：陈成斗陈志谦 等/83年7月1版1次64开/印数：5.506万定价：0.17元/市场交流价：/9品：60元（全套六册）/10品：100元,PaddlePaddle
大破天门阵,大破天门阵,,改编：喻岳衡 绘画：廖正华,,,改编：喻岳衡,喻岳衡,改编,绘画：廖正华,廖正华,绘画,,,,,,,,,,,,,湖南美术,湖南美术,,长沙,4,1982,1版1次,64,190万,0.13,25（全套八册）,40,Ref002:238,套书：古典题材,《元史》天津版，计划出版九种，实际出书六种，其中《忽必烈》一种较少。《宋史》天津版：全套二十种。《王安石变法》《靖康之乱》两种极少见，为该套书之筋。,,大破天门阵/出版社：湖南美术/改编：喻岳衡/绘画：廖正华/82年4月1版1次64开/印数：190万定价：0.13元/市场交流价：/9品：25元（全套八册）/10品：40元,PaddlePaddle
史可法扬州保卫战,史可法扬州保卫战,,编文：叶建森 绘画：蔡宏坡,,,编文：叶建森,叶建森,编文,绘画：蔡宏坡,蔡宏坡,绘画,,,,,,,,,,,,,长江文艺,长江文艺,,武汉,1,1983,1版1次,64,16.86万,0.16,,,Ref002:238,套书：古典题材,,,史可法扬州保卫战/出版社：长江文艺/编文：叶建森/绘画：蔡宏坡/83年1月1版1次64开/印数：16.86万定价：0.16元,PaddlePaddle
楚汉成皋之战,楚汉成皋之战,,编文：黄建中 绘画：苏维贤,,,编文：黄建中,黄建中,编文,绘画：苏维贤,苏维贤,绘画,,,,,,,,,,,,,长江文艺,长江文艺,,武汉,10,1982,1版1次,64,36万,0.2,,,Ref002:238,套书：古典题材,,,楚汉成皋之战/出版社：长江文艺/编文：黄建中/绘画：苏维贤/82年10月1版1次64开/印数：36万定价：0.20元,PaddlePaddle
元史 忽必烈,元史 忽必烈,,编文：李桂芬 绘画：盛元富,,,编文：李桂芬,李桂芬,编文,绘画：盛元富,盛元富,绘画,,,,,,,,,,,,,天津人民美术,天津人民美术,,天津,8,1984,1版1次,64,23.4万,0.2,20,40,Ref002:238,套书：古典题材,,,元史 忽必烈/出版社：天津人民美术/编文：李桂芬/绘画：盛元富/84年8月1版1次64开/印数：23.4万定价：0.20元/市场交流价：/9品：20元/10品：40元,PaddlePaddle
宋史 正气歌,宋史 正气歌,,编文：陈骧龙王冬 绘画：孟庆江,,,编文：陈骧龙,陈骧龙,编文,编文：王冬,王冬,编文,绘画：孟庆江,孟庆江,绘画,,,,,,,,,,天津人民美术,天津人民美术,,天津,3,1985,1版1次,64,5.76万,0.32,40,60,Ref002:238,套书：古典题材,《中国历代战争故事》长江⽂艺版，分三辑三⼗种。市场交流价：第⼀辑：9品150元、10品300元，第⼆辑：9品100元、10品200元，第三辑：9品60元，10品120元。《元史》第五、⼋、九分册极少见。全套市场交流价：9品350元、10品600元。《宋史》全套20册，第⼗、⼗四分册最少见。全套市场交流价：9品600元、10品1000元。,,宋史 正气歌/出版社：天津人民美术/编文：陈骧龙王冬/绘画：孟庆江/85年3月1版1次64开/印数：5.76万定价：0.32元/市场交流价：/9品：40元/10品：60元,PaddlePaddle
颜真卿与元结,颜真卿与元结,,编文：乔书明 绘画：豁志,,,编文：乔书明,乔书明,编文,绘画：豁志,豁志,绘画,,,,,,,,,,,,,河南美术,河南美术,,郑州,3,1985,1版1次,64,8.55万,0.25,8,15,Ref002:239,套书：古典题材,,,颜真卿与元结/出版社：河南美术/编文：乔书明/绘画：豁志/85年3月1版1次64开/印数：8.55万定价：0.25元/市场交流价：/9品：8元/10品：15元,PaddlePaddle
杜康醉刘伶,杜康醉刘伶,,编文：马铁军等 绘画：熊孔成,,,编文：马铁军,马铁军,编文,编文：等,等,编文,绘画：熊孔成,熊孔成,绘画,,,,,,,,,,中州书画社,中州书画社,,郑州,6,1983,1版1次,64,13.6万,0.1,10,20,Ref002:239,套书：古典题材,,,杜康醉刘伶/出版社：中州书画社/编文：马铁军等/绘画：熊孔成/83年6月1版1次64开/印数：13.6万定价：0.10元/市场交流价：/9品：10元/10品：20元,PaddlePaddle
春秋楼的故事,春秋楼的故事,,编文：刘耀中 绘画：苏西映,,,编文：刘耀中,刘耀中,编文,绘画：苏西映,苏西映,绘画,,,,,,,,,,,,,中州书画社,中州书画社,,郑州,8,1982,1版1次,64,6.05万,0.13,15,30,Ref002:239,套书：古典题材,,,春秋楼的故事/出版社：中州书画社/编文：刘耀中/绘画：苏西映/82年8月1版1次64开/印数：6.05万定价：0.13元/市场交流价：/9品：15元/10品：30元,PaddlePaddle
繁塔,繁塔,,编文：任学礼等 绘画：翟长安,,,编文：任学礼,任学礼,编文,编文：等,等,编文,绘画：翟长安,翟长安,绘画,,,,,,,,,,河南人民,河南人民,,郑州,2,1984,1版1次,64,11万,0.12,10,20,Ref002:239,套书：古典题材,《中卅风物志》河南版，全套已发现有十二种十三册。,,繁塔/出版社：河南人民/编文：任学礼等/绘画：翟长安/84年2月1版1次64开/印数：11万定价：0.12元/市场交流价：/9品：10元/10品：20元,PaddlePaddle
少林武僧,少林武僧,,改编：黄青 绘画：韦智仁,,,改编：黄青,黄青,改编,绘画：韦智仁,韦智仁,绘画,,,,,,,,,,,,,中州书画,中州书画,,郑州,10,1982,1版1次,64,36万,0.2,5,10,Ref002:239,套书：古典题材,,,少林武僧/出版社：中州书画/改编：黄青/绘画：韦智仁/82年10月1版1次64开/印数：36万定价：0.20元/市场交流价：/9品：5元/10品：10元,PaddlePaddle
玉杯血泪,玉杯血泪,,改编：高德欣等 绘画：刘芸生,,,改编：高德欣,高德欣,改编,改编：等,等,改编,绘画：刘芸生,刘芸生,绘画,,,,,,,,,,河南美术,河南美术,,郑州,3,1985,1版1次,64,33.82万,0.22,5,10,Ref002:239,套书：古典题材,,,玉杯血泪/出版社：河南美术/改编：高德欣等/绘画：刘芸生/85年3月1版1次64开/印数：33.82万定价：0.22元/市场交流价：/9品：5元/10品：10元,PaddlePaddle
少林寺故事传说（一）,少林寺故事传说,（一）,改编：魏忠才等 绘画：赵国经等,,,改编：魏忠才,魏忠才,改编,改编：等,等,改编,绘画：赵国经,赵国经,绘画,绘画：等,等,绘画,,,,,,,中州书画社,中州书画社,,郑州,12,1983,1版1次,64,53.8万,0.3,,,Ref002:239,套书：古典题材,,,少林寺故事传说(一)/出版社：中州书画社/改编：魏忠才等/绘画：赵国经等/83年12月1版1次64开/印数：53.8万定价：0.30元,PaddlePaddle
少林寺故事传说（二）,少林寺故事传说,（二）,改编：魏忠才等 绘画：赵国经等,,,改编：魏忠才,魏忠才,改编,改编：等,等,改编,绘画：赵国经,赵国经,绘画,绘画：等,等,绘画,,,,,,,中州书画社,中州书画社,,郑州,12,1983,1版1次,64,53.85万,0.3,15（全套）,25,Ref002:239,套书：古典题材,,,少林寺故事传说(二)/出版社：中州书画社/改编：魏忠才等/绘画：赵国经等/83年12月1版1次64开/印数：53.85万定价：0.30元/市场交流价：/9品：15元（全套）/10品：25元,PaddlePaddle
龙门石窟故事传说,龙门石窟故事传说,,改编：张若愚 绘画：段文斌等,,,改编：张若愚,张若愚,改编,绘画：段文斌,段文斌,绘画,绘画：等,等,绘画,,,,,,,,,,中州书画社,中州书画社,,郑州,12,1982,1版2次,64,10.03万,0.33,10,20,Ref002:240,套书：古典题材,,,龙门石窟故事传说/出版社：中州书画社/改编：张若愚/绘画：段文斌等/82年12月1版2次64开/印数：10.03万定价：0.33元/市场交流价：/9品：10元/10品：20元,PaddlePaddle
绿珠坠楼,绿珠坠楼,,编文：路继贤 绘画：朱连威,,,编文：路继贤,路继贤,编文,绘画：朱连威,朱连威,绘画,,,,,,,,,,,,,河北人民,河北人民,,石家庄,8,1984,1版1次,64,28.7万,0.2,10,15,Ref002:240,套书：古典题材,,,绿珠坠楼/出版社：河北人民/编文：路继贤/绘画：朱连威/84年8月1版1次64开/印数：28.7万定价：0.20元/市场交流价：/9品：10元/10品：15元,PaddlePaddle
白马寺故事传说,白马寺故事传说,,编文：张若愚等 绘画：苏西映,,,编文：张若愚,张若愚,编文,编文：等,等,编文,绘画：苏西映,苏西映,绘画,,,,,,,,,,河南人民,河南人民,,郑州,4,1984,1版1次,64,9.3万,0.2,15,20,Ref002:240,套书：古典题材,,,白马寺故事传说/出版社：河南人民/编文：张若愚等/绘画：苏西映/84年4月1版1次64开/印数：9.3万定价：0.20元/市场交流价：/9品：15元/10品：20元,PaddlePaddle
柴荣治国,柴荣治国,,编文：陈昌国 绘画：秦云海,,,编文：陈昌国,陈昌国,编文,绘画：秦云海,秦云海,绘画,,,,,,,,,,,,,河南美术,河南美术,,郑州,2,1985,1版1次,64,9.18万,0.22,10,20,Ref002:240,套书：古典题材,,,柴荣治国/出版社：河南美术/编文：陈昌国/绘画：秦云海/85年2月1版1次64开/印数：9.18万定价：0.22元/市场交流价：/9品：10元/10品：20元,PaddlePaddle
铁仙鹤救灾,铁仙鹤救灾,,编文：邱德镜 绘画：杨再华,,,编文：邱德镜,邱德镜,编文,绘画：杨再华,杨再华,绘画,,,,,,,,,,,,,河南美术,河南美术,,郑州,6,1985,1版1次,64,14.52万,0.17,15,30,Ref002:240,套书：古典题材,,,铁仙鹤救灾/出版社：河南美术/编文：邱德镜/绘画：杨再华/85年6月1版1次64开/印数：14.52万定价：0.17元/市场交流价：/9品：15元/10品：30元,PaddlePaddle
秦穆公霸业,秦穆公霸业,,编文：远祁 绘画：韦智仁闭克,,,编文：远祁,远祁,编文,绘画：韦智仁,韦智仁,绘画,绘画：闭克,闭克,绘画,,,,,,,,,,广西人民,广西人民,,南宁,1,1984,1版1次,64,7.15万,0.18,,,Ref002:240,套书：古典题材,,,秦穆公霸业/出版社：广西人民/编文：远祁/绘画：韦智仁闭克/84年1月1版1次64开/印数：7.15万定价：0.18元,PaddlePaddle
黄帝战蚩尤,黄帝战蚩尤,,编文：袁川 绘画：二龙文忠,,,编文：袁川,袁川,编文,绘画：二龙,二龙,绘画,绘画：文忠,文忠,绘画,,,,,,,,,,广西人民,广西人民,,南宁,12,1982,1版1次,64,14.28万,0.18,,,Ref002:240,套书：古典题材,,Sic._Author_Core_3,黄帝战蚩尤/出版社：广西人民/编文：袁川/绘画：二龙文忠/82年12月1版1次64开/印数：14.28万定价：0.18元,PaddlePaddle
金瓯缺,金瓯缺,,改编：庄宏安 绘画：谌孝安庞先健等,,,改编：庄宏安,庄宏安,改编,绘画：谌孝安,谌孝安,绘画,绘画：庞先健,庞先健,绘画,绘画：等,等,绘画,,,,,,,福建人民,福建人民,,福州,2,1985,1版1次,64,29.68万,0.25,15.00（全套五册）,25,Ref002:240,套书：古典题材,《中国历史故事》⼴西版，全套五⼗六种，其中《亲亥革命》《明成祖》《大顺与⼤西》《南北朝纷争》《黄巢起兵》《⾟弃疾南扫归》《后周柴荣》《大⼤泽乡风云》《魏蜀吴⿍⽴》《三国归⼀统》《冀卅义旗》等未见。该套书⾄今未见有成套者，疑未全部出版，仅供参考。,,金瓯缺/出版社：福建人民/改编：庄宏安/绘画：谌孝安庞先健等/85年2月1版1次64开/印数：29.68万定价：0.25元/市场交流价：/9品：15.00元（全套五册）/10品：25.00元,PaddlePaddle
挺进两湖,挺进两湖,,编文：刘文英 绘画：秀公等,,,编文：刘文英,刘文英,编文,绘画：秀公,秀公,绘画,绘画：等,等,绘画,,,,,,,,,,江苏人民,江苏人民,,南京,9,1978,1版1次,64,,0.07,,,Ref002:241,套书：古典题材,,,挺进两湖/出版社：江苏人民/编文：刘文英/绘画：秀公等/78年9月1版1次64开/印数：未详定价：0.07元,PaddlePaddle
碧血溅常州,碧血溅常州,,编文：村晓 绘画：丁德邻张德俊,,,编文：村晓,村晓,编文,绘画：丁德邻,丁德邻,绘画,绘画：张德俊,张德俊,绘画,,,,,,,,,,江苏人民,江苏人民,,南京,6,1981,1版1次,64,58万,0.13,,,Ref002:241,套书：古典题材,,,碧血溅常州/出版社：江苏人民/编文：村晓/绘画：丁德邻张德俊/81年6月1版1次64开/印数：58万定价：0.13元,PaddlePaddle
血溅大渡河,血溅大渡河,,编文：李源 绘画：马建邦,,,编文：李源,李源,编文,绘画：马建邦,马建邦,绘画,,,,,,,,,,,,,江苏人民,江苏人民,,南京,11,1983,1版1次,64,20.4万,0.2,,,Ref002:241,套书：古典题材,,,血溅大渡河/出版社：江苏人民/编文：李源/绘画：马建邦/83年11月1版1次64开/印数：20.4万定价：0.20元,PaddlePaddle
姑苏丹心,姑苏丹心,,编文：村晓 绘画：陆廷栋,,,编文：村晓,村晓,编文,绘画：陆廷栋,陆廷栋,绘画,,,,,,,,,,,,,江苏人民,江苏人民,,南京,1,1981,1版1次,64,14万,0.2,,,Ref002:241,套书：古典题材,江苏版《太平天国故事》全套九册。市场交流，9品全套100元，全品220元。其中《血溅大渡河》《姑苏丹心》《建都天京》《天京忠魂》《血战九江》较少。,,姑苏丹心/出版社：江苏人民/编文：村晓/绘画：陆廷栋/81年1月1版1次64开/印数：14万定价：0.20元,PaddlePaddle
陈玉成战六合,陈玉成战六合,,编文：陶和之等 绘画：范生福,,,编文：陶和之,陶和之,编文,编文：等,等,编文,绘画：范生福,范生福,绘画,,,,,,,,,,江苏人民,江苏人民,,南京,1,1981,1版1次,64,15万,0.09,,,Ref002:241,套书：古典题材,,,陈玉成战六合/出版社：江苏人民/编文：陶和之等/绘画：范生福/81年1月1版1次64开/印数：15万定价：0.09元,PaddlePaddle
建都天京,建都天京,,编文：村晓 绘画：陆廷栋,,,编文：村晓,村晓,编文,绘画：陆廷栋,陆廷栋,绘画,,,,,,,,,,,,,江苏人民,江苏人民,,南京,1,1980,1版1次,64,22万,0.12,,,Ref002:241,套书：古典题材,,,建都天京/出版社：江苏人民/编文：村晓/绘画：陆廷栋/80年1月1版1次64开/印数：22万定价：0.12元,PaddlePaddle
天京忠魂,天京忠魂,,编文：春笑 绘画：丁德邻,,,编文：春笑,春笑,编文,绘画：丁德邻,丁德邻,绘画,,,,,,,,,,,,,江苏美术,江苏美术,,南京,6,1984,1版1次,64,12.9万,0.25,,,Ref002:241,套书：古典题材,,,天京忠魂/出版社：江苏美术/编文：春笑/绘画：丁德邻/84年6月1版1次64开/印数：12.9万定价：0.25元,PaddlePaddle
天京锄奸记,天京锄奸记,,编文：郭存孝 绘画：陆廷栋,,,编文：郭存孝,郭存孝,编文,绘画：陆廷栋,陆廷栋,绘画,,,,,,,,,,,,,江苏人民,江苏人民,,南京,4,1979,1版1次,64,60万,0.13,,,Ref002:241,套书：古典题材,,,天京锄奸记/出版社：江苏人民/编文：郭存孝/绘画：陆廷栋/79年4月1版1次64开/印数：60万定价：0.13元,PaddlePaddle
血战九江,血战九江,,编文：顾宜林 绘画：魏鸿蕴,,,编文：顾宜林,顾宜林,编文,绘画：魏鸿蕴,魏鸿蕴,绘画,,,,,,,,,,,,,江苏人民,江苏人民,,南京,8,1982,1版1次,64,35.1万,0.15,,,Ref002:242,套书：古典题材,,,血战九江/出版社：江苏人民/编文：顾宜林/绘画：魏鸿蕴/82年8月1版1次64开/印数：35.1万 定价0.15元/市场交流价：/9品：元/10品：元,PaddlePaddle
中国古代科学家（上集）,中国古代科学家,（上集）,编文：李光羽等 绘画：颜梅华韩伍等,,,编文：李光羽,李光羽,编文,编文：等,等,编文,绘画：颜梅华,颜梅华,绘画,绘画：韩伍,韩伍,绘画,绘画：等,等,绘画,,,,上海人民美术,上海人民美术,,上海,12,1977,1版1次,64,,0.17,,,Ref002:242,套书：古典题材,,,中国古代科学家（上集）/出版社：上海人民美术/编文：李光羽等/绘画：颜梅华韩伍等/77年12月1版1次64开/印数：未详定价：0.17元,PaddlePaddle
中国古代科学家（下集）,中国古代科学家,（下集）,编文：李光羽等 绘画：刘旦宅陈光镒等,,,编文：李光羽,李光羽,编文,编文：等,等,编文,绘画：刘旦宅,刘旦宅,绘画,绘画：陈光镒,陈光镒,绘画,绘画：等,等,绘画,,,,上海人民美术,上海人民美术,,上海,12,1977,1版1次,64,,0.17,30（上下）,80,Ref002:242,套书：古典题材,,,中国古代科学家（下集）/出版社：上海人民美术/编文：李光羽等/绘画：刘旦宅陈光镒等/77年12月1版1次64开/印数：未详定价：0.17元/市场交流价：/9品：30元（上下）/10品：80元,PaddlePaddle
中国古代科学家（续集）,中国古代科学家,（续集）,改编：李光羽等 绘画：贺友直施大畏等,,,改编：李光羽,李光羽,改编,改编：等,等,改编,绘画：贺友直,贺友直,绘画,绘画：施大畏,施大畏,绘画,绘画：等,等,绘画,,,,上海人民美术,上海人民美术,,上海,5,1980,1版1次,64,60万,0.16,30,60,Ref002:242,套书：古典题材,,,中国古代科学家（续集）/出版社：上海人民美术/改编：李光羽等/绘画：贺友直施大畏等/80年5月1版1次64开/印数：60万定价：0.16元/市场交流价：/9品：30元/10品：60元,PaddlePaddle
三国故事（上中下）,三国故事,（上中下）,改编：雪岗 绘画：曾平张晓飞,,,改编：雪岗,雪岗,改编,绘画：曾平,曾平,绘画,绘画：张晓飞,张晓飞,绘画,,,,,,,,,,河北美术,河北美术,,石家庄,12,1983,1版1次,64,15.8万,0.6,40,60,Ref002:242,套书：古典题材,,,三国故事（上中下）/出版社：河北美术/改编：雪岗/绘画：曾平张晓飞/83年12月1版1次64开/印数：15.8万定价：0.60元/市场交流价：/9品：40元/10品：60元,PaddlePaddle
战国故事（上中下）,战国故事,（上中下）,改编：王玉良等 绘画：刘汉宗等,,,改编：王玉良,王玉良,改编,改编：等,等,改编,绘画：刘汉宗,刘汉宗,绘画,绘画：等,等,绘画,,,,,,,河北美术,河北美术,,石家庄,1,1983,1版1次,64,17.9万,0.66,40,60,Ref002:242,套书：古典题材,,,战国故事 （上中下）/出版社：河北美术/改编：王玉良等/绘画：刘汉宗等/83年1月1版1次64开/印数：17.9万定价：0.66元/市场交流价：/9品：40元/10品：60元,PaddlePaddle
春秋故事（上中下）,春秋故事,（上中下）,改编：梁占山 绘画：季源业等,,,改编：梁占山,梁占山,改编,绘画：季源业,季源业,绘画,绘画：等,等,绘画,,,,,,,,,,河北美术,河北美术,,石家庄,9,1983,1版1次,64,10.5万,0.66,40,60,Ref002:242,套书：古典题材,,,春秋故事(上中下)/出版社：河北美术/改编：梁占山/绘画：季源业等/83年9月1版1次64开/印数：10.5万 定价：0.66元/市场交流价：/9品：40元/10品：60元,PaddlePaddle
秦西汉故事（上中下）,秦西汉故事,（上中下）,改编：张建辉 绘画：季源业等,,,改编：张建辉,张建辉,改编,绘画：季源业,季源业,绘画,绘画：等,等,绘画,,,,,,,,,,河北美术,河北美术,,石家庄,12,1983,1版1次,64,13.3万,0.2,,,Ref002:242,套书：古典题材,《中国历史故事丛书》河北版。有《上古⼀西周故事》⼀种未出版，除本书图录外，尚有《长平之战》《将相和》《孙庞⽃智》《揭竿起义》《司马迁》故事五种。,,秦西汉故事（上中下）/出版社：河北美术/改编：张建辉/绘画：季源业等/83年12月1版1次64开/印数：13.3万定价：0.20元/市场交流价：/9品：元/10品：元,PaddlePaddle
鸿门宴,鸿门宴,,改编：肖进 绘画：高适,,,改编：肖进,肖进,改编,绘画：高适,高适,绘画,,,,,,,,,,,,,人民美术,人民美术,,,3,1984,1版1次,64,44万,0.11,8,15,Ref002:243,套书：古典题材,,,鸿门宴/出版社：人民美术/改编：肖进/绘画：高适/84年3月1版1次64开/印数：44万定价：0.11元/市场交流价：/9品：8元/10品：15元,PaddlePaddle
从大禹到夏桀,从大禹到夏桀,,改编：徐涂 绘画：戴仁,,,改编：徐涂,徐涂,改编,绘画：戴仁,戴仁,绘画,,,,,,,,,,,,,人民美术,人民美术,,,2,1985,1版1次,64,10万,0.25,20,40,Ref002:243,套书：古典题材,,,从大禹到夏桀/出版社：人民美术/改编：徐涂/绘画：戴仁/85年2月1版1次64开/印数：10万定价：0.25元/市场交流价：/9品：20元/10品：40元,PaddlePaddle
楚霸王,楚霸王,,改编：许岱 绘画：周春才,,,改编：许岱,许岱,改编,绘画：周春才,周春才,绘画,,,,,,,,,,,,,人民美术,人民美术,,,10,1984,1版1次,64,19万,0.36,20,40,Ref002:243,套书：古典题材,,,楚霸王/出版社：人民美术/改编：许岱/绘画：周春才/84年10月1版1次64开/印数：19万定价：0.36元/市场交流价：/9品：20元/10品：40元,PaddlePaddle
飞将军,飞将军,,改编：张非 绘画：赵华胜,,,改编：张非,张非,改编,绘画：赵华胜,赵华胜,绘画,,,,,,,,,,,,,人民美术,人民美术,,,6,1983,1版1次,64,34万,0.09,8,15,Ref002:243,套书：古典题材,《中国历史故事》人美版，全套二十五册。其中《从大禹到夏桀》《楚霸王》《商朝的故事》较少见。,,飞将军/出版社：人民美术/改编：张非/绘画：赵华胜/83年6月1版1次64开/印数：34万定价：0.09元/市场交流价：/9品：8元/10品：15元,PaddlePaddle
陈胜吴广,陈胜吴广,,改编：石山 绘画：于大武,,,改编：石山,石山,改编,绘画：于大武,于大武,绘画,,,,,,,,,,,,,人民美术,人民美术,,,10,1983,1版1次,64,30万,0.12,10,20,Ref002:243,套书：古典题材,,,陈胜吴广/出版社：人民美术/改编：石山/绘画：于大武/83年10月1版1次64开/印数：30万定价：0.12元/市场交流价：/9品：10元/10品：20元,PaddlePaddle
文天祥,文天祥,,改编：曼玲 绘画：孟庆江,,,改编：曼玲,曼玲,改编,绘画：孟庆江,孟庆江,绘画,,,,,,,,,,,,,人民美术,人民美术,,,12,1984,1版1次,64,15万,0.19,10,20,Ref002:243,套书：古典题材,,,文天祥/出版社：人民美术/改编：曼玲/绘画：孟庆江/84年12月1版1次64开/印数：15万定价：0.19元/市场交流价：/9品：10元/10品：20元,PaddlePaddle
班超,班超,,改编：杨兆祥等 绘画：杨文仁尹宇,,,改编：杨兆祥,杨兆祥,改编,改编：等,等,改编,绘画：杨文仁,杨文仁,绘画,绘画：尹宇,尹宇,绘画,,,,,,,人民美术,人民美术,,,12,1983,1版1次,64,17.2万,0.15,10,20,Ref002:243,套书：古典题材,,Sic._Author_Core_4,班超/出版社：人民美术/改编：杨兆祥等/绘画：杨文仁尹宇/83年12月1版1次64开/印数：17.2万定价：0.15元/市场交流价：/9品：10元/10品：20元,PaddlePaddle
武王伐纣,武王伐纣,,改编：张以英 绘画：桑麟康,,,改编：张以英,张以英,改编,绘画：桑麟康,桑麟康,绘画,,,,,,,,,,,,,人民美术,人民美术,,,2,1983,1版1次,64,19万,0.14,8,15,Ref002:243,套书：古典题材,,,武王伐纣/出版社：人民美术/改编：张以英/绘画：桑麟康/83年2月1版1次64开/印数：19万定价：0.14元/市场交流价：/9品：8元/10品：15元,PaddlePaddle
夷陵之战,夷陵之战,,编文：费成康 绘画：施大畏,,,编文：费成康,费成康,编文,绘画：施大畏,施大畏,绘画,,,,,,,,,,,,,上海人民美术,上海人民美术,,上海,8,1978,1版1次,60,,0.15,15,30,Ref002:244,套书：古典题材,,,夷陵之战/出版社：上海人民美术/编文：费成康/绘画：施大畏/78年8月1版1次60开/印数：未详定价：0.15元/市场交流价：/9品：15元/10品：30元,PaddlePaddle
成皋之战,成皋之战,,编文：林林 绘画：瞿谷寒,,,编文：林林,林林,编文,绘画：瞿谷寒,瞿谷寒,绘画,,,,,,,,,,,,,上海人民美术,上海人民美术,,上海,2,1980,1版1次,60,90万,0.14,15,30,Ref002:244,套书：古典题材,,,成皋之战/出版社：上海人民美术/编文：林林/绘画：瞿谷寒/80年2月1版1次60开/印数：90万定价：0.14元/市场交流价：/9品：15元/10品：30元,PaddlePaddle
赤壁之战,赤壁之战,,编文：浦增元等 绘画：徐正平凌涛,,,编文：浦增元,浦增元,编文,编文：等,等,编文,绘画：徐正平,徐正平,绘画,绘画：凌涛,凌涛,绘画,,,,,,,上海人民美术,上海人民美术,,上海,5,1979,1版1次,60,80万,0.14,15,30,Ref002:244,套书：古典题材,,,赤壁之战/出版社：上海人民美术/编文：浦增元等/绘画：徐正平凌涛/79年5月1版1次60开/印数：80万定价：0.14元/市场交流价：/9品：15元/10品：30元,PaddlePaddle
淝水之战,淝水之战,,编改：黎文 绘画：邹越非,,,编改：黎文,黎文,编改,绘画：邹越非,邹越非,绘画,,,,,,,,,,,,,上海人民美术,上海人民美术,,上海,1,1979,1版1次,60,70万,0.13,20,40,Ref002:244,套书：古典题材,,,淝水之战/出版社：上海人民美术/编改：黎文/绘画：邹越非/79年1月1版1次60开/印数：70万定价：0.13元/市场交流价：/9品：20元/10品：40元,PaddlePaddle
官渡之战,官渡之战,,编文：费成康 绘画：贺友直徐纯中,,,编文：费成康,费成康,编文,绘画：贺友直,贺友直,绘画,绘画：徐纯中,徐纯中,绘画,,,,,,,,,,上海人民美术,上海人民美术,,上海,3,1980,1版1次,60,90万,0.16,20,40,Ref002:244,套书：古典题材,,,官渡之战/出版社：上海人民美术/编文：费成康/绘画：贺友直徐纯中/80年3月1版1次60开/印数：90万定价：0.16元/市场交流价：/9品：20元/10品：40元,PaddlePaddle
瓦岗军,瓦岗军,,改编：许祖良 绘画：秀公晓雁,,,改编：许祖良,许祖良,改编,绘画：秀公,秀公,绘画,绘画：晓雁,晓雁,绘画,,,,,,,,,,江苏人民,江苏人民,,南京,11,1977,1版1次,64,,0.07,15,25,Ref002:244,套书：古典题材,,Sic._Author_Core_3,瓦岗军/出版社：江苏人民/改编：许祖良/绘画：秀公晓雁/77年11月1版1次64开/印数：未详定价：0.07元/市场交流价：/9品：15元/10品：25元,PaddlePaddle
方腊传,方腊传,,编文：聂秀功等 绘画：聂秀功章茂连章茂连等,,,编文：聂秀功,聂秀功,编文,编文：等,等,编文,绘画：聂秀功,聂秀功,绘画,绘画：章茂连,章茂连,绘画,绘画：章茂连,章茂连,绘画,绘画：等,等,绘画,江苏人民,江苏人民,,南京,11,1977,1版1次,64,,0.12,10,25,Ref002:244,套书：古典题材,,,方腊传/出版社：江苏人民/编文：聂秀功等/绘画：聂秀功章茂连等/77年11月1版1次64开/印数：未详定价：0.12元/市场交流价：/9品：10元/10品：25元,PaddlePaddle
李闯王,李闯王,,改编：章茂连 绘画：聂秀公,,,改编：章茂连,章茂连,改编,绘画：聂秀公,聂秀公,绘画,,,,,,,,,,,,,江苏人民,江苏人民,,南京,11,1977,1版1次,64,,0.1,15,30,Ref002:244,套书：古典题材,,,李闯王/出版社：江苏人民/改编：章茂连/绘画：聂秀公/77年11月1版1次64开/印数：未详定价：0.10元/市场交流价：/9品：15元/10品：30元,PaddlePaddle
水灌晋阳,水灌晋阳,,改编：王星北 绘画：李云德,,,改编：王星北,王星北,改编,绘画：李云德,李云德,绘画,,,,,,,,,,,,,上海人民美术,上海人民美术,,上海,10,1983,2版3次,64,21.3万,0.16,40,70,Ref002:245,套书：古典题材,,,水灌晋阳/出版社：上海人民美术/改编：王星北/绘画：李云德/83年10月2版3次64开/印数：21.3万定价：0.16元/市场交流价：/9品：40元/10品：70元,PaddlePaddle
崔庆专权,崔庆专权,,改编：潘勤孟 绘画：周申,,,改编：潘勤孟,潘勤孟,改编,绘画：周申,周申,绘画,,,,,,,,,,,,,上海人民美术,上海人民美术,,上海,3,1983,1版1次,64,14万,0.13,40,60,Ref002:245,套书：古典题材,,,崔庆专权/出版社：上海人民美术/改编：潘勤孟/绘画：周申/83年3月1版1次64开/印数：14万定价：0.13元/市场交流价：/9品：40元/10品：60元,PaddlePaddle
卧薪尝胆,卧薪尝胆,,改编：董子畏 绘画：陆华,,,改编：董子畏,董子畏,改编,绘画：陆华,陆华,绘画,,,,,,,,,,,,,上海人民美术,上海人民美术,,上海,3,1984,4版1次,64,10.4万,0.15,30,50,Ref002:245,套书：古典题材,,,卧薪尝胆/出版社：上海人民美术/改编：董子畏/绘画：陆华/84年3月4版1次64开/印数：10.4万定价：0.15元/市场交流价：/9品：30元/10品：50元,PaddlePaddle
勾践称霸,勾践称霸,,改编：董子畏 绘画：陆华,,,改编：董子畏,董子畏,改编,绘画：陆华,陆华,绘画,,,,,,,,,,,,,上海人民美术,上海人民美术,,上海,1,1984,1版1次,64,11.4万,0.16,30,60,Ref002:245,套书：古典题材,《东周列国故事》上美版，全套五十册。本书选登六种为缺本，其余极多，一般市场交流价在二元一册。,,勾践称霸/出版社：上海人民美术/改编：董子畏/绘画：陆华/84年1月1版1次64开/印数：11.4万定价：0.16元/市场交流价：/9品：30元/10品：60元,PaddlePaddle
齐桓称霸,齐桓称霸,,改编：潘勤孟 绘画：黄全昌,,,改编：潘勤孟,潘勤孟,改编,绘画：黄全昌,黄全昌,绘画,,,,,,,,,,,,,上海人民美术,上海人民美术,,上海,5,1983,1版1次,64,14.3万,0.15,20,35,Ref002:245,套书：古典题材,,,齐桓称霸/出版社：上海人民美术/改编：潘勤孟/绘画：黄全昌/83年5月1版1次64开/印数：14.3万定价：0.15元/市场交流价：/9品：20元/10品：35元,PaddlePaddle
六国封相,六国封相,,改编：胡雁 绘画：王立志,,,改编：胡雁,胡雁,改编,绘画：王立志,王立志,绘画,,,,,,,,,,,,,上海人民美术,上海人民美术,,上海,1,1983,1版1次,64,13.5万,0.15,40,60,Ref002:245,套书：古典题材,,,六国封相/出版社：上海人民美术/改编：胡雁/绘画：王立志/83年1月1版1次64开/印数：13.5万定价：0.15元/市场交流价：/9品：40元/10品：60元,PaddlePaddle
陈胜王,陈胜王,,编文：林林 绘画：戴敦邦,,,编文：林林,林林,编文,绘画：戴敦邦,戴敦邦,绘画,,,,,,,,,,,,,上海人民美术,上海人民美术,,上海,3,1983,2版5次,60,31.2万,0.19,,,Ref002:245,套书：古典题材,,,2/陈胜王/出版社：上海人民美术/编文：林林/绘画：戴敦邦/83年3月2版5次60开/印数：31.2万定价：0.19元,PaddlePaddle
指鹿为马,指鹿为马,,编文：林林 绘画：马方路,,,编文：林林,林林,编文,绘画：马方路,马方路,绘画,,,,,,,,,,,,,上海人民美术,上海人民美术,,上海,4,1983,2版7次,60,41.8万,0.17,150（全套）,250,Ref002:245,套书：古典题材,《西汉演义》上美版全套二十册。,,指鹿为马/出版社：上海人民美术/编文：林林/绘画：马方路/83年4月2版7次60开/印数：41.8万定价：0.17元/市场交流价：/9品：150元（全套）/10品：250元,PaddlePaddle
智断合同文,智断合同文,,编文：王亚东 绘画：诚琳,,,编文：王亚东,王亚东,编文,绘画：诚琳,诚琳,绘画,,,,,,,,,,,,,中州书画社,中州书画社,,郑州,3,1982,1版1次,64,43.3万,0.16,5,10,Ref002:246,套书：古典题材,,,智断合同文/出版社：中州书画社/编文：王亚东/绘画：诚琳/82年3月1版1次64开/印数：43.3万 定价：0.16元/市场交流价：/9品：5元/10品：10元,PaddlePaddle
智斩鲁斋郎,智斩鲁斋郎,,改编：庄宏安 绘画：杨杰,,,改编：庄宏安,庄宏安,改编,绘画：杨杰,杨杰,绘画,,,,,,,,,,,,,河南人民,河南人民,,郑州,3,1984,1版1次,64,26.22万,0.16,10,20,Ref002:246,套书：古典题材,,,智斩鲁斋郎/出版社：河南人民/改编：庄宏安/绘画：杨杰/84年3月1版1次64开/印数：26.22万定价：0.16元/市场交流价：/9品：10元/10品：20元,PaddlePaddle
灰阑记,灰阑记,,改编：甘礼乐 绘画：王群,,,改编：甘礼乐,甘礼乐,改编,绘画：王群,王群,绘画,,,,,,,,,,,,,河南人民,河南人民,,郑州,3,1984,1版1次,64,25万,0.17,5,10,Ref002:246,套书：古典题材,,,灰阑记/出版社：河南人民/改编：甘礼乐/绘画：王群/84年3月1版1次64开/印数：25万定价：0.17元/市场交流价：/9品：5元/10品：10元,PaddlePaddle
铡郭槐,铡郭槐,,编文：金阳平 绘画：刘斌昆张广力,,,编文：金阳平,金阳平,编文,绘画：刘斌昆,刘斌昆,绘画,绘画：张广力,张广力,绘画,,,,,,,,,,中州书画社,中州书画社,,郑州,10,1982,1版1次,64,30.2万,0.17,10,20,Ref002:246,套书：古典题材,《包公故事》河南版，全套十册。《智斩鲁斋郎》《铡郭槐》两种较少见。,,铡郭槐/出版社：中州书画社/编文：金阳平/绘画：刘斌昆张广力/82年10月1版1次64开/印数：30.2万定价：0.17元/市场交流价：/9品：10元/10品：20元,PaddlePaddle
双钉冤,双钉冤,,改编：王亚东 绘画：桑国振马樯,,,改编：王亚东,王亚东,改编,绘画：桑国振,桑国振,绘画,绘画：马樯,马樯,绘画,,,,,,,,,,河南人民,河南人民,,郑州,5,1984,1版1次,64,37.28万,0.17,5,10,Ref002:246,套书：古典题材,,Sic._Author_Core_3,双钉冤/出版社：河南人民/改编：王亚东/绘画：桑国振马樯/84年5月1版1次64开/印数：37.28万定价：0.17元/市场交流价：/9品：5元/10品：10元,PaddlePaddle
四漆屏案,四漆屏案,,改编：易乙 绘画：叶雄汪洋等,,,改编：易乙,易乙,改编,绘画：叶雄,叶雄,绘画,绘画：汪洋,汪洋,绘画,绘画：等,等,绘画,,,,,,,上海人民美术,上海人民美术,,上海,1,1991,1版1次,64,,5.55,80（全套）,120,Ref002:246,套书：古典题材,,,四漆屏案/出版社：上海人民美术/改编：易乙/绘画：叶雄汪洋等/91年1月1版1次64开/印数：未详定价5.55元/市场交流价：/9品：80元（全套）/10品：120元,PaddlePaddle
两屈秦王,两屈秦王,,编文：宋扬 绘画：侯中曦,,,编文：宋扬,宋扬,编文,绘画：侯中曦,侯中曦,绘画,,,,,,,,,,,,,岭南美术,岭南美术,,广州,1,1982,1版1次,64,,0.17,30（全套）,50,Ref002:246,套书：古典题材,,,两屈秦王/出版社：岭南美术/编文：宋扬/绘画：侯中曦/82年1月1版1次64开/印数：未详定价：0.17元/市场交流价：/9品：30元（全套）/10品：50元,PaddlePaddle
说唐,说唐,,改编：文昊 绘画：姜堃,,,改编：文昊,文昊,改编,绘画：姜堃,姜堃,绘画,,,,,,,,,,,,,湖南美术,湖南美术,,长沙,6,1983,1版2次,64,42万,0.16,20（全六册）,30,Ref002:246,套书：古典题材,,,说唐/出版社：湖南美术/改编：文昊/绘画：姜堃/83年6月1版2次64开/印数：42万定价：0.16元/市场交流价：/9品：20元（全六册）/10品：30元,PaddlePaddle
纣王无道,纣王无道,,改编：王益砾 绘画：戴敦邦谢春彦等,,,改编：王益砾,王益砾,改编,绘画：戴敦邦,戴敦邦,绘画,绘画：谢春彦,谢春彦,绘画,绘画：等,等,绘画,,,,,,,浙江人民美术,浙江人民美术,,杭州,3,1984,1版2次,64,145万,0.21,15,25,Ref002:247,套书：古典题材,,,纣王无道/出版社：浙江人民美术/改编：王益砾/绘画：戴敦邦谢春彦等/84年3月1版2次64开/印数：145万定价：0.21元/市场交流价：/9品：15元/10品：25元,PaddlePaddle
飞虎反商归周,飞虎反商归周,,改编：王益砾 绘画：戴敦邦谢春彦等,,,改编：王益砾,王益砾,改编,绘画：戴敦邦,戴敦邦,绘画,绘画：谢春彦,谢春彦,绘画,绘画：等,等,绘画,,,,,,,浙江人民美术,浙江人民美术,,杭州,1,1984,1版2次,64,145万,0.22,15,25,Ref002:247,套书：古典题材,,,飞虎反商归周/出版社：浙江人民美术/改编：王益砾/绘画：戴敦邦谢春彦等/84年1月1版2次64开/印数：145万定价：0.22元/市场交流价：/9品：15元/10品：25元,PaddlePaddle
闻太师西征,闻太师西征,,改编：王益砾 绘画：谢春彦王中秀等,,,改编：王益砾,王益砾,改编,绘画：谢春彦,谢春彦,绘画,绘画：王中秀,王中秀,绘画,绘画：等,等,绘画,,,,,,,浙江人民美术,浙江人民美术,,杭州,3,1984,1版1次,64,47万,0.18,25,40,Ref002:247,套书：古典题材,,,闻太师西征/出版社：浙江人民美术/改编：王益砾/绘画：谢春彦王中秀等/84年3月1版1次64开/印数：47万定价：0.18元/市场交流价：/9品：25元/10品：40元,PaddlePaddle
纣师大败,纣师大败,,改编：王益砾 绘画：谢春彦王中秀,,,改编：王益砾,王益砾,改编,绘画：谢春彦,谢春彦,绘画,绘画：王中秀,王中秀,绘画,,,,,,,,,,浙江人民美术,浙江人民美术,,杭州,3,1984,1版1次,64,47万,0.18,30,50,Ref002:247,套书：古典题材,《封神演义》浙江版，全套六册。后四册印量少。,,纣师大败/出版社：浙江人民美术/改编：王益砾/绘画：谢春彦王中秀/84年3月1版1次64开/印数：47万定价：0.18元/市场交流价：/9品：30元/10品：50元,PaddlePaddle
武王伐纣,武王伐纣,,改编：王益砾 绘画：谢春彦王中秀等,,,改编：王益砾,王益砾,改编,绘画：谢春彦,谢春彦,绘画,绘画：王中秀,王中秀,绘画,绘画：等,等,绘画,,,,,,,浙江人民美术,浙江人民美术,,杭州,3,1984,1版1次,64,47万,0.17,35,60,Ref002:247,套书：古典题材,,,武王伐纣/出版社：浙江人民美术/改编：王益砾/绘画：谢春彦王中秀等/84年3月1版1次64开/印数：47万定价：0.17元/市场交流价：/9品：35元/10品：60元,PaddlePaddle
灭商封神,灭商封神,,改编：王益砾 绘画：谢春彦王中秀等,,,改编：王益砾,王益砾,改编,绘画：谢春彦,谢春彦,绘画,绘画：王中秀,王中秀,绘画,绘画：等,等,绘画,,,,,,,浙江人民美术,浙江人民美术,,杭州,4,1984,1版1次,64,47万,0.16,30,50,Ref002:247,套书：古典题材,,,灭商封神/出版社：浙江人民美术/改编：王益砾/绘画：谢春彦王中秀等/84年4月1版1次64开/印数：47万定价：0.16元/市场交流价：/9品：30元/10品：50元,PaddlePaddle
哪吒出世,哪吒出世,,改编：陈国英 绘画：刘振亭,,,改编：陈国英,陈国英,改编,绘画：刘振亭,刘振亭,绘画,,,,,,,,,,,,,天津人民美术,天津人民美术,,天津,3,1982,1版1次,64,143.3万,0.15,5,10,Ref002:247,套书：古典题材,,,哪吒出世/出版社：天津人民美术/改编：陈国英/绘画：刘振亭/82年3月1版1次64开/印数：143.3万定价：0.15元/市场交流价：/9品：5元/10品：10元,PaddlePaddle
土行孙,土行孙,,改编：励艺夫 绘画：马寒松,,,改编：励艺夫,励艺夫,改编,绘画：马寒松,马寒松,绘画,,,,,,,,,,,,,天津人民美术,天津人民美术,,天津,3,1982,1版1次,64,157.1万,0.18,10,15,Ref002:247,套书：古典题材,,,土行孙/出版社：天津人民美术/改编：励艺夫/绘画：马寒松/82年3月1版1次64开/印数：157.1万定价：0.18元/市场交流价：/9品：10元/10品：15元,PaddlePaddle
杨戬除四魔,杨戬除四魔,,改编：周老韧 绘画：赵隆义韩亚洲,,,改编：周老韧,周老韧,改编,绘画：赵隆义,赵隆义,绘画,绘画：韩亚洲,韩亚洲,绘画,,,,,,,,,,人民美术,人民美术,,,8,1985,1版1次,64,40万,,30（全套十五册）,60,Ref002:248,套书：古典题材,,,杨戬除四魔/出版社：人民美术/改编：周老韧/绘画：赵隆义韩亚洲/85年8月1版1次64开/印数：40万/市场交流价：/9品：30元（全套十五册）/10品：60元,PaddlePaddle
纣王宠妲己,纣王宠妲己,,改编：紫辰 绘画：孟庆江,,,改编：紫辰,紫辰,改编,绘画：孟庆江,孟庆江,绘画,,,,,,,,,,,,,人民美术,人民美术,,,8,1985,1版1次,64,40万,,,,Ref002:248,套书：古典题材,,,纣王宠妲己/出版社：人民美术/改编：紫辰/绘画：孟庆江/85年8月1版1次64开/印数：40万,PaddlePaddle
计害皇后,计害皇后,,改编：云天 绘画：陈宁,,,改编：云天,云天,改编,绘画：陈宁,陈宁,绘画,,,,,,,,,,,,,江西人民,江西人民,,南昌,8,1981,1版1次,64,50万,0.18,40（全套）,50,Ref002:248,套书：古典题材,,,计害皇后/出版社：江西人民/改编：云天/绘画：陈宁/81年8月1版1次64开/印数：50万定价：0.18元/市场交流价：/9品：40元（全套）/10品：50元,PaddlePaddle
黄飞虎斗妖,黄飞虎斗妖,,改编：水登 绘画：庞先健,,,改编：水登,水登,改编,绘画：庞先健,庞先健,绘画,,,,,,,,,,,,,少年儿童,少年儿童,,上海,8,1982,1版1次,64,50.5万,0.09,140（全套）,220,Ref002:248,套书：古典题材,《封神榜人物故事》少儿版，全套十二册。其中《土行孙盗宝》最少见，《哪吒下山》次之。《土行孙盗宝》9品25元、全品40元。《哪咤下山》9品15元，全品30元。,,黄飞虎斗妖/出版社：少年儿童/改编：水登/绘画：庞先健/82年8月1版1次64开/印数：50.5万定价：0.09元/市场交流价：/9品：140元（全套）/10品：220元,PaddlePaddle
群魔闹金山,群魔闹金山,,改编：牵牵 绘画：张大川,,,改编：牵牵,牵牵,改编,绘画：张大川,张大川,绘画,,,,,,,,,,,,,四川美术,四川美术,,成都,8,1985,1版1次,64,10万,,60（全套十二册）,100,Ref002:248,套书：古典题材,,,群魔闹金山/出版社：四川美术/改编：牵牵/绘画：张大川/85年8月1版1次64开/印数：10万/市场交流价：/9品：60元（全套十二册）/10品：100元,PaddlePaddle
追捕乾坤鼠,追捕乾坤鼠,,改编：何强等 绘画：李正平董凤章,,,改编：何强,何强,改编,改编：等,等,改编,绘画：李正平,李正平,绘画,绘画：董凤章,董凤章,绘画,,,,,,,天津人民美术,天津人民美术,,天津,9,1985,1版1次,64,20万,0.3,60（全套十二册）,80,Ref002:248,套书：古典题材,,Sic._Author_Core_1,追捕乾坤鼠/出版社：天津人民美术/改编：何强等/绘画：李正平董凤章/85年9月1版1次64开/印数：20万定价：0.30元/市场交流价：/9品：60元（全套十二册）/10品：80元,PaddlePaddle
假帝君显圣,假帝君显圣,,改编：严岩 绘画：谢艺逸云,,,改编：严岩,严岩,改编,绘画：谢艺,谢艺,绘画,绘画：逸云,逸云,绘画,,,,,,,,,,中国曲艺,中国曲艺,,北京,2,1985,1版1次,64,,0.26,5,8,Ref002:248,套书：古典题材,,Sic._Author_Core_3,假帝君显圣/出版社：中国曲艺/改编：严岩/绘画：谢艺逸云/85年2月1版1次64开/印数：未详定价：0.26元/市场交流价：/9品：5元/10品：8元,PaddlePaddle
商人谋国,商人谋国,,改编：祥文 绘画：张成思王弘力,,,改编：祥文,祥文,改编,绘画：张成思,张成思,绘画,绘画：王弘力,王弘力,绘画,,,,,,,,,,辽宁美术,辽宁美术,,沈阳,4,1983,1版1次,64,29.9万,0.18,220（全套二十六册）,320,Ref002:248,套书：古典题材,,,商人谋国/出版社：辽宁美术/改编：祥文/绘画：张成思王弘力/83年4月1版1次64开/印数：29.9万定价：0.18元/市场交流价：/9品：220元（全套二十六册）/10品：320元,PaddlePaddle
振臂一呼,振臂一呼,,编文：杨兆林等 绘画：施大畏等,,,编文：杨兆林,杨兆林,编文,编文：等,等,编文,绘画：施大畏,施大畏,绘画,绘画：等,等,绘画,,,,,,,上海人民美术,上海人民美术,,上海,4,1982,1版1次,60,30万,0.16,8,15,Ref002:249,套书：古典题材,,,振臂一呼/出版社：上海人民美术/编文：杨兆林等/绘画：施大畏等/82年4月1版1次60开/印数：30万定价：0.16元/市场交流价：/9品：8元/10品：15元,PaddlePaddle
礼贤下士,礼贤下士,,编文：吴添汗等 绘画：陆华等,,,编文：吴添汗,吴添汗,编文,编文：等,等,编文,绘画：陆华,陆华,绘画,绘画：等,等,绘画,,,,,,,上海人民美术,上海人民美术,,上海,12,1982,1版1次,60,18万,0.18,20,40,Ref002:249,套书：古典题材,,,礼贤下士/出版社：上海人民美术/编文：吴添汗等/绘画：陆华等/82年12月1版1次60开/印数：18万定价：0.18元/市场交流价：/9品：20元/10品：40元,PaddlePaddle
黄袍加身,黄袍加身,,编文：钱兴凤 绘画：等卢延光,,,编文：钱兴凤,钱兴凤,编文,绘画：等,等,绘画,绘画：卢延光,卢延光,绘画,绘画：等,等,绘画,,,,,,,上海人民美术,上海人民美术,,上海,8,1980,1版1次,60,21万,0.17,20,40,Ref002:249,套书：古典题材,,,黄袍加身/出版社：上海人民美术/编文：钱兴凤等/绘画：卢延光等/80年8月1版1次60开/印数：21万定价：0.17元/市场交流价：/9品：20元/10品：40元,PaddlePaddle
卖剑买牛,卖剑买牛,,编文：钱兴凤 绘画：张新国等,,,编文：钱兴凤,钱兴凤,编文,绘画：张新国,张新国,绘画,绘画：等,等,绘画,,,,,,,,,,上海人民美术,上海人民美术,,上海,11,1982,1版1次,60,21万,0.17,15,25,Ref002:249,套书：古典题材,《中国成语故事》上美版。全套四十五册，印量先后逐渐减少。其中《近水楼台》、《听人穿鼻》两种最少。全套9品，600元、全品1000元。,,卖剑买牛/出版社：上海人民美术/编文：钱兴凤/绘画：张新国等/82年11月1版1次60开/印数：21万定价：0.17元/市场交流价：/9品：15元/10品：25元,PaddlePaddle
覆水难收,覆水难收,,编文：杨兆林 绘画：徐恒瑜等,,,编文：杨兆林,杨兆林,编文,绘画：徐恒瑜,徐恒瑜,绘画,绘画：等,等,绘画,,,,,,,,,,上海人民美术,上海人民美术,,上海,2,1983,1版1次,60,17万,0.19,25,35,Ref002:249,套书：古典题材,,,覆水难收/出版社：上海人民美术/编文：杨兆林/绘画：徐恒瑜等/83年2月1版1次60开/印数：17万定价：0.19元/市场交流价：/9品：25元/10品：35元,PaddlePaddle
一饭千金,一饭千金,,编文：甘礼乐 绘画：杜滋龄等,,,编文：甘礼乐,甘礼乐,编文,绘画：杜滋龄,杜滋龄,绘画,绘画：等,等,绘画,,,,,,,,,,上海人民美术,上海人民美术,,上海,2,1983,1版1次,60,17万,0.16,20,35,Ref002:249,套书：古典题材,,,一饭千金/出版社：上海人民美术/编文：甘礼乐/绘画：杜滋龄等/83年2月1版1次60开/印数：17万定价：0.16元/市场交流价：/9品：20元/10品：35元,PaddlePaddle
近水楼台,近水楼台,,编文：仓阳卿等 绘画：李世南等,,,编文：仓阳卿,仓阳卿,编文,编文：等,等,编文,绘画：李世南,李世南,绘画,绘画：等,等,绘画,,,,,,,上海人民美术,上海人民美术,,上海,3,1983,1版1次,60,13.8万,0.16,30,50,Ref002:249,套书：古典题材,,,近水楼台/出版社：上海人民美术/编文：仓阳卿等/绘画：李世南等/83年3月1版1次60开/印数：13.8万定价：0.16元/市场交流价：/9品：30元/10品：50元,PaddlePaddle
听人穿鼻,听人穿鼻,,编文：张晖等 绘画：谷安等,,,编文：张晖,张晖,编文,编文：等,等,编文,绘画：谷安,谷安,绘画,绘画：等,等,绘画,,,,,,,上海人民美术,上海人民美术,,上海,2,1979,1版1次,60,13.3万,0.17,30,50,Ref002:249,套书：古典题材,,"Sic._Author_Core_1, Author_Core_3",听人穿鼻/出版社：上海人民美术/编文：张晖等/绘画：谷安等/79年2月1版1次60开/印数：13.3万定价：0.17元/市场交流价：/9品：30元/10品：50元,PaddlePaddle
中国诗歌故事（一）,中国诗歌故事,（一）,编文：王国安 绘画：李世南等,,,编文：王国安,王国安,编文,绘画：李世南,李世南,绘画,绘画：等,等,绘画,,,,,,,,,,上海人民美术,上海人民美术,,上海,7,1981,1版1次,64,38万,0.14,8,15,Ref002:250,套书：古典题材,,,中国诗歌故事(一)/出版社：上海人民美术/编文：王国安/绘画：李世南等/81年7月1版1次64开/印数：38万定价：0.14元/市场交流价：/9品：8元/10品：15元,PaddlePaddle
中国诗歌故事（七）,中国诗歌故事,（七）,编文：王国安等 绘画：顾炳鑫等,,,编文：王国安,王国安,编文,编文：等,等,编文,绘画：顾炳鑫,顾炳鑫,绘画,绘画：等,等,绘画,,,,,,,上海人民美术,上海人民美术,,上海,11,1983,1版1次,64,8.1万,0.19,15,30,Ref002:250,套书：古典题材,,,中国诗歌故事(七)/出版社：上海人民美术/编文：王国安等/绘画：顾炳鑫等/83年11月1版1次64开/印数：8.1万定价：0.19元/市场交流价：/9品：15元/10品：30元,PaddlePaddle
中国诗歌故事（九）,中国诗歌故事,（九）,编文：仓阳卿等 绘画：贾德江等,,,编文：仓阳卿,仓阳卿,编文,编文：等,等,编文,绘画：贾德江,贾德江,绘画,绘画：等,等,绘画,,,,,,,上海人民美术,上海人民美术,,上海,8,1984,1版1次,64,8万,0.24,15,30,Ref002:250,套书：古典题材,,,中国诗歌故事（九）/出版社：上海人民美术/编文：仓阳卿等/绘画：贾德江等/84年8月1版1次64开/印数：8万定价：0.24元/市场交流价：/9品：15元/10品：30元,PaddlePaddle
中国诗歌故事（十四）,中国诗歌故事,（十四）,编文：仓阳卿等 绘画：李世南等,,,编文：仓阳卿,仓阳卿,编文,编文：等,等,编文,绘画：李世南,李世南,绘画,绘画：等,等,绘画,,,,,,,上海人民美术,上海人民美术,,上海,5,1985,1版1次,64,3.9万,0.4,30,50,Ref002:250,套书：古典题材,《中国诗歌故事》上美版。全套十四册，第一、二册较多。第十四分册最少见。全套市场交流价，9品，250元，全品500元。,,中国诗歌故事（十四）/出版社：上海人民美术/编文：仓阳卿等/绘画：李世南等/85年5月1版1次64开/印数：3.9万定价：0.40元/市场交流价：/9品：30元/10品：50元,PaddlePaddle
中国成语寓言故事,中国成语寓言故事,,编文：邹洪根 绘画：高民生施大畏等,,,编文：邹洪根,邹洪根,编文,绘画：高民生,高民生,绘画,绘画：施大畏,施大畏,绘画,绘画：等,等,绘画,,,,,,,陕西人民美术,陕西人民美术,,西安,8,1980,1版1次,64,8万,0.38,,,Ref002:250,套书：古典题材,,,中国成语寓言故事/出版社：陕西人民美术/编文：邹洪根/绘画：高民生施大畏等/80年8月1版1次64开/印数：8万定价：0.38元/市场交流价：/9品：元/10品：元,PaddlePaddle
梦中求官,梦中求官,,改编：潘礼训 绘画：林伟成等,,,改编：潘礼训,潘礼训,改编,绘画：林伟成,林伟成,绘画,绘画：等,等,绘画,,,,,,,,,,上海人民美术,上海人民美术,,上海,8,1988,1版1次,64,6.53万,0.47,40,60,Ref002:250,套书：古典题材,,,梦中求官/出版社：上海人民美术/改编：潘礼训/绘画：林伟成等/88年8月1版1次64开/印数：6.53万定价：0.47元/市场交流价：/9品：40元/10品：60元,PaddlePaddle
古代笑话（之六）,古代笑话,（之六）,编文：张文忠王林 绘画：王新伦张瓒明等,,,编文：张文忠,张文忠,编文,编文：王林,王林,编文,绘画：王新伦,王新伦,绘画,绘画：张瓒明,张瓒明,绘画,绘画：等,等,绘画,,,,安徽人民,安徽人民,,合肥,6,1984,1版1次,64,28万,0.19,5,10,Ref002:250,套书：古典题材,,,古代笑话 (之六)/出版社：安徽人民/编文：张文忠王林/绘画：王新伦张瓒明等/84年6月1版1次64开/印数：28万定价：0.19元/市场交流价：/9品：5元/10品：10元,PaddlePaddle
笑画（之三）,笑画,（之三）,编文：艾鸣黄永东等 绘画：林墉陈树斌等,,,编文：艾鸣,艾鸣,编文,编文：黄永东,黄永东,编文,编文：等,等,编文,绘画：林墉,林墉,绘画,绘画：陈树斌,陈树斌,绘画,绘画：等,等,绘画,广东人民,广东人民,,广州,5,1980,1版1次,64,,0.12,150（全套）,220,Ref002:250,套书：古典题材,《笑话》上美版。全套十二册，第十一，十二分册最少见。目前鲜有集全成套者。《笑话》岭南版。全套十二册，竖64开本。最后三分册较少。,,笑画 (之三)/出版社：广东人民/编文：艾鸣黄永东等/绘画：林墉陈树斌等/80年5月1版1次64开/印数：未详定价：0.12元/市场交流价：/9品：150元（全套）/10品：220元,PaddlePaddle
特殊身份的警官,特殊身份的警官,,改编：由尹佳 绘画：仁康重义等,,,改编：由尹佳,由尹佳,改编,绘画：仁康,仁康,绘画,绘画：重义,重义,绘画,绘画：等,等,绘画,,,,,,,福建人民,福建人民,,福州,6,1984,1版1次,64,16.646万,,25（全套三册）,40,Ref002:251,套书：现代题材,,"Sic._Author_Core_2, Author_Core_3",特殊身份的警官/出版社：福建人民/改编：由尹佳/绘画：仁康重义等/84年6月1版1次64开/印数：16.646万/市场交流价：/9品：25元（全套三册）/10品：40元,PaddlePaddle
特派员虎口脱险,特派员虎口脱险,,改编：王荣辉 绘画：崔君沛于业广,,,改编：王荣辉,王荣辉,改编,绘画：崔君沛,崔君沛,绘画,绘画：于业广,于业广,绘画,,,,,,,,,,黑龙江人民,黑龙江人民,,哈尔滨,3,1984,1版1次,64,28.1万,0.22,5,8,Ref002:251,套书：现代题材,,,特派员虎口脱险/出版社：黑龙江人民/改编：王荣辉/绘画：崔君沛于业广/84年3月1版1次64开/印数：28.1万定价：0.22元/市场交流价：/9品：5元/10品：8元,PaddlePaddle
特殊身份的警官,特殊身份的警官,,编文：姚自豪毛一昌 绘画：斐向春,,,编文：姚自豪,姚自豪,编文,编文：毛一昌,毛一昌,编文,绘画：斐向春,斐向春,绘画,,,,,,,,,,湖南美术,湖南美术,,长沙,2,1983,1版1次,64,50万,,20（全套三册）,30,Ref002:251,套书：现代题材,,,特殊身份的警官/出版社：湖南美术/编文：姚自豪毛一昌/绘画：斐向春/83年2月1版1次64开/印数：50万/市场交流价：/9品：20元（全套三册）/10品：30元,PaddlePaddle
特殊身份的警官,特殊身份的警官,,编文：张斌 绘画：谌孝安,,,编文：张斌,张斌,编文,绘画：谌孝安,谌孝安,绘画,,,,,,,,,,,,,少年儿童,少年儿童,,上海,12,1982,1版1次,64,70.5万,0.15,8,15,Ref002:251,套书：现代题材,,,特殊身份的警官/出版社：少年儿童/编文：张斌/绘画：谌孝安/82年12月1版1次64开/印数：70.5万定价：0.15元/市场交流价：/9品：8元/10品：15元,PaddlePaddle
特殊巡官,特殊巡官,,编文：张艾莉 绘画：钱生发古寅,,,编文：张艾莉,张艾莉,编文,绘画：钱生发,钱生发,绘画,绘画：古寅,古寅,绘画,,,,,,,,,,吉林人民,吉林人民,,长春,5,1983,1版2次,64,63.209万,,40（全套六册）,60,Ref002:251,套书：现代题材,,Sic._Author_Core_3,特殊巡官/出版社：吉林人民/编文：张艾莉/绘画：钱生发古寅/83年5月1版2次64开/印数：63.209万/市场交流价：/9品：40元（全套六册）/10品：60元,PaddlePaddle
特殊的巡长,特殊的巡长,,编文：毛亮英 绘画：丁德邻,,,编文：毛亮英,毛亮英,编文,绘画：丁德邻,丁德邻,绘画,,,,,,,,,,,,,江苏人民,江苏人民,,南京,1,1983,1版1次,64,27万,0.27,10,20,Ref002:251,套书：现代题材,,,特殊的巡长/出版社：江苏人民/编文：毛亮英/绘画：丁德邻/83年1月1版1次64开/印数：27万定价：0.27元/市场交流价：/9品：10元/10品：20元,PaddlePaddle
特殊身份的警官,特殊身份的警官,,改编：杨鹏南 绘画：崔海邓枚,,,改编：杨鹏南,杨鹏南,改编,绘画：崔海,崔海,绘画,绘画：邓枚,邓枚,绘画,,,,,,,,,,岭南美术,岭南美术,,广州,6,1984,1版1次,64,10万,0.27,8,15,Ref002:251,套书：现代题材,,Sic._Author_Core_3,特殊身份的警官/出版社：岭南美术/改编：杨鹏南/绘画：崔海邓枚/84年6月1版1次64开/印数：10万定价：0.27元/市场交流价：/9品：8元/10品：15元,PaddlePaddle
特殊身份的警官,特殊身份的警官,,编文：薛炎文 绘画：杨于复,,,编文：薛炎文,薛炎文,编文,绘画：杨于复,杨于复,绘画,,,,,,,,,,,,,天津人民美术,天津人民美术,,天津,3,1983,1版1次,64,24万,0.64,30（全四册）,45,Ref002:251,套书：现代题材,,,特殊身份的警官/出版社：天津人民美术/编文：薛炎文/绘画：杨于复/83年3月1版1次64开/印数：24万定价：0.64元/市场交流价：/9品：30元（全四册）/10品：45元,PaddlePaddle
特殊的战场,特殊的战场,,编文：王海燕 绘画：罗希贤,,,编文：王海燕,王海燕,编文,绘画：罗希贤,罗希贤,绘画,,,,,,,,,,,,,人民美术,人民美术,,,3,1985,1版1次,64,26万,0.44,8,20,Ref002:252,套书：现代题材,,,特殊的战场/出版社：人民美术/编文：王海燕/绘画：罗希贤/85年3月1版1次64开/印数：26万定价：0.44元/市场交流价：/9品：8元/10品：20元,PaddlePaddle
农奴戟（一）,农奴戟,（一）,编文：钟令定兴 绘画：赵兵凯张安武等,,,编文：钟令,钟令,编文,编文：定兴,定兴,编文,绘画：赵兵凯,赵兵凯,绘画,绘画：张安武,张安武,绘画,绘画：等,等,绘画,,,,天津人民美术,天津人民美术,,天津,5,1978,1版1次,64,,0.16,10,20,Ref002:252,套书：现代题材,,Sic._Author_Core_1,农奴戟（一）/出版社：天津人民美术/编文：钟令定兴/绘画：赵兵凯张安武等/78年5月1版1次64开/印数：未详定价：0.16元/市场交流价：/9品：10元/10品：20元,PaddlePaddle
农奴戟（二）,农奴戟,（二）,改编：钟龄定兴 绘画：赵兵凯张安武等,,,改编：钟龄,钟龄,改编,改编：定兴,定兴,改编,绘画：赵兵凯,赵兵凯,绘画,绘画：张安武,张安武,绘画,绘画：等,等,绘画,,,,天津人民美术,天津人民美术,,天津,9,1978,1版1次,64,,0.17,20,30,Ref002:252,套书：现代题材,,,农奴戟（二）/出版社：天津人民美术/改编：钟龄定 兴/绘画：赵兵凯张安武等/78年9月1版1次64开/印数：未详定价：0.17元/市场交流价：/9品：20元/10品：30元,PaddlePaddle
农奴戟（三）,农奴戟,（三）,编文：钟龄定兴 绘画：赵兵凯张安武等,,,编文：钟龄,钟龄,编文,编文：定兴,定兴,编文,绘画：赵兵凯,赵兵凯,绘画,绘画：张安武,张安武,绘画,绘画：等,等,绘画,,,,天津人民美术,天津人民美术,,天津,6,1979,1版1次,64,10万,0.17,30,50,Ref002:252,套书：现代题材,,,农奴戟（三）/出版社：天津人民美术/编文：钟龄定兴/绘画：赵兵凯张安武等/79年6月1版1次64开/印数：10万定价：0.17元/市场交流价：/9品：30元/10品：50元,PaddlePaddle
北山英烈传,北山英烈传,,改编：刘抒 绘画：周时等,,,改编：刘抒,刘抒,改编,绘画：周时,周时,绘画,绘画：等,等,绘画,,,,,,,,,,岭南美术,岭南美术,,广州,6,1984,1版1次,64,93.2万,0.27,8,15,Ref002:252,套书：现代题材,,Sic._Author_Core_2,北山英烈传/出版社：岭南美术/改编：刘抒/绘画：周时等/84年6月1版1次64开/印数：93.2万定价：0.27元/市场交流价：/9品：8元/10品：15元,PaddlePaddle
水勇英烈传,水勇英烈传,,改编：袁润澄 绘画：赖征云,,,改编：袁润澄,袁润澄,改编,绘画：赖征云,赖征云,绘画,,,,,,,,,,,,,岭南美术,岭南美术,,广州,8,1983,1版1次,64,31.8万,0.28,10,20,Ref002:252,套书：现代题材,,,水勇英烈传/出版社：岭南美术/改编：袁润澄/绘画：赖征云/83年8月1版1次64开/印数：31.8万定价：0.28元/市场交流价：/9品：10元/10品：20元,PaddlePaddle
五指山传奇,五指山传奇,,改编：吴之 绘画：蔡仰颜蔡枫,,,改编：吴之,吴之,改编,绘画：蔡仰颜,蔡仰颜,绘画,绘画：蔡枫,蔡枫,绘画,,,,,,,,,,岭南美术,岭南美术,,广州,6,1984,1版1次,64,48.26万,0.27,8,15,Ref002:252,套书：现代题材,,Sic._Author_Core_3,五指山传奇/出版社：岭南美术/改编：吴之/绘画：蔡仰颜蔡枫/84年6月1版1次64开/印数：48.26万定价：0.27元/市场交流价：/9品：8元/10品：15元,PaddlePaddle
双枪女将,双枪女将,,改编：林书鉴 绘画：侯中曦李洁华,,,改编：林书鉴,林书鉴,改编,绘画：侯中曦,侯中曦,绘画,绘画：李洁华,李洁华,绘画,,,,,,,,,,岭南美术,岭南美术,,广州,10,1983,1版1次,64,117万,0.26,5,10,Ref002:252,套书：现代题材,《⼴东英烈传》《⼴东⾰命根据地传奇》均有多种。,,双枪女将/出版社：岭南美术/改编：林书鉴/绘画：侯中曦李洁华/83年10月1版1次64开/印数：117万定价：0.26元/市场交流价：/9品：5元/10品：10元,PaddlePaddle
智歼“中山狼”,智歼“中山狼”,,编文：曲延钧 绘画：郑凯军,,,编文：曲延钧,曲延钧,编文,绘画：郑凯军,郑凯军,绘画,,,,,,,,,,,,,吉林人民,吉林人民,,长春,4,1985,1版1次,64,7.94万,0.34,,,Ref002:253,套书：现代题材,,,智歼“中山狼”/出版社：吉林人民/编文：曲延钧/绘画：郑凯军/85年4月1版1次64开/印数：7.94万定价：0.34元,PaddlePaddle
解放古城,解放古城,,编文：曲延钧 绘画：郑凯军,,,编文：曲延钧,曲延钧,编文,绘画：郑凯军,郑凯军,绘画,,,,,,,,,,,,,吉林人民,吉林人民,,长春,4,1985,1版1次,64,32.5万,0.34,60（全套四册）,100,Ref002:253,套书：现代题材,,,解放古城/出版社：吉林人民/编文：曲延钧/绘画：郑凯军/85年4月1版1次64开/印数：32.5万定价：0.34元/市场交流价：/9品：60元（全套四册）/10品：100元,PaddlePaddle
战斗在九938.2高地,战斗在九938.2高地,,编文：嘉迅 绘画：刘铁泉,,,编文：嘉迅,嘉迅,编文,绘画：刘铁泉,刘铁泉,绘画,,,,,,,,,,,,,辽宁美术,辽宁美术,,沈阳,8,1984,1版1次,60,66.4万,0.15,8,15,Ref002:253,套书：现代题材,,,战斗在九938.2高地/出版社：辽宁美术/编文：嘉迅/绘画：刘铁泉/84年8月1版1次60开/印数：66.4万定价：0.15元/市场交流价：/9品：8元/10品：15元,PaddlePaddle
轿岩山上的红旗,轿岩山上的红旗,,改编：邢国兴 绘画：高向阳,,,改编：邢国兴,邢国兴,改编,绘画：高向阳,高向阳,绘画,,,,,,,,,,,,,辽宁美术,辽宁美术,,沈阳,8,1984,1版1次,64,46.8万,0.15,8,15,Ref002:253,套书：现代题材,《古城游击队》全套四册，三、四分册少见，尤以第三册为全套之筋。,,轿岩山上的红旗/出版社：辽宁美术/改编：邢国兴/绘画：高向阳/84年8月1版1次64开/印数：46.8万 定价：0.15元/市场交流价：/9品：8元/10品：15元,PaddlePaddle
奇袭乌龙镇,奇袭乌龙镇,,改编：安可君 绘画：陈知新孟庆江,,,改编：安可君,安可君,改编,绘画：陈知新,陈知新,绘画,绘画：孟庆江,孟庆江,绘画,,,,,,,,,,甘肃人民,甘肃人民,,兰州,7,1984,1版1次,64,48.9万,0.15,40（全套六册）,60,Ref002:253,套书：现代题材,,,奇袭乌龙镇/出版社：甘肃人民/改编：安可君/绘画：陈知新孟庆江/84年7月1版1次64开/印数：48.9万定价：0.15元/市场交流价：/9品：40元（全套六册）/10品：60元,PaddlePaddle
奇袭乌龙镇,奇袭乌龙镇,,改编：沈沫 绘画：王威王恒东,,,改编：沈沫,沈沫,改编,绘画：王威,王威,绘画,绘画：王恒东,王恒东,绘画,,,,,,,,,,黑龙江美术,黑龙江美术,,哈尔滨,11,1985,1版1次,64,3.8万,0.38,30（全套三册）,50,Ref002:253,套书：现代题材,,,奇袭乌龙镇/出版社：黑龙江美术/改编：沈沫/绘画：王威王恒东/85年11月1版1次64开/印数：3.8万定价：0.38元/市场交流价：/9品：30元（全套三册）/10品：50元,PaddlePaddle
乱世风云,乱世风云,,改编：赵祥汉 绘画：查加伍,,,改编：赵祥汉,赵祥汉,改编,绘画：查加伍,查加伍,绘画,,,,,,,,,,,,,湖北美术,湖北美术,,武汉,4,1989,1版1次,64,4.5万,,60（全套六册）,100,Ref002:253,套书：现代题材,,,乱世风云/出版社：湖北美术/改编：赵祥汉/绘画：查加伍/89年4月1版1次64开/印数：4.5万/市场交流价：/9品：60元（全套六册）/10品：100元,PaddlePaddle
昨天的战争,昨天的战争,,改编：刘维仁 绘画：王晋泰,,,改编：刘维仁,刘维仁,改编,绘画：王晋泰,王晋泰,绘画,,,,,,,,,,,,,辽宁美术,辽宁美术,,沈阳,8,1982,1版1次,64,16.2万,0.24,20（全套三册）,30,Ref002:253,套书：现代题材,,,昨天的战争/出版社：辽宁美术/改编：刘维仁/绘画：王晋泰/82年8月1版1次64开/印数：16.2万定价：0.24元/市场交流价：/9品：20元（全套三册）/10品：30元,PaddlePaddle
智破桃园堡,智破桃园堡,,改编：谭勋王帆 绘画：区本泉黄穗中,,,改编：谭勋,谭勋,改编,改编：王帆,王帆,改编,绘画：区本泉,区本泉,绘画,绘画：黄穗中,黄穗中,绘画,,,,,,,岭南美术,岭南美术,,广州,4,1984,1版2次,64,116.8万,0.25,10,20,Ref002:254,套书：现代题材,,Sic._Author_Core_2,智破桃园堡/出版社：岭南美术/改编：谭勋王帆/绘画：区本泉黄穗中/84年4月1版2次64开/印数：116.8万定价：0.25元/市场交流价：/9品：10元/10品：20元,PaddlePaddle
攻打那横山,攻打那横山,,改编：王帆荣一得等 绘画：洪斯文区本泉等,,,改编：王帆,王帆,改编,改编：荣一得,荣一得,改编,改编：等,等,改编,绘画：洪斯文,洪斯文,绘画,绘画：区本泉,区本泉,绘画,绘画：等,等,绘画,岭南美术,岭南美术,,广州,5,1984,1版2次,64,73万,0.24,10,25,Ref002:254,套书：现代题材,,Sic._Author_Core_1,攻打那横山/出版社：岭南美术/改编：王帆荣一得等/绘画：洪斯文区本泉等/84年5月1版2次64开/印数：73万定价：0.24元/市场交流价：/9品：10元/10品：25元,PaddlePaddle
反正前后,反正前后,,改编：荀修翰 绘画：钱生发罗希贤,,,改编：荀修翰,荀修翰,改编,绘画：钱生发,钱生发,绘画,绘画：罗希贤,罗希贤,绘画,,,,,,,,,,江苏人民,江苏人民,,南京,9,1982,1版1次,64,12万,0.17,,,Ref002:254,套书：现代题材,,,反正前后/出版社：江苏人民/改编：荀修翰/绘画：钱生发罗希贤/82年9月1版1次64开/印数：12万定价：0.17元,PaddlePaddle
革命春秋,革命春秋,,改编：荀修翰 绘画：钱生发叶雄,,,改编：荀修翰,荀修翰,改编,绘画：钱生发,钱生发,绘画,绘画：叶雄,叶雄,绘画,,,,,,,,,,江苏美术,江苏美术,,南京,5,1985,1版1次,64,5.96万,0.32,80（全套）,150,Ref002:254,套书：现代题材,《⼭乡风云录》全套五册，第三、四、五分册少见。另有60开本，在单册中已介绍。《郭沫若之故事》全套六册。第⼀册最为少见。,,革命春秋/出版社：江苏美术/改编：荀修翰/绘画：钱生发叶 雄/85年5月1版1次64开/印数：5.96万定价：0.32元/市场交流价：/9品：80元（全套）/10品：150元,PaddlePaddle
大刀记（五）,大刀记,（五）,改编：褚明灿黄岭 绘画：陈永远,,,改编：褚明灿,褚明灿,改编,改编：黄岭,黄岭,改编,绘画：陈永远,陈永远,绘画,,,,,,,,,,辽宁美术,辽宁美术,,沈阳,10,1981,1版1次,64,76万,0.9,40（全套五册）,60,Ref002:254,套书：现代题材,,,大刀记（五）/出版社：辽宁美术/改编：褚明灿黄岭/绘画：陈永远/81年10月1版1次64开/印数：76万定价：0.90元/市场交流价：/9品：40元（全套五册）/10品：60元,PaddlePaddle
野火春风斗古城（上）,野火春风斗古城,（上）,改编：戈兵 绘画：马廷奎马铭,,,改编：戈兵,戈兵,改编,绘画：马廷奎,马廷奎,绘画,绘画：马铭,马铭,绘画,,,,,,,,,,河北美格[sic.],河北美格[sic.],,,6,1981,1版1次,64,61万,0.44,20（全套二册）,30,Ref002:254,套书：现代题材,,Publisher_sic.,野火春风斗古城（上）/出版社：河北美格/改编：戈兵/绘画：马廷奎马铭/81年6月1版1次64开/印数：61万定价：0.44元/市场交流价：/9品：20元（全套二册）/10品：30元,PaddlePaddle
曹州大捷,曹州大捷,,改编：戚宏王正 绘画：陈光华,,,改编：戚宏,戚宏,改编,改编：王正,王正,改编,绘画：陈光华,陈光华,绘画,,,,,,,,,,安徽人民,安徽人民,,合肥,12,1983,1版1次,64,40.8万,0.15,,,Ref002:254,套书：现代题材,,,曹州大捷/出版社：安徽人民/改编：戚宏王正/绘画：陈光华/83年12月1版1次64开/印数：40.8万定价：0.15元,PaddlePaddle
遵王殒阵,遵王殒阵,,改编：戚宏王正 绘画：陈光华王家龄,,,改编：戚宏,戚宏,改编,改编：王正,王正,改编,绘画：陈光华,陈光华,绘画,绘画：王家龄,王家龄,绘画,,,,,,,安徽人民,安徽人民,,合肥,11,1983,1版1次,64,40.8万,0.15,40（全套五册）,60,Ref002:254,套书：现代题材,,Sic._Author_Core_4,遵王殒阵/出版社：安徽人民/改编：戚宏王正/绘画：陈光华王家龄/83年11月1版1次64开/印数：40.8万定价：0.15元/市场交流价：/9品：40元（全套五册）/10品：60元,PaddlePaddle
夜幕下的哈尔滨（上）,夜幕下的哈尔滨,（上）,改编：士心 绘画：陈云华等,,,改编：士心,士心,改编,绘画：陈云华,陈云华,绘画,绘画：等,等,绘画,,,,,,,,,,浙江少年儿童,浙江少年儿童,,杭州,6,1985,1版1次,64,13.4万,0.39,,,Ref002:255,套书：现代题材,,,夜幕下的哈尔滨（上）/出版社：浙江少年儿童/改编：士心/绘画：陈云华等/85年6月1版1次64开/印数：13.4万定价：0.39元,PaddlePaddle
夜幕下的哈尔滨（下）,夜幕下的哈尔滨,（下）,改编：士心 绘画：王重圭等,,,改编：士心,士心,改编,绘画：王重圭,王重圭,绘画,绘画：等,等,绘画,,,,,,,,,,浙江少年儿童,浙江少年儿童,,杭州,6,1985,1版1次,64,13.4万,0.39,20（全套）,30,Ref002:255,套书：现代题材,,,夜幕下的哈尔滨（下）/出版社：浙江少年儿童/改编：士心/绘画：王重圭等/85年6月1版1次64开/印数：13.4万定价：0.39元/市场交流价：/9品：20元（全套）/10品：30元,PaddlePaddle
夜幕下的哈尔滨,夜幕下的哈尔滨,,改编：方为 绘画：百石卜慧华等,,,改编：方为,方为,改编,绘画：百石,百石,绘画,绘画：卜慧华,卜慧华,绘画,绘画：等,等,绘画,,,,,,,天津人民美术,天津人民美术,,天津,6,1985,1版1次,64,57.9万,1.8,20（全六册）,30,Ref002:255,套书：现代题材,,Sic._Author_Core_2,夜幕下的哈尔滨/出版社：天津人民美术/改编：方为/绘画：百石卜慧华等/85年6月1版1次64开/印数：57.9万定价：1.80元/市场交流价：/9品：20元（全六册）/10品：30元,PaddlePaddle
夜幕下的哈尔滨（上）,夜幕下的哈尔滨,（上）,改编：祥文 绘画：辛宽良王百顺,,,改编：祥文,祥文,改编,绘画：辛宽良,辛宽良,绘画,绘画：王百顺,王百顺,绘画,,,,,,,,,,辽宁美术,辽宁美术,,沈阳,1,1985,1版1次,64,51.2万,0.81,30（全套）,45,Ref002:255,套书：现代题材,,,夜幕下的哈尔滨（上）/出版社：辽宁美术/改编：祥文/绘画：辛宽良 王百顺/85年1月1版1次64开/印数：51.2万定价：0.81元/市场交流价：/9品：30元（全套）/10品：45元,PaddlePaddle
夜幕下的哈尔滨（上）,夜幕下的哈尔滨,（上）,改编：刘书军 绘画：刘如凯,,,改编：刘书军,刘书军,改编,绘画：刘如凯,刘如凯,绘画,,,,,,,,,,,,,湖南美术,湖南美术,,长沙,4,1985,1版1次,64,33万,0.54,20（全二册）,30,Ref002:255,套书：现代题材,,,夜幕下的哈尔滨（上）/出版社：湖南美术/改编：刘书军/绘画：刘如凯/85年4月1版1次64开/印数：33万定价：0.54元/市场交流价：/9品：20元（全二册）/10品：30元,PaddlePaddle
夜幕下的哈尔滨,夜幕下的哈尔滨,,改编：唐风宽 绘画：孙恰明翁家澎,,,改编：唐风宽,唐风宽,改编,绘画：孙恰明,孙恰明,绘画,绘画：翁家澎,翁家澎,绘画,,,,,,,,,,黑龙江美术,黑龙江美术,,哈尔滨,8,1984,1版1次,64,68.1万,,30（全套）,40,Ref002:255,套书：现代题材,,,夜幕下的哈尔滨/出版社：黑龙江美术/改编：唐风宽/绘画：孙恰明 翁家澎/84年8月1版1次64开/印数：68.1万/市场交流价：/9品：30元（全套）/10品：40元,PaddlePaddle
新儿女英雄传（下）,新儿女英雄传,（下）,改编：于凡 绘画：翟万英,,,改编：于凡,于凡,改编,绘画：翟万英,翟万英,绘画,,,,,,,,,,,,,辽宁美术,辽宁美术,,沈阳,8,1982,1版1次,64,80万,0.74,20（全二册）,30,Ref002:255,套书：现代题材,,,新儿女英雄传（下）/X/出版社：辽宁美术/改编：于凡/绘画：翟万英/82年8月1版1次64开/印数：80万定价：0.74元/市场交流价：/9品：20元（全二册）/10品：30元,PaddlePaddle
新儿女英雄传（下）,新儿女英雄传,（下）,改编：毛志毅 绘画：赵兵凯赵千红,,,改编：毛志毅,毛志毅,改编,绘画：赵兵凯,赵兵凯,绘画,绘画：赵千红,赵千红,绘画,,,,,,,,,,天津人民美术,天津人民美术,,天津,11,1982,1版1次,64,23.1万,0.3,25（全二册）,40,Ref002:255,套书：现代题材,,,新儿女英雄传（下）/出版社：天津人民美术/改编：毛志毅/绘画：赵兵凯赵千红/82年11月1版1次64开/印数：23.1万定价：0.30元/市场交流价：/9品：25元（全二册）/10品：40元,PaddlePaddle
冲破封锁线,冲破封锁线,,改编：震钦世春 绘画：季源业季津业,,,改编：震钦,震钦,改编,改编：世春,世春,改编,绘画：季源业,季源业,绘画,绘画：季津业,季津业,绘画,,,,,,,天津人民美术,天津人民美术,,天津,4,1984,1版1次,64,72万,0.19,,,Ref002:256,套书：现代题材,,Sic._Author_Core_2,冲破封锁线/出版社：天津人民美术/改编：震钦世春/绘画：季源业季津业/84年4月1版1次64开/印数：72万定价：0.19元,PaddlePaddle
血战八大集,血战八大集,,改编：震钦世春 绘画：季源业季津业,,,改编：震钦,震钦,改编,改编：世春,世春,改编,绘画：季源业,季源业,绘画,绘画：季津业,季津业,绘画,,,,,,,天津人民美术,天津人民美术,,天津,3,1984,1版1次,64,72万,0.16,,,Ref002:256,套书：现代题材,,Sic._Author_Core_2,血战八大集/出版社：天津人民美术/改编：震钦世 春/绘画：季源业季津业/84年3月1版1次64开/印数：72万定价：0.16元,PaddlePaddle
智斗桃花岛,智斗桃花岛,,改编：震钦世春 绘画：季源业季津业,,,改编：震钦,震钦,改编,改编：世春,世春,改编,绘画：季源业,季源业,绘画,绘画：季津业,季津业,绘画,,,,,,,天津人民美术,天津人民美术,,天津,9,1984,1版1次,64,47万,0.32,30（全套三册）,50,Ref002:256,套书：现代题材,,Sic._Author_Core_2,智斗桃花岛/出版社：天津人民美术/改编：震钦世春/绘画：季源业季津业/84年9月1版1次64开/印数：47万定价：0.32元/市场交流价：/9品：30元（全套三册）/10品：50元,PaddlePaddle
海湾风暴（上下）,海湾风暴,（上下）,改编：浅草 绘画：雷似祖雷宪祖,,,改编：浅草,浅草,改编,绘画：雷似祖,雷似祖,绘画,绘画：雷宪祖,雷宪祖,绘画,,,,,,,,,,云南人民,云南人民,,昆明,10,1985,1版1次,64,1.5万,0.72,25,35,Ref002:256,套书：现代题材,,,海湾风暴（上下）/出版社：云南人民/改编：浅草/绘画：雷似祖 雷宪祖/85年10月1版1次64开/印数：1.5万定价：0.72元/市场交流价：/9品：25元/10品：35元,PaddlePaddle
黑店遇海匪,黑店遇海匪,,改编：贺惠群董为民 绘画：贺惠群,,,改编：贺惠群,贺惠群,改编,改编：董为民,董为民,改编,绘画：贺惠群,贺惠群,绘画,,,,,,,,,,陕西人民,陕西人民,,西安,5,1985,1版1次,64,35.3万,0.34,,,Ref002:256,套书：现代题材,,,黑店遇海匪/出版社：陕西人民/改编：贺惠群董为民/绘画：贺惠群/85年5月1版1次64开/印数：35.3万定价：0.34元,PaddlePaddle
诱敌入草滩,诱敌入草滩,,改编：贺惠群董为民 绘画：贺惠群,,,改编：贺惠群,贺惠群,改编,改编：董为民,董为民,改编,绘画：贺惠群,贺惠群,绘画,,,,,,,,,,陕西人民美术,陕西人民美术,,西安,1,1985,1版1次,64,35.3万,0.34,25（全二册）,40,Ref002:256,套书：现代题材,,,诱敌入草滩/出版社：陕西人民美术/改编：贺惠群董为民/绘画：贺惠群/85年1月1版1次64开/印数：35.3万定价：0.34元/市场交流价：/9品：25元（全二册）/10品：40元,PaddlePaddle
血染桃花岛,血染桃花岛,,编文：许岱招明 绘画：侯德剑等,,,编文：许岱,许岱,编文,编文：招明,招明,编文,绘画：侯德剑,侯德剑,绘画,绘画：等,等,绘画,,,,,,,人民美术,人民美术,,,6,1985,1版1次,64,4万,0.37,40（全三册）,70,Ref002:256,套书：现代题材,,Sic._Author_Core_2,血染桃花岛/出版社：人民美术/编文：许岱招明/绘画：侯德剑等/85年6月1版1次64开/印数：4万定价：0.37元/市场交流价：/9品：40元（全三册）/10品：70元,PaddlePaddle
海啸,海啸,,改编：谷达 绘画：张卫民,,,改编：谷达,谷达,改编,绘画：张卫民,张卫民,绘画,,,,,,,,,,,,,浙江人民美术,浙江人民美术,,杭州,12,1984,1版1次,64,34万,0.39,25,40,Ref002:256,套书：现代题材,《海啸》陕西版，下集未出版。仅有上、中两册。,,海啸/出版社：浙江人民美术/改编：谷达/绘画：张卫民/84年12月1版1次64开/印数：34万定价：0.39元/市场交流价：/9品：25元/10品：40元,PaddlePaddle
孤胆英雄,孤胆英雄,,改编：曾昭仁 绘画：陈有吉,,,改编：曾昭仁,曾昭仁,改编,绘画：陈有吉,陈有吉,绘画,,,,,,,,,,,,,黑龙江美术,黑龙江美术,,哈尔滨,2,1985,1版1次,64,10.1万,0.28,,,Ref002:257,套书：现代题材,,,孤胆英雄/出版社：黑龙江美术/改编：曾昭仁/绘画：陈有吉/85年2月1版1次64开/印数：10.1万定价：0.28元,PaddlePaddle
巧布迷阵,巧布迷阵,,改编：杜春雷 绘画：乔长义孙福林,,,改编：杜春雷,杜春雷,改编,绘画：乔长义,乔长义,绘画,绘画：孙福林,孙福林,绘画,,,,,,,,,,黑龙江美术,黑龙江美术,,哈尔滨,5,1984,1版1次,64,27.35万,0.25,,,Ref002:257,套书：现代题材,,,巧布迷阵/出版社：黑龙江美术/改编：杜春雷/绘画：乔长义孙福林/84年5月1版1次64开/印数：27.35万定价：0.25元,PaddlePaddle
肖飞买药,肖飞买药,,改编：刘梦山 绘画：于凤超,,,改编：刘梦山,刘梦山,改编,绘画：于凤超,于凤超,绘画,,,,,,,,,,,,,黑龙江人民,黑龙江人民,,哈尔滨,7,1984,1版1次,64,59.8万,0.26,,,Ref002:257,套书：现代题材,,,肖飞买药/出版社：黑龙江人民/改编：刘梦山/绘画：于凤超/84年7月1版1次64开/印数：59.8万定价：0.26元,PaddlePaddle
闪战歼敌,闪战歼敌,,改编：王吉厚赵永森 绘画：孙明,,,改编：王吉厚,王吉厚,改编,改编：赵永森,赵永森,改编,绘画：孙明,孙明,绘画,,,,,,,,,,黑龙江美术,黑龙江美术,,哈尔滨,7,1984,1版1次,64,61万,0.26,90（全套）,150,Ref002:257,套书：现代题材,《烈火金刚》黑龙江版，全套七册。天津版全套五册。河北版，全套四册。辽宁版，全套三册。,,闪战歼敌/出版社：黑龙江美术/改编：王吉厚赵永森/绘画：孙明/84年7月1版1次64开/印数：61万定价：0.26元/市场交流价：/9品：90元（全套）/10品：150元,PaddlePaddle
烈火金钢,烈火金钢,,改编：益文 绘画：刘建平尚金声,,,改编：益文,益文,改编,绘画：刘建平,刘建平,绘画,绘画：尚金声,尚金声,绘画,,,,,,,,,,天津人民美术,天津人民美术,,天津,7,1984,1版1次,64,51万,0.19,60（全套）,120,Ref002:257,套书：现代题材,,,烈火金钢/出版社：天津人民美术/改编：益文/绘画：刘建平尚金声/84年7月1版1次64开/印数：51万定价：0.19元/市场交流价：/9品：60元（全套）/10品：120元,PaddlePaddle
烈火金钢,烈火金钢,,改编：竹石 绘画：马廷奎马铭,,,改编：竹石,竹石,改编,绘画：马廷奎,马廷奎,绘画,绘画：马铭,马铭,绘画,,,,,,,,,,河北美术,河北美术,,石家庄,12,1984,1版1次,64,23.5万,0.27,25（全套）,40,Ref002:257,套书：现代题材,,,烈火金钢/出版社：河北美术/改编：竹石/绘画：马廷奎马铭/84年12月1版1次64开/印数：23.5万定价：0.27元/市场交流价：/9品：25元（全套）/10品：40元,PaddlePaddle
烈火金钢,烈火金钢,,改编：戴英 绘画：李永志,,,改编：戴英,戴英,改编,绘画：李永志,李永志,绘画,,,,,,,,,,,,,辽宁美术,辽宁美术,,沈阳,4,1984,1版1次,64,89.85万,0.26,20（全套）,30,Ref002:257,套书：现代题材,,,烈火金钢/出版社：辽宁美术/改编：戴英/绘画：李永志/84年4月1版1次64开/印数：89.85万定价：0.26元/市场交流价：/9品：20元（全套）/10品：30元,PaddlePaddle
烈火金钢,烈火金钢,,改编：沈彤 绘画：曾成金,,,改编：沈彤,沈彤,改编,绘画：曾成金,曾成金,绘画,,,,,,,,,,,,,浙江人民美术,浙江人民美术,,杭州,4,1984,1版1次,64,62万,0.28,15,25,Ref002:257,套书：现代题材,,,烈火金钢/出版社：浙江人民美术/改编：沈彤/绘画：曾成金/84年4月1版1次64开/印数：62万定价：0.28元/市场交流价：/9品：15元/10品：25元,PaddlePaddle
林海雪原（中）,林海雪原,（中）,改编：南原 绘画：赵明钧,,,改编：南原,南原,改编,绘画：赵明钧,赵明钧,绘画,,,,,,,,,,,,,辽宁美术,辽宁美术,,沈阳,7,1984,1版2次,64,79万,0.28,40（全三册）,60,Ref002:258,套书：现代题材,,,林海雪原（中）/出版社：辽宁美术/改编：南原/绘画：赵明钧/84年7月1版2次64开/印数：79万定价：0.28元/市场交流价：/9品：40元（全三册）/10品：60元,PaddlePaddle
林海雪原（二）,林海雪原,（二）,改编：王星北 绘画：罗兴王亦秋,,,改编：王星北,王星北,改编,绘画：罗兴,罗兴,绘画,绘画：王亦秋,王亦秋,绘画,,,,,,,,,,上海人民美术,上海人民美术,,上海,3,1978,2版1次,60,,0.13,40（全五册）,100,Ref002:258,套书：现代题材,,,林海雪原（二）/出版社：上海人民美术/改编：王星北/绘画：罗兴王亦秋/78年3月2版1次60开/印数：未详定价：0.13元/市场交流价：/9品：40元（全五册）/10品：100元,PaddlePaddle
铁道游击队（二）,铁道游击队,（二）,改编：董子畏 绘画：丁斌曾韩和平,,,改编：董子畏,董子畏,改编,绘画：丁斌曾,丁斌曾,绘画,绘画：韩和平,韩和平,绘画,,,,,,,,,,上海人民美术,上海人民美术,,上海,2,1978,2版1次,60,,0.17,90（全十册）,200,Ref002:258,套书：现代题材,,,铁道游击队（二）/出版社：上海人民美术/改编：董子畏/绘画：丁斌曾韩和平/78年2月2版1次60开/印数：未详定价：0.17元/市场交流价：/9品：90元（全十册）/10品：200元,PaddlePaddle
潜龙风云（一）,潜龙风云,（一）,编文：王恩国 绘画：戴成友,,,编文：王恩国,王恩国,编文,绘画：戴成友,戴成友,绘画,,,,,,,,,,,,,吉林美术,吉林美术,,长春,6,1985,1版1次,64,6.37万,0.35,60（全套）,100,Ref002:258,套书：现代题材,,,潜龙风云(一）/出版社：吉林美术/编文：王恩国/绘画：戴成友/85年6月1版1次64开/印数：6.37万定价：0.35元/市场交流价：/9品：60元（全套）/10品：100元,PaddlePaddle
鸦片战争演义,鸦片战争演义,,编文：辛大明 绘画：郭怀仁栗华,,,编文：辛大明,辛大明,编文,绘画：郭怀仁,郭怀仁,绘画,绘画：栗华,栗华,绘画,,,,,,,,,,农村读物,农村读物,,北京,8,1985,1版1次,64,,0.35,40（全套）,60,Ref002:258,套书：现代题材,,,鸦片战争演义/出版社：农村读物/编文：辛大明/绘画：郭怀仁栗华/85年8月1版1次64开/印数：未详定价：0.35元/市场交流价：/9品：40元（全套）/10品：60元,PaddlePaddle
西沙海战,西沙海战,,编文：祝武 绘画：滕英杰隋自更,,,编文：祝武,祝武,编文,绘画：滕英杰,滕英杰,绘画,绘画：隋自更,隋自更,绘画,,,,,,,,,,海洋,海洋,,上海,4,1983,1版1次,64,,0.2,80（全十册）,100,Ref002:258,套书：现代题材,,,西沙海战/出版社：海洋/编文：祝武/绘画：滕英杰隋自更/83年4月1版1次64开/印数：未详定价：0.20元/市场交流价：/9品：80元（全十册）/10品：100元,PaddlePaddle
火烧据点,火烧据点,,改编：祝自明 绘画：潘小庆卢浩,,,改编：祝自明,祝自明,改编,绘画：潘小庆,潘小庆,绘画,绘画：卢浩,卢浩,绘画,,,,,,,,,,福建人民,福建人民,,福州,9,1980,1版1次,64,31万,0.16,40（全三册）,60,Ref002:258,套书：现代题材,,Sic._Author_Core_3,火烧据点/出版社：福建人民/改编：祝自明/绘画：潘小庆卢浩/80年9月1版1次64开/印数：31万定价：0.16元/市场交流价：/9品：40元（全三册）/10品：60元,PaddlePaddle
红色街垒,红色街垒,,改编：王何 绘画：陆佳,,,改编：王何,王何,改编,绘画：陆佳,陆佳,绘画,,,,,,,,,,,,,广东人民,广东人民,,广州,9,1984,1版1次,64,,0.24,,,Ref002:258,套书：现代题材,《少年连环画库》广东版，出版有三十几种，未有完整目录及确定成套者。,,红色街垒/出版社：广东人民/改编：王何/绘画：陆佳/84年9月1版1次64开/印数：未详定价：0.24元,PaddlePaddle
白毛女,白毛女,,编文：集体 绘画：集体,,,编文：集体,集体,编文,绘画：集体,集体,绘画,,,,,,,,,,,,,上海人民,上海人民,,上海,9,1971,1版1次,60,,0.18,200,600,Ref002:259,套书：现代题材,,,白毛女/出版社：上海人民/编文：集体/绘画：集体/71年9月1版1次60开/印数：未详定价：0.18元/市场交流价：/9品：200元/10品：600元,PaddlePaddle
红色娘子军,红色娘子军,,编文：集体 绘画：集体,,,编文：集体,集体,编文,绘画：集体,集体,绘画,,,,,,,,,,,,,上海人民,上海人民,,上海,1,1971,1版1次,60,,0.17,180,400,Ref002:259,套书：现代题材,,,红色娘子军/出版社：上海人民/编文：集体/绘画：集体/71年1月1版1次60开/印数：未详定价：0.17元/市场交流价：/9品：180元/10品：400元,PaddlePaddle
红灯记,红灯记,,编文：集体 绘画：集体,,,编文：集体,集体,编文,绘画：集体,集体,绘画,,,,,,,,,,,,,上海市出版革命组,上海市出版革命组,,上海,9,1970,1版1次,60,,0.18,250,600,Ref002:259,套书：现代题材,,,红灯记/出版社：上海市出版革命组/编文：集体/绘画：集体/70年9月1版1次60开/印数：未详 定价：0.18元/市场交流价：/9品：250元/10品：600元,PaddlePaddle
沙家浜,沙家浜,,编文：集体 绘画：集体,,,编文：集体,集体,编文,绘画：集体,集体,绘画,,,,,,,,,,,,,上海人民,上海人民,,上海,6,1971,1版1次,60,,0.21,250,600,Ref002:259,套书：现代题材,,,沙家浜/出版社：上海人民/编文：集体/绘画：集体/71年6月1版1次60开/印数：未详 定价：0.21元/市场交流价：/9品：250元/10品：600元,PaddlePaddle
智取威虎山,智取威虎山,,改编：集体 绘画：集体,,,改编：集体,集体,改编,绘画：集体,集体,绘画,,,,,,,,,,,,,上海市出版革命组,上海市出版革命组,,上海,5,1970,1版1次,60,,0.2,250,700,Ref002:259,套书：现代题材,,,9 智取威虎山/出版社：上海市出版革命组/改编：集体/绘画：集体/70年5月1版1次60开/印数：未详定价：0.20元/市场交流价：/9品：250元/10品：700元,PaddlePaddle
海港,海港,,改编：王良莹 绘画：潘晋华等,,,改编：王良莹,王良莹,改编,绘画：潘晋华,潘晋华,绘画,绘画：等,等,绘画,,,,,,,,,,上海人民,上海人民,,上海,12,1973,1版1次,60,50万,0.19,300,700,Ref002:259,套书：现代题材,,,海港/出版社：上海人民/改编：王良莹/绘画：潘晋华等/73年12月1版1次60开/印数：50万定价：0.19元/市场交流价：/9品：300元/10品：700元,PaddlePaddle
龙江颂,龙江颂,,改编：周云发王良莹 绘画：邹越非钱生发等,,,改编：周云发,周云发,改编,改编：王良莹,王良莹,改编,绘画：邹越非,邹越非,绘画,绘画：钱生发,钱生发,绘画,绘画：等,等,绘画,,,,上海人民,上海人民,,上海,9,1974,1版1次,60,300万,0.18,300,800,Ref002:259,套书：现代题材,,,龙江颂/出版社：上海人民/改编：周云发王良莹/绘画：邹越非钱生发等/74年9月1版1次60开/印数：300万定价：0.18元/市场交流价：/9品：300元/10品：800元,PaddlePaddle
奇袭白虎团,奇袭白虎团,,改编：集体 绘画：集体,,,改编：集体,集体,改编,绘画：集体,集体,绘画,,,,,,,,,,,,,山东人民,山东人民,,济南,3,1972,1版1次,60,,0.2,250,600,Ref002:259,套书：现代题材,,,奇袭白虎团/出版社：山东人民/改编：集体/绘画：集体/72年3月1版1次60开/印数：未详定价：0.20元/市场交流价：/9品：250元/10品：600元,PaddlePaddle
红灯记,红灯记,,改编：集体 绘画：集体,,,改编：集体,集体,改编,绘画：集体,集体,绘画,,,,,,,,,,,,,人民美术,人民美术,,,5,1971,1版1次,60,,0.2,150,350,Ref002:260,套书：现代题材,,,红灯记/出版社：人民美术/改编：集体/绘画：集体/71年5月1版1次60开/印数：未详定价：0.20元/市场交流价：/9品：150元/10品：350元,PaddlePaddle
红灯记,红灯记,,编文：集体 绘画：集体,,,编文：集体,集体,编文,绘画：集体,集体,绘画,,,,,,,,,,,,,中国人民解放军,中国人民解放军,,,2,1971,1版1次,60,,,180,400,Ref002:260,套书：现代题材,,,红灯记/出版社：中国人民解放军/编文：集体/绘画：集体/71年2月1版1次60开/印数：未详 无定价/市场交流价：/9品：180元/10品：400元,PaddlePaddle
红色娘子军,红色娘子军,,编文：集体 绘画：集体,,,编文：集体,集体,编文,绘画：集体,集体,绘画,,,,,,,,,,,,,浙江人民,浙江人民,,杭州,3,1971,1版1次,60,,0.12,150,300,Ref002:260,套书：现代题材,,,红色娘子军/出版社：浙江人民/编文：集体/绘画：集体/71年3月1版1次60开/印数：未详定价：0.12元/市场交流价：/9品：150元/10品：300元,PaddlePaddle
海港,海港,,编文：集体 绘画：集体,,,编文：集体,集体,编文,绘画：集体,集体,绘画,,,,,,,,,,,,,天津人民美术,天津人民美术,,天津,8,1973,1版1次,60,,0.18,180,400,Ref002:260,套书：现代题材,,,海港/出版社：天津人民美术/编文：集体/绘画：集体/73年8月1版1次60开/印数：未详定价：0.18元/市场交流价：/9品：180元/10品：400元,PaddlePaddle
智取威虎山,智取威虎山,,编文：集体 绘画：集体,,,编文：集体,集体,编文,绘画：集体,集体,绘画,,,,,,,,,,,,,广东人民,广东人民,,广州,5,1970,1版1次,60,,0.33,350,1000,Ref002:260,套书：现代题材,,,智取威虎山/出版社：广东人民/编文：集体/绘画：集体/70年5月1版1次60开/印数：未详定价：0.33元/市场交流价：/9品：350元/10品：1000元,PaddlePaddle
平原作战,平原作战,,改编：庄宏安 绘画：施大畏等,,,改编：庄宏安,庄宏安,改编,绘画：施大畏,施大畏,绘画,绘画：等,等,绘画,,,,,,,,,,上海人民,上海人民,,上海,4,1976,1版1次,64,,0.17,150,350,Ref002:260,套书：现代题材,,,平原作战/出版社：上海人民/改编：庄宏安/绘画：施大畏等/76年4月1版1次64开/印数：未详定价：0.17元/市场交流价：/9品：150元/10品：350元,PaddlePaddle
白毛女,白毛女,,改编：集体 绘画：集体,,,改编：集体,集体,改编,绘画：集体,集体,绘画,,,,,,,,,,,,,天津人民,天津人民,,天津,2,1971,1版1次,60,,0.17,150,300,Ref002:260,套书：现代题材,,,白毛女/出版社：天津人民/改编：集体/绘画：集体/71年2月1版1次60开/印数：未详定价：0.17元/市场交流价：/9品：150元/10品：300元,PaddlePaddle
白毛女,白毛女,,改编：集体 绘画：集体,,,改编：集体,集体,改编,绘画：集体,集体,绘画,,,,,,,,,,,,,河北人民,河北人民,,石家庄,12,1971,1版1次,60,,0.16,200,350,Ref002:260,套书：现代题材,,,白毛女/出版社：河北人民/改编：集体/绘画：集体/71年12月1版1次60开/印数：未详定价：0.16元/市场交流价：/9品：200元/10品：350元,PaddlePaddle
红骨烈火,红骨烈火,,编文：陆苇 绘画：龚东明,,,编文：陆苇,陆苇,编文,绘画：龚东明,龚东明,绘画,,,,,,,,,,,,,江苏人民,江苏人民,,南京,5,1982,1版1次,64,64.1万,0.11,10,20,Ref002:261,套书：现代题材,,,红骨烈火/出版社：江苏人民/编文：陆苇/绘画：龚东明/82年5月1版1次64开/印数：64.1万定价：0.11元/市场交流价：/9品：10元/10品：20元,PaddlePaddle
坚贞不屈,坚贞不屈,,编文：张震麟 绘画：金立德,,,编文：张震麟,张震麟,编文,绘画：金立德,金立德,绘画,,,,,,,,,,,,,江苏人民,江苏人民,,南京,4,1982,1版1次,64,20.6万,0.14,15,25,Ref002:261,套书：现代题材,,,坚贞不屈/出版社：江苏人民/编文：张震麟/绘画：金立德/82年4月1版1次64开/印数：20.6万定价：0.14元/市场交流价：/9品：15元/10品：25元,PaddlePaddle
韶山青松,韶山青松,,编文：曾立平 绘画：钱生发邹越非,,,编文：曾立平,曾立平,编文,绘画：钱生发,钱生发,绘画,绘画：邹越非,邹越非,绘画,,,,,,,,,,江苏人民,江苏人民,,南京,4,1979,1版1次,64,19万,0.13,15,25,Ref002:261,套书：现代题材,,,韶山青松/出版社：江苏人民/编文：曾立平/绘画：钱生发邹越非/79年4月1版1次64开/印数：19万定价：0.13元/市场交流价：/9品：15元/10品：25元,PaddlePaddle
女中英烈,女中英烈,,编文：蔡之湘 绘画：吴元奎,,,编文：蔡之湘,蔡之湘,编文,绘画：吴元奎,吴元奎,绘画,,,,,,,,,,,,,江苏美术,江苏美术,,南京,6,1984,1版1次,64,11.7万,0.22,20,40,Ref002:261,套书：现代题材,《雨花台革命烈士故事》，应在十种左右，具体未详。,,女中英烈/出版社：江苏美术/编文：蔡之湘/绘画：吴元奎/84年6月1版1次64开/印数：11.7万定价：0.22元/市场交流价：/9品：20元/10品：40元,PaddlePaddle
女中豪杰,女中豪杰,,改编：赖祥 绘画：朱黎黎,,,改编：赖祥,赖祥,改编,绘画：朱黎黎,朱黎黎,绘画,,,,,,,,,,,,,江苏美术,江苏美术,,南京,2,1985,1版1次,64,16.88万,0.29,20,40,Ref002:261,套书：现代题材,,,女中豪杰/出版社：江苏美术/改编：赖祥/绘画：朱黎黎/85年2月1版1次64开/印数：16.88万定价：0.29元/市场交流价：/9品：20元/10品：40元,PaddlePaddle
只要主义真,只要主义真,,改编：刘贞子等 绘画：叶雄等,,,改编：刘贞子,刘贞子,改编,改编：等,等,改编,绘画：叶雄,叶雄,绘画,绘画：等,等,绘画,,,,,,,上海人民美术,上海人民美术,,上海,3,1983,1版1次,64,12万,0.12,10,20,Ref002:261,套书：现代题材,,,只要主义真/出版社：上海人民美术/改编：刘贞子等/绘画：叶雄等/83年3月1版1次64开/印数：12万定价：0.12元/市场交流价：/9品：10元/10品：20元,PaddlePaddle
大江歌罢掉头东,大江歌罢掉头东,,改编：郁馥华等 绘画：胡志荣等,,,改编：郁馥华,郁馥华,改编,改编：等,等,改编,绘画：胡志荣,胡志荣,绘画,绘画：等,等,绘画,,,,,,,上海人民美术,上海人民美术,,上海,12,1984,1版1次,64,10万,0.27,10,20,Ref002:261,套书：现代题材,,,大江歌罢掉头东/出版社：上海人民美术/改编：郁馥华等/绘画：胡志荣等/84年12月1版1次64开/印数：10万定价：0.27元/市场交流价：/9品：10元/10品：20元,PaddlePaddle
囚歌,囚歌,,编文：姚胥隆等 绘画：冯正梁张培础等,,,编文：姚胥隆,姚胥隆,编文,编文：等,等,编文,绘画：冯正梁,冯正梁,绘画,绘画：张培础,张培础,绘画,绘画：等,等,绘画,,,,上海人民美术,上海人民美术,,上海,8,1984,1版1次,64,5.9万,0.18,20,30,Ref002:261,套书：现代题材,《革命诗歌》，全套四册。《囚歌》一种，较少。另有一册《爱火飘飞》，也少见。,,囚歌/出版社：上海人民美术/编文：姚胥隆等 ./绘画：冯正梁张培础等/84年8月1版1次64开/印数：5.9万定价：0.18元/市场交流价：/9品：20元/10品：30元,PaddlePaddle
邱少云,邱少云,,改编：集体 绘画：集体,,,改编：集体,集体,改编,绘画：集体,集体,绘画,,,,,,,,,,,,,上海人民,上海人民,,上海,7,1971,1版1次,60,,0.12,80,200,Ref002:262,套书：现代题材,,,0 邱少云/出版社：上海人民/改编：集体/绘画：集体/71年7月1版1次60开/印数：未详定价：0.12元/市场交流价：/9品：80元/10品：200元,PaddlePaddle
罗盛教,罗盛教,,编文：陈梅鼎 绘画：集体,,,编文：陈梅鼎,陈梅鼎,编文,绘画：集体,集体,绘画,,,,,,,,,,,,,上海人民,上海人民,,上海,7,1973,1版1次,60,120万,0.13,80,180,Ref002:262,套书：现代题材,,,罗盛教/出版社：上海人民/编文：陈梅鼎/绘画：集体/73年7月1版1次60开/印数：120万定价：0.13元/市场交流价：/9品：80元/10品：180元,PaddlePaddle
杨根思,杨根思,,编文：集体 绘画：集体,,,编文：集体,集体,编文,绘画：集体,集体,绘画,,,,,,,,,,,,,上海人民,上海人民,,上海,3,1972,1版1次,60,,0.12,80,180,Ref002:262,套书：现代题材,,,杨根思/出版社：上海人民/编文：集体/绘画：集体/72年3月1版1次60开/印数：未详定价：0.12元/市场交流价：/9品：80元/10品：180元,PaddlePaddle
黄继光,黄继光,,编文：集体 绘画：集体,,,编文：集体,集体,编文,绘画：集体,集体,绘画,,,,,,,,,,,,,上海人民,上海人民,,上海,10,1970,1版1次,60,,0.16,100,250,Ref002:262,套书：现代题材,,,7/黄继光/6/出版社：上海人民/编文：集体/绘画：集体/70年10月1版1次60开/印数：未详定价：0.16元/市场交流价：/9品：100元/10品：250元,PaddlePaddle
刘英俊,刘英俊,,编文：集体 绘画：集体,,,编文：集体,集体,编文,绘画：集体,集体,绘画,,,,,,,,,,,,,上海人民,上海人民,,上海,9,1971,1版1次,60,,0.11,100,300,Ref002:262,套书：现代题材,,,刘英俊/出版社：上海人民/编文：集体/绘画：集体/71年9月1版1次60开/印数：未详定价：0.11元/市场交流价：/9品：100元/10品：300元,PaddlePaddle
杨连第,杨连第,,编文：王成荣 绘画：毛震耀,,,编文：王成荣,王成荣,编文,绘画：毛震耀,毛震耀,绘画,,,,,,,,,,,,,上海人民,上海人民,,上海,5,1975,1版1次,64,60万,0.11,30,100,Ref002:262,套书：现代题材,,,杨连第/出版社：上海人民/编文：王成荣/绘画：毛震耀/75年5月1版1次64开/印数：60万定价：0.11元/市场交流价：/9品：30元/10品：100元,PaddlePaddle
捣狼窝,捣狼窝,,改编：可蒙 绘画：汪绚秋,,,改编：可蒙,可蒙,改编,绘画：汪绚秋,汪绚秋,绘画,,,,,,,,,,,,,上海人民美术,上海人民美术,,上海,5,1984,2版4次,64,86万,0.25,,,Ref002:262,套书：现代题材,,,捣狼窝/出版社：上海人民美术/改编：可蒙/绘画：汪绚秋/84年5月2版4次64开/印数：86万定价：0.25元,PaddlePaddle
破敌堡,破敌堡,,改编：可蒙 绘画：汪绚秋,,,改编：可蒙,可蒙,改编,绘画：汪绚秋,汪绚秋,绘画,,,,,,,,,,,,,上海人民美术,上海人民美术,,上海,2,1984,2版4次,64,84万,0.23,80（全套四册）,150,Ref002:262,套书：现代题材,,,破敌堡/出版社：上海人民美术/改编：可蒙/绘画：汪绚秋/84年2月2版4次64开/印数：84万定价：0.23元/市场交流价：/9品：80元（全套四册）/10品：150元,PaddlePaddle
瞿秋白,瞿秋白,,编文：任其钟 绘画：林加冰贝家骧,,,编文：任其钟,任其钟,编文,绘画：林加冰,林加冰,绘画,绘画：贝家骧,贝家骧,绘画,,,,,,,,,,安徽人民,安徽人民,,合肥,5,1984,1版1次,64,12万,0.24,10,25,Ref002:263,套书：现代题材,,,瞿秋白/出版社：安徽人民/编文：任其钟/绘画：林加冰贝家骧/84年5月1版1次64开/印数：12万定价：0.24元/市场交流价：/9品：10元/10品：25元,PaddlePaddle
大地的女儿,大地的女儿,,编文：李大发 绘画：王永强,,,编文：李大发,李大发,编文,绘画：王永强,王永强,绘画,,,,,,,,,,,,,安徽人民,安徽人民,,合肥,5,1984,1版1次,64,16万,0.17,10,20,Ref002:263,套书：现代题材,,,大地的女儿/出版社：安徽人民/编文：李大发/绘画：王永强/84年5月1版1次64开/印数：16万定价：0.17元/市场交流价：/9品：10元/10品：20元,PaddlePaddle
汉皋碧血,汉皋碧血,,编文：张体文 绘画：乐明祥,,,编文：张体文,张体文,编文,绘画：乐明祥,乐明祥,绘画,,,,,,,,,,,,,安徽人民,安徽人民,,合肥,7,1983,1版1次,64,,0.14,10,15,Ref002:263,套书：现代题材,,,汉皋碧血/出版社：安徽人民/编文：张体文/绘画：乐明祥/83年7月1版1次64开/印数：未详定价：0.14元/市场交流价：/9品：10元/10品：15元,PaddlePaddle
跃马扬刀,跃马扬刀,,编文：路志纯 绘画：陈光华,,,编文：路志纯,路志纯,编文,绘画：陈光华,陈光华,绘画,,,,,,,,,,,,,安徽人民,安徽人民,,合肥,7,1983,1版1次,64,,0.14,20,30,Ref002:263,套书：现代题材,《革命先辈故事丛书》共六种。,,跃马扬刀/出版社：安徽人民/编文：路志纯/绘画：陈光华/83年7月1版1次64开/印数：未详定价：0.14元/市场交流价：/9品：20元/10品：30元,PaddlePaddle
智擒“独眼龙”,智擒“独眼龙”,,编文：刘天平杜之训 绘画：葛志仁,,,编文：刘天平,刘天平,编文,编文：杜之训,杜之训,编文,绘画：葛志仁,葛志仁,绘画,,,,,,,,,,安徽人民,安徽人民,,合肥,1,1984,1版1次,64,53万,0.15,15,30,Ref002:263,套书：现代题材,,,智擒“独眼龙”/出版社：安徽人民/编文：刘天平杜之训/绘画：葛志仁/84年1月1版1次64开/印数：53万定价：0.15元/市场交流价：/9品：15元/10品：30元,PaddlePaddle
不畏冷枪的战士,不畏冷枪的战士,,编文：吴一文 绘画：张瑞林沈林,,,编文：吴一文,吴一文,编文,绘画：张瑞林,张瑞林,绘画,绘画：沈林,沈林,绘画,,,,,,,,,,安徽美术,安徽美术,,合肥,3,1985,1版1次,64,8万,0.28,20,40,Ref002:263,套书：现代题材,,Sic._Author_Core_3,不畏冷枪的战士/出版社：安徽美术/编文：吴一文/绘画：张瑞林沈林/85年3月1版1次64开/印数：8万定价：0.28元/市场交流价：/9品：20元/10品：40元,PaddlePaddle
敌后武工队,敌后武工队,,改编：集体 绘画：集体,,,改编：集体,集体,改编,绘画：集体,集体,绘画,,,,,,,,,,,,,天津人民美术,天津人民美术,,天津,1,1973,1版1次,64,,0.13,90（全五册）,200,Ref002:263,套书：现代题材,,,敌后武工队/出版社：天津人民美术/改编：集体/绘画：集体/73年1月1版1次64开/印数：未详定价：0.13元/市场交流价：/9品：90元（全五册）/10品：200元,PaddlePaddle
敌后武工队,敌后武工队,,改编：颜枫 绘画：王玉良周恩连,,,改编：颜枫,颜枫,改编,绘画：王玉良,王玉良,绘画,绘画：周恩连,周恩连,绘画,,,,,,,,,,辽宁美术,辽宁美术,,沈阳,6,1982,1版1次,64,98万,0.25,20（全三册）,30,Ref002:263,套书：现代题材,,,敌后武工队/出版社：辽宁美术/改编：颜枫/绘画：王玉良周恩连/82年6月1版1次64开/印数：98万定价：0.25元/市场交流价：/9品：20元（全三册）/10品：30元,PaddlePaddle
桐柏英雄（上）,桐柏英雄,（上）,改编：石上流 绘画：陈水远,,,改编：石上流,石上流,改编,绘画：陈水远,陈水远,绘画,,,,,,,,,,,,,江西人民,江西人民,,南昌,12,1974,1版1次,60,80万,0.2,,,Ref002:264,套书：现代题材,,,桐柏英雄(上)/出版社：江西人民/改编：石上流/绘画：陈水远/74年12月1版1次60开/印数：80万定价：0.20元,PaddlePaddle
桐柏英雄（中）,桐柏英雄,（中）,改编：石上流 绘画：陈水远,,,改编：石上流,石上流,改编,绘画：陈水远,陈水远,绘画,,,,,,,,,,,,,江西人民,江西人民,,南昌,5,1975,1版1次,60,80万,0.21,,,Ref002:264,套书：现代题材,,,桐柏英雄 (中)/出版社：江西人民/改编：石上流/绘画：陈水远/75年5月1版1次60开/印数：80万定价：0.21元,PaddlePaddle
桐柏英雄（下）,桐柏英雄,（下）,编文：石上流 绘画：陈水运,,,编文：石上流,石上流,编文,绘画：陈水运,陈水运,绘画,,,,,,,,,,,,,江西人民,江西人民,,南昌,11,1975,1版1次,60,80万,0.21,180（全套）,300,Ref002:264,套书：现代题材,,,桐柏英雄(下)/出版社：江西人民/编文：石上流/绘画：陈水运/75年11月1版1次60开/印数：80万定价：0.21元/市场交流价：/9品：180元（全套）/10品：300元,PaddlePaddle
桐柏英雄,桐柏英雄,,改编：定兴 绘画：叶永森等,,,改编：定兴,定兴,改编,绘画：叶永森,叶永森,绘画,绘画：等,等,绘画,,,,,,,,,,天津人民美术,天津人民美术,,天津,6,1976,1版1次,64,,0.17,80（全套）,150,Ref002:264,套书：现代题材,,,桐柏英雄/出版社：天津人民美术/改编：定兴/绘画：叶永森等/76年6月1版1次64开/印数：未详定价：0.17元/市场交流价：/9品：80元（全套）/10品：150元,PaddlePaddle
沸腾的群山（一）,沸腾的群山,（一）,改编：李兴柞 绘画：吴富佳蔡国栋,,,改编：李兴柞,李兴柞,改编,绘画：吴富佳,吴富佳,绘画,绘画：蔡国栋,蔡国栋,绘画,,,,,,,,,,人民美术,人民美术,,,9,1973,1版1次,64,100万,0.19,20,40,Ref002:264,套书：现代题材,,,沸腾的群山(一)/出版社：人民美术/改编：李兴柞/绘画：吴富佳蔡国栋/73年9月1版1次64开/印数：100万定价：0.19元/市场交流价：/9品：20元/10品：40元,PaddlePaddle
沸腾的群山（二）,沸腾的群山,（二）,编文：李兴柞 绘画：吴富佳蔡国栋,,,编文：李兴柞,李兴柞,编文,绘画：吴富佳,吴富佳,绘画,绘画：蔡国栋,蔡国栋,绘画,,,,,,,,,,人民美术,人民美术,,,3,1975,1版1次,64,30万,0.18,10,20,Ref002:264,套书：现代题材,,,0/沸腾的群山（二）/出版社：人民美术/编文：李兴柞/绘画：吴富佳蔡国栋/75年3月1版1次64开/印数：30万定价：0.18元/市场交流价：/9品：10元/10品：20元,PaddlePaddle
沸腾的群山（三）,沸腾的群山,（三）,改编：李兴柞 绘画：吴富佳蔡国栋,,,改编：李兴柞,李兴柞,改编,绘画：吴富佳,吴富佳,绘画,绘画：蔡国栋,蔡国栋,绘画,,,,,,,,,,人民美术,人民美术,,,8,1978,1版1次,64,89万,0.17,25,50,Ref002:264,套书：现代题材,,,沸腾的群山(三）/出版社：人民美术/改编：李兴柞/绘画：吴富佳蔡国栋/78年8月1版1次64开/印数：89万定价：0.17元/市场交流价：/9品：25元/10品：50元,PaddlePaddle
沸腾的群山,沸腾的群山,,改编：集体 绘画：集体,,,改编：集体,集体,改编,绘画：集体,集体,绘画,,,,,,,,,,,,,吉林人民,吉林人民,,长春,4,1973,1版1次,64,181万,0.18,15,30,Ref002:264,套书：现代题材,,,沸腾的群山/出版社：吉林人民/改编：集体/绘画：集体/73年4月1版1次64开/印数：181万定价：0.18元/市场交流价：/9品：15元/10品：30元,PaddlePaddle
山乡巨变（一）,山乡巨变,（一）,改编：董子畏 绘画：贺友直,,,改编：董子畏,董子畏,改编,绘画：贺友直,贺友直,绘画,,,,,,,,,,,,,上海人民,上海人民,,上海,6,1978,2版8次,64,,0.16,,,Ref002:265,套书：现代题材,,,山乡巨变(一)/出版社：上海人民/改编：董子畏/绘画：贺友直/78年6月2版8次64开/印数：未详定价：0.16元,PaddlePaddle
山乡巨变（二）,山乡巨变,（二）,改编：董子畏 绘画：贺友直,,,改编：董子畏,董子畏,改编,绘画：贺友直,贺友直,绘画,,,,,,,,,,,,,上海人民美术,上海人民美术,,上海,6,1978,2版7次,64,,0.15,,,Ref002:265,套书：现代题材,,,山乡巨变（二）/出版社：上海人民美术/改编：董子畏/绘画：贺友直/78年6月2版7次64开/印数：未详定价：0.15元,PaddlePaddle
山乡巨变（三）,山乡巨变,（三）,改编：董子畏 绘画：贺友直,,,改编：董子畏,董子畏,改编,绘画：贺友直,贺友直,绘画,,,,,,,,,,,,,上海人民美术,上海人民美术,,上海,6,1978,2版7次,64,,0.14,280（全套）,600,Ref002:265,套书：现代题材,,,山乡巨变(三)/出版社：上海人民美术/改编：董子畏/绘画：贺友直/78年6月2版7次64开/印数：未详定价：0.14元/市场交流价：/9品：280元（全套）/10品：600元,PaddlePaddle
红日,红日,,编文：王星北 绘画：汪观清,,,编文：王星北,王星北,编文,绘画：汪观清,汪观清,绘画,,,,,,,,,,,,,上海人民美术,上海人民美术,,上海,9,1978,2版8次,64,102.5万,0.16,60（全四册）,120,Ref002:265,套书：现代题材,,,红日/出版社：上海人民美术/编文：王星北/绘画：汪观清/78年9月2版8次64开/印数：102.5万定价：0.16元/市场交流价：/9品：60元（全四册）/10品：120元,PaddlePaddle
艳阳天（一）,艳阳天,（一）,改编：集体 绘画：集体,,,改编：集体,集体,改编,绘画：集体,集体,绘画,,,,,,,,,,,,,人民美术,人民美术,,,9,1975,1版2次,64,,0.17,15,30,Ref002:265,套书：现代题材,,,艳阳天（一）/出版社：人民美术/改编：集体/绘画：集体/75年9月1版2次64开/印数：未详定价：0.17元/市场交流价：/9品：15元/10品：30元,PaddlePaddle
艳阳天（四）,艳阳天,（四）,改编：曼玲 绘画：集体,,,改编：曼玲,曼玲,改编,绘画：集体,集体,绘画,,,,,,,,,,,,,人民美术,人民美术,,,12,1976,1版1次,64,100万,0.13,30,60,Ref002:265,套书：现代题材,《艳阳天》《金光大道》均为四册⼀套。第三、四分册都少于第一，二分册。全套市场交流9品100元，全品200元。,,艳阳天 (四)/出版社：人民美术/改编：曼玲/绘画：集体/76年12月1版1次64开/印数：100万定价：0.13元/市场交流价：/9品：30元/10品：60元,PaddlePaddle
金光大道（一）,金光大道,（一）,改编：集体 绘画：集体,,,改编：集体,集体,改编,绘画：集体,集体,绘画,,,,,,,,,,,,,人民美术,人民美术,,,9,1972,1版1次,64,,0.15,15,30,Ref002:265,套书：现代题材,,,金光大道（一）/出版社：人民美术/改编：集体/绘画：集体/72年9月1版1次64开/印数:未详 定价：0.15元/市场交流价：/9品：15元/10品：30元,PaddlePaddle
金光大道（四）,金光大道,（四）,改编：集体 绘画：集体,,,改编：集体,集体,改编,绘画：集体,集体,绘画,,,,,,,,,,,,,人民美术,人民美术,,,3,1977,1版1次,64,100万,0.17,30,60,Ref002:265,套书：现代题材,,,金光大道 (四）/出版社：人民美术/改编：集体/绘画：集体/77年3月1版1次64开/印数：100万 定价：0.17元/市场交流价：/9品：30元/10品：60元,PaddlePaddle
筑路,筑路,,改编：墨雨 绘画：郝嘉贤,,,改编：墨雨,墨雨,改编,绘画：郝嘉贤,郝嘉贤,绘画,,,,,,,,,,,,,湖南少年儿童,湖南少年儿童,,长沙,4,1983,1版1次,64,3万,0.13,15,20,Ref002:266,套书：现代题材,,,筑路/出版社：湖南少年儿童/改编：墨雨/绘画：郝嘉贤/83年4月1版1次64开/印数：3万定价：0.13元/市场交流价：/9品：15元/10品：20元,PaddlePaddle
大渡河畔英雄多,大渡河畔英雄多,,改编：木叶 绘画：曾泽强曾树松,,,改编：木叶,木叶,改编,绘画：曾泽强,曾泽强,绘画,绘画：曾树松,曾树松,绘画,,,,,,,,,,湖南少年儿童,湖南少年儿童,,长沙,7,1983,1版1次,64,8.5万,0.12,10,15,Ref002:266,套书：现代题材,,,大渡河畔英雄多/出版社：湖南少年儿童/改编：木叶/绘画：曾泽强曾树松/83年7月1版1次64开/印数：8.5万定价：0.12元/市场交流价：/9品：10元/10品：15元,PaddlePaddle
故乡,故乡,,改编：周介华晓螺 绘画：贺大田李儒光,,,改编：周介华,周介华,改编,改编：晓螺,晓螺,改编,绘画：贺大田,贺大田,绘画,绘画：李儒光,李儒光,绘画,,,,,,,湖南少年儿童,湖南少年儿童,,长沙,5,1983,1版1次,64,5万,0.13,15,20,Ref002:266,套书：现代题材,,Sic._Author_Core_2,故乡/出版社：湖南少年儿童/改编：周介华晓螺/绘画：贺大田李儒光/83年5月1版1次64开/印数：5万定价：0.13元/市场交流价：/9品：15元/10品：20元,PaddlePaddle
从百草园到三味书屋,从百草园到三味书屋,,编文：真奇木叶 绘画：张治华等,,,编文：真奇,真奇,编文,编文：木叶,木叶,编文,绘画：张治华,张治华,绘画,绘画：等,等,绘画,,,,,,,湖南少年儿童,湖南少年儿童,,长沙,4,1983,1版1次,64,5.5万,0.14,15,20,Ref002:266,套书：现代题材,,,从百草园到三味书屋/出版社：湖南少年儿童/编文：真奇木叶/绘画：张冶华等/83年4月1版1次64开/印数：5.5万定价：0.14元/市场交流价：/9品：15元/10品：20元,PaddlePaddle
母亲,母亲,,改编：姚天元段道德 绘画：杨敦仪易能,,,改编：姚天元,姚天元,改编,改编：段道德,段道德,改编,绘画：杨敦仪,杨敦仪,绘画,绘画：易能,易能,绘画,,,,,,,湖南少年儿童,湖南少年儿童,,长沙,5,1983,1版1次,64,11万,0.16,10,15,Ref002:266,套书：现代题材,,Sic._Author_Core_4,母亲/出版社：湖南少年儿童/改编：姚天元段道德/绘画：杨敦仪易能/83年5月1版1次64开/印数：11万定价：0.16元/市场交流价：/9品：10元/10品：15元,PaddlePaddle
最后一课,最后一课,,改编：石平 绘画：左汉中,,,改编：石平,石平,改编,绘画：左汉中,左汉中,绘画,,,,,,,,,,,,,湖南少年儿童,湖南少年儿童,,长沙,1,1983,1版1次,64,4.8万,0.11,10,20,Ref002:266,套书：现代题材,,,最后一课/出版社：湖南少年儿童/改编：石平/绘画：左汉中/83年1月1版1次64开/印数：4.8万定价：0.11元/市场交流价：/9品：10元/10品：20元,PaddlePaddle
多收了三五斗,多收了三五斗,,改编：石平 绘画：任家蓁,,,改编：石平,石平,改编,绘画：任家蓁,任家蓁,绘画,,,,,,,,,,,,,湖南少年儿童,湖南少年儿童,,长沙,8,1983,1版1次,64,3.5万,0.11,15,25,Ref002:266,套书：现代题材,,,多收了三五斗/出版社：湖南少年儿童/改编：石平/绘画：任家蓁/83年8月1版1次64开/印数：3.5万定价：0.11元/市场交流价：/9品：15元/10品：25元,PaddlePaddle
挺进报,挺进报,,改编：木叶 绘画：谢竹秋等,,,改编：木叶,木叶,改编,绘画：谢竹秋,谢竹秋,绘画,绘画：等,等,绘画,,,,,,,,,,湖南少年儿童,湖南少年儿童,,长沙,9,1983,1版1次,64,4.5万,0.1,10,20,Ref002:266,套书：现代题材,,,挺进报/出版社：湖南少年儿童/改编：木叶/绘画：谢竹秋等/83年9月1版1次64开/印数：4.5万定价：0.10元/市场交流价：/9品：10元/10品：20元,PaddlePaddle
潘虎,潘虎,,改编：贺建文 绘画：贺萱华,,,改编：贺建文,贺建文,改编,绘画：贺萱华,贺萱华,绘画,,,,,,,,,,,,,湖南少年儿童,湖南少年儿童,,长沙,4,1984,1版1次,64,20.3万,0.13,10,15,Ref002:267,套书：现代题材,,,潘虎/出版社：湖南少年儿童/改编：贺建文/绘画：贺萱华/84年4月1版1次64开/印数：20.3万定价：0.13元/市场交流价：/9品：10元/10品：15元,PaddlePaddle
我的叔叔于勒,我的叔叔于勒,,编文：霜林杨河 绘画：罗苍诗等,,,编文：霜林,霜林,编文,编文：杨河,杨河,编文,绘画：罗苍诗,罗苍诗,绘画,绘画：等,等,绘画,,,,,,,湖南少年儿童,湖南少年儿童,,长沙,8,1983,1版1次,64,1.6万,0.18,20,40,Ref002:267,套书：现代题材,,"Sic._Author_Core_1, Author_Core_2",我的叔叔于勒/出版社：湖南少年儿童/编文：霜林杨河/绘画：罗苍诗等/83年8月1版1次64开/印数：1.6万定价：0.18元/市场交流价：/9品：20元/10品：40元,PaddlePaddle
木兰诗,木兰诗,,改编：邱昶 绘画：曹小卉,,,改编：邱昶,邱昶,改编,绘画：曹小卉,曹小卉,绘画,,,,,,,,,,,,,湖南少年儿童,湖南少年儿童,,长沙,7,1983,1版1次,64,4.3万,0.1,10,20,Ref002:267,套书：现代题材,,,木兰诗/出版社：湖南少年儿童/改编：邱昶/绘画：曹小卉/83年7月1版1次64开/印数：4.3万定价：0.10元/市场交流价：/9品：10元/10品：20元,PaddlePaddle
花木兰,花木兰,,改编：惠伊深 绘画：杨淑涛,,,改编：惠伊深,惠伊深,改编,绘画：杨淑涛,杨淑涛,绘画,,,,,,,,,,,,,天津人民美术,天津人民美术,,天津,9,1980,1版1次,64,10万,0.19,10,20,Ref002:267,套书：现代题材,,,花木兰/出版社：天津人民美术/改编：惠伊深/绘画：杨淑涛/80年9月1版1次64开/印数：10万 定价：0.19元/市场交流价：/9品：10元/10品：20元,PaddlePaddle
二六七号牢房,二六七号牢房,,改编：王时一 绘画：张洪年,,,改编：王时一,王时一,改编,绘画：张洪年,张洪年,绘画,,,,,,,,,,,,,天津人民美术,天津人民美术,,天津,9,1980,1版1次,64,4万,0.09,8,15,Ref002:267,套书：现代题材,,,二六七号牢房/出版社：天津人民美术/改编：王时一/绘画：张洪年/80年9月1版1次64开/印数：4万定价：0.09元/市场交流价：/9品：8元/10品：15元,PaddlePaddle
我的叔叔于勒,我的叔叔于勒,,改编：靳蓉 绘画：孙为民,,,改编：靳蓉,靳蓉,改编,绘画：孙为民,孙为民,绘画,,,,,,,,,,,,,天津人民美术,天津人民美术,,天津,9,1980,1版1次,64,4万,0.11,15,30,Ref002:267,套书：现代题材,,,我的叔叔于勒/出版社：天津人民美术/改编：靳蓉/绘画：孙为民/80年9月1版1次64开/印数：4万定价：0.11元/市场交流价：/9品：15元/10品：30元,PaddlePaddle
最后一课,最后一课,,改编：张国信 绘画：白敬周,,,改编：张国信,张国信,改编,绘画：白敬周,白敬周,绘画,,,,,,,,,,,,,天津人民美术,天津人民美术,,天津,11,1980,1版1次,64,3万,0.13,20,40,Ref002:267,套书：现代题材,,,最后一课/出版社：天津人民美术/改编：张国信/绘画：白敬周/80年11月1版1次64开/印数：3万定价：0.13元/市场交流价：/9品：20元/10品：40元,PaddlePaddle
筑路,筑路,,改编：王承华 绘画：雷德祖,,,改编：王承华,王承华,改编,绘画：雷德祖,雷德祖,绘画,,,,,,,,,,,,,天津人民美术,天津人民美术,,天津,9,1980,1版1次,64,6万,0.14,20,35,Ref002:267,套书：现代题材,,,筑路/出版社：天津人民美术/改编：王承华/绘画：雷德祖/80年9月1版1次64开/印数：6万定价：0.14元/市场交流价：/9品：20元/10品：35元,PaddlePaddle
故乡,故乡,,改编：张国信 绘画：孙为民赵雁朝,,,改编：张国信,张国信,改编,绘画：孙为民,孙为民,绘画,绘画：赵雁朝,赵雁朝,绘画,,,,,,,,,,天津人民美术,天津人民美术,,天津,10,1980,1版1次,64,6万,0.12,15,30,Ref002:268,套书：现代题材,,,故乡/出版社：天津人民美术/改编：张国信/绘画：孙为民 赵雁朝/80年10月1版1次64开/印数：6万定价：0.12元/市场交流价：/9品：15元/10品：30元,PaddlePaddle
范进中举,范进中举,,改编：张国信 绘画：季源业,,,改编：张国信,张国信,改编,绘画：季源业,季源业,绘画,,,,,,,,,,,,,天津人民美术,天津人民美术,,天津,8,1980,1版1次,64,30万,0.11,5,10,Ref002:268,套书：现代题材,,,范进中举/出版社：天津人民美术/改编：张国信/绘画：季源业/80年8月1版1次64开/印数：30万定价：0.11元/市场交流价：/9品：5元/10品：10元,PaddlePaddle
鲁迅在仙台,鲁迅在仙台,,改编：代学 绘画：高向阳,,,改编：代学,代学,改编,绘画：高向阳,高向阳,绘画,,,,,,,,,,,,,辽宁美术,辽宁美术,,沈阳,3,1983,1版1次,64,6.4万,0.11,10,20,Ref002:268,套书：现代题材,,,鲁迅在仙台/出版社：辽宁美术/改编：代学/绘画：高向阳/83年3月1版1次64开/印数：6.4万定价：0.11元/市场交流价：/9品：10元/10品：20元,PaddlePaddle
廉颇与蔺相如,廉颇与蔺相如,,改编：张月华 绘画：陈全胜,,,改编：张月华,张月华,改编,绘画：陈全胜,陈全胜,绘画,,,,,,,,,,,,,辽宁美术,辽宁美术,,沈阳,11,1983,1版1次,64,6.4万,0.19,10,20,Ref002:268,套书：现代题材,,,廉颇与蔺相如/出版社：辽宁美术/改编：张月华/绘画：陈全胜/83年11月1版1次64开/印数：6.4万定价：0.19元/市场交流价：/9品：10元/10品：20元,PaddlePaddle
狼牙山五壮士,狼牙山五壮士,,改编：纪思 绘画：房英魁,,,改编：纪思,纪思,改编,绘画：房英魁,房英魁,绘画,,,,,,,,,,,,,辽宁美术,辽宁美术,,沈阳,3,1984,1版1次,64,37.95万,0.11,5,10,Ref002:268,套书：现代题材,,,狼牙山五壮士/出版社：辽宁美术/改编：纪思/绘画：房英魁/84年3月1版1次64开/印数：37.95万 定价：0.11元/市场交流价：/9品：5元/10品：10元,PaddlePaddle
河伯娶媳妇,河伯娶媳妇,,改编：何成 绘画：石庆寅,,,改编：何成,何成,改编,绘画：石庆寅,石庆寅,绘画,,,,,,,,,,,,,辽宁美术,辽宁美术,,沈阳,3,1983,1版1次,64,8.55万,0.11,10,20,Ref002:268,套书：现代题材,,,河伯娶媳妇/出版社：辽宁美术/改编：何成/绘画：石庆寅/83年3月1版1次64开/印数：8.55万定价：0.11元/市场交流价：/9品：10元/10品：20元,PaddlePaddle
草船借箭,草船借箭,,改编：何泥 绘画：吴春有,,,改编：何泥,何泥,改编,绘画：吴春有,吴春有,绘画,,,,,,,,,,,,,辽宁美术,辽宁美术,,沈阳,4,1983,1版1次,64,17.2万,0.12,5,10,Ref002:268,套书：现代题材,,,草船借箭/出版社：辽宁美术/改编：何泥/绘画：吴春有/83年4月1版1次64开/印数：17.2万定价：0.12元/市场交流价：/9品：5元/10品：10元,PaddlePaddle
渔夫和金鱼的故事,渔夫和金鱼的故事,,改编：华文 绘画：王文倩张宝才,,,改编：华文,华文,改编,绘画：王文倩,王文倩,绘画,绘画：张宝才,张宝才,绘画,,,,,,,,,,辽宁美术,辽宁美术,,沈阳,1,1983,1版1次,64,9.1万,0.08,8,15,Ref002:268,套书：现代题材,,,渔夫和金鱼的故事/出版社：辽宁美术/改编：华文/绘画：王文倩张宝才/83年1月1版1次64开/印数：9.1万定价：0.08元/市场交流价：/9品：8元/10品：15元,PaddlePaddle
白求恩在中国,白求恩在中国,,编文：钟志诚 绘画：许荣初等,,,编文：钟志诚,钟志诚,编文,绘画：许荣初,许荣初,绘画,绘画：等,等,绘画,,,,,,,,,,辽宁美术,辽宁美术,,沈阳,3,1983,1版1次,64,2万,0.11,10,20,Ref002:269,套书：现代题材,,,白求恩在中国/出版社：辽宁美术/编文：钟志诚/绘画：许荣初等/83年3月1版1次64开/印数：2万定价：0.11元/市场交流价：/9品：10元/10品：20元,PaddlePaddle
伟大的友谊,伟大的友谊,,改编：吴庆先杨纯青 绘画：孟昭胜,,,改编：吴庆先,吴庆先,改编,改编：杨纯青,杨纯青,改编,绘画：孟昭胜,孟昭胜,绘画,,,,,,,,,,辽宁美术,辽宁美术,,沈阳,4,1983,1版1次,64,7.9万,0.18,15,25,Ref002:269,套书：现代题材,,,伟大的友谊/出版社：辽宁美术/改编：吴庆先杨纯青/绘画：孟昭胜/83年4月1版1次64开/印数：7.9万定价：0.18元/市场交流价：/9品：15元/10品：25元,PaddlePaddle
火烧赤壁,火烧赤壁,,改编：何泥 绘画：张成胜,,,改编：何泥,何泥,改编,绘画：张成胜,张成胜,绘画,,,,,,,,,,,,,辽宁美术,辽宁美术,,沈阳,8,1985,1版1次,64,4.385万,0.27,5,10,Ref002:269,套书：现代题材,,,火烧赤壁/出版社：辽宁美术/改编：何泥/绘画：张成胜/85年8月1版1次64开/印数：4.385万 定价：0.27元/市场交流价：/9品：5元/10品：10元,PaddlePaddle
红罗女,红罗女,,改编：彦芳 绘画：邸维忠,,,改编：彦芳,彦芳,改编,绘画：邸维忠,邸维忠,绘画,,,,,,,,,,,,,辽宁美术,辽宁美术,,沈阳,10,1985,1版1次,64,2.3万,0.18,15,25,Ref002:269,套书：现代题材,,,红罗女/出版社：辽宁美术/改编：彦芳/绘画：邸维忠/85年10月1版1次64开/印数：2.3万定价：0.18元/市场交流价：/9品：15元/10品：25元,PaddlePaddle
三九一高地伏击战,三九一高地伏击战,,改编：文刃 绘画：李恩源,,,改编：文刃,文刃,改编,绘画：李恩源,李恩源,绘画,,,,,,,,,,,,,辽宁美术,辽宁美术,,沈阳,6,1985,1版1次,64,59.3万,0.28,5,10,Ref002:269,套书：现代题材,,,三九一高地伏击战/出版社：辽宁美术/改编：文刃/绘画：李恩源/85年6月1版1次64开/印数：59.3万定价：0.28元/市场交流价：/9品：5元/10品：10元,PaddlePaddle
狱中斗争,狱中斗争,,改编：由之 绘画：张鸿伟,,,改编：由之,由之,改编,绘画：张鸿伟,张鸿伟,绘画,,,,,,,,,,,,,辽宁美术,辽宁美术,,沈阳,1,1985,1版1次,64,26.1万,0.16,8,15,Ref002:269,套书：现代题材,,,狱中斗争/出版社：辽宁美术/改编：由之/绘画：张鸿伟/85年1月1版1次64开/印数：26.1万定价：0.16元/市场交流价：/9品：8元/10品：15元,PaddlePaddle
列宁的故事,列宁的故事,,改编：彦芳 绘画：阎义春,,,改编：彦芳,彦芳,改编,绘画：阎义春,阎义春,绘画,,,,,,,,,,,,,辽宁美术,辽宁美术,,沈阳,3,1984,1版1次,64,7万,012[sic.],15,25,Ref002:269,套书：现代题材,,Price_sic.,列宁的故事/出版社：辽宁美术/改编：彦芳/绘画：阎义春/84年3月1版1次64开/印数：7万定价：012元/市场交流价：/9品：15元/10品：25元,PaddlePaddle
朱德的故事,朱德的故事,,改编：何泥 绘画：张力,,,改编：何泥,何泥,改编,绘画：张力,张力,绘画,,,,,,,,,,,,,辽宁美术,辽宁美术,,沈阳,11,1983,1版1次,64,5.15万,0.15,15,25,Ref002:269,套书：现代题材,,,朱德的故事/出版社：辽宁美术/改编：何泥/绘画：张力/83年11月1版1次64开/印数：5.15万定价：0.15元/市场交流价：/9品：15元/10品：25元,PaddlePaddle
楚英,楚英,,改编：集体 绘画：集体,,,改编：集体,集体,改编,绘画：集体,集体,绘画,,,,,,,,,,,,,上海人民,上海人民,,上海,4,1976,1版1次,64,,0.1,20,40,Ref002:270,套书：现代题材,,,楚英/出版社：上海人民/改编：集体/绘画：集体/76年4月1版1次64开/印数：未详定价：0.10元/市场交流价：/9品：20元/10品：40元,PaddlePaddle
麦收之前,麦收之前,,改编：山菊英 绘画：庄根生,,,改编：山菊英,山菊英,改编,绘画：庄根生,庄根生,绘画,,,,,,,,,,,,,上海人民,上海人民,,上海,9,1975,1版1次,64,,0.09,15,30,Ref002:270,套书：现代题材,,,麦收之前/出版社：上海人民/改编：山菊英/绘画：庄根生/75年9月1版1次64开/印数：未详定价：0.09元/市场交流价：/9品：15元/10品：30元,PaddlePaddle
“银花”朵朵开,“银花”朵朵开,,改编：潘阿虎 绘画：王仲清,,,改编：潘阿虎,潘阿虎,改编,绘画：王仲清,王仲清,绘画,,,,,,,,,,,,,上海人民,上海人民,,上海,7,1975,1版1次,64,,0.07,15,30,Ref002:270,套书：现代题材,,,“银花”朵朵开/出版社：上海人民/改编：潘阿虎/绘画：王仲清/75年7月1版1次64开/印数：未详定价：0.07元/市场交流价：/9品：15元/10品：30元,PaddlePaddle
映山红,映山红,,编文：胡雁 绘画：汪绚秋,,,编文：胡雁,胡雁,编文,绘画：汪绚秋,汪绚秋,绘画,,,,,,,,,,,,,上海人民,上海人民,,上海,5,1975,1版1次,64,40万,0.1,20,40,Ref002:270,套书：现代题材,,,映山红/出版社：上海人民/编文：胡雁/绘画：汪绚秋/75年5月1版1次64开/印数：40万定价：0.10元/市场交流价：/9品：20元/10品：40元,PaddlePaddle
牧马姑娘,牧马姑娘,,改编：黄文玉 绘画：陈国强,,,改编：黄文玉,黄文玉,改编,绘画：陈国强,陈国强,绘画,,,,,,,,,,,,,上海人民,上海人民,,上海,6,1975,1版1次,64,50万,0.08,15,30,Ref002:270,套书：现代题材,,,牧马姑娘/出版社：上海人民/改编：黄文玉/绘画：陈国强/75年6月1版1次64开/印数：50万 定价：0.08元/市场交流价：/9品：15元/10品：30元,PaddlePaddle
“农垦68”,“农垦68”,,编文：林静墨 绘画：集体,,,编文：林静墨,林静墨,编文,绘画：集体,集体,绘画,,,,,,,,,,,,,上海人民,上海人民,,上海,11,1975,1版1次,64,,0.07,30,60,Ref002:270,套书：现代题材,,,“农垦68”/出版社：上海人民/编文：林静墨/绘画：集体/75年11月1版1次64开/印数：未详定价：0.07元/市场交流价：/9品：30元/10品：60元,PaddlePaddle
丁敢闯,丁敢闯,,编文：董德兴 绘画：刘新愚姜一凯,,,编文：董德兴,董德兴,编文,绘画：刘新愚,刘新愚,绘画,绘画：姜一凯,姜一凯,绘画,,,,,,,,,,上海人民,上海人民,,上海,10,1975,1版1次,64,,0.09,15,30,Ref002:270,套书：现代题材,,,丁敢闯/出版社：上海人民/编文：董德兴/绘画：刘新愚姜一凯/75年10月1版1次64开/印数：未详定价：0.09元/市场交流价：/9品：15元/10品：30元,PaddlePaddle
组织委员,组织委员,,改编：陈祖言 绘画：李绍然,,,改编：陈祖言,陈祖言,改编,绘画：李绍然,李绍然,绘画,,,,,,,,,,,,,上海人民,上海人民,,上海,11,1975,1版1次,64,,0.08,20,40,Ref002:270,套书：现代题材,,,组织委员/出版社：上海人民/改编：陈祖言/绘画：李绍然/75年11月1版1次64开/印数：未详定价：0.08元/市场交流价：/9品：20元/10品：40元,PaddlePaddle
火红的青春,火红的青春,,编文：集体 绘画：王健尔罗步臻,,,编文：集体,集体,编文,绘画：王健尔,王健尔,绘画,绘画：罗步臻,罗步臻,绘画,,,,,,,,,,上海人民,上海人民,,上海,11,1973,1版1次,60,60万,0.07,20,50,Ref002:271,套书：现代题材,,,火红的青春/出版社：上海人民/编文：集体/绘画：王健尔罗步臻/73年11月1版1次60开/印数：60万定价：0.07元/市场交流价：/9品：20元/10品：50元,PaddlePaddle
浪尖上的歌声,浪尖上的歌声,,编文：钱佩衡 绘画：集体,,,编文：钱佩衡,钱佩衡,编文,绘画：集体,集体,绘画,,,,,,,,,,,,,上海人民,上海人民,,上海,3,1974,1版1次,60,120万,0.07,20,60,Ref002:271,套书：现代题材,,,浪尖上的歌声/出版社：上海人民/编文：钱佩衡/绘画：集体/74年3月1版1次60开/印数：120万定价：0.07元/市场交流价：/9品：20元/10品：60元,PaddlePaddle
驯鹿记,驯鹿记,,编文：薛荣明 绘画：罗盘,,,编文：薛荣明,薛荣明,编文,绘画：罗盘,罗盘,绘画,,,,,,,,,,,,,上海人民,上海人民,,上海,11,1974,1版1次,60,50万,0.08,20,50,Ref002:271,套书：现代题材,,,驯鹿记/出版社：上海人民/编文：薛荣明/绘画：罗盘/74年11月1版1次60开/印数：50万定价：0.08元/市场交流价：/9品：20元/10品：50元,PaddlePaddle
朝霞,朝霞,,编文：史汉富 绘画：集体,,,编文：史汉富,史汉富,编文,绘画：集体,集体,绘画,,,,,,,,,,,,,上海人民,上海人民,,上海,6,1974,1版1次,60,200万,0.09,30,80,Ref002:271,套书：现代题材,,,朝霞/出版社：上海人民/编文：史汉富/绘画：集体/74年6月1版1次60开/印数：200万定价：0.09元/市场交流价：/9品：30元/10品：80元,PaddlePaddle
新松屯的后代,新松屯的后代,,改编：陈可雄 绘画：谷长,,,改编：陈可雄,陈可雄,改编,绘画：谷长,谷长,绘画,,,,,,,,,,,,,上海人民,上海人民,,上海,2,1974,1版1次,60,120万,0.08,20,60,Ref002:271,套书：现代题材,,,新松屯的后代/出版社：上海人民/改编：陈可雄/绘画：谷长/74年2月1版1次60开/印数：120万定价：0.08元/市场交流价：/9品：20元/10品：60元,PaddlePaddle
延安的种子,延安的种子,,编文：华彤 绘画：徐纯中,,,编文：华彤,华彤,编文,绘画：徐纯中,徐纯中,绘画,,,,,,,,,,,,,上海人民,上海人民,,上海,12,1974,1版1次,60,150万,0.12,20,60,Ref002:271,套书：现代题材,,,延安的种子/出版社：上海人民/编文：华彤/绘画：徐纯中/74年12月1版1次60开/印数：150万定价：0.12元/市场交流价：/9品：20元/10品：60元,PaddlePaddle
森林曲,森林曲,,改编：陈梅鼎 绘画：群力,,,改编：陈梅鼎,陈梅鼎,改编,绘画：群力,群力,绘画,,,,,,,,,,,,,上海人民,上海人民,,上海,11,1974,1版1次,60,60万,0.09,15,30,Ref002:271,套书：现代题材,,,0/森林曲/出版社：上海人民/改编：陈梅鼎/绘画：群力/74年11月1版1次60开/印数：60万定价：0.09元/市场交流价：/9品：15元/10品：30元,PaddlePaddle
森林曲,森林曲,,改编：陈梅鼎 绘画：群力,,,改编：陈梅鼎,陈梅鼎,改编,绘画：群力,群力,绘画,,,,,,,,,,,,,上海人民,上海人民,,上海,11,1974,1版1次,60,60万,0.09,100,250,Ref002:271,套书：现代题材,《森林曲》封面有“广阔天地”字样者，极少见。,,森林曲/出版社：上海人民/改编：陈梅鼎/绘画：群力/74年11月1版1次60开/印数：60万定价：0.09元/市场交流价：/9品：100元/10品：250元,PaddlePaddle
平原枪声（三）,平原枪声,（三）,改编：方林 绘画：齐林家等,,,改编：方林,方林,改编,绘画：齐林家,齐林家,绘画,绘画：等,等,绘画,,,,,,,,,,辽宁美术,辽宁美术,,沈阳,10,1982,1版1次,64,101万,0.23,20（全套四册）,40,Ref002:272,套书：现代题材,,,平原枪声(三)/出版社：辽宁美术/改编：方林/绘画：齐林家等/82年10月1版1次64开/印数：101万定价：0.23元/市场交流价：/9品：20元（全套四册）/10品：40元,PaddlePaddle
平原枪声（五）,平原枪声,（五）,改编：辛冰 绘画：谷照恩李重新,,,改编：辛冰,辛冰,改编,绘画：谷照恩,谷照恩,绘画,绘画：李重新,李重新,绘画,,,,,,,,,,天津人民美术,天津人民美术,,天津,7,1985,1版1次,64,148万,0.4,30（全五册）,50,Ref002:272,套书：现代题材,,,平原枪声(五)/出版社：天津人民美术/改编：辛冰/绘画：谷照恩李重新/85年7月1版1次64开/印数：148万定价：0.40元/市场交流价：/9品：30元（全五册）/10品：50元,PaddlePaddle
平原枪声（一）,平原枪声,（一）,改编：曹治淮 绘画：段秀苍,,,改编：曹治淮,曹治淮,改编,绘画：段秀苍,段秀苍,绘画,,,,,,,,,,,,,河北美术,河北美术,,石家庄,12,1984,1版1次,64,24万,0.24,20（全四册）,30,Ref002:272,套书：现代题材,,,平原枪声(一)/出版社：河北美术/改编：曹治淮/绘画：段秀苍/84年12月1版1次64开/印数：24万定价：0.24元/市场交流价：/9品：20元（全四册）/10品：30元,PaddlePaddle
平原枪声,平原枪声,,编文：集体 绘画：集体,,,编文：集体,集体,编文,绘画：集体,集体,绘画,,,,,,,,,,,,,天津人民美术,天津人民美术,,天津,9,1973,2版1次,64,,0.14,30,80,Ref002:272,套书：现代题材,,,平原枪声/出版社：天津人民美术/编文：集体/绘画：集体/73年9月2版1次64开/印数：未详定价：0.14元/市场交流价：/9品：30.00元/10品：80.00元,PaddlePaddle
连心锁,连心锁,,改编：金灼 绘图：刘世铎 绘画：等,,,改编：金灼,金灼,改编,绘图：刘世铎,刘世铎,绘图,绘画：等,等,绘画,,,,,,,,,,天津人民美术,天津人民美术,,天津,9,1977,1版1次,64,,0.13,80（全五册）,160,Ref002:272,套书：现代题材,,,连心锁/出版社：天津人民美术/改编：金灼/绘图：刘世铎等/77年9月1版1次64开/印数：未详定价：0.13元/市场交流价：/9品：80元（全五册）/10品：160元,PaddlePaddle
连心锁,连心锁,,改编：唐吉福 绘画：董大昆等,,,改编：唐吉福,唐吉福,改编,绘画：董大昆,董大昆,绘画,绘画：等,等,绘画,,,,,,,,,,安徽人民,安徽人民,,合肥,6,1975,1版1次,64,,0.19,60（全三册）,120,Ref002:272,套书：现代题材,,,连心锁/出版社：安徽人民/改编：唐吉福/绘画：董大昆等/75年6月1版1次64开/印数：未详定价：0.19元/市场交流价：/9品：60元（全三册）/10品：120元,PaddlePaddle
连心锁,连心锁,,改编：柏石山 绘画：李永志,,,改编：柏石山,柏石山,改编,绘画：李永志,李永志,绘画,,,,,,,,,,,,,辽宁美术,辽宁美术,,沈阳,10,1979,1版1次,64,12万,0.21,40（全二册）,60,Ref002:272,套书：现代题材,,,连心锁/出版社：辽宁美术/改编：柏石山/绘画：李永志/79年10月1版1次64开/印数：12万定价：0.21元/市场交流价：/9品：40元（全二册）/10品：60元,PaddlePaddle
连心锁,连心锁,,改编：安塞 绘画：陈军,,,改编：安塞,安塞,改编,绘画：陈军,陈军,绘画,,,,,,,,,,,,,山西人民,山西人民,,太原,6,1985,2版1次,64,11.8万,0.28,25（全二册）,40,Ref002:272,套书：现代题材,,,连心锁/出版社：山西人民/改编：安塞/绘画：陈军/85年6月2版1次64开/印数：11.8万定价：0.28元/市场交流价：/9品：25元（全二册）/10品：40元,PaddlePaddle
海盗（上）,海盗,（上）,改编：新吾 绘画：陈之学,,,改编：新吾,新吾,改编,绘画：陈之学,陈之学,绘画,,,,,,,,,,,,,湖南美术,湖南美术,,长沙,5,1985,1版1次,64,48.8万,0.28,,,Ref002:273,套书：现代题材,,,海盗（上）/出版社：湖南美术/改编：新吾/绘画：陈之学/85年5月1版1次64开/印数：48.8万定价：0.28元,PaddlePaddle
海盗（下）,海盗,（下）,改编：新吾 绘画：王振华,,,改编：新吾,新吾,改编,绘画：王振华,王振华,绘画,,,,,,,,,,,,,湖南美术,湖南美术,,长沙,5,1985,1版1次,64,48.8万,0.28,10（全套）,15,Ref002:273,套书：现代题材,,,海盗（下）/出版社：湖南美术/改编：新吾/绘画：王振华/85年5月1版1次64开/印数：48.8万定价：0.28元/市场交流价：/9品：10元（全套）/10品：15元,PaddlePaddle
海盗（上）,海盗,（上）,改编：王双恩 绘画：侯德剑等,,,改编：王双恩,王双恩,改编,绘画：侯德剑,侯德剑,绘画,绘画：等,等,绘画,,,,,,,,,,江苏美术,江苏美术,,南京,4,1985,1版1次,64,14.71万,0.41,20（全二册）,30,Ref002:273,套书：现代题材,,,海盗(上)/出版社：江苏美术/改编：王双恩/绘画：侯德剑等/85年4月1版1次64开/印数：14.71万定价：0.41元/市场交流价：/9品：20元（全二册）/10品：30元,PaddlePaddle
海盗,海盗,,改编：高铁林 绘画：马小娟刘亚军,,,改编：高铁林,高铁林,改编,绘画：马小娟,马小娟,绘画,绘画：刘亚军,刘亚军,绘画,,,,,,,,,,黑龙江美术,黑龙江美术,,哈尔滨,9,1985,1版1次,64,5.21万,0.4,25（全五册）,35,Ref002:273,套书：现代题材,,,海盗/出版社：黑龙江美术/改编：高铁林/绘画：马小娟刘亚军/85年9月1版1次64开/印数：5.21万定价：0.40元/市场交流价：/9品：25元（全五册）/10品：35元,PaddlePaddle
吕梁英雄传（上）,吕梁英雄传,（上）,改编：王力军 绘画：史殿生,,,改编：王力军,王力军,改编,绘画：史殿生,史殿生,绘画,,,,,,,,,,,,,黑龙江人民,黑龙江人民,,哈尔滨,3,1979,1版1次,64,35万,0.21,35（全二册）,50,Ref002:273,套书：现代题材,,,吕梁英雄传(上)/出版社：黑龙江人民/改编：王力军/绘画：史殿生/79年3月1版1次64开/印数：35万定价：0.21元/市场交流价：/9品：35元（全二册）/10品：50元,PaddlePaddle
吕梁英雄传（一）,吕梁英雄传,（一）,改编：江舟 绘画：张明堂等,,,改编：江舟,江舟,改编,绘画：张明堂,张明堂,绘画,绘画：等,等,绘画,,,,,,,,,,山西人民,山西人民,,太原,3,1980,1版1次,64,104.5万,0.22,20（全四册）,30,Ref002:273,套书：现代题材,,,吕梁英雄传(一)/出版社：山西人民/改编：江舟/绘画：张明堂等/80年3月1版1次64开/印数：104.5万定价：0.22元/市场交流价：/9品：20元（全四册）/10品：30元,PaddlePaddle
吕梁英雄传,吕梁英雄传,,改编：王释非 绘画：魏忠善金稼仿等,,,改编：王释非,王释非,改编,绘画：魏忠善,魏忠善,绘画,绘画：金稼仿,金稼仿,绘画,绘画：等,等,绘画,,,,,,,上海人民美术,上海人民美术,,上海,7,1985,1版1次,64,19万,0.37,80（全八册）,130,Ref002:273,套书：现代题材,,,吕梁英雄传/出版社：上海人民美术/改编：王释非/绘画：魏忠善金稼仿等/85年7月1版1次64开/印数：19万定价：0.37元/市场交流价：/9品：80元（全八册）/10品：130元,PaddlePaddle
吕梁英雄传,吕梁英雄传,,改编：王承华张国信 绘画：季源业季津业,,,改编：王承华,王承华,改编,改编：张国信,张国信,改编,绘画：季源业,季源业,绘画,绘画：季津业,季津业,绘画,,,,,,,天津人民美术,天津人民美术,,天津,10,1979,1版1次,64,15万,0.2,30,60,Ref002:273,套书：现代题材,,,吕梁英雄传/出版社：天津人民美术/改编：王承华张国信/绘画：季源业季津业/79年10月1版1次64开/印数：15万定价：0.20元/市场交流价：/9品：30元/10品：60元,PaddlePaddle
女英雄谢氏娇,女英雄谢氏娇,,编文：林锴等 绘画：林锴等,,,编文：林锴,林锴,编文,编文：等,等,编文,绘画：林锴,林锴,绘画,绘画：等,等,绘画,,,,,,,人民美术,人民美术,,,1,1971,2版2次,60,,0.07,30,60,Ref002:274,套书：现代题材,,,女英雄谢氏娇/出版社：人民美术/编文：林错等/绘画：林锴等/71年1月2版2次60开/印数：未详定价：0.07元/市场交流价：/9品：30元/10品：60元,PaddlePaddle
巧袭列车,巧袭列车,,编文：徐加昌 绘画：关庆留,,,编文：徐加昌,徐加昌,编文,绘画：关庆留,关庆留,绘画,,,,,,,,,,,,,人民美术,人民美术,,,8,1972,2版1次,60,,0.08,40,80,Ref002:274,套书：现代题材,,,巧袭列车/出版社：人民美术/编文：徐加昌/绘画：关庆留/72年8月2版1次60开/印数：未详定价：0.08元/市场交流价：/9品：40元/10品：80元,PaddlePaddle
越南英雄阮文追,越南英雄阮文追,,改编：集体 绘画：集体,,,改编：集体,集体,改编,绘画：集体,集体,绘画,,,,,,,,,,,,,人民美术,人民美术,,,10,1971,2版1次,60,,0.1,40,100,Ref002:274,套书：现代题材,,,越南英雄阮文追/出版社：人民美术/改编：集体/绘画：集体/71年10月2版1次60开/印数：未详定价：0.10元/市场交流价：/9品：40元/10品：100元,PaddlePaddle
阵地“六姐妹”,阵地“六姐妹”,,改编：赵一唐等 绘画：赵一唐等,,,改编：赵一唐,赵一唐,改编,改编：等,等,改编,绘画：赵一唐,赵一唐,绘画,绘画：等,等,绘画,,,,,,,人民美术,人民美术,,,12,1971,2版2次,60,,0.08,30,60,Ref002:274,套书：现代题材,,,阵地“六姐妹”/出版社：人民美术/改编：赵一唐等/绘画：赵一唐等/71年12月2版2次60开/印数：未详定价：0.08元/市场交流价：/9品：30元/10品：60元,PaddlePaddle
石匠工人闯新路,石匠工人闯新路,,改编：集体 绘画：集体,,,改编：集体,集体,改编,绘画：集体,集体,绘画,,,,,,,,,,,,,上海人民,上海人民,,上海,12,1970,1版1次,60,,0.06,40,100,Ref002:274,套书：现代题材,,,石匠工人闯新路/出版社：上海人民/改编：集体/绘画：集体/70年12月1版1次60开/印数：未详定价：0.06元/市场交流价：/9品：40元/10品：100元,PaddlePaddle
赤胆红心绘新图,赤胆红心绘新图,,编文：集体 绘画：集体,,,编文：集体,集体,编文,绘画：集体,集体,绘画,,,,,,,,,,,,,上海人民,上海人民,,上海,1,1971,1版1次,60,,0.08,40,120,Ref002:274,套书：现代题材,,,赤胆红心绘新图/出版社：上海人民/编文：集体/绘画：集体/71年1月1版1次60开/印数：未详定价：0.08元/市场交流价：/9品：40元/10品：120元,PaddlePaddle
穷棒子精神万岁,穷棒子精神万岁,,改编：集体 绘画：集体,,,改编：集体,集体,改编,绘画：集体,集体,绘画,,,,,,,,,,,,,上海市出版革命组,上海市出版革命组,,上海,9,1970,1版1次,60,,0.09,50,150,Ref002:274,套书：现代题材,,,穷棒子精神万岁/出版社：上海市出版革命组/改编：集体/绘画：集体/70年9月1版1次60开/印数：未详定价：0.09元/市场交流价：/9品：50元/10品：150元,PaddlePaddle
自力更生奏凯歌,自力更生奏凯歌,,改编：集体 绘画：集体,,,改编：集体,集体,改编,绘画：集体,集体,绘画,,,,,,,,,,,,,上海市出版革命组,上海市出版革命组,,上海,9,1970,1版1次,60,,0.07,50,150,Ref002:274,套书：现代题材,《⼩⼚⾛在⼤路上》全系列四册。《穷棒⼦精神万岁》与《⾃⼒更⽣奏凯歌》两种，因是“上海市出版⾰命组”时期的版本。故其价值要⾼于随即恢复为“上海⼈民出版社”的另外两个品种。总体上，较为少见的仅《穷棒⼦精神万岁》⼀种。,,自力更生奏凯歌/出版社：上海市出版革命组/改编：集体/绘画：集体/70年9月1版1次60开/印数：未详定价：0.07元/市场交流价：/9品：50元/10品：150元,PaddlePaddle
岩龙和小明,岩龙和小明,,编文：杨美清 绘画：孙愚,,,编文：杨美清,杨美清,编文,绘画：孙愚,孙愚,绘画,,,,,,,,,,,,,上海人民,上海人民,,上海,7,1976,1版1次,64,,0.07,30,60,Ref002:275,套书：现代题材,,,岩龙和小明/出版社：上海人民/编文：杨美清/绘画：孙愚/76年7月1版1次64开/印数：未详定价：0.07元/市场交流价：/9品：30元/10品：60元,PaddlePaddle
小海蛟,小海蛟,,改编：林萱 绘画：孙愚,,,改编：林萱,林萱,改编,绘画：孙愚,孙愚,绘画,,,,,,,,,,,,,上海人民,上海人民,,上海,4,1975,1版1次,64,50万,0.06,25,50,Ref002:275,套书：现代题材,,,小海蛟/出版社：上海人民/改编：林萱/绘画：孙愚/75年4月1版1次64开/印数：50万定价：0.06元/市场交流价：/9品：25元/10品：50元,PaddlePaddle
智斗,智斗,,改编：牟怀柯 绘画：吕敬人,,,改编：牟怀柯,牟怀柯,改编,绘画：吕敬人,吕敬人,绘画,,,,,,,,,,,,,上海人民,上海人民,,上海,12,1976,1版1次,64,,0.06,25,50,Ref002:275,套书：现代题材,,,智斗/出版社：上海人民/改编：牟怀柯/绘画：吕敬人/76年12月1版1次64开/印数：未详定价：0.06元/市场交流价：/9品：25元/10品：50元,PaddlePaddle
阿勇,阿勇,,改编：张欣之金坚 绘画：徐志文,,,改编：张欣之,张欣之,改编,改编：金坚,金坚,改编,绘画：徐志文,徐志文,绘画,,,,,,,,,,上海人民,上海人民,,上海,4,1975,1版1次,64,50万,0.06,30,60,Ref002:275,套书：现代题材,,,阿勇/出版社：上海人民/改编：张欣之金坚/绘画：徐志文/75年4月1版1次64开/印数：50万定价：0.06元/市场交流价：/9品：30元/10品：60元,PaddlePaddle
英勇机智的红小兵,英勇机智的红小兵,,编文：集体 绘画：张景祥,,,编文：集体,集体,编文,绘画：张景祥,张景祥,绘画,,,,,,,,,,,,,上海人民,上海人民,,上海,5,1971,1版1次,60,,0.09,50,150,Ref002:275,套书：现代题材,,,0/英勇机智的红小兵/出版社：上海人民/编文：集体/绘画：张景祥/71年5月1版1次60开/印数：未详定价：0.09元/市场交流价：/9品：50元/10品：150元,PaddlePaddle
小英雄戴碧蓉,小英雄戴碧蓉,,改编：集体 绘画：集体,,,改编：集体,集体,改编,绘画：集体,集体,绘画,,,,,,,,,,,,,上海人民,上海人民,,上海,7,1971,1版1次,60,,0.1,50,150,Ref002:275,套书：现代题材,,,小英雄戴碧蓉/出版社：上海人民/改编：集体/绘画：集体/71年7月1版1次60开/印数：未详定价：0.10元/市场交流价：/9品：50元/10品：150元,PaddlePaddle
警惕,警惕,,改编：缪德彰邬显良 绘画：严启生孔兴甫,,,改编：缪德彰,缪德彰,改编,改编：邬显良,邬显良,改编,绘画：严启生,严启生,绘画,绘画：孔兴甫,孔兴甫,绘画,,,,,,,上海人民,上海人民,,上海,8,1973,1版1次,60,65万,0.1,50,120,Ref002:275,套书：现代题材,,,警惕/出版社：上海人民/改编：缪德彰邬显良/绘画：严启生孔兴甫/73年8月1版1次60开/印数：65万定价：0.10元/市场交流价：/9品：50元/10品：120元,PaddlePaddle
图唐卡门王陵秘辛,图唐卡门王陵秘辛,,改编：闪居良 绘画：姬德顺,,,改编：闪居良,闪居良,改编,绘画：姬德顺,姬德顺,绘画,,,,,,,,,,,,,花城出版,花城出版,,广州,7,1984,1版1次,64,,0.16,5,8,Ref002:275,套书：现代题材,,,图唐卡门王陵秘辛/出版社：花城出版/改编：闪居良/绘画：姬德顺/84年7月1版1次64开/印数：未详定价：0.16元/市场交流价：/9品：5元/10品：8元,PaddlePaddle
子夜（上）,子夜,（上）,改编：大鲁 绘画：叶雄,,,改编：大鲁,大鲁,改编,绘画：叶雄,叶雄,绘画,,,,,,,,,,,,,上海人民美术,上海人民美术,,上海,11,1985,1版1次,64,5万,0.42,,,Ref002:276,套书：现代题材,,,子夜(上)/出版社：上海人民美术/改编：大鲁/绘画：叶 雄/85年11月1版1次64开/印数：5万定价：0.42元,PaddlePaddle
子夜（下）,子夜,（下）,改编：大鲁 绘画：叶雄,,,改编：大鲁,大鲁,改编,绘画：叶雄,叶雄,绘画,,,,,,,,,,,,,上海人民美术,上海人民美术,,上海,11,1985,1版1次,64,5万,0.43,120（全套）,300,Ref002:276,套书：现代题材,,,子夜(下)/出版社：上海人民美术/改编：大鲁/绘画：叶 雄/85年11月1版1次64开/印数：5万定价：0.43元/市场交流价：/9品：120元（全套）/10品：300元,PaddlePaddle
上海的早晨（一）,上海的早晨,（一）,编文：吴文焕 绘画：冯远,,,编文：吴文焕,吴文焕,编文,绘画：冯远,冯远,绘画,,,,,,,,,,,,,上海人民美术,上海人民美术,,上海,11,1985,1版1次,64,3.7万,0.33,,,Ref002:276,套书：现代题材,,,上海的早晨(一)/出版社：上海人民美术/编文：吴文焕/绘画：冯远/85年11月1版1次64开/印数：3.7万定价：0.33元,PaddlePaddle
上海的早晨（二）,上海的早晨,（二）,改编：吴文焕 绘画：冯远,,,改编：吴文焕,吴文焕,改编,绘画：冯远,冯远,绘画,,,,,,,,,,,,,上海人民美术,上海人民美术,,上海,9,1985,1版1次,64,3.7万,0.37,70（全二册）,150,Ref002:276,套书：现代题材,,,上海的早晨(二)/出版社：上海人民美术/改编：吴文焕/绘画：冯远/85年9月1版1次64开/印数：3.7万定价：0.37元/市场交流价：/9品：70元（全二册）/10品：150元,PaddlePaddle
盟誓（一）,盟誓,（一）,改编：庄宏安 绘画：冯正樑赵延平,,,改编：庄宏安,庄宏安,改编,绘画：冯正樑,冯正樑,绘画,绘画：赵延平,赵延平,绘画,,,,,,,,,,上海人民美术,上海人民美术,,上海,12,1985,1版1次,64,5万,0.28,,,Ref002:276,套书：现代题材,,,盟誓(一)/O/出版社：上海人民美术/改编：庄宏安/绘画：冯正樑赵延平/85年12月1版1次64开/印数：5万定价：0.28元,PaddlePaddle
热血（二）,热血,（二）,改编：庄宏安 绘画：冯正樑赵延平,,,改编：庄宏安,庄宏安,改编,绘画：冯正樑,冯正樑,绘画,绘画：赵延平,赵延平,绘画,,,,,,,,,,上海人民美术,上海人民美术,,上海,12,1985,1版1次,64,5万,0.28,,,Ref002:276,套书：现代题材,,,热血（二）/出版社：上海人民美术/改编：庄宏安/绘画：冯正樑赵延平/85年12月1版1次64开/印数：5万定价：0.28元,PaddlePaddle
夜深沉（三）,夜深沉,（三）,改编：庄宏安 绘画：冯正樑赵延平,,,改编：庄宏安,庄宏安,改编,绘画：冯正樑,冯正樑,绘画,绘画：赵延平,赵延平,绘画,,,,,,,,,,上海人民美术,上海人民美术,,上海,12,1985,1版1次,64,5万,0.35,90（全三册）,180,Ref002:276,套书：现代题材,,,0 夜深沉(三)/出版社：上海人民美术/改编：庄宏安/绘画：冯正樑赵延平/85年12月1版1次64开/印数：5万定价：0.35元/市场交流价：/9品：90元（全三册）/10品：180元,PaddlePaddle
家,家,,改编：赵吉南 绘画：侯德剑沈启鹏,,,改编：赵吉南,赵吉南,改编,绘画：侯德剑,侯德剑,绘画,绘画：沈启鹏,沈启鹏,绘画,,,,,,,,,,上海人民美术,上海人民美术,,上海,3,1985,1版1次,64,7.4万,0.49,50,120,Ref002:276,套书：现代题材,,,家/出版社：上海人民美术/改编：赵吉南/绘画：侯德剑沈启鹏/85年3月1版1次64开/印数：7.4万定价：0.49元/市场交流价：/9品：50元/10品：120元,PaddlePaddle
二月,二月,,改编：王良莹 绘画：盛增祥,,,改编：王良莹,王良莹,改编,绘画：盛增祥,盛增祥,绘画,,,,,,,,,,,,,上海人民美术,上海人民美术,,上海,5,1984,1版1次,64,16.5万,0.23,30,60,Ref002:277,套书：现代题材,,,二月/出版社：上海人民美术/改编：王良莹/绘画：盛增祥/84年5月1版1次64开/印数：16.5万定价：0.23元/市场交流价：/9品：30元/10品：60元,PaddlePaddle
家,家,,编文：高铁林王力军 绘画：博综等,,,编文：高铁林,高铁林,编文,编文：王力军,王力军,编文,绘画：博综,博综,绘画,绘画：等,等,绘画,,,,,,,人民美术,人民美术,,,11,1982,1版1次,64,27万,0.32,30,80,Ref002:277,套书：现代题材,《家》人美版，多见于北方，而在南方，则要少于其它两种。,,家/出版社：人民美术/编文：高铁林王力军/绘画：博综等/82年11月1版1次64开/印数：27万定价：0.32元/市场交流价：/9品：30元/10品：80元,PaddlePaddle
春,春,,编文：高铁林王力军 绘画：杨雨青等,,,编文：高铁林,高铁林,编文,编文：王力军,王力军,编文,绘画：杨雨青,杨雨青,绘画,绘画：等,等,绘画,,,,,,,人民美术,人民美术,,,8,1985,1版1次,64,6.5万,0.59,30,80,Ref002:277,套书：现代题材,,,春/出版社：人民美术/编文：高铁林王力军/绘画：杨雨青等/85年8月1版1次64开/印数：6.5万定价：0.59元/市场交流价：/9品：30元/10品：80元,PaddlePaddle
秋,秋,,改编：高铁林王力军 绘画：杨雨青等,,,改编：高铁林,高铁林,改编,改编：王力军,王力军,改编,绘画：杨雨青,杨雨青,绘画,绘画：等,等,绘画,,,,,,,人民美术,人民美术,,,8,1985,1版1次,64,6.6万,0.59,30,80,Ref002:277,套书：现代题材,,,秋/出版社：人民美术/改编：高铁林王力军/绘画：杨雨青等/85年8月1版1次64开/印数：6.6万定价：0.59元/市场交流价：/9品：30元/10品：80元,PaddlePaddle
佳富筹金,佳富筹金,,改编：郑桂兰 绘画：汪国新,,,改编：郑桂兰,郑桂兰,改编,绘画：汪国新,汪国新,绘画,,,,,,,,,,,,,长江文艺,长江文艺,,武汉,8,1983,1版1次,64,21.3万,0.22,15,30,Ref002:277,套书：现代题材,,,佳富筹金/出版社：长江文艺/改编：郑桂兰/绘画：汪国新/83年8月1版1次64开/印数：21.3万定价：0.22元/市场交流价：/9品：15元/10品：30元,PaddlePaddle
李明进川,李明进川,,改编：郑桂兰 绘画：汪国新,,,改编：郑桂兰,郑桂兰,改编,绘画：汪国新,汪国新,绘画,,,,,,,,,,,,,长江文艺,长江文艺,,武汉,3,1984,1版1次,64,22.6万,0.27,20,40,Ref002:277,套书：现代题材,,,李明进川/出版社：长江文艺/改编：郑桂兰/绘画：汪国新/84年3月1版1次64开/印数：22.6万定价：0.27元/市场交流价：/9品：20元/10品：40元,PaddlePaddle
巧斗袍哥,巧斗袍哥,,改编：郑桂兰 绘画：汪国新,,,改编：郑桂兰,郑桂兰,改编,绘画：汪国新,汪国新,绘画,,,,,,,,,,,,,湖北美术,湖北美术,,武汉,5,1985,1版1次,64,14.5万,0.36,25,50,Ref002:277,套书：现代题材,,,巧斗袍哥/出版社：湖北美术/改编：郑桂兰/绘画：汪国新/85年5月1版1次64开/印数：14.5万定价：0.36元/市场交流价：/9品：25元/10品：50元,PaddlePaddle
血溅津门,血溅津门,,改编：剑青 绘画：刘建平尚金生,,,改编：剑青,剑青,改编,绘画：刘建平,刘建平,绘画,绘画：尚金生,尚金生,绘画,,,,,,,,,,天津人民美术,天津人民美术,,天津,6,1983,1版1次,64,76.5万,0.16,80（全六册）,150,Ref002:277,套书：现代题材,,,血溅津门/出版社：天津人民美术/改编：剑青/绘画：刘建平尚金生/83年6月1版1次64开/印数：76.5万定价：0.16元/市场交流价：/9品：80元（全六册）/10品：150元,PaddlePaddle
红宝石,红宝石,,改编：严厉 绘画：邹越非,,,改编：严厉,严厉,改编,绘画：邹越非,邹越非,绘画,,,,,,,,,,,,,山东美术,山东美术,,济南,7,1984,1版1次,64,5.2万,0.15,8,15,Ref002:278,套书：现代题材,,,红宝石/出版社：山东美术/改编：严厉/绘画：邹越非/84年7月1版1次64开/印数：5.2万定价：0.15元/市场交流价：/9品：8元/10品：15元,PaddlePaddle
松花姑娘,松花姑娘,,改编：尹其超 绘画：黄大华,,,改编：尹其超,尹其超,改编,绘画：黄大华,黄大华,绘画,,,,,,,,,,,,,山东美术,山东美术,,济南,7,1984,1版1次,64,4.4万,0.17,10,20,Ref002:278,套书：现代题材,,,松花姑娘/出版社：山东美术/改编：尹其超/绘画：黄大华/84年7月1版1次64开/印数：4.4万定价：0.17元/市场交流价：/9品：10元/10品：20元,PaddlePaddle
瓜园轶事,瓜园轶事,,改编：李侃 绘画：王诚龙,,,改编：李侃,李侃,改编,绘画：王诚龙,王诚龙,绘画,,,,,,,,,,,,,湖南美术,湖南美术,,长沙,6,1984,1版1次,64,7.9万,0.21,10,20,Ref002:278,套书：现代题材,,,瓜园轶事/出版社：湖南美术/改编：李侃/绘画：王诚龙/84年6月1版1次64开/印数：7.9万定价：0.21元/市场交流价：/9品：10元/10品：20元,PaddlePaddle
流泪的红蜡烛,流泪的红蜡烛,,改编：碧青 绘画：刘斌昆裴向春,,,改编：碧青,碧青,改编,绘画：刘斌昆,刘斌昆,绘画,绘画：裴向春,裴向春,绘画,,,,,,,,,,湖南美术,湖南美术,,长沙,10,1984,1版1次,64,19.1万,0.21,10,20,Ref002:278,套书：现代题材,,,流泪的红蜡烛/出版社：湖南美术/改编：碧青/绘画：刘斌昆裴向春/84年10月1版1次64开/印数：19.1万定价：0.21元/市场交流价：/9品：10元/10品：20元,PaddlePaddle
生老病死,生老病死,,改编：石山 绘画：蒋太禄,,,改编：石山,石山,改编,绘画：蒋太禄,蒋太禄,绘画,,,,,,,,,,,,,湖南美术,湖南美术,,长沙,10,1983,1版1次,64,4.8万,0.13,10,20,Ref002:278,套书：现代题材,,,生老病死/出版社：湖南美术/改编：石山/绘画：蒋太禄/83年10月1版1次64开/印数：4.8万定价：0.13元/市场交流价：/9品：10元/10品：20元,PaddlePaddle
朝阳沟内传,朝阳沟内传,,改编：竹马 绘画：张治华,,,改编：竹马,竹马,改编,绘画：张治华,张治华,绘画,,,,,,,,,,,,,湖南美术,湖南美术,,长沙,10,1983,1版1次,64,5.6万,0.18,15,30,Ref002:278,套书：现代题材,,,朝阳沟内传/出版社：湖南美术/改编：竹马/绘画：张治华/83年10月1版1次64开/印数：5.6万定价：0.18元/市场交流价：/9品：15元/10品：30元,PaddlePaddle
杀敌勇士,杀敌勇士,,编文：童心 绘画：耿新洋,,,编文：童心,童心,编文,绘画：耿新洋,耿新洋,绘画,,,,,,,,,,,,,吉林人民,吉林人民,,长春,1,1983,1版1次,64,40.9万,0.1,5,10,Ref002:278,套书：现代题材,,,杀敌勇士/出版社：吉林人民/编文：童心/绘画：耿新洋/83年1月1版1次64开/印数：40.9万定价：0.10元/市场交流价：/9品：5元/10品：10元,PaddlePaddle
虎胆群英,虎胆群英,,编文：童心 绘画：孙德明,,,编文：童心,童心,编文,绘画：孙德明,孙德明,绘画,,,,,,,,,,,,,吉林人民,吉林人民,,长春,1,1983,1版1次,64,40.31万,0.13,5,10,Ref002:278,套书：现代题材,,,虎胆群英/出版社：吉林人民/编文：童心/绘画：孙德明/83年1月1版1次64开/印数：40.31万定价：0.13元/市场交流价：/9品：5元/10品：10元,PaddlePaddle
西沙儿女—正气篇,西沙儿女,正气篇,改编：集体 绘画：林墉等,,,改编：集体,集体,改编,绘画：林墉,林墉,绘画,绘画：等,等,绘画,,,,,,,,,,北京人民,北京人民,,北京,1,1975,1版1次,60,,0.15,25,60,Ref002:279,套书：现代题材,,,西沙儿女一正气篇/出版社：北京人民/改编：集体/绘画：林墉等/75年1月1版1次60开/印数：未详定价：0.15元/市场交流价：/9品：25元/10品：60元,PaddlePaddle
西沙儿女—奇志篇,西沙儿女,奇志篇,改编：集体 绘画：林墉等,,,改编：集体,集体,改编,绘画：林墉,林墉,绘画,绘画：等,等,绘画,,,,,,,,,,北京人民,北京人民,,北京,5,1975,1版1次,60,,0.19,30,90,Ref002:279,套书：现代题材,,,西沙儿女一奇志篇/出版社：北京人民/改编：集体/绘画：林墉等/75年5月1版1次60开/印数：未详定价：0.19元/市场交流价：/9品：30元/10品：90元,PaddlePaddle
西沙儿女—正气篇,西沙儿女,正气篇,改编：集体 绘画：林墉等,,,改编：集体,集体,改编,绘画：林墉,林墉,绘画,绘画：等,等,绘画,,,,,,,,,,人民美术,人民美术,,,2,1976,1版1次,64,100万,0.14,20,40,Ref002:279,套书：现代题材,,,西沙儿女一正气篇/出版社：人民美术/改编：集体/绘画：林墉等/76年2月1版1次64开/印数：100万定价：0.14元/市场交流价：/9品：20元/10品：40元,PaddlePaddle
西沙儿女—奇志篇,西沙儿女,奇志篇,改编：集体 绘画：林墉等,,,改编：集体,集体,改编,绘画：林墉,林墉,绘画,绘画：等,等,绘画,,,,,,,,,,人民美术,人民美术,,,2,1976,1版1次,64,100万,0.18,20,40,Ref002:279,套书：现代题材,,,西沙儿女一奇志篇/出版社：人民美术/改编：集体/绘画：林墉等/76年2月1版1次64开/印数：100万定价：0.18元/市场交流价：/9品：20元/10品：40元,PaddlePaddle
西沙儿女—正气篇（上）,西沙儿女,正气篇（上）,改编：梅声 绘画：侯国良等,,,改编：梅声,梅声,改编,绘画：侯国良,侯国良,绘画,绘画：等,等,绘画,,,,,,,,,,黑龙江人民,黑龙江人民,,哈尔滨,10,1975,1版1次,64,60万,0.15,,,Ref002:279,套书：现代题材,,,西沙儿女一正气篇（上）/出版社：黑龙江人民/改编：梅声/绘画：侯国良等/75年10月1版1次64开/印数：60万定价：0.15元,PaddlePaddle
西沙儿女—正气篇（下）,西沙儿女,正气篇（下）,改编：梅文 绘画：侯国良等,,,改编：梅文,梅文,改编,绘画：侯国良,侯国良,绘画,绘画：等,等,绘画,,,,,,,,,,黑龙江人民,黑龙江人民,,哈尔滨,6,1976,1版1次,64,60万,0.11,60（全套）,120,Ref002:279,套书：现代题材,,,西沙儿女一正气篇（下）/出版社：黑龙江人民/改编：梅文/绘画：侯国良等/76年6月1版1次64开/印数：60万定价：0.11元/市场交流价：/9品：60元（全套）/10品：120元,PaddlePaddle
万山红遍（上）,万山红遍,（上）,改编：贾玉书 绘画：李苇成刘二刚,,,改编：贾玉书,贾玉书,改编,绘画：李苇成,李苇成,绘画,绘画：刘二刚,刘二刚,绘画,,,,,,,,,,江苏人民,江苏人民,,南京,2,1979,1版1次,64,40万,0.17,20（全三册）,30,Ref002:279,套书：现代题材,,,万山红遍(上)/出版社：江苏人民/改编：贾玉书/绘画：李苇成刘二刚/79年2月1版1次64开/印数：40万定价：0.17元/市场交流价：/9品：20元（全三册）/10品：30元,PaddlePaddle
万山红遍（下）,万山红遍,（下）,改编：邹向前 绘画：钟文斌,,,改编：邹向前,邹向前,改编,绘画：钟文斌,钟文斌,绘画,,,,,,,,,,,,,辽宁美术,辽宁美术,,沈阳,12,1983,1版1次,64,44.3万,0.3,15（全二册）,20,Ref002:279,套书：现代题材,,,万山红遍(下）/出版社：辽宁美术/改编：邹向前/绘画：钟文斌/83年12月1版1次64开/印数：44.3万定价：0.30元/市场交流价：/9品：15元（全二册）/10品：20元,PaddlePaddle
黄兴,黄兴,,编者：伍杰 绘者：刘启端,,,编者：伍杰,伍杰,编者,绘者：刘启端,刘启端,绘者,,,,,,,,,,,,,人民美术,人民美术,,,12,1983,1版1次,60,12万,0.22,40,70,Ref002:280,套书：现代题材,,,黄兴/出版社：人民美术/编者：伍杰/绘者：刘启端/83年12月1版1次60开/印数：12万定价：0.22元/市场交流价：/9品：40元/10品：70元,PaddlePaddle
彭湃,彭湃,,编者：王曼杨永 绘者：刘启端潘晋拔,,,编者：王曼,王曼,编者,编者：杨永,杨永,编者,绘者：刘启端,刘启端,绘者,绘者：潘晋拔,潘晋拔,绘者,,,,,,,人民美术,人民美术,,,2,1980,1版1次,60,80万,0.25,30,50,Ref002:280,套书：现代题材,,Sic._Author_Core_2,彭湃/出版社：人民美术/编者：王曼杨永/绘者：刘启端潘晋拔/80年2月1版1次60开/印数：80万定价：0.25元/市场交流价：/9品：30元/10品：50元,PaddlePaddle
陕甘星火,陕甘星火,,改编：刘艺青冬 绘者：李振坤,,,改编：刘艺,刘艺,改编,改编：青冬,青冬,改编,绘者：李振坤,李振坤,绘者,,,,,,,,,,人民美术,人民美术,,,12,1984,1版1次,60,13万,0.37,40,60,Ref002:280,套书：现代题材,,Sic._Author_Core_2,陕甘星火/出版社：人民美术/改编：刘艺青冬/绘者：李振坤/84年12月1版1次60开/印数：13万定价：0.37元/市场交流价：/9品：40元/10品：60元/市场交流价：9品60元、10品100元。,PaddlePaddle
方志敏,方志敏,,编者：杨际萱 绘者：蔡超等,,,编者：杨际萱,杨际萱,编者,绘者：蔡超,蔡超,绘者,绘者：等,等,绘者,,,,,,,,,,人民美术,人民美术,,,10,1980,1版1次,60,41万,0.17,30,60,Ref002:280,套书：现代题材,《老一辈革命家》人美版。其中《廖仲凯》最少见。市场交流价：9品60元、10品100元。,,方志敏/出版社：人民美术/编者：杨际萱/绘者：蔡超等/80年10月1版1次60开/印数：41万定价：0.17元/市场交流价：/9品：30元/10品：60元,PaddlePaddle
叶挺,叶挺,,编者：马菊英等 绘者：潘晋拔刘启端,,,编者：马菊英,马菊英,编者,编者：等,等,编者,绘者：潘晋拔,潘晋拔,绘者,绘者：刘启端,刘启端,绘者,,,,,,,人民美术,人民美术,,,6,1982,1版1次,60,57万,0.24,25,40,Ref002:280,套书：现代题材,,,叶挺/出版社：人民美术/编者：马菊英等/绘者：潘晋拔刘启端/82年6月1版1次60开/印数：57万定价：0.24元/市场交流价：/9品：25元/10品：40元,PaddlePaddle
红岩,红岩,,改编：可蒙 绘画：韩和平罗盘,,,改编：可蒙,可蒙,改编,绘画：韩和平,韩和平,绘画,绘画：罗盘,罗盘,绘画,,,,,,,,,,上海人民美术,上海人民美术,,上海,8,1980,1版1次,60,20万,0.18,160（全八册）,300,Ref002:280,套书：现代题材,,,0 红岩/出版社：上海人民美术/改编：可蒙/绘画：韩和平罗盘/80年8月1版1次60开/印数：20万定价：0.18元/市场交流价：/9品：160元（全八册）/10品：300元,PaddlePaddle
考验,考验,,改编：陈正杰 绘画：袁吉中,,,改编：陈正杰,陈正杰,改编,绘画：袁吉中,袁吉中,绘画,,,,,,,,,,,,,四川人民,四川人民,,成都,4,1980,1版1次,60,59万,0.12,20,40,Ref002:280,套书：现代题材,,,考验/出版社：四川人民/改编：陈正杰/绘画：袁吉中/80年4月1版1次60开/印数：59万定价：0.12元/市场交流价：/9品：20元/10品：40元,PaddlePaddle
战斗的青春（五）,战斗的青春,（五）,改编：辛冰 绘画：辛冰,,,改编：辛冰,辛冰,改编,绘画：辛冰,辛冰,绘画,,,,,,,,,,,,,天津人民美术,天津人民美术,,天津,8,1982,1版1次,64,46.1万,0.18,120（全套五册）,200,Ref002:280,套书：现代题材,《红岩》四川版，全套⼗种⼗⼆冊。收集难度⼤。《战⽃的青春》全套五册，第五册最少，第四册次之。全套市场交流价：9品100元、品180元。《红岩》上美版，有封底印“青松”图案和上海⼈美社标两种。前⼀种为⽂⾰后第⼀版，简称“青松版”。后四分册印量少于前四分册。,,战斗的青春(五)/出版社：天津人民美术/改编：辛冰/绘画：辛 冰/82年8月1版1次64开/印数：46.1万定价：0.18元/市场交流价：/9品：120元（全套五册）/10品：200元,PaddlePaddle
孙中山（上）,孙中山,（上）,编文：迟森 绘画：王征,,,编文：迟森,迟森,编文,绘画：王征,王征,绘画,,,,,,,,,,,,,上海人民美术,上海人民美术,,上海,9,1981,1版1次,64,30万,0.17,10,20,Ref002:281,套书：现代题材,,,孙中山(上)/出版社：上海人民美术/编文：迟森/绘画：王征/81年9月1版1次64开/印数：30万定价：0.17元/市场交流价：/9品：10元/10品：20元,PaddlePaddle
孙中山（下）,孙中山,（下）,编文：迟森 绘画：王征,,,编文：迟森,迟森,编文,绘画：王征,王征,绘画,,,,,,,,,,,,,上海人民美术,上海人民美术,,上海,10,1982,1版1次,64,23万,0.17,20,40,Ref002:281,套书：现代题材,,,孙中山(下)/出版社：上海人民美术/编文：迟森/绘画：王征/82年10月1版1次64开/印数：23万定价：0.17元/市场交流价：/9品：20元/10品：40元,PaddlePaddle
袁世凯窃国记（上）,袁世凯窃国记,（上）,编文：吴其柔 绘画：胡志荣,,,编文：吴其柔,吴其柔,编文,绘画：胡志荣,胡志荣,绘画,,,,,,,,,,,,,上海人民美术,上海人民美术,,上海,9,1981,1版1次,64,30万,0.17,10,20,Ref002:281,套书：现代题材,,,袁世凯窃国记（上）/出版社：上海人民美术/编文：吴其柔/绘画：胡志荣/81年9月1版1次64开/印数：30万定价：0.17元/市场交流价：/9品：10元/10品：20元,PaddlePaddle
袁世凯窃国记（下）,袁世凯窃国记,（下）,编文：吴其柔 绘画：胡志荣,,,编文：吴其柔,吴其柔,编文,绘画：胡志荣,胡志荣,绘画,,,,,,,,,,,,,上海人民美术,上海人民美术,,上海,9,1983,1版1次,64,21.5万,0.19,20,40,Ref002:281,套书：现代题材,,,袁世凯窃国记（下）/出版社：上海人民美术/编文：吴其柔/绘画：胡志荣/83年9月1版1次64开/印数：21.5万 定价：0.19元/市场交流价：/9品：20元/10品：40元,PaddlePaddle
天京之变,天京之变,,编文：李遵义 绘画：康济,,,编文：李遵义,李遵义,编文,绘画：康济,康济,绘画,,,,,,,,,,,,,上海人民美术,上海人民美术,,上海,5,1985,1版1次,64,9万,0.29,25,50,Ref002:281,套书：现代题材,,,天京之变/出版社：上海人民美术/编文：李遵义/绘画：康济/85年5月1版1次64开/印数：9万定价：0.29元/市场交流价：/9品：25.00元/10品：50.00元,PaddlePaddle
谭嗣同就义,谭嗣同就义,,编文：唐卫寰吴其柔 绘画：杨春瑞肖玉,,,编文：唐卫寰,唐卫寰,编文,编文：吴其柔,吴其柔,编文,绘画：杨春瑞,杨春瑞,绘画,绘画：肖玉,肖玉,绘画,,,,,,,上海人民美术,上海人民美术,,上海,11,1984,1版1次,64,18.8万,0.3,20,40,Ref002:281,套书：现代题材,,,谭嗣同就义/出版社：上海人民美术/编文：唐卫寰吴其柔/绘画：杨春瑞肖玉/84年11月1版1次64开/印数：18.8万定价：0.30元/市场交流价：/9品：20元/10品：40元,PaddlePaddle
武昌起义,武昌起义,,改编：林林 绘画：康济赵隆义,,,改编：林林,林林,改编,绘画：康济,康济,绘画,绘画：赵隆义,赵隆义,绘画,,,,,,,,,,上海人民美术,上海人民美术,,上海,2,1982,1版1次,64,80万,0.2,15,30,Ref002:281,套书：现代题材,,,武昌起义/出版社：上海人民美术/改编：林林/绘画：康 济赵隆义/82年2月1版1次64开/印数：80万定价：0.20元/市场交流价：/9品：15元/10品：30元,PaddlePaddle
林则徐,林则徐,,编文：庄葳 绘画：盛元龙,,,编文：庄葳,庄葳,编文,绘画：盛元龙,盛元龙,绘画,,,,,,,,,,,,,上海人民美术,上海人民美术,,上海,5,1985,1版1次,64,2.75万,0.4,25,50,Ref002:281,套书：现代题材,,,林则徐/出版社：上海人民美术/编文：庄葳/绘画：盛元龙/85年5月1版1次64开/印数：2.75万定价：0.40元/市场交流价：/9品：25元/10品：50元,PaddlePaddle
刘永福和黑旗军,刘永福和黑旗军,,编文：张企荣 绘画：齐亚明,,,编文：张企荣,张企荣,编文,绘画：齐亚明,齐亚明,绘画,,,,,,,,,,,,,上海人民美术,上海人民美术,,上海,6,1985,1版1次,64,7.3万,0.33,20,35,Ref002:282,套书：现代题材,,,刘永福和黑旗军/出版社：上海人民美术/编文：张企荣/绘画：齐亚明/85年6月1版1次64开/印数：7.3万定价：0.33元/市场交流价：/9品：20元/10品：35元,PaddlePaddle
蔡锷,蔡锷,,编文：杨忠椿 绘画：罗希贤,,,编文：杨忠椿,杨忠椿,编文,绘画：罗希贤,罗希贤,绘画,,,,,,,,,,,,,上海人民美术,上海人民美术,,上海,5,1984,1版1次,64,21.8万,0.27,20,40,Ref002:282,套书：现代题材,,,蔡锷/出版社：上海人民美术/编文：杨忠椿/绘画：罗希贤/84年5月1版1次64开/印数：21.8万 定价：0.27元/市场交流价：/9品：20元/10品：40元,PaddlePaddle
慈禧罪恶史,慈禧罪恶史,,编文：金伯弢 绘画：马方路陆华,,,编文：金伯弢,金伯弢,编文,绘画：马方路,马方路,绘画,绘画：陆华,陆华,绘画,,,,,,,,,,上海人民美术,上海人民美术,,上海,4,1984,1版1次,64,50.3万,0.37,25,50,Ref002:282,套书：现代题材,,,慈禧罪恶史/出版社：上海人民美术/编文：金伯/绘画：马方路陆华/84年4月1版1次64开/印数：50.3万定价：0.37元/市场交流价：/9品：25元/10品：50元,PaddlePaddle
李大钊,李大钊,,编文：贾秉恒 绘画：殷恩光,,,编文：贾秉恒,贾秉恒,编文,绘画：殷恩光,殷恩光,绘画,,,,,,,,,,,,,上海人民美术,上海人民美术,,上海,5,1985,1版1次,64,2.9万,0.46,50,120,Ref002:282,套书：现代题材,《中国近代史故事》上美版，该系列共十种十二册。《李大钊》一种，极少。,,李大钊/出版社：上海人民美术/编文：贾秉恒/绘画：殷恩光/85年5月1版1次64开/印数：2.9万定价：0.46元/市场交流价：/9品：50元/10品：120元,PaddlePaddle
大战乌龙山,大战乌龙山,,改编：李平 绘画：陈水远,,,改编：李平,李平,改编,绘画：陈水远,陈水远,绘画,,,,,,,,,,,,,广西人民,广西人民,,南宁,6,1983,1版1次,64,54.8万,0.17,5,15,Ref002:282,套书：现代题材,,,大战乌龙山/出版社：广西人民/改编：李平/绘画：陈水远/83年6月1版1次64开/印数：54.8万定价：0.17元/市场交流价：/9品：5元/10品：15元,PaddlePaddle
奇袭鹰头山,奇袭鹰头山,,编文：闭立群 绘画：闭克,,,编文：闭立群,闭立群,编文,绘画：闭克,闭克,绘画,,,,,,,,,,,,,广西美术,广西美术,,南宁,4,1995,1版1次,64,2.03万,2.15,5,10,Ref002:282,套书：现代题材,,,奇袭鹰头山/出版社：广西美术/编文：闭立群/绘画：闭克/95年4月1版1次64开/印数：2.03万定价：2.15元/市场交流价：/9品：5元/10品：10元,PaddlePaddle
辛亥风云录（五）,辛亥风云录,（五）,改编：张永 绘画：冯椒生,,,改编：张永,张永,改编,绘画：冯椒生,冯椒生,绘画,,,,,,,,,,,,,湖南少年儿童,湖南少年儿童,,长沙,2,1984,1版1次,64,39.1万,0.24,,,Ref002:282,套书：现代题材,,,辛亥风云录(五)/出版社：湖南少年儿童/改编：张永/绘画：冯椒生/84年2月1版1次64开/印数：39.1万定价：0.24元,PaddlePaddle
辛亥风云录（六）,辛亥风云录,（六）,改编：张永 绘画：郦渊达真,,,改编：张永,张永,改编,绘画：郦渊,郦渊,绘画,绘画：达真,达真,绘画,,,,,,,,,,湖南省少年儿童,湖南省少年儿童,,,8,1984,1版1次,64,39.1万,0.22,40（全六册）,60,Ref002:282,套书：现代题材,,Sic._Author_Core_3,辛亥风云录(六)/出版社：湖南省少年儿童/改编：张永/绘画：郦渊达真/84年8月1版1次64开/印数：39.1万定价：0.22元/市场交流价：/9品：40元（全六册）/10品：60元,PaddlePaddle
智杀土豪,智杀土豪,,改编：谢发根 绘画：岗阳波,,,改编：谢发根,谢发根,改编,绘画：岗阳波,岗阳波,绘画,,,,,,,,,,,,,江西人民,江西人民,,南昌,7,1980,1版1次,64,20万,0.13,10,20,Ref002:283,套书：现代题材,,,智杀土豪/出版社：江西人民/改编：谢发根/绘画：岗阳波/80年7月1版1次64开/印数：20万定价：0.13元/市场交流价：/9品：10元/10品：20元,PaddlePaddle
神铳手,神铳手,,编写：集体 绘画：胡永生,,,编写：集体,集体,编写,绘画：胡永生,胡永生,绘画,,,,,,,,,,,,,江西人民,江西人民,,南昌,4,1978,1版1次,64,10万,0.12,30,60,Ref002:283,套书：现代题材,,,神统手/出版社：江西人民/编写：集体/绘画：胡永生/78年4月1版1次64开/印数：10万定价：0.12元/市场交流价：/9品：30元/10品：60元,PaddlePaddle
智闯险关,智闯险关,,编文：毕必成周兴发 绘画：李维山,,,编文：毕必成,毕必成,编文,编文：周兴发,周兴发,编文,绘画：李维山,李维山,绘画,,,,,,,,,,江西人民,江西人民,,南昌,11,1979,1版1次,64,25万,0.16,10,20,Ref002:283,套书：现代题材,,,智闯险关/出版社：江西人民/编文：毕必成周兴发/绘画：李维山/79年11月1版1次64开/印数：25万定价：0.16元/市场交流价：/9品：10元/10品：20元,PaddlePaddle
霞庄烽火,霞庄烽火,,编文：李有保徐振华 绘画：肖鸽鸥赛明,,,编文：李有保,李有保,编文,编文：徐振华,徐振华,编文,绘画：肖鸽鸥,肖鸽鸥,绘画,绘画：赛明,赛明,绘画,,,,,,,江西人民,江西人民,,南昌,12,1979,1版1次,64,10万,0.14,15,30,Ref002:283,套书：现代题材,《江西革命历史斗争》系列，出版时间跨渡较大，故难收集完整。经不完全统计，全部应在二十五种左右，仅供参考。,,霞庄烽火/出版社：江西人民/编文：李有保徐振华/绘画：肖鸽鸥赛 明/79年12月1版1次64开/印数：10万定价：0.14元/市场交流价：/9品：15元/10品：30元,PaddlePaddle
修械所的故事,修械所的故事,,编文：刘丹 绘画：徐东林,,,编文：刘丹,刘丹,编文,绘画：徐东林,徐东林,绘画,,,,,,,,,,,,,江西人民,江西人民,,南昌,6,1976,1版1次,64,20万,0.13,20,40,Ref002:283,套书：现代题材,,,修械所的故事/出版社：江西人民/编文：刘丹/绘画：徐东林/76年6月1版1次64开/印数：20万定价：0.13元/市场交流价：/9品：20元/10品：40元,PaddlePaddle
夜袭石湖镇,夜袭石湖镇,,编文：王光明 绘画：周晓群,,,编文：王光明,王光明,编文,绘画：周晓群,周晓群,绘画,,,,,,,,,,,,,江西人民,江西人民,,南昌,10,1975,1版1次,64,80万,0.12,5,10,Ref002:283,套书：现代题材,,,夜袭石湖镇/出版社：江西人民/编文：王光明/绘画：周晓群/75年10月1版1次64开/印数：80万定价：0.12元/市场交流价：/9品：5元/10品：10元,PaddlePaddle
凤嫂,凤嫂,,编文：黄河浪 绘画：戴光华,,,编文：黄河浪,黄河浪,编文,绘画：戴光华,戴光华,绘画,,,,,,,,,,,,,江西人民,江西人民,,南昌,10,1978,1版1次,64,20万,0.12,20,40,Ref002:283,套书：现代题材,,,凤嫂/出版社：江西人民/编文：黄河浪/绘画：戴光华/78年10月1版1次64开/印数：20万定价：0.12元/市场交流价：/9品：20元/10品：40元,PaddlePaddle
虎口夺盐,虎口夺盐,,改编：彭新争 绘画：戴光华,,,改编：彭新争,彭新争,改编,绘画：戴光华,戴光华,绘画,,,,,,,,,,,,,江西人民,江西人民,,南昌,3,1976,1版1次,64,60万,0.13,5,10,Ref002:283,套书：现代题材,,,虎口夺盐/出版社：江西人民/改编：彭新争/绘画：戴光华/76年3月1版1次64开/印数：60万定价：0.13元/市场交流价：/9品：5元/10品：10元,PaddlePaddle
女赤卫队员,女赤卫队员,,编文：王树华 绘画：罗干才,,,编文：王树华,王树华,编文,绘画：罗干才,罗干才,绘画,,,,,,,,,,,,,江西人民,江西人民,,南昌,7,1978,1版1次,64,20万,0.13,20,40,Ref002:284,套书：现代题材,,,女赤卫队员/出版社：江西人民/编文：王树华/绘画：罗干才/78年7月1版1次64开/印数：20万定价：0.13元/市场交流价：/9品：20元/10品：40元,PaddlePaddle
捕狼记,捕狼记,,编文：王先艳 绘画：陆军,,,编文：王先艳,王先艳,编文,绘画：陆军,陆军,绘画,,,,,,,,,,,,,江西人民,江西人民,,南昌,11,1979,1版1次,64,16万,0.11,30,50,Ref002:284,套书：现代题材,,,捕狼记/出版社：江西人民/编文：王先艳/绘画：陆军/79年11月1版1次64开/印数：16万定价：0.11元/市场交流价：/9品：30元/10品：50元,PaddlePaddle
南国烽烟,南国烽烟,,编文：罗旋 绘画：刘世群等,,,编文：罗旋,罗旋,编文,绘画：刘世群,刘世群,绘画,绘画：等,等,绘画,,,,,,,,,,江西人民,江西人民,,南昌,6,1980,1版1次,64,10万,0.2,10,20,Ref002:284,套书：现代题材,,,南国烽烟/出版社：江西人民/编文：罗旋/绘画：刘世群等/80年6月1版1次64开/印数：10万定价：0.20元/市场交流价：/9品：10元/10品：20元,PaddlePaddle
枪震古城,枪震古城,,编文：周崇坡 绘画：汤云鹤,,,编文：周崇坡,周崇坡,编文,绘画：汤云鹤,汤云鹤,绘画,,,,,,,,,,,,,江西人民,江西人民,,南昌,12,1977,1版1次,64,50万,0.18,5,10,Ref002:284,套书：现代题材,,,0/枪震古城/出版社：江西人民/编文：周崇坡/绘画：汤云鹤/77年12月1版1次64开/印数：50万定价：0.18元/市场交流价：/9品：5元/10品：10元,PaddlePaddle
龙门暴动,龙门暴动,,编文：胡启铖 绘画：罗干才,,,编文：胡启铖,胡启铖,编文,绘画：罗干才,罗干才,绘画,,,,,,,,,,,,,江西人民,江西人民,,南昌,5,1977,1版1次,64,60万,0.18,5,10,Ref002:284,套书：现代题材,,,8/龙门暴动/出版社：江西人民/编文：胡启/绘画：罗干才/77年5月1版1次64开/印数：60万定价：0.18元/市场交流价：/9品：5元/10品：10元,PaddlePaddle
铜豆子,铜豆子,,改编：邱恒聪 绘画：汤云鹤,,,改编：邱恒聪,邱恒聪,改编,绘画：汤云鹤,汤云鹤,绘画,,,,,,,,,,,,,江西人民,江西人民,,南昌,12,1979,1版1次,64,10万,0.15,25,50,Ref002:284,套书：现代题材,,,铜豆子/出版社：江西人民/改编：邱恒聪/绘画：汤云鹤/79年12月1版1次64开/印数：10万定价：0.15元/市场交流价：/9品：25元/10品：50元,PaddlePaddle
八一风暴,八一风暴,,编文：集体 绘画：集集,,,编文：集体,集体,编文,绘画：集集,集集,绘画,,,,,,,,,,,,,江西人民,江西人民,,南昌,7,1977,1版次,64,40万,0.19,15,30,Ref002:284,套书：现代题材,,,八一风暴/出版社：江西人民/编文：集体/绘画：集集/77年7月1版次64开/印数：40万定价：0.19元/市场交流价：/9品：15元/10品：30元,PaddlePaddle
关东响马,关东响马,,编文：示珺冯源 绘画：杜春,,,编文：示珺,示珺,编文,编文：冯源,冯源,编文,绘画：杜春,杜春,绘画,,,,,,,,,,湖南美术,湖南美术,,长沙,6,1987,1版次,64,3.5万,,30（全套五册）,50,Ref002:284,套书：现代题材,,Sic._Author_Core_1,关东响马/出版社：湖南美术/编文：示珺冯源/绘画：杜春/87年6月1版次64开/印数：3.5万/市场交流价：/9品：30元（全套五册）/10品：50元,PaddlePaddle
从水手到囚徒,从水手到囚徒,,改编：西巩 绘画：胡克礼恽南平,,,改编：西巩,西巩,改编,绘画：胡克礼,胡克礼,绘画,绘画：恽南平,恽南平,绘画,,,,,,,,,,辽宁美术,辽宁美术,,沈阳,5,1981,1版1次,64,75万,0.2,8,15,Ref002:285,套书：外国题材,,,从水手到囚徒/出版社：辽宁美术/改编：西巩/绘画：胡克礼恽南平/81年5月1版1次64开/印数：75万定价：0.20元/市场交流价：/9品：8元/10品：15元,PaddlePaddle
秘密窟的宝藏,秘密窟的宝藏,,改编：丁巩 绘画：胡克礼恽南平,,,改编：丁巩,丁巩,改编,绘画：胡克礼,胡克礼,绘画,绘画：恽南平,恽南平,绘画,,,,,,,,,,辽宁美术,辽宁美术,,沈阳,5,1981,1版1次,64,74.8万,0.22,8,15,Ref002:285,套书：外国题材,,,秘密窟的宝藏/出版社：辽宁美术/改编：丁巩/绘画：胡克礼恽南平/81年5月1版1次64开/印数：74.8万定价：0.22元/市场交流价：/9品：8元/10品：15元,PaddlePaddle
罗马狂欢节,罗马狂欢节,,改编：丁巩 绘画：胡克礼恽南平,,,改编：丁巩,丁巩,改编,绘画：胡克礼,胡克礼,绘画,绘画：恽南平,恽南平,绘画,,,,,,,,,,辽宁美术,辽宁美术,,沈阳,8,1981,1版1次,64,19.5万,0.22,20,30,Ref002:285,套书：外国题材,,,罗马狂欢节/出版社：辽宁美术/改编：丁巩/绘画：胡克礼恽南平/81年8月1版1次64开/印数：19.5万定价：0.22元/市场交流价：/9品：20元/10品：30元,PaddlePaddle
巴黎的恩怨,巴黎的恩怨,,改编：丁巩 绘画：胡克礼恽南平,,,改编：丁巩,丁巩,改编,绘画：胡克礼,胡克礼,绘画,绘画：恽南平,恽南平,绘画,,,,,,,,,,辽宁美术,辽宁美术,,沈阳,8,1981,1版1次,64,44万,0.22,15,25,Ref002:285,套书：外国题材,《集督⼭伯舜》辽美版，全套九册。,,巴黎的恩怨/出版社：辽宁美术/改编：丁巩/绘画：胡克礼恽南平/81年8月1版1次64开/印数：44万定价：0.22元/市场交流价：/9品：15元/10品：25元,PaddlePaddle
恐怖的晚餐会,恐怖的晚餐会,,改编：丁巩 绘画：容淑铭,,,改编：丁巩,丁巩,改编,绘画：容淑铭,容淑铭,绘画,,,,,,,,,,,,,辽宁美术,辽宁美术,,沈阳,3,1982,1版1次,64,35.1万,0.22,15,30,Ref002:285,套书：外国题材,,,恐怖的晚餐会/出版社：辽宁美术/改编：丁巩/绘画：容淑铭/82年3月1版1次64开/印数：35.1万定价：0.22元/市场交流价：/9品：15元/10品：30元,PaddlePaddle
两起谋杀案,两起谋杀案,,改编：丁巩 绘画：胡克礼恽南平,,,改编：丁巩,丁巩,改编,绘画：胡克礼,胡克礼,绘画,绘画：恽南平,恽南平,绘画,,,,,,,,,,辽宁美术,辽宁美术,,沈阳,6,1982,1版1次,64,46.3万,0.23,15,30,Ref002:285,套书：外国题材,,,两起谋杀案/出版社：辽宁美术/改编：丁巩/绘画：胡克礼恽南平/82年6月1版1次64开/印数：46.3万定价：0.23元/市场交流价：/9品：15元/10品：30元,PaddlePaddle
决斗,决斗,,改编：丁巩 绘画：胡克礼恽南平,,,改编：丁巩,丁巩,改编,绘画：胡克礼,胡克礼,绘画,绘画：恽南平,恽南平,绘画,,,,,,,,,,辽宁美术,辽宁美术,,沈阳,11,1982,1版1次,64,12.55万,0.22,20,40,Ref002:285,套书：外国题材,,,决斗/出版社：辽宁美术/改编：丁巩/绘画：胡克礼恽南平/82年11月1版1次64开/印数：12.55万定价：0.22元/市场交流价：/9品：20元/10品：40元,PaddlePaddle
少女的命运,少女的命运,,改编：丁巩 绘画：胡克礼恽南平,,,改编：丁巩,丁巩,改编,绘画：胡克礼,胡克礼,绘画,绘画：恽南平,恽南平,绘画,,,,,,,,,,辽宁美术,辽宁美术,,沈阳,3,1983,1版1次,64,15.5万,0.22,20,40,Ref002:285,套书：外国题材,,,少女的命运/出版社：辽宁美术/改编：丁巩/绘画：胡克礼恽南平/83年3月1版1次64开/印数：15.5万定价：0.22元/市场交流价：/9品：20元/10品：40元,PaddlePaddle
复仇与宽恕,复仇与宽恕,,改编：丁巩 绘画：胡克礼恽南平,,,改编：丁巩,丁巩,改编,绘画：胡克礼,胡克礼,绘画,绘画：恽南平,恽南平,绘画,,,,,,,,,,辽宁美术,辽宁美术,,沈阳,9,1983,1版1次,64,17.4万,0.23,20,40,Ref002:286,套书：外国题材,,,复仇与宽恕/出版社：辽宁美术/改编：丁巩/绘画：胡克礼恽南平/83年9月1版1次64开/印数：17.4万定价：0.23元/市场交流价：/9品：20元/10品：40元,PaddlePaddle
基度山伯爵（上）,基度山伯爵,（上）,改编：沙铁军朱敏霞 绘画：刘希立,,,改编：沙铁军,沙铁军,改编,改编：朱敏霞,朱敏霞,改编,绘画：刘希立,刘希立,绘画,,,,,,,,,,湖北人民,湖北人民,,武汉,9,1980,1版1次,64,10万,0.28,,,Ref002:286,套书：外国题材,,,基度山伯爵(上)/出版社：湖北人民/改编：沙铁军朱敏霞/绘画：刘希立/80年9月1版1次64开/印数：10万定价：0.28元,PaddlePaddle
基度山伯爵（中）,基度山伯爵,（中）,改编：沙铁军朱敏霞 绘画：刘希立,,,改编：沙铁军,沙铁军,改编,改编：朱敏霞,朱敏霞,改编,绘画：刘希立,刘希立,绘画,,,,,,,,,,湖北人民,湖北人民,,武汉,7,1981,1版1次,64,11.45万,0.29,,,Ref002:286,套书：外国题材,,,基度山伯爵(中)/出版社：湖北人民/改编：沙铁军朱敏霞/绘画：刘希立/81年7月1版1次64开/印数：11.45万定价：0.29元,PaddlePaddle
基度山伯爵（下）,基度山伯爵,（下）,改编：沙铁军朱敏霞 绘画：刘希立方兴,,,改编：沙铁军,沙铁军,改编,改编：朱敏霞,朱敏霞,改编,绘画：刘希立,刘希立,绘画,绘画：方兴,方兴,绘画,,,,,,,湖北人民,湖北人民,,武汉,11,1982,1版1次,64,5.52万,0.29,100（全三册）,180,Ref002:286,套书：外国题材,,Sic._Author_Core_4,基度山伯爵(下)/出版社：湖北人民/改编：沙铁军朱敏霞/绘画：刘希立方兴/82年11月1版1次64开/印数：5.52万定价：0.29元/市场交流价：/9品：100元（全三册）/10品：180元,PaddlePaddle
基度山恩仇记（一）,基度山恩仇记,（一）,改编：李大发 绘画：孙愚,,,改编：李大发,李大发,改编,绘画：孙愚,孙愚,绘画,,,,,,,,,,,,,安徽人民,安徽人民,,合肥,10,1980,1版1次,64,,0.36,,,Ref002:286,套书：外国题材,,,基度山恩仇记(一)/出版社：安徽人民/改编：李大发/绘画：孙愚/80年10月1版1次64开/印数：未详定价：0.36元,PaddlePaddle
基度山恩仇记（二）,基度山恩仇记,（二）,改编：李大发 绘画：孙愚,,,改编：李大发,李大发,改编,绘画：孙愚,孙愚,绘画,,,,,,,,,,,,,安徽人民,安徽人民,,合肥,5,1981,1版1次,64,,0.3,60（全二册）,100,Ref002:286,套书：外国题材,,,基度山恩仇记(二)/出版社：安徽人民/改编：李大发/绘画：孙愚/81年5月1版1次64开/印数：未详定价：0.30元/市场交流价：/9品：60元（全二册）/10品：100元,PaddlePaddle
基度山恩仇记（五）,基度山恩仇记,（五）,改编：苗杰 绘画：袁峰,,,改编：苗杰,苗杰,改编,绘画：袁峰,袁峰,绘画,,,,,,,,,,,,,江苏人民,江苏人民,,南京,12,1981,1版1次,64,42.57万,0.19,70（全套）,120,Ref002:286,套书：外国题材,《基席山思仇记》安徽版，仅出版第一，二册。开本特别，较之一般64开本，在横向要更长一些。,,基度山恩仇记(五)/出版社：江苏人民/改编：苗杰/绘画：袁峰/81年12月1版1次64开/印数：42.57万定价：0.19元/市场交流价：/9品：70元（全套）/10品：120元,PaddlePaddle
人猿泰山,人猿泰山,,改编：吴山晓文 绘画：黄云松等,,,改编：吴山,吴山,改编,改编：晓文,晓文,改编,绘画：黄云松,黄云松,绘画,绘画：等,等,绘画,,,,,,,浙江人民美术,浙江人民美术,,杭州,11,1985,1版1次,64,10万,,60（全套八册）,100,Ref002:286,套书：外国题材,,,人猿泰山/出版社：浙江人民美术/改编：吴山晓文/绘画：黄云松等/85年11月1版1次64开/印数：10万/市场交流价：/9品：60元（全套八册）/10品：100元,PaddlePaddle
伯尔斯通的悲剧,伯尔斯通的悲剧,,改编：赵福全 绘画：刘宜,,,改编：赵福全,赵福全,改编,绘画：刘宜,刘宜,绘画,,,,,,,,,,,,,朝花美术,朝花美术,,北京,5,1985,1版1次,64,10万,0.35,8,15,Ref002:287,套书：外国题材,,,伯尔斯通的悲剧/出版社：朝花美术/改编：赵福全/绘画：刘宜/85年5月1版1次64开/印数：10万定价：0.35元/市场交流价：/9品：8元/10品：15元,PaddlePaddle
花斑索命带,花斑索命带,,改编：吴文焕 绘画：潘鸿海刘小平,,,改编：吴文焕,吴文焕,改编,绘画：潘鸿海,潘鸿海,绘画,绘画：刘小平,刘小平,绘画,,,,,,,,,,岭南美术,岭南美术,,广州,1,1982,1版1次,64,,0.2,5,10,Ref002:287,套书：外国题材,,,花斑索命带/出版社：岭南美术/改编：吴文焕/绘画：潘鸿海刘小平/82年1月1版1次64开/印数：未详定价：0.20元/市场交流价：/9品：5元/10品：10元,PaddlePaddle
血字的研字,血字的研字,,改编：刘笑 绘画：陈长贵,,,改编：刘笑,刘笑,改编,绘画：陈长贵,陈长贵,绘画,,,,,,,,,,,,,吉林人民,吉林人民,,长春,6,1981,1版1次,64,63.142万,0.18,5,8,Ref002:287,套书：外国题材,,,血字的研字/出版社：吉林人民/改编：刘笑/绘画：陈长贵/81年6月1版1次64开/印数：63.142万定价：0.18元/市场交流价：/9品：5元/10品：8元,PaddlePaddle
大侦探福尔摩斯（五）,大侦探福尔摩斯,（五）,改编：汪爱珠 绘画：郑波,,,改编：汪爱珠,汪爱珠,改编,绘画：郑波,郑波,绘画,,,,,,,,,,,,,中国民间文艺,中国民间文艺,,北京,4,1985,1版1次,64,,0.28,5,8,Ref002:287,套书：外国题材,,,大侦探福尔摩斯（五）/出版社：中国民间文艺/改编：汪爱珠/绘画：郑波/85年4月1版1次64开/印数：未详定价：0.28元/市场交流价：/9品：5元/10品：8元,PaddlePaddle
血字的研究,血字的研究,,改编：李敏媛孙剑影 绘画：杨晓晖,,,改编：李敏媛,李敏媛,改编,改编：孙剑影,孙剑影,改编,绘画：杨晓晖,杨晓晖,绘画,,,,,,,,,,江苏人民,江苏人民,,南京,11,1981,1版1次,64,96万,0.19,5,10,Ref002:287,套书：外国题材,,,血字的研究/出版社：江苏人民/改编：李敏媛孙剑影/绘画：杨晓晖/81年11月1版1次64开/印数：96万定价：0.19元/市场交流价：/9品：5元/10品：10元,PaddlePaddle
巴斯克维尔的猎犬,巴斯克维尔的猎犬,,改编：张世恭 绘画：张文永,,,改编：张世恭,张世恭,改编,绘画：张文永,张文永,绘画,,,,,,,,,,,,,四川人民,四川人民,,成都,3,1981,1版1次,64,45.5万,0.26,15,25,Ref002:287,套书：外国题材,,,巴斯克维尔的猎犬/出版社：四川人民/改编：张世恭/绘画：张文永/81年3月1版1次64开/印数：45.5万定价：0.26元/市场交流价：/9品：15元/10品：25元,PaddlePaddle
巴斯克维尔的猎犬,巴斯克维尔的猎犬,,改编：韩幼文 绘画：黄云松,,,改编：韩幼文,韩幼文,改编,绘画：黄云松,黄云松,绘画,,,,,,,,,,,,,浙江人民美术,浙江人民美术,,杭州,9,1979,1版1次,64,110万,0.17,5,10,Ref002:287,套书：外国题材,,,巴斯克维尔的猎犬/出版社：浙江人民美术/改编：韩幼文/绘画：黄云松/79年9月1版1次64开/印数：110万定价：0.17元/市场交流价：/9品：5元/10品：10元,PaddlePaddle
巴斯克维尔的猎犬,巴斯克维尔的猎犬,,编文：汪援越 绘画：叶雄洪钟奇,,,编文：汪援越,汪援越,编文,绘画：叶雄,叶雄,绘画,绘画：洪钟奇,洪钟奇,绘画,,,,,,,,,,云南人民,云南人民,,昆明,3,1998,1版1次,64,11万,5.7,15,30,Ref002:287,套书：外国题材,,,巴斯克维尔的猎犬/出版社：云南人民/编文：汪援越/绘画：叶雄洪钟奇/98年3月1版1次64开/印数：11万定价：5.70元/市场交流价：/9品：15元/10品：30元,PaddlePaddle
卡尔曼,卡尔曼,,改编：王文韶 绘画：杨逸麟,,,改编：王文韶,王文韶,改编,绘画：杨逸麟,杨逸麟,绘画,,,,,,,,,,,,,天津人民美术,天津人民美术,,天津,11,1981,1版1次,64,18.1万,0.2,15,25,Ref002:288,套书：外国题材,,,卡尔曼/出版社：天津人民美术/改编：王文韶/绘画：杨逸麟/81年11月1版1次64开/印数：18.1万定价：0.20元/市场交流价：/9品：15元/10品：25元,PaddlePaddle
西孟的爸爸,西孟的爸爸,,改编：韩旭 绘画：张美玲,,,改编：韩旭,韩旭,改编,绘画：张美玲,张美玲,绘画,,,,,,,,,,,,,天津人民美术,天津人民美术,,天津,6,1984,1版1次,64,17.3万,0.17,10,20,Ref002:288,套书：外国题材,,,西孟的爸爸/出版社：天津人民美术/改编：韩旭/绘画：张美玲/84年6月1版1次64开/印数：17.3万定价：0.17元/市场交流价：/9品：10元/10品：20元,PaddlePaddle
夜总会上,夜总会上,,改编：刘亚君 绘画：杨逸麟,,,改编：刘亚君,刘亚君,改编,绘画：杨逸麟,杨逸麟,绘画,,,,,,,,,,,,,天津人民美术,天津人民美术,,天津,1,1981,1版1次,64,17.5万,0.1,10,20,Ref002:288,套书：外国题材,,,夜总会上/出版社：天津人民美术/改编：刘亚君 /绘画：杨逸麟/81年1月1版1次64开/印数：17.5万 定价：0.10元/市场交流价：/9品：10元/10品：20元,PaddlePaddle
复活,复活,,改编：陈玉刚 绘画：颜铁良,,,改编：陈玉刚,陈玉刚,改编,绘画：颜铁良,颜铁良,绘画,,,,,,,,,,,,,天津人民美术,天津人民美术,,天津,6,1983,1版1次,64,26.69万,0.25[sic.],15,30,Ref002:288,套书：外国题材,《外国文学名著》天津版，共二十六种二十七册。其中《钦差大臣》、《伪君子》《上尉的女儿》最为少见。,Price_sic.,复活/出版社：天津人民美术/改编：陈玉刚/绘画：颜铁良/83年6月1版1次64开/印数：26.69万定价：0.25/市场交流价：/9品：15元/10品：30元,PaddlePaddle
蝮蛇,蝮蛇,,改编：国磊兴 绘画：曹勇,,,改编：国磊兴,国磊兴,改编,绘画：曹勇,曹勇,绘画,,,,,,,,,,,,,天津人民美术,天津人民美术,,天津,1,1985,1版1次,64,32.02万,0.3,15,30,Ref002:288,套书：外国题材,,,蝮蛇/出版社：天津人民美术/改编：国磊兴/绘画：曹勇/85年1月1版1次64开/印数：32.02万定价：0.30元/市场交流价：/9品：15元/10品：30元,PaddlePaddle
夏倍上校,夏倍上校,,改编：刘颖 绘画：徐友声,,,改编：刘颖,刘颖,改编,绘画：徐友声,徐友声,绘画,,,,,,,,,,,,,天津人民美术,天津人民美术,,天津,7,1985,1版1次,60,16.76万,0.3,15,30,Ref002:288,套书：外国题材,,,夏倍上校/出版社：天津人民美术/改编：刘颖/绘画：徐友声/85年7月1版1次60开/印数：16.76万定价：0.30元/市场交流价：/9品：15元/10品：30元,PaddlePaddle
项链,项链,,改编：韩旭 绘画：高燕谭晓春,,,改编：韩旭,韩旭,改编,绘画：高燕,高燕,绘画,绘画：谭晓春,谭晓春,绘画,,,,,,,,,,天津人民美术,天津人民美术,,天津,7,1984,1版1次,64,14.5万,0.16,20,30,Ref002:288,套书：外国题材,,,项链/出版社：天津人民美术/改编：韩旭/绘画：高燕谭晓春/84年7月1版1次64开/印数：14.5万定价：0.16元/市场交流价：/9品：20元/10品：30元,PaddlePaddle
毁灭,毁灭,,改编：水世戴 绘画：董福章,,,改编：水世戴,水世戴,改编,绘画：董福章,董福章,绘画,,,,,,,,,,,,,天津人民美术,天津人民美术,,天津,10,1980,1版1次,64,21万,0.23,15,30,Ref002:288,套书：外国题材,,,毁灭/出版社：天津人民美术/改编：水世戴/绘画：董福章/80年10月1版1次64开/印数：21万定价：0.23元/市场交流价：/9品：15元/10品：30元,PaddlePaddle
上尉的女儿,上尉的女儿,,改编：孙锦常 绘画：杨恺力杨逸麟,,,改编：孙锦常,孙锦常,改编,绘画：杨恺力,杨恺力,绘画,绘画：杨逸麟,杨逸麟,绘画,,,,,,,,,,天津人民美术,天津人民美术,,天津,9,1984,1版1次,64,14.6万,0.34,25,50,Ref002:289,套书：外国题材,,,上尉的女儿/出版社：天津人民美术/改编：孙锦常/绘画：杨恺力 杨逸麟/84年9月1版1次64开/印数：14.6万定价：0.34元/市场交流价：/9品：25元/10品：50元,PaddlePaddle
羊脂球,羊脂球,,改编：韩旭 绘画：王肇达,,,改编：韩旭,韩旭,改编,绘画：王肇达,王肇达,绘画,,,,,,,,,,,,,天津人民美术,天津人民美术,,天津,8,1982,1版1次,64,35.1万,0.15,10,15,Ref002:289,套书：外国题材,,,羊脂球/出版社：天津人民美术/改编：韩旭/绘画：王肇达/82年8月1版1次64开/印数：35.1万定价：0.15元/市场交流价：/9品：10元/10品：15元,PaddlePaddle
沙恭达罗,沙恭达罗,,改编：徐礼娴 绘画：韩书力,,,改编：徐礼娴,徐礼娴,改编,绘画：韩书力,韩书力,绘画,,,,,,,,,,,,,天津人民美术,天津人民美术,,天津,8,1983,1版1次,64,19.4万,0.18,20,40,Ref002:289,套书：外国题材,,,沙恭达罗/出版社：天津人民美术/改编：徐礼娴/绘画：韩书力/83年8月1版1次64开/印数：19.4万定价：0.18元/市场交流价：/9品：20元/10品：40元,PaddlePaddle
俘虏,俘虏,,改编：韩旭 绘画：李永文,,,改编：韩旭,韩旭,改编,绘画：李永文,李永文,绘画,,,,,,,,,,,,,天津人民美术,天津人民美术,,天津,3,1982,1版1次,64,53.9万,0.14,10,15,Ref002:289,套书：外国题材,,,俘虏/出版社：天津人民美术/改编：韩旭/绘画：李永文/82年3月1版1次64开/印数：53.9万定价：0.14元/市场交流价：/9品：10元/10品：15元,PaddlePaddle
伪君子,伪君子,,改编：庄宏安 绘画：杨逸麟杨恺力,,,改编：庄宏安,庄宏安,改编,绘画：杨逸麟,杨逸麟,绘画,绘画：杨恺力,杨恺力,绘画,,,,,,,,,,天津人民美术,天津人民美术,,天津,3,1982,1版1次,64,10万,0.2,35,60,Ref002:289,套书：外国题材,,,伪君子/出版社：天津人民美术/改编：庄宏安/绘画：杨逸麟 杨恺力/82年3月1版1次64开/印数：10万定价：0.20元/市场交流价：/9品：35元/10品：60元,PaddlePaddle
跳来跳去的女人,跳来跳去的女人,,改编：魏世刚 绘画：赵隆义孙愚,,,改编：魏世刚,魏世刚,改编,绘画：赵隆义,赵隆义,绘画,绘画：孙愚,孙愚,绘画,,,,,,,,,,天津人民美术,天津人民美术,,天津,2,1984,1版1次,64,33.85万,0.13,5,10,Ref002:289,套书：外国题材,,,跳来跳去的女人/出版社：天津人民美术/改编：魏世刚/绘画：赵隆义孙愚/84年2月1版1次64开/印数：33.85万定价：0.13元/市场交流价：/9品：5元/10品：10元,PaddlePaddle
母亲,母亲,,改编：袁玮大 绘画：罗兴,,,改编：袁玮大,袁玮大,改编,绘画：罗兴,罗兴,绘画,,,,,,,,,,,,,天津人民美术,天津人民美术,,天津,11,1982,1版1次,64,10.1万,0.23,20,40,Ref002:289,套书：外国题材,,,母亲/出版社：天津人民美术/改编：袁玮大/绘画：罗兴/82年11月1版1次64开/印数：10.1万定价：0.23元/市场交流价：/9品：20元/10品：40元,PaddlePaddle
阴谋与爱情,阴谋与爱情,,改编：江浚 绘画：谭晓春,,,改编：江浚,江浚,改编,绘画：谭晓春,谭晓春,绘画,,,,,,,,,,,,,天津人民美术,天津人民美术,,天津,5,1984,1版1次,64,25万,0.21,20,40,Ref002:289,套书：外国题材,,,阴谋与爱情/出版社：天津人民美术/改编：江浚/绘画：谭晓春/84年5月1版1次64开/印数：25万定价：0.21元/市场交流价：/9品：20元/10品：40元,PaddlePaddle
巴黎圣母院,巴黎圣母院,,改编：何青 绘画：杨逸麟,,,改编：何青,何青,改编,绘画：杨逸麟,杨逸麟,绘画,,,,,,,,,,,,,天津人民美术,天津人民美术,,天津,2,1980,1版1次,64,55万,0.26,,,Ref002:290,套书：外国题材,,,巴黎圣母院/出版社：天津人民美术/改编：何青/绘画：杨逸麟/80年2月1版1次64开/印数：55万定价：0.26元/市场交流价：/9品： 元/10品： 元,PaddlePaddle
法妮娜·法尼尼,法妮娜·法尼尼,,改编：詹岱尔 绘画：陆世斌,,,改编：詹岱尔,詹岱尔,改编,绘画：陆世斌,陆世斌,绘画,,,,,,,,,,,,,天津人民美术,天津人民美术,,天津,6,1983,1版1次,64,15.797万,0.11,10,20,Ref002:290,套书：外国题材,,,法妮娜·法尼尼/出版社：天津人民美术/改编：詹岱尔/绘画：陆世斌/83年6月1版1次64开/印数：15.797万定价：0.11元/市场交流价：/9品：10元/10品：20元,PaddlePaddle
断手人,断手人,,改编：王东 绘画：王秉龙,,,改编：王东,王东,改编,绘画：王秉龙,王秉龙,绘画,,,,,,,,,,,,,天津人民美术,天津人民美术,,天津,4,1984,1版1次,64,31.6万,0.15,10,20,Ref002:290,套书：外国题材,,,断手人/出版社：天津人民美术/改编：王东/绘画：王秉龙/84年4月1版1次64开/印数：31.6万定价：0.15元/市场交流价：/9品：10元/10品：20元,PaddlePaddle
黑郁金香,黑郁金香,,改编：阎为民 绘画：管齐骏,,,改编：阎为民,阎为民,改编,绘画：管齐骏,管齐骏,绘画,,,,,,,,,,,,,天津人民美术,天津人民美术,,天津,5,1983,1版1次,64,18.7万,0.16,10,20,Ref002:290,套书：外国题材,,,黑郁金香/出版社：天津人民美术/改编：阎为民/绘画：管齐骏/83年5月1版1次64开/印数：18.7万定价：0.16元/市场交流价：/9品：10元/10品：20元,PaddlePaddle
威尼斯商人,威尼斯商人,,改编：王汝兰 绘画：张美玲高责生,,,改编：王汝兰,王汝兰,改编,绘画：张美玲,张美玲,绘画,绘画：高责生,高责生,绘画,,,,,,,,,,天津人民美术,天津人民美术,,天津,5,1983,1版1次,64,5.427万,0.16,20,40,Ref002:290,套书：外国题材,,,威尼斯商人/出版社：天津人民美术/改编：王汝兰/绘画：张美玲高责生/83年5月1版1次64开/印数：5.427万定价：0.16元/市场交流价：/9品：20元/10品：40元,PaddlePaddle
木木,木木,,改编：虹光 绘画：沈汉武,,,改编：虹光,虹光,改编,绘画：沈汉武,沈汉武,绘画,,,,,,,,,,,,,天津人民美术,天津人民美术,,天津,3,1981,1版1次,64,10.2万,0.11,15,30,Ref002:290,套书：外国题材,,,木木/出版社：天津人民美术/改编：虹光/绘画：沈汉武/81年3月1版1次64开/印数：10.2万定价：0.11元/市场交流价：/9品：15元/10品：30元,PaddlePaddle
钦差大臣,钦差大臣,,改编：章晶 绘画：邓柯,,,改编：章晶,章晶,改编,绘画：邓柯,邓柯,绘画,,,,,,,,,,,,,天津人民美术,天津人民美术,,天津,4,1984,1版1次,64,10.4万,0.24,40,80,Ref002:290,套书：外国题材,,,钦差大臣/出版社：天津人民美术/改编：章晶/绘画：邓柯/84年4月1版1次64开/印数：10.4万定价：0.24元/市场交流价：/9品：40元/10品：80元,PaddlePaddle
驿站长,驿站长,,改编：贾克刚 绘画：张安武,,,改编：贾克刚,贾克刚,改编,绘画：张安武,张安武,绘画,,,,,,,,,,,,,天津人民美术,天津人民美术,,天津,2,1981,1版1次,64,14万,0.11,40,80,Ref002:290,套书：外国题材,,,驿站长/出版社：天津人民美术/改编：贾克刚/绘画：张安武/81年2月1版1次64开/印数：14万定价：0.11元/市场交流价：/9品：40元/10品：80元,PaddlePaddle
九三年（上）,九三年,（上）,改编：赵侃 绘画：杨逸麟,,,改编：赵侃,赵侃,改编,绘画：杨逸麟,杨逸麟,绘画,,,,,,,,,,,,,天津人民美术,天津人民美术,,天津,8,1981,1版1次,64,63万,0.2,15（全二册）,30,Ref002:291,套书：外国题材,,,九三年（上）/出版社：天津人民美术/改编：赵侃/绘画：杨逸麟/81年8月1版1次64开/印数：63万定价：0.20元/市场交流价：/9品：15元（全二册）/10品：30元,PaddlePaddle
三剑客,三剑客,,改编：唯青 绘画：黄永松,,,改编：唯青,唯青,改编,绘画：黄永松,黄永松,绘画,,,,,,,,,,,,,黑龙江美术,黑龙江美术,,哈尔滨,2,1985,1版1次,64,37.52万,0.34,30（全三册）,60,Ref002:291,套书：外国题材,,,三剑客/出版社：黑龙江美术/改编：唯青/绘画：黄永松/85年2月1版1次64开/印数：37.52万定价：0.34元/市场交流价：/9品：30元（全三册）/10品：60元,PaddlePaddle
林肯,林肯,,改编：周嘉华 绘画：汪晓曙,,,改编：周嘉华,周嘉华,改编,绘画：汪晓曙,汪晓曙,绘画,,,,,,,,,,,,,人民美术,人民美术,,,2,1985,1版1次,64,5万,0.46,30,60,Ref002:291,套书：外国题材,,,林肯/出版社：人民美术/改编：周嘉华/绘画：汪晓曙/85年2月1版1次64开/印数：5万定价：0.46元/市场交流价：/9品：30元/10品：60元,PaddlePaddle
拿破仑传,拿破仑传,,改编：王一宁 绘画：雷德祖雷似祖,,,改编：王一宁,王一宁,改编,绘画：雷德祖,雷德祖,绘画,绘画：雷似祖,雷似祖,绘画,,,,,,,,,,人民美术,人民美术,,,9,1983,1版1次,64,30万,0.31,20,35,Ref002:291,套书：外国题材,,,拿破仑传/出版社：人民美术/改编：王一宁/绘画：雷德祖 雷似祖/83年9月1版1次64开/印数：30万定价：0.31元/市场交流价：/9品：20元/10品：35元,PaddlePaddle
钦差大臣,钦差大臣,,改编：褚伯承 绘画：田大军,,,改编：褚伯承,褚伯承,改编,绘画：田大军,田大军,绘画,,,,,,,,,,,,,上海人民美术,上海人民美术,,上海,8,1982,1版1次,64,26万,0.19,30,50,Ref002:291,套书：外国题材,,,钦差大臣/出版社：上海人民美术/改编：褚伯承/绘画：田大军/82年8月1版1次64开/印数：26万定价：0.19元/市场交流价：/9品：30元/10品：50元,PaddlePaddle
欧罗巴,欧罗巴,,改编：王克恩 绘画：王伟民,,,改编：王克恩,王克恩,改编,绘画：王伟民,王伟民,绘画,,,,,,,,,,,,,上海人民美术,上海人民美术,,上海,12,1985,1版1次,64,1.47万,0.18,30,60,Ref002:291,套书：外国题材,《欧罗巴》是上美版，“希腊神话”套书之筋，印量极少。,,欧罗巴/出版社：上海人民美术/改编：王克恩/绘画：王伟民/85年12月1版1次64开/印数：1.47万定价：0.18元/市场交流价：/9品：30元/10品：60元,PaddlePaddle
市长的报应,市长的报应,,改编：周金灼 绘画：黄增立,,,改编：周金灼,周金灼,改编,绘画：黄增立,黄增立,绘画,,,,,,,,,,,,,岭南美术,岭南美术,,广州,6,1984,1版1次,64,50.66万,0.22,5,10,Ref002:291,套书：外国题材,,,市长的报应/出版社：岭南美术/改编：周金灼/绘画：黄增立/84年6月1版1次64开/印数：50.66万定价：0.22元/市场交流价：/9品：5元/10品：10元,PaddlePaddle
寻找快活幸福的人,寻找快活幸福的人,,改编：余蜀 绘画：林滨帆,,,改编：余蜀,余蜀,改编,绘画：林滨帆,林滨帆,绘画,,,,,,,,,,,,,岭南美术,岭南美术,,广州,9,1984,1版1次,64,32.36万,0.28,8,15,Ref002:291,套书：外国题材,,,寻找快活幸福的人/出版社：岭南美术/改编：余蜀/绘画：林滨帆/84年9月1版1次64开/印数：32.36万定价：0.28元/市场交流价：/9品：8元/10品：15元,PaddlePaddle
斯巴达克思,斯巴达克思,,改编：吴一声 绘画：柳公和,,,改编：吴一声,吴一声,改编,绘画：柳公和,柳公和,绘画,,,,,,,,,,,,,黑龙江人民,黑龙江人民,,哈尔滨,8,1980,1版1次,64,13万,0.24,20,40,Ref002:292,套书：外国题材,,,斯巴达克思/出版社：黑龙江人民/改编：吴一声/绘画：柳公和/80年8月1版1次64开/印数：13万定价：0.24元/市场交流价：/9品：20元/10品：40元,PaddlePaddle
斯巴达克思（二）,斯巴达克思,（二）,改编：李宝靖 绘画：雷德祖,,,改编：李宝靖,李宝靖,改编,绘画：雷德祖,雷德祖,绘画,,,,,,,,,,,,,广西人民,广西人民,,南宁,6,1980,1版1次,64,27.25万,0.23,,,Ref002:292,套书：外国题材,,,斯巴达克思（二）/出版社：广西人民/改编：李宝靖/绘画：雷德祖/80年6月1版1次64开/印数：27.25万定价：0.23元,PaddlePaddle
斯巴达克思（三）,斯巴达克思,（三）,改编：李宝靖 绘画：雷德祖,,,改编：李宝靖,李宝靖,改编,绘画：雷德祖,雷德祖,绘画,,,,,,,,,,,,,广西人民,广西人民,,南宁,4,1981,1版1次,64,43万,0.2,,,Ref002:292,套书：外国题材,,,斯巴达克思（三）/出版社：广西人民/改编：李宝靖/绘画：雷德祖/81年4月1版1次64开/印数：43万定价：0.20元,PaddlePaddle
斯巴达克思（四）,斯巴达克思,（四）,改编：李宝靖 绘画：雷德祖,,,改编：李宝靖,李宝靖,改编,绘画：雷德祖,雷德祖,绘画,,,,,,,,,,,,,广西人民,广西人民,,南宁,5,1982,1版1次,64,23.05万,0.31,100（全四册）,150,Ref002:292,套书：外国题材,《斯巴达克思》广西人民版，全四册。其中第四册最少。,,斯巴达克思（四）/出版社：广西人民/改编：李宝靖/绘画：雷德祖/82年5月1版1次64开/印数：23.05万定价：0.31元/市场交流价：/9品：100元（全四册）/10品：150元,PaddlePaddle
斯巴达克思,斯巴达克思,,编文：马丛文杭景秋 绘画：郑毓敏,,,编文：马丛文,马丛文,编文,编文：杭景秋,杭景秋,编文,绘画：郑毓敏,郑毓敏,绘画,,,,,,,,,,浙江人民,浙江人民,,杭州,9,1979,1版1次,64,70万,0.14,8,15,Ref002:292,套书：外国题材,《斯巴达克思》浙江版，仅出版上册。《希腊神话》天津版，共出版五册。,,斯巴达克思/出版社：浙江人民/编文：马丛文杭景秋/绘画：郑毓敏/79年9月1版1次64开/印数：70万定价：0.14元/市场交流价：/9品：8元/10品：15元,PaddlePaddle
阿耳戈英雄历险记,阿耳戈英雄历险记,,改编：陈国英 绘画：庞邦本,,,改编：陈国英,陈国英,改编,绘画：庞邦本,庞邦本,绘画,,,,,,,,,,,,,天津人民美术,天津人民美术,,天津,6,1984,1版1次,64,23.53万,0.26,10,20,Ref002:292,套书：外国题材,,,阿耳戈英雄历险记/出版社：天津人民美术/改编：陈国英/绘画：庞邦本/84年6月1版1次64开/印数：23.53万定价：0.26元/市场交流价：/9品：10元/10品：20元,PaddlePaddle
忒修斯的故事,忒修斯的故事,,改编：小戈 绘画：徐锡林,,,改编：小戈,小戈,改编,绘画：徐锡林,徐锡林,绘画,,,,,,,,,,,,,天津人民美术,天津人民美术,,天津,3,1984,1版1次,64,18.3万,0.19,15,30,Ref002:292,套书：外国题材,,,忒修斯的故事/出版社：天津人民美术/改编：小戈/绘画：徐锡林/84年3月1版1次64开/印数：18.3万定价：0.19元/市场交流价：/9品：15元/10品：30元,PaddlePaddle
伊里亚特,伊里亚特,,编文：沈尧定 绘画：张胜,,,编文：沈尧定,沈尧定,编文,绘画：张胜,张胜,绘画,,,,,,,,,,,,,天津人民美术,天津人民美术,,天津,6,1983,1版1次,64,20.49万,0.25,15,30,Ref002:292,套书：外国题材,,,伊里亚特/出版社：天津人民美术/编文：沈尧定/绘画：张胜/83年6月1版1次64开/印数：20.49万定价：0.25元/市场交流价：/9品：15元/10品：30元,PaddlePaddle
无事生非,无事生非,,改编：褚伯承 绘画：姜荣根,,,改编：褚伯承,褚伯承,改编,绘画：姜荣根,姜荣根,绘画,,,,,,,,,,,,,上海人民美术,上海人民美术,,上海,5,1984,1版1次,64,24.6万,0.22,5,10,Ref002:293,套书：外国题材,,,无事生非/出版社：上海人民美术/改编：褚伯承/绘画：姜荣根/84年5月1版1次64开/印数：24.6万定价：0.22元/市场交流价：/9品：5元/10品：10元,PaddlePaddle
李尔王,李尔王,,改编：李白英 绘画：江云,,,改编：李白英,李白英,改编,绘画：江云,江云,绘画,,,,,,,,,,,,,上海人民美术,上海人民美术,,上海,3,1982,1版1次,64,70万,0.21,5,10,Ref002:293,套书：外国题材,,,李尔王/出版社：上海人民美术/改编：李白英/绘画：江云/82年3月1版1次64开/印数：70万定价：0.21元/市场交流价：/9品：5元/10品：10元,PaddlePaddle
我的大学,我的大学,,改编：冯若梅 绘画：贝家骧,,,改编：冯若梅,冯若梅,改编,绘画：贝家骧,贝家骧,绘画,,,,,,,,,,,,,上海人民美术,上海人民美术,,上海,11,1981,1版1次,64,49万,0.31,60（全三册）,100,Ref002:293,套书：外国题材,,,我的大学/出版社：上海人民美术/改编：冯若梅/绘画：贝家骧/81年11月1版1次64开/印数：49万定价：0.31元/市场交流价：/9品：60元（全三册）/10品：100元,PaddlePaddle
童年,童年,,改编：集体 绘画：董洪元,,,改编：集体,集体,改编,绘画：董洪元,董洪元,绘画,,,,,,,,,,,,,人民美术,人民美术,,,9,1972,2版3次,60,,0.14,30（全三册）,60,Ref002:293,套书：外国题材,,,0/童年/出版社：人民美术/改编：集体/绘画：董洪元/72年9月2版3次60开/印数：未详定价：0.14元/市场交流价：/9品：30元（全三册）/10品：60元,PaddlePaddle
大卫·科波菲尔,大卫·科波菲尔,,改编：范若由 绘画：徐学初,,,改编：范若由,范若由,改编,绘画：徐学初,徐学初,绘画,,,,,,,,,,,,,上海人民美术,上海人民美术,,上海,9,1983,1版1次,64,25.3万,0.2,30（全三册）,60,Ref002:293,套书：外国题材,,,大卫·科波菲尔/出版社：上海人民美术/改编：范若由/绘画：徐学初/83年9月1版1次64开/印数：25.3万定价：0.20元/市场交流价：/9品：30元（全三册）/10品：60元,PaddlePaddle
战争与和平,战争与和平,,改编：王国忠 绘画：许明耀,,,改编：王国忠,王国忠,改编,绘画：许明耀,许明耀,绘画,,,,,,,,,,,,,河南美术,河南美术,,郑州,,,,,,,50（全套）,80,Ref002:293,套书：外国题材,,,战争与和平/出版社：河南美术/改编：王国忠/绘画：许明耀/市场交流价：/9品：50元（全套）/10品：80元,PaddlePaddle
战争与和平,战争与和平,,改编：管白宇 绘画：黄云松,,,改编：管白宇,管白宇,改编,绘画：黄云松,黄云松,绘画,,,,,,,,,,,,,浙江人民美术,浙江人民美术,,杭州,1,1983,1版1次,64,36万,0.23,40（全三册）,70,Ref002:293,套书：外国题材,,,战争与和平/出版社：浙江人民美术/改编：管白宇/绘画：黄云松/83年1月1版1次64开/印数：36万定价：0.23元/市场交流价：/9品：40元（全三册）/10品：70元,PaddlePaddle
战争风云,战争风云,,改编：冀风 绘画：吴安,,,改编：冀风,冀风,改编,绘画：吴安,吴安,绘画,,,,,,,,,,,,,朝花美术,朝花美术,,北京,5,1985,1版1次,64,22万,0.35,40（全八册）,60,Ref002:293,套书：外国题材,,,战争风云/出版社：朝花美术/改编：冀风/绘画：吴安/85年5月1版1次64开/印数：22万定价：0.35元/市场交流价：/9品：40元（全八册）/10品：60元,PaddlePaddle
罗蒙诺索夫,罗蒙诺索夫,,编文：王丽英 绘画：江云,,,编文：王丽英,王丽英,编文,绘画：江云,江云,绘画,,,,,,,,,,,,,江西人民,江西人民,,南昌,12,1983,1版1次,64,3.28万,0.2,10,20,Ref002:294,套书：外国题材,,,罗蒙诺索夫/出版社：江西人民/编文：王丽英/绘画：江云/83年12月1版1次64开/印数：3.28万定价：0.20元/市场交流价：/9品：10元/10品：20元,PaddlePaddle
探险家,探险家,,编文：康文明 绘画：钟莲生,,,编文：康文明,康文明,编文,绘画：钟莲生,钟莲生,绘画,,,,,,,,,,,,,江西人民,江西人民,,南昌,2,1985,1版1次,64,4.78万,0.3,15,20,Ref002:294,套书：外国题材,,,探险家/出版社：江西人民/编文：康文明/绘画：钟莲生/85年2月1版1次64开/印数：4.78万定价：0.30元/市场交流价：/9品：15元/10品：20元,PaddlePaddle
诗人涅克拉索夫,诗人涅克拉索夫,,编文：沈和年等 绘画：刘希立,,,编文：沈和年,沈和年,编文,编文：等,等,编文,绘画：刘希立,刘希立,绘画,,,,,,,,,,江西人民,江西人民,,南昌,4,1984,1版1次,64,2.7万,0.13,20,30,Ref002:294,套书：外国题材,,,诗人涅克拉索夫/出版社：江西人民/编文：沈和年等/绘画：刘希立/84年4月1版1次64开/印数：2.7万定价：0.13元/市场交流价：/9品：20元/10品：30元,PaddlePaddle
数学神童—高斯,数学神童,高斯,编文：李洛漠顾锡宁 绘画：史俊吴吉仁,,,编文：李洛漠,李洛漠,编文,编文：顾锡宁,顾锡宁,编文,绘画：史俊,史俊,绘画,绘画：吴吉仁,吴吉仁,绘画,,,,,,,江西人民,江西人民,,南昌,2,1985,1版1次,64,3.63万,0.2,15,30,Ref002:294,套书：外国题材,《名人近少年故事》江西版，一般均少见，出版品种的确切数字未知。,,数学神童一高斯/出版社：江西人民/编文：李洛漠顾锡宁/绘画：史俊吴吉仁/85年2月1版1次64开/印数：3.63万定价：0.20元/市场交流价：/9品：15元/10品：30元,PaddlePaddle
杰克·伦敦,杰克·伦敦,,编文：樊培绪 绘画：陈守义,,,编文：樊培绪,樊培绪,编文,绘画：陈守义,陈守义,绘画,,,,,,,,,,,,,江苏人民,江苏人民,,南京,4,1983,1版1次,64,2.6万,0.21,20,50,Ref002:294,套书：外国题材,,,杰克·伦敦/出版社：江苏人民/编文：樊培绪/绘画：陈守义/83年4月1版1次64开/印数：2.6万定价：0.21元/市场交流价：/9品：20元/10品：50元,PaddlePaddle
普希金,普希金,,编文：叶明波宁 绘画：邬烈炎,,,编文：叶明,叶明,编文,编文：波宁,波宁,编文,绘画：邬烈炎,邬烈炎,绘画,,,,,,,,,,江苏人民,江苏人民,,南京,1,1983,1版1次,64,5.07万,0.15,25,40,Ref002:294,套书：外国题材,,,普希金/出版社：江苏人民/编文：叶明波宁/绘画：邬烈炎/83年1月1版1次64开/印数：5.07万定价：0.15元/市场交流价：/9品：25元/10品：40元,PaddlePaddle
列·托尔斯泰,列·托尔斯泰,,编文：文荔 绘画：顾乐夫,,,编文：文荔,文荔,编文,绘画：顾乐夫,顾乐夫,绘画,,,,,,,,,,,,,江苏美术,江苏美术,,南京,2,1985,1版1次,64,3.9万,0.39,20,40,Ref002:294,套书：外国题材,,,列·托尔斯泰/出版社：江苏美术/编文：文荔/绘画：顾乐夫/85年2月1版1次64开/印数：3.9万定价：0.39元/市场交流价：/9品：20元/10品：40元,PaddlePaddle
中国古人勤学的故事,中国古人勤学的故事,,改编：陈志远 绘画：李井涛,,,改编：陈志远,陈志远,改编,绘画：李井涛,李井涛,绘画,,,,,,,,,,,,,长江文艺,长江文艺,,武汉,4,1984,1版1次,64,8.3万,0.31,10,20,Ref002:294,套书：外国题材,《外国文学家的故事》江苏版，另有一种《巴尔扎克》，较多见。,,中国古人勤学的故事/出版社：长江文艺/改编：陈志远/绘画：李井涛/84年4月1版1次64开/印数：8.3万定价：0.31元/市场交流价：/9品：10元/10品：20元,PaddlePaddle
火烧迦太基,火烧迦太基,,改编：雪迎 绘画：徐锡林,,,改编：雪迎,雪迎,改编,绘画：徐锡林,徐锡林,绘画,,,,,,,,,,,,,海洋,海洋,,上海,6,1985,1版1次,64,,0.3,15,20,Ref002:295,套书：外国题材,,,火烧迦太基/出版社：海洋/改编：雪迎/绘画：徐锡林/85年6月1版1次64开/印数：未详定价：0.30元/市场交流价：/9品：15元/10品：20元,PaddlePaddle
王牌艇长的覆灭,王牌艇长的覆灭,,改编：白岩峰 绘画：陶欣,,,改编：白岩峰,白岩峰,改编,绘画：陶欣,陶欣,绘画,,,,,,,,,,,,,海洋,海洋,,上海,3,1985,1版1次,64,,0.15,8,15,Ref002:295,套书：外国题材,,,王牌艇长的覆灭/出版社：海洋/改编：白岩峰/绘画：陶欣/85年3月1版1次64开/印数：未详定价：0.15元/市场交流价：/9品：8元/10品：15元,PaddlePaddle
击沉阿锡尼亚号,击沉阿锡尼亚号,,改编：黄明鲁 绘画：张宏葆,,,改编：黄明鲁,黄明鲁,改编,绘画：张宏葆,张宏葆,绘画,,,,,,,,,,,,,海洋,海洋,,上海,3,1985,1版1次,64,,0.15,8,15,Ref002:295,套书：外国题材,,,击沉阿锡尼亚号/出版社：海洋/改编：黄明鲁/绘画：张宏葆/85年3月1版1次64开/印数：未详定价：0.15元/市场交流价：/9品：8元/10品：15元,PaddlePaddle
英荷海战,英荷海战,,改编：王流 绘画：韩明智,,,改编：王流,王流,改编,绘画：韩明智,韩明智,绘画,,,,,,,,,,,,,海洋,海洋,,上海,3,1985,1版1次,64,,0.3,5,10,Ref002:295,套书：外国题材,《外国海战故事》全套十六种。,,英荷海战/出版社：海洋/改编：王流/绘画：韩明智/85年3月1版1次64开/印数：未详定价：0.30元/市场交流价：/9品：5元/10品：10元,PaddlePaddle
日俄大海战,日俄大海战,,改编：鲁燕 绘画：马坚,,,改编：鲁燕,鲁燕,改编,绘画：马坚,马坚,绘画,,,,,,,,,,,,,海洋,海洋,,上海,3,1985,1版1次,64,,0.25,8,15,Ref002:295,套书：外国题材,,,日俄大海战/出版社：海洋/改编：鲁燕/绘画：马坚/85年3月1版1次64开/印数：未详定价：0.25元/市场交流价：/9品：8元/10品：15元,PaddlePaddle
攻击塔兰托,攻击塔兰托,,改编：宛翊 绘画：李鸣鸣,,,改编：宛翊,宛翊,改编,绘画：李鸣鸣,李鸣鸣,绘画,,,,,,,,,,,,,海洋,海洋,,上海,3,1985,1版1次,64,,0.2,10,20,Ref002:295,套书：外国题材,,,攻击塔兰托/出版社：海洋/改编：宛翊/绘画：李鸣鸣/85年3月1版1次64开/印数：未详定价：0.20元/市场交流价：/9品：10元/10品：20元,PaddlePaddle
抗击海盗的印第安人,抗击海盗的印第安人,,改编：李德恩 绘画：晓可,,,改编：李德恩,李德恩,改编,绘画：晓可,晓可,绘画,,,,,,,,,,,,,海洋,海洋,,上海,2,1985,1版1次,64,,0.4,8,20,Ref002:295,套书：外国题材,,,抗击海盗的印第安人/出版社：海洋/改编：李德恩/绘画：晓可/85年2月1版1次64开/印数：未详定价：0.40元/市场交流价：/9品：8元/10品：20元,PaddlePaddle
塞万提斯与勒邦德海战,塞万提斯与勒邦德海战,,改编：李恩德 绘画：埃·蒂略斯,,,改编：李恩德,李恩德,改编,绘画：埃·蒂略斯,埃·蒂略斯,绘画,,,,,,,,,,,,,海洋,海洋,,上海,2,1984,1版1次,60,,0.45,20,40,Ref002:295,套书：外国题材,,,塞万提斯与勒邦德海战/出版社：海洋/改编：李恩德/绘画：埃·蒂略斯/84年2月1版1次60开/印数：未详定价：0.45元/市场交流价：/9品：20元/10品：40元,PaddlePaddle
神腿,神腿,,改编：姚玉霞石友权 绘画：姜吉维等,,,改编：姚玉霞,姚玉霞,改编,改编：石友权,石友权,改编,绘画：姜吉维,姜吉维,绘画,绘画：等,等,绘画,,,,,,,人民体育,人民体育,,北京,9,1984,1版1次,64,117万,0.32,5,15,Ref002:296,套书：外国题材,,,神腿/出版社：人民体育/改编：姚玉霞石友权/绘画：姜吉维等/84年9月1版1次64开/印数：117万定价：0.32元/市场交流价：/9品：5元/10品：15元,PaddlePaddle
明天就要决赛,明天就要决赛,,改编：陆刃 绘画：舒少华,,,改编：陆刃,陆刃,改编,绘画：舒少华,舒少华,绘画,,,,,,,,,,,,,人民体育,人民体育,,北京,3,1983,1版1次,64,14.6万,0.22,15,30,Ref002:296,套书：外国题材,,,明天就要决赛/出版社：人民体育/改编：陆刃/绘画：舒少华/83年3月1版1次64开/印数：14.6万定价：0.22元/市场交流价：/9品：15元/10品：30元,PaddlePaddle
铁脚女中锋,铁脚女中锋,,编文：庄之明 绘画：王金泰,,,编文：庄之明,庄之明,编文,绘画：王金泰,王金泰,绘画,,,,,,,,,,,,,人民体育,人民体育,,北京,7,1984,1版1次,64,21.7万,0.19,10,20,Ref002:296,套书：外国题材,,,铁脚女中锋/出版社：人民体育/编文：庄之明/绘画：王金泰/84年7月1版1次64开/印数：21.7万定价：0.19元/市场交流价：/9品：10元/10品：20元,PaddlePaddle
偷拳,偷拳,,改编：贺书昌赵玉昌 绘画：姜吉维等,,,改编：贺书昌,贺书昌,改编,改编：赵玉昌,赵玉昌,改编,绘画：姜吉维,姜吉维,绘画,绘画：等,等,绘画,,,,,,,人民体育,人民体育,,北京,10,1983,1版1次,64,160万,0.18,10（全三册）,15,Ref002:296,套书：外国题材,,,偷拳/出版社：人民体育/改编：贺书昌赵玉昌/绘画：姜吉维等/83年10月1版1次64开/印数：160万定价：0.18元/市场交流价：/9品：10元（全三册）/10品：15元,PaddlePaddle
火的战车,火的战车,,改编：郑文侠 绘画：吴以达马果,,,改编：郑文侠,郑文侠,改编,绘画：吴以达,吴以达,绘画,绘画：马果,马果,绘画,,,,,,,,,,人民体育,人民体育,,北京,11,1984,1版1次,64,12.3万,0.34,20,40,Ref002:296,套书：外国题材,,Sic._Author_Core_3,火的战车/出版社：人民体育/改编：郑文侠/绘画：吴以达马果/84年11月1版1次64开/印数：12.3万定价：0.34元/市场交流价：/9品：20元/10品：40元,PaddlePaddle
球星的悲剧,球星的悲剧,,编文：东霞 绘画：李锦德等,,,编文：东霞,东霞,编文,绘画：李锦德,李锦德,绘画,绘画：等,等,绘画,,,,,,,,,,人民体育,人民体育,,北京,1,1984,1版1次,64,33万,0.17,15,30,Ref002:296,套书：外国题材,,,球星的悲剧/出版社：人民体育/编文：东霞/绘画：李锦德等/84年1月1版1次64开/印数：33万定价：0.17元/市场交流价：/9品：15元/10品：30元,PaddlePaddle
神秘的星星（上下）,神秘的星星,（上下）,编文：埃尔热 绘画：埃尔热,,,编文：埃尔热,埃尔热,编文,绘画：埃尔热,埃尔热,绘画,,,,,,,,,,,,,中国文联,中国文联,,北京,12,1984,1版1次,64,,0.4,15,25,Ref002:296,套书：外国题材,,,神秘的星星(上下)/出版社：中国文联/编文：埃尔热/绘画：埃尔热/84年12月1版1次64开/印数：未详定价：0.40元/市场交流价：/9品：15元/10品：25元,PaddlePaddle
蓝莲花（上下）,蓝莲花,（上下）,改编：埃尔热 绘画：埃尔热,,,改编：埃尔热,埃尔热,改编,绘画：埃尔热,埃尔热,绘画,,,,,,,,,,,,,中国文联,中国文联,,北京,12,1984,1版1次,64,,0.4,50,80,Ref002:296,套书：外国题材,,,蓝莲花（上下）/出版社：中国文联/改编：埃尔热/绘画：埃尔热/84年12月1版1次64开/印数：未详定价：0.40元/市场交流价：/9品：50元/10品：80元,PaddlePaddle
悲惨世界（二）,悲惨世界,（二）,改编：张定华陆和荪 绘画：张定华,,,改编：张定华,张定华,改编,改编：陆和荪,陆和荪,改编,绘画：张定华,张定华,绘画,,,,,,,,,,浙江人民美术,浙江人民美术,,杭州,2,1981,1版1次,64,80万,0.18,8,20,Ref002:297,套书：外国题材,,,悲惨世界(二)/出版社：浙江人民美术/改编：张定华陆和荪/绘画：张定华/81年2月1版1次64开/印数：80万定价：0.18元/市场交流价：/9品：8元/10品：20元,PaddlePaddle
悲惨世界（三）,悲惨世界,（三）,改编：张定华陆和荪 绘画：张定华,,,改编：张定华,张定华,改编,改编：陆和荪,陆和荪,改编,绘画：张定华,张定华,绘画,,,,,,,,,,浙江人民美术,浙江人民美术,,杭州,6,1982,1版1次,64,2.6万,0.19,20,40,Ref002:297,套书：外国题材,,,悲惨世界(三)/出版社：浙江人民美术/改编：张定华陆和荪/绘画：张定华/82年6月1版1次64开/印数：2.6万定价：0.19元/市场交流价：/9品：20元/10品：40元,PaddlePaddle
悲惨世界（四）,悲惨世界,（四）,改编：张定华陆和荪 绘画：张定华,,,改编：张定华,张定华,改编,改编：陆和荪,陆和荪,改编,绘画：张定华,张定华,绘画,,,,,,,,,,浙江人民美术,浙江人民美术,,杭州,3,1983,1版1次,64,7.8万,0.18,20,50,Ref002:297,套书：外国题材,《悲惨世界》浙美版，全套四册。第三、四分册少见。,,悲惨世界(四)/出版社：浙江人民美术/改编：张定华陆和荪/绘画：张定华/83年3月1版1次64开/印数：7.8万定价：0.18元/市场交流价：/9品：20元/10品：50元,PaddlePaddle
世界七大奇迹的故事,世界七大奇迹的故事,,编文：周元骏 绘画：罗兴罗平,,,编文：周元骏,周元骏,编文,绘画：罗兴,罗兴,绘画,绘画：罗平,罗平,绘画,,,,,,,,,,上海人民美术,上海人民美术,,上海,1,1982,1版1次,64,1.05万,0.15,80,160,Ref002:297,套书：外国题材,,,世界七大奇迹的故事/出版社：上海人民美术/编文：周元骏/绘画：罗兴罗平/82年1月1版1次64开/印数：1.05万 定价：0.15元/市场交流价：/9品：80元/10品：160元,PaddlePaddle
华盛顿,华盛顿,,编文：余志森 绘画：贝家骧,,,编文：余志森,余志森,编文,绘画：贝家骧,贝家骧,绘画,,,,,,,,,,,,,上海人民美术,上海人民美术,,上海,6,1984,1版1次,64,15.5万,0.26,5,10,Ref002:297,套书：外国题材,,,华盛顿/出版社：上海人民美术/编文：余志森/绘画：贝家骧/84年6月1版1次64开/印数：15.5万定价：0.26元/市场交流价：/9品：5元/10品：10元,PaddlePaddle
女英雄贞德,女英雄贞德,,改编：余志森裘愉发 绘画：罗兴,,,改编：余志森,余志森,改编,改编：裘愉发,裘愉发,改编,绘画：罗兴,罗兴,绘画,,,,,,,,,,上海人民美术,上海人民美术,,上海,6,1984,1版1次,64,20.7万,0.24,15,30,Ref002:297,套书：外国题材,,,女英雄贞德/出版社：上海人民美术/改编：余志森 裘愉发/绘画：罗 兴/84年6月1版1次64开/印数：20.7万定价：0.24元/市场交流价：/9品：15元/10品：30元,PaddlePaddle
拿破仑,拿破仑,,编文：李大发 绘画：徐福德,,,编文：李大发,李大发,编文,绘画：徐福德,徐福德,绘画,,,,,,,,,,,,,上海人民美术,上海人民美术,,上海,6,1984,1版1次,64,15.5万,0.3,10,20,Ref002:297,套书：外国题材,,,拿破仑/出版社：上海人民美术/编文：李大发/绘画：徐福德/84年6月1版1次64开/印数：15.5万定价：0.30元/市场交流价：/9品：10元/10品：20元,PaddlePaddle
巴尔扎克,巴尔扎克,,编文：吴炳伟 绘画：丁军,,,编文：吴炳伟,吴炳伟,编文,绘画：丁军,丁军,绘画,,,,,,,,,,,,,上海人民美术,上海人民美术,,上海,6,1984,1版1次,64,16.2万,0.2,15,30,Ref002:297,套书：外国题材,《世界历史故事》上美版。共出版五种，其中《世思七大奇迹的故事》一册，极少见。,,巴尔扎克/出版社：上海人民美术/编文：吴炳伟/绘画：丁军/84年6月1版1次64开/印数：16.2万定价：0.20元/市场交流价：/9品：15元/10品：30元,PaddlePaddle
范滂,范滂,,编文：仓阳卿 绘画：卢辅声,,,编文：仓阳卿,仓阳卿,编文,绘画：卢辅声,卢辅声,绘画,,,,,,,,,,,,,上海人民美术,上海人民美术,,上海,10,1982,1版1次,64,21.5万,0.13,20,40,Ref002:298,套书：历史⼈物等,,,范滂/出版社：上海人民美术/编文：仓阳卿/绘画：卢辅声/82年10月1版1次64开/印数：21.5万 定价：0.13元/市场交流价：/9品：20元/10品：40元,PaddlePaddle
赵充国,赵充国,,编文：王释⾮ 绘画：姚延林,,,编文：王释⾮,王释⾮,编文,绘画：姚延林,姚延林,绘画,,,,,,,,,,,,,上海人民美术,上海人民美术,,上海,3,1983,1版1次,60,16.5万,0.13,10,20,Ref002:298,套书：历史⼈物等,,,赵充国/出版社：上海人民美术/编文：王释非/绘画：姚延林/83年3月1版1次60开/印数：16.5万定价：0.13元/市场交流价：/9品：10元/10品：20元,PaddlePaddle
李固,李固,,编文：李剑雄 绘画：瞿谷寒,,,编文：李剑雄,李剑雄,编文,绘画：瞿谷寒,瞿谷寒,绘画,,,,,,,,,,,,,上海人民美术,上海人民美术,,上海,5,1983,1版1次,64,14.5万,0.14,10,20,Ref002:298,套书：历史⼈物等,,,李固/出版社：上海人民美术/编文：李剑雄/绘画：瞿谷寒/83年5月1版1次64开/印数：14.5万定价：0.14元/市场交流价：/9品：10元/10品：20元,PaddlePaddle
柳宗元,柳宗元,,编文：王水照 绘画：张纪平倪绍勇,,,编文：王水照,王水照,编文,绘画：张纪平,张纪平,绘画,绘画：倪绍勇,倪绍勇,绘画,,,,,,,,,,上海人民美术,上海人民美术,,上海,3,1984,1版1次,64,8.8万,0.21,20,40,Ref002:298,套书：历史⼈物等,,,柳宗元/出版社：上海人民美术/编文：王水照/绘画：张纪平倪绍勇/84年3月1版1次64开/印数：8.8万定价：0.21元/市场交流价：/9品：20元/10品：40元,PaddlePaddle
关汉卿,关汉卿,,编文：王国安 绘画：卢辅圣,,,编文：王国安,王国安,编文,绘画：卢辅圣,卢辅圣,绘画,,,,,,,,,,,,,上海人民美术,上海人民美术,,上海,1,1984,1版1次,64,7.5万,0.15,25,50,Ref002:298,套书：历史⼈物等,,,关汉卿/出版社：上海人民美术/编文：王国安/绘画：卢辅圣/84年1月1版1次64开/印数：7.5万定价：0.15元/市场交流价：/9品：25元/10品：50元,PaddlePaddle
辛弃疾,辛弃疾,,编文：俞沛铭 绘画：吴山明刘国辉,,,编文：俞沛铭,俞沛铭,编文,绘画：吴山明,吴山明,绘画,绘画：刘国辉,刘国辉,绘画,,,,,,,,,,上海人民美术,上海人民美术,,上海,3,1985,1版1次,64,5.2万,0.26,25,50,Ref002:298,套书：历史⼈物等,,,辛弃疾/出版社：上海人民美术/编文：俞沛铭/绘画：吴山明刘国辉/85年3月1版1次64开/印数：5.2万定价：0.26元/市场交流价：/9品：25元/10品：50元,PaddlePaddle
苏武,苏武,,编文：陆士达 绘画：张新国,,,编文：陆士达,陆士达,编文,绘画：张新国,张新国,绘画,,,,,,,,,,,,,上海人民美术,上海人民美术,,上海,9,1982,1版1次,64,21万,0.13,15,30,Ref002:298,套书：历史⼈物等,,,苏武/出版社：上海人民美术/编文：陆士达/绘画：张新国/82年9月1版1次64开/印数：21万定价：0.13元/市场交流价：/9品：15元/10品：30元,PaddlePaddle
刘秀,刘秀,,编文：义俊志哲 绘画：陈宁,,,编文：义俊,义俊,编文,编文：志哲,志哲,编文,绘画：陈宁,陈宁,绘画,,,,,,,,,,上海人民美术,上海人民美术,,上海,6,1982,1版1次,64,70万,0.17,30（全套二册）,50,Ref002:298,套书：历史⼈物等,上美版“历史人物”封面没有文字标识，但整体装桢设计统一，使人一目了然。,,市场交流价：/9品：30元（全套二册）/10品：50元/上美版“历史人物”封面没有文/字标识，但整体装桢设计统一，/使人一目了然。,PaddlePaddle
宝玉瞒赃,宝玉瞒赃,,改编：徐哨 绘画：汪继声汪溪,,,改编：徐哨,徐哨,改编,绘画：汪继声,汪继声,绘画,绘画：汪溪,汪溪,绘画,,,,,,,,,,上海人民美术,上海人民美术,,上海,12,1982,1版1次,64,43.5万,0.23,10,20,Ref002:299,套书：历史⼈物等,,,宝玉瞒赃/0/出版社：上海人民美术/改编：徐哨/绘画：汪继声汪溪/82年12月1版1次64开/印数：43.5万定价：0.23元/市场交流价：/9品：10元/10品：20元,PaddlePaddle
红楼二尤,红楼二尤,,改编：黄奕加 绘画：项维仁,,,改编：黄奕加,黄奕加,改编,绘画：项维仁,项维仁,绘画,,,,,,,,,,,,,上海人民美术,上海人民美术,,上海,12,1982,1版1次,64,70万,0.33,15,30,Ref002:299,套书：历史⼈物等,,,红楼二尤/出版社：上海人民美术/改编：黄奕加/绘画：项维仁/82年12月1版1次64开/印数：70万定价：0.33元/市场交流价：/9品：15元/10品：30元,PaddlePaddle
巧姐避祸,巧姐避祸,,改编：潘勤孟 绘画：丁世弼,,,改编：潘勤孟,潘勤孟,改编,绘画：丁世弼,丁世弼,绘画,,,,,,,,,,,,,上海人民美术,上海人民美术,,上海,11,1982,1版1次,64,56万,0.21,15,30,Ref002:299,套书：历史⼈物等,,,巧姐避祸/出版社：上海人民美术/改编：潘勤孟/绘画：丁世弼/82年11月1版1次64开/印数：56万定价：0.21元/市场交流价：/9品：15元/10品：30元,PaddlePaddle
宝玉出走,宝玉出走,,改编：竺少华 绘画：丁世弼,,,改编：竺少华,竺少华,改编,绘画：丁世弼,丁世弼,绘画,,,,,,,,,,,,,上海人民美术,上海人民美术,,上海,9,1982,1版1次,64,60万,0.21,15,30,Ref002:299,套书：历史⼈物等,,,宝玉出走/出版社：上海人民美术/改编：竺少华/绘画：丁世弼/82年9月1版1次64开/印数：60万定价：0.21元/市场交流价：/9品：15元/10品：30元,PaddlePaddle
计赚蒋巡府,计赚蒋巡府,,编文：根毅 绘画：徐进,,,编文：根毅,根毅,编文,绘画：徐进,徐进,绘画,,,,,,,,,,,,,天津人民美术,天津人民美术,,天津,7,1984,1版1次,64,29.2万,0.17,10,20,Ref002:299,套书：历史⼈物等,,,计赚蒋巡府/出版社：天津人民美术/编文：根毅/绘画：徐进/84年7月1版1次64开/印数：29.2万定价：0.17元/市场交流价：/9品：10元/10品：20元,PaddlePaddle
丫小姐,丫小姐,,编文：根毅 绘画：童介眉,,,编文：根毅,根毅,编文,绘画：童介眉,童介眉,绘画,,,,,,,,,,,,,天津人民美术,天津人民美术,,天津,8,1981,1版1次,64,35.1万,0.12,10,20,Ref002:299,套书：历史⼈物等,,,丫小姐/出版社：天津人民美术/编文：根毅/绘画：童介眉/81年8月1版1次64开/印数：35.1万定价：0.12元/市场交流价：/9品：10元/10品：20元,PaddlePaddle
再生缘,再生缘,,编文：许金国 绘画：苏西映,,,编文：许金国,许金国,编文,绘画：苏西映,苏西映,绘画,,,,,,,,,,,,,中国文联,中国文联,,北京,12,1984,1版1次,64,,,100（全套十册）,200,Ref002:299,套书：历史⼈物等,,,再生缘/出版社：中国文联/编文：许金国/绘画：苏西映/84年12月1版1次64开/印数：未详/市场交流价：/9品：100元 （全套十册）/10品：200元,PaddlePaddle
夜闯九曲沙,夜闯九曲沙,,编文：余松岩 绘画：黄剑培黄国宏,,,编文：余松岩,余松岩,编文,绘画：黄剑培,黄剑培,绘画,绘画：黄国宏,黄国宏,绘画,,,,,,,,,,广东人民,广东人民,,广州,7,1975,1版1次,60,,0.14,30,50,Ref002:300,套书：⼴东民兵⾰命⽃争故事,,,夜闯九曲沙/出版社：广东人民/编文：余松岩/绘画：黄剑培黄国宏/75年7月1版1次60开/印数：未详定价：0.14元/市场交流价：/9品：30元/10品：50元,PaddlePaddle
龙潭桥,龙潭桥,,编文：郭华 绘画：余树泽,,,编文：郭华,郭华,编文,绘画：余树泽,余树泽,绘画,,,,,,,,,,,,,广东人民,广东人民,,广州,3,1976,1版1次,60,,0.11,25,40,Ref002:300,套书：⼴东民兵⾰命⽃争故事,,,龙潭桥/出版社：广东人民/编文：郭华/绘画：余树泽/76年3月1版1次60开/印数：未详定价：0.11元/市场交流价：/9品：25元/10品：40元,PaddlePaddle
三斗地头蛇,三斗地头蛇,,编文：集体 绘画：集体,,,编文：集体,集体,编文,绘画：集体,集体,绘画,,,,,,,,,,,,,广东人民,广东人民,,广州,6,1976,1版1次,60,,0.12,20,40,Ref002:300,套书：⼴东民兵⾰命⽃争故事,,,三斗地头蛇/出版社：广东人民/编文：集体/绘画：集体/76年6月1版1次60开/印数：未详定价：0.12元/市场交流价：/9品：20元/10品：40元,PaddlePaddle
虎口歼敌,虎口歼敌,,编文：吴就同 绘画：黄家恒,,,编文：吴就同,吴就同,编文,绘画：黄家恒,黄家恒,绘画,,,,,,,,,,,,,广东人民,广东人民,,广州,6,1976,1版1次,60,,0.1,25,45,Ref002:300,套书：⼴东民兵⾰命⽃争故事,,,虎口歼敌/出版社：广东人民/编文：吴就同/绘画：黄家恒/76年6月1版1次60开/印数：未详定价：0.10元/市场交流价：/9品：25元/10品：45元,PaddlePaddle
电闪雷鸣,电闪雷鸣,,编文：杨光伟 绘画：梁祥华尘,,,编文：杨光伟,杨光伟,编文,绘画：华尘,华尘,绘画,绘画：华尘,华尘,绘画,,,,,,,,,,广东人民,广东人民,,广州,3,1976,1版1次,60,,0.12,25,50,Ref002:300,套书：⼴东民兵⾰命⽃争故事,,,电闪雷鸣/出版社：广东人民/编文：杨光伟/绘画：梁祥华尘/76年3月1版1次60开/印数：未详定价：0.12元/市场交流价：/9品：25元/10品：50元,PaddlePaddle
南海歼匪,南海歼匪,,编文：杨光伟 绘画：梁祥华尘,,,编文：杨光伟,杨光伟,编文,绘画：华尘,华尘,绘画,绘画：华尘,华尘,绘画,,,,,,,,,,广东人民,广东人民,,广州,3,1976,1版1次,60,,0.12,20,40,Ref002:300,套书：⼴东民兵⾰命⽃争故事,,,南海歼匪/出版社：广东人民/编文：杨光伟/绘画：梁祥华尘/76年3月1版1次60开/印数：未详定价：0.12元/市场交流价：/9品：20元/10品：40元,PaddlePaddle
堡垒户,堡垒户,,编文：龙奇 绘画：苏家杰等,,,编文：龙奇,龙奇,编文,绘画：苏家杰,苏家杰,绘画,绘画：等,等,绘画,,,,,,,,,,广东人民,广东人民,,广州,12,1975,1版1次,60,,0.15,20,40,Ref002:300,套书：⼴东民兵⾰命⽃争故事,,,堡垒户/出版社：广东人民/编文：龙奇/绘画：苏家杰等/75年12月1版1次60开/印数：未详定价：0.15元/市场交流价：/9品：20元/10品：40元,PaddlePaddle
智袭敌据点,智袭敌据点,,编文：胡杨 绘画：集体,,,编文：胡杨,胡杨,编文,绘画：集体,集体,绘画,,,,,,,,,,,,,广东人民,广东人民,,广州,7,1977,1版1次,60,,0.1,20,40,Ref002:300,套书：⼴东民兵⾰命⽃争故事,,,智袭敌据点/出版社：广东人民/编文：胡杨/绘画：集体/77年7月1版1次60开/印数：未详定价：0.10元/市场交流价：/9品：20元/10品：40元,PaddlePaddle
狮峰湾,狮峰湾,,编文：舒国文符丙钦 绘画：蔡心朱国治,,,编文：舒国文,舒国文,编文,编文：符丙钦,符丙钦,编文,绘画：蔡心,蔡心,绘画,绘画：朱国治,朱国治,绘画,,,,,,,广东人民,广东人民,,广州,5,1975,1版1次,60,,0.13,25,50,Ref002:301,套书：⼴东民兵⾰命⽃争故事,,,狮峰湾/出版社：广东人民/编文：舒国文符丙钦/绘画：蔡心朱国治/75年5月1版1次60开/印数：未详定价：0.13元/市场交流价：/9品：25元/10品：50元,PaddlePaddle
铁道勇士,铁道勇士,,编文：文政 绘画：黄穗中,,,编文：文政,文政,编文,绘画：黄穗中,黄穗中,绘画,,,,,,,,,,,,,广东人民,广东人民,,广州,10,1976,1版1次,60,,0.13,25,50,Ref002:301,套书：⼴东民兵⾰命⽃争故事,,,铁道勇士/出版社：广东人民/编文：文政/绘画：黄穗中/76年10月1版1次60开/印数：未详定价：0.13元/市场交流价：/9品：25元/10品：50元,PaddlePaddle
牛市的战斗,牛市的战斗,,编文：奋永 绘画：李昌柏,,,编文：奋永,奋永,编文,绘画：李昌柏,李昌柏,绘画,,,,,,,,,,,,,广东人民,广东人民,,广州,6,1976,1版1次,60,,0.11,30,60,Ref002:301,套书：⼴东民兵⾰命⽃争故事,,,牛市的战斗/出版社：广东人民/编文：奋永/绘画：李昌柏/76年6月1版1次60开/印数：未详定价：0.11元/市场交流价：/9品：30元/10品：60元,PaddlePaddle
接电台,接电台,,编文：振华罗秋 绘画：区焕礼吴奕正,,,编文：振华,振华,编文,编文：罗秋,罗秋,编文,绘画：区焕礼,区焕礼,绘画,绘画：吴奕正,吴奕正,绘画,,,,,,,广东人民,广东人民,,广州,8,1977,1版1次,60,,0.15,20,40,Ref002:301,套书：⼴东民兵⾰命⽃争故事,,Sic._Author_Core_2,接电台/出版社：广东人民/编文：振华罗秋/绘画：区焕礼吴奕正/77年8月1版1次60开/印数：未详定价：0.15元/市场交流价：/9品：20元/10品：40元,PaddlePaddle
农军初战,农军初战,,编文：周详 绘画：郝学军,,,编文：周详,周详,编文,绘画：郝学军,郝学军,绘画,,,,,,,,,,,,,广东人民,广东人民,,广州,11,1978,1版1次,64,,0.09,25,50,Ref002:301,套书：⼴东民兵⾰命⽃争故事,,,农军初战/出版社：广东人民/编文：周详/绘画：郝学军/78年11月1版1次64开/印数：未详定价：0.09元/市场交流价：/9品：25元/10品：50元,PaddlePaddle
虎穴锄奸,虎穴锄奸,,编文：黄甘牛 绘画：沈军等,,,编文：黄甘牛,黄甘牛,编文,绘画：沈军,沈军,绘画,绘画：等,等,绘画,,,,,,,,,,广东人民,广东人民,,广州,9,1978,1版1次,64,,0.08,20,40,Ref002:301,套书：⼴东民兵⾰命⽃争故事,,Sic._Author_Core_2,虎穴锄奸/出版社：广东人民/编文：黄甘牛/绘画：沈军等/78年9月1版1次64开/印数：未详定价：0.08元/市场交流价：/9品：20元/10品：40元,PaddlePaddle
打狗岭,打狗岭,,编文：江育光 绘画：韦智仁,,,编文：江育光,江育光,编文,绘画：韦智仁,韦智仁,绘画,,,,,,,,,,,,,广东人民,广东人民,,广州,5,1975,1版1次,60,,0.15,25,50,Ref002:301,套书：⼴东民兵⾰命⽃争故事,,,打狗岭/出版社：广东人民/编文：江育光/绘画：韦智仁/75年5月1版1次60开/印数：未详定价：0.15元/市场交流价：/9品：25元/10品：50元,PaddlePaddle
龙舟战鼓,龙舟战鼓,,改编：祁炎培卢炽成 绘画：司徒勤参等,,,改编：祁炎培,祁炎培,改编,改编：卢炽成,卢炽成,改编,绘画：司徒勤参,司徒勤参,绘画,绘画：等,等,绘画,,,,,,,广东人民,广东人民,,广州,6,1976,1版1次,60,,0.11,30,60,Ref002:301,套书：⼴东民兵⾰命⽃争故事,,,龙舟战鼓/出版社：广东人民/改编：祁炎培卢炽成/绘画：司徒勤参等/76年6月1版1次60开/印数：未详定价：0.11元/市场交流价：/9品：30元/10品：60元,PaddlePaddle
从奴隶到将军（上下）,从奴隶到将军,（上下）,,,,,,,,,,,,,,,,,,,,,,中国电影,中国电影,,北京,3,1980,1版1次,60,,,15,25,Ref002:302,电影版：战争题材,,,,Gemini 3 Flash
停战以后,停战以后,,,,,,,,,,,,,,,,,,,,,,,中国电影,中国电影,,北京,6,1979,1版1次,60,,,20,40,Ref002:302,电影版：战争题材,,,,Gemini 3 Flash
拔哥的故事（上）,拔哥的故事,（上）,,,,,,,,,,,,,,,,,,,,,,中国电影,中国电影,,北京,4,1979,1版1次,60,,,10,20,Ref002:302,电影版：战争题材,,,,Gemini 3 Flash
拔哥的故事（下）,拔哥的故事,（下）,,,,,,,,,,,,,,,,,,,,,,中国电影,中国电影,,北京,3,1980,1版1次,60,,,10,20,Ref002:302,电影版：战争题材,,,,Gemini 3 Flash
海魂,海魂,,,,,,,,,,,,,,,,,,,,,,,中国电影,中国电影,,北京,8,1981,2版1次,60,,,20,40,Ref002:302,电影版：战争题材,,,,Gemini 3 Flash
东进序曲,东进序曲,,,,,,,,,,,,,,,,,,,,,,,中国电影,中国电影,,北京,11,1979,1版1次,60,,,15,35,Ref002:302,电影版：战争题材,,,,Gemini 3 Flash
豹子湾战斗,豹子湾战斗,,,,,,,,,,,,,,,,,,,,,,,中国电影,中国电影,,北京,4,1979,1版1次,60,,,25,50,Ref002:302,电影版：战争题材,,,,Gemini 3 Flash
铁道游击队,铁道游击队,,,,,,,,,,,,,,,,,,,,,,,人民美术,人民美术,,,5,1978,1版1次,60,,,10,30,Ref002:302,电影版：战争题材,,,,Gemini 3 Flash
奇袭,奇袭,,,,,,,,,,,,,,,,,,,,,,,上海人民,上海人民,,上海,11,1971,1版1次,60,,,40,150,Ref002:302,电影版：战争题材,,,,Gemini 3 Flash
吉鸿昌,吉鸿昌,,,,,,,,,,,,,,,,,,,,,,,中国电影,中国电影,,北京,3,1980,1版1次,60,,,8,15,Ref002:302,电影版：战争题材,,,,Gemini 3 Flash
女交通员,女交通员,,,,,,,,,,,,,,,,,,,,,,,人民美术,人民美术,,,12,1978,1版1次,60,,,10,20,Ref002:302,电影版：战争题材,,,,Gemini 3 Flash
南征北战,南征北战,,,,,,,,,,,,,,,,,,,,,,,天津人民美术,天津人民美术,,天津,1,1975,1版1次,60,,,20,50,Ref002:302,电影版：战争题材,,,,Gemini 3 Flash
花枝俏,花枝俏,,,,,,,,,,,,,,,,,,,,,,,中国电影,中国电影,,北京,8,1981,1版1次,60,,,5,8,Ref002:302,电影版：战争题材,,,,Gemini 3 Flash
车轮滚滚,车轮滚滚,,,,,,,,,,,,,,,,,,,,,,,人民美术,人民美术,,,7,1976,1版1次,60,,,20,40,Ref002:302,电影版：战争题材,,,,Gemini 3 Flash
枫树湾,枫树湾,,,,,,,,,,,,,,,,,,,,,,,天津人民美术,天津人民美术,,天津,7,1977,1版1次,60,,,15,30,Ref002:302,电影版：战争题材,,,,Gemini 3 Flash
平原游击队,平原游击队,,,,,,,,,,,,,,,,,,,,,,,人民美术,人民美术,,,12,1976,1版1次,60,,,20,40,Ref002:302,电影版：战争题材,,,,Gemini 3 Flash
打击侵略者,打击侵略者,,,,,,,,,,,,,,,,,,,,,,,上海人民,上海人民,,上海,4,1972,1版2次,60,,,30,80,Ref002:303,电影版：战争题材,,,,Gemini 3 Flash
地道战,地道战,,,,,,,,,,,,,,,,,,,,,,,上海人民,上海人民,,上海,12,1970,1版1次,60,,,30,120,Ref002:303,电影版：战争题材,,,,Gemini 3 Flash
地雷战,地雷战,,,,,,,,,,,,,,,,,,,,,,,上海人民,上海人民,,上海,7,1971,1版1次,60,,,40,100,Ref002:303,电影版：战争题材,,,,Gemini 3 Flash
英雄儿女,英雄儿女,,,,,,,,,,,,,,,,,,,,,,,辽宁人民,辽宁人民,,沈阳,5,1973,1版1次,60,,,30,60,Ref002:303,电影版：战争题材,,,,Gemini 3 Flash
祖国啊母亲,祖国啊母亲,,,,,,,,,,,,,,,,,,,,,,,天津人民美术,天津人民美术,,天津,11,1977,1版1次,60,,,15,30,Ref002:303,电影版：战争题材,,,,Gemini 3 Flash
祖国啊母亲,祖国啊母亲,,,,,,,,,,,,,,,,,,,,,,,上海人民美术,上海人民美术,,上海,4,1978,1版1次,64,,,15,30,Ref002:303,电影版：战争题材,,,,Gemini 3 Flash
自豪吧，母亲!,自豪吧，母亲!,,,,,,,,,,,,,,,,,,,,,,,中国电影,中国电影,,北京,6,1981,1版1次,60,,,10,20,Ref002:303,电影版：战争题材,,,,Gemini 3 Flash
难忘的战斗,难忘的战斗,,,,,,,,,,,,,,,,,,,,,,,上海人民,上海人民,,上海,7,1977,1版1次,64,,,30,80,Ref002:303,电影版：战争题材,,,,Gemini 3 Flash
红日,红日,,,,,,,,,,,,,,,,,,,,,,,中国电影,中国电影,,北京,12,1978,2版1次,64,,,20,40,Ref002:303,电影版：战争题材,,,,Gemini 3 Flash
渡江侦察记,渡江侦察记,,,,,,,,,,,,,,,,,,,,,,,上海人民美术,上海人民美术,,上海,6,1975,1版1次,64,,,50,150,Ref002:303,电影版：战争题材,,,,Gemini 3 Flash
霓红灯下的哨兵,霓红灯下的哨兵,,,,,,,,,,,,,,,,,,,,,,,上海人民美术,上海人民美术,,上海,5,1979,2版3次,64,,,10,20,Ref002:303,电影版：战争题材,,,,Gemini 3 Flash
解放石家庄,解放石家庄,,,,,,,,,,,,,,,,,,,,,,,中国电影,中国电影,,北京,6,1982,1版1次,64,,,10,20,Ref002:303,电影版：战争题材,,,,Gemini 3 Flash
苦菜花,苦菜花,,,,,,,,,,,,,,,,,,,,,,,上海人民美术,上海人民美术,,上海,7,1978,1版1次,64,,,15,40,Ref002:303,电影版：战争题材,,,,Gemini 3 Flash
兵临城下,兵临城下,,,,,,,,,,,,,,,,,,,,,,,上海人民美术,上海人民美术,,上海,2,1980,1版1次,64,,,10,30,Ref002:303,电影版：战争题材,,,,Gemini 3 Flash
黄英姑,黄英姑,,,,,,,,,,,,,,,,,,,,,,,中国电影,中国电影,,北京,12,1981,1版1次,64,,,5,15,Ref002:303,电影版：战争题材,,,,Gemini 3 Flash
小八路,小八路,,,,,,,,,,,,,,,,,,,,,,,上海人民,上海人民,,上海,2,1975,1版1次,64,,,10,20,Ref002:303,电影版：战争题材,,,,Gemini 3 Flash
闪闪的红星,闪闪的红星,,,,,,,,,,,,,,,,,,,,,,,天津人民美术,天津人民美术,,天津,1,1975,1版1次,60,,,25,50,Ref002:304,电影版：战争题材,,,,Gemini 3 Flash
闪闪的红星,闪闪的红星,,,,,,,,,,,,,,,,,,,,,,,人民美术,人民美术,,,9,1975,1版1次,60,,,30,60,Ref002:304,电影版：战争题材,,,,Gemini 3 Flash
洪湖赤卫队,洪湖赤卫队,,,,,,,,,,,,,,,,,,,,,,,上海人民,上海人民,,上海,9,1977,1版1次,64,,,30,60,Ref002:304,电影版：战争题材,,,,Gemini 3 Flash
洪湖赤卫队,洪湖赤卫队,,,,,,,,,,,,,,,,,,,,,,,天津人民美术,天津人民美术,,天津,8,1977,1版1次,60,,,20,45,Ref002:304,电影版：战争题材,,,,Gemini 3 Flash
小号手,小号手,,,,,,,,,,,,,,,,,,,,,,,上海人民,上海人民,,上海,6,1974,1版1次,60,,,10,30,Ref002:304,电影版：战争题材,,,,Gemini 3 Flash
奸细,奸细,,,,,,,,,,,,,,,,,,,,,,,中国电影,中国电影,,北京,4,1979,1版1次,60,,,5,10,Ref002:304,电影版：战争题材,,,,Gemini 3 Flash
归心似箭,归心似箭,,,,,,,,,,,,,,,,,,,,,,,中国电影,中国电影,,北京,8,1980,1版1次,60,,,10,20,Ref002:304,电影版：战争题材,,,,Gemini 3 Flash
大渡河,大渡河,,,,,,,,,,,,,,,,,,,,,,,天津人民美术,天津人民美术,,天津,10,1980,1版1次,60,,,20,40,Ref002:304,电影版：战争题材,,,,Gemini 3 Flash
上甘岭,上甘岭,,,,,,,,,,,,,,,,,,,,,,,中国电影,中国电影,,北京,10,1982,1版1次,60,,,30,60,Ref002:304,电影版：战争题材,,,,Gemini 3 Flash
一个美国飞行员,一个美国飞行员,,,,,,,,,,,,,,,,,,,,,,,中国电影,中国电影,,北京,3,1981,1版1次,60,,,8,15,Ref002:304,电影版：战争题材,,,,Gemini 3 Flash
小兵张嘎,小兵张嘎,,,,,,,,,,,,,,,,,,,,,,,人民美术,人民美术,,,11,1977,1版1次,60,,,25,50,Ref002:304,电影版：战争题材,,,,Gemini 3 Flash
两个小八路,两个小八路,,,,,,,,,,,,,,,,,,,,,,,中国电影,中国电影,,北京,1,1979,1版1次,60,,,15,30,Ref002:304,电影版：战争题材,,,,Gemini 3 Flash
曙光,曙光,,,,,,,,,,,,,,,,,,,,,,,中国电影,中国电影,,北京,3,1980,1版2次,60,,,10,20,Ref002:304,电影版：战争题材,,,,Gemini 3 Flash
啊!摇篮,啊!摇篮,,,,,,,,,,,,,,,,,,,,,,,中国电影,中国电影,,北京,9,1980,1版1次,60,,,15,30,Ref002:304,电影版：战争题材,,,,Gemini 3 Flash
柳堡的故事,柳堡的故事,,,,,,,,,,,,,,,,,,,,,,,中国电影,中国电影,,北京,8,1982,2版1次,60,,,25,60,Ref002:304,电影版：战争题材,,,,Gemini 3 Flash
十天,十天,,,,,,,,,,,,,,,,,,,,,,,中国电影,中国电影,,北京,9,1980,1版1次,60,,,10,30,Ref002:304,电影版：战争题材,,,,Gemini 3 Flash
大橹的故事,大橹的故事,,,,,,,,,,,,,,,,,,,,,,,上海人民美术,上海人民美术,,上海,6,1978,1版1次,64,,,5,10,Ref002:305,电影版：反特题材,,,,Gemini 3 Flash
黑三角,黑三角,,,,,,,,,,,,,,,,,,,,,,,中国电影,中国电影,,北京,12,1978,1版1次,64,,,10,25,Ref002:305,电影版：反特题材,,,,Gemini 3 Flash
"开枪,为他送行!","开枪,为他送行!",,,,,,,,,,,,,,,,,,,,,,,上海人民美术,上海人民美术,,上海,10,1983,1版1次,64,,,8,15,Ref002:305,电影版：反特题材,,,,Gemini 3 Flash
跟踪追击,跟踪追击,,,,,,,,,,,,,,,,,,,,,,,江苏人民,江苏人民,,南京,6,1978,1版1次,64,,,15,40,Ref002:305,电影版：反特题材,,,,Gemini 3 Flash
小城春秋,小城春秋,,,,,,,,,,,,,,,,,,,,,,,江苏人民,江苏人民,,南京,2,1982,1版1次,64,,,15,30,Ref002:305,电影版：反特题材,,,,Gemini 3 Flash
保密局的枪声,保密局的枪声,,,,,,,,,,,,,,,,,,,,,,,中国电影,中国电影,,北京,10,1979,1版1次,60,,,15,30,Ref002:305,电影版：反特题材,,,,Gemini 3 Flash
保密局的枪声,保密局的枪声,,,,,,,,,,,,,,,,,,,,,,,天津人民美术,天津人民美术,,天津,8,1979,1版1次,60,,,20,30,Ref002:305,电影版：反特题材,,,,Gemini 3 Flash
51号兵站,51号兵站,,,,,,,,,,,,,,,,,,,,,,,中国电影,中国电影,,北京,10,1979,1版1次,60,,,15,40,Ref002:305,电影版：反特题材,,,,Gemini 3 Flash
冰山上的来客,冰山上的来客,,,,,,,,,,,,,,,,,,,,,,,中国电影,中国电影,,北京,1,1979,2版1次,60,,,20,50,Ref002:305,电影版：反特题材,,,,Gemini 3 Flash
野火春风斗古城,野火春风斗古城,,,,,,,,,,,,,,,,,,,,,,,中国电影,中国电影,,北京,9,1981,1版1次,60,,,20,40,Ref002:305,电影版：反特题材,,,,Gemini 3 Flash
地下尖兵,地下尖兵,,,,,,,,,,,,,,,,,,,,,,,中国电影,中国电影,,北京,11,1981,1版1次,60,,,10,30,Ref002:305,电影版：反特题材,,,,Gemini 3 Flash
405谋杀案,405谋杀案,,,,,,,,,,,,,,,,,,,,,,,中国电影,中国电影,,北京,8,1980,1版1次,60,,,10,20,Ref002:305,电影版：反特题材,,,,Gemini 3 Flash
东港谍影,东港谍影,,,,,,,,,,,,,,,,,,,,,,,中国电影,中国电影,,北京,6,1979,1版1次,60,,,15,30,Ref002:305,电影版：反特题材,,,,Gemini 3 Flash
烈火中永生,烈火中永生,,,,,,,,,,,,,,,,,,,,,,,人民美术,人民美术,,,12,1978,1版1次,60,,,10,40,Ref002:305,电影版：反特题材,,,,Gemini 3 Flash
特高课在行动,特高课在行动,,,,,,,,,,,,,,,,,,,,,,,中国电影,中国电影,,北京,7,1982,1版1次,60,,,10,20,Ref002:305,电影版：反特题材,,,,Gemini 3 Flash
斗鲨,斗鲨,,,,,,,,,,,,,,,,,,,,,,,中国电影,中国电影,,北京,10,1979,1版1次,60,,,20,40,Ref002:305,电影版：反特题材,,,,Gemini 3 Flash
永不消逝的电波,永不消逝的电波,,,,,,,,,,,,,,,,,,,,,,,中国电影,中国电影,,北京,9,1981,2版1次,60,,,30,50,Ref002:306,电影版：反特题材,,,,Gemini 3 Flash
与魔鬼打交道的人,与魔鬼打交道的人,,,,,,,,,,,,,,,,,,,,,,,中国电影,中国电影,,北京,6,1981,1版1次,60,,,8,15,Ref002:306,电影版：反特题材,,,,Gemini 3 Flash
大浪淘沙,大浪淘沙,,,,,,,,,,,,,,,,,,,,,,,天津人民美术,天津人民美术,,天津,9,1977,1版1次,60,,,20,40,Ref002:306,电影版：反特题材,,,,Gemini 3 Flash
白求恩大夫,白求恩大夫,,,,,,,,,,,,,,,,,,,,,,,人民美术,人民美术,,,7,1978,1版1次,60,,,15,25,Ref002:306,电影版：反特题材,,,,Gemini 3 Flash
元帅之死,元帅之死,,,,,,,,,,,,,,,,,,,,,,,中国电影,中国电影,,北京,6,1981,1版1次,60,,,5,10,Ref002:306,电影版：反特题材,,,,Gemini 3 Flash
报童,报童,,,,,,,,,,,,,,,,,,,,,,,中国电影,中国电影,,北京,7,1979,1版1次,60,,,5,10,Ref002:306,电影版：反特题材,,,,Gemini 3 Flash
西安事变（上下）,西安事变,（上下）,,,,,,,,,,,,,,,,,,,,,,中国电影,中国电影,,北京,7,1982,1版1次,60,,,10,20,Ref002:306,电影版：反特题材,,,,Gemini 3 Flash
红旗谱,红旗谱,,,,,,,,,,,,,,,,,,,,,,,中国电影,中国电影,,北京,4,1979,1版1次,60,,,20,50,Ref002:306,电影版：反特题材,,,,Gemini 3 Flash
青春之歌,青春之歌,,,,,,,,,,,,,,,,,,,,,,,中国电影,中国电影,,北京,9,1981,2版1次,60,,,20,50,Ref002:306,电影版：反特题材,,,,Gemini 3 Flash
小二黑结婚,小二黑结婚,,,,,,,,,,,,,,,,,,,,,,,中国电影,中国电影,,北京,12,1979,1版1次,60,,,20,50,Ref002:306,电影版：反特题材,,,,Gemini 3 Flash
早春二月,早春二月,,,,,,,,,,,,,,,,,,,,,,,中国电影,中国电影,,北京,6,1979,1版1次,60,,,20,40,Ref002:306,电影版：反特题材,,,,Gemini 3 Flash
早春二月,早春二月,,,,,,,,,,,,,,,,,,,,,,,辽宁美术,辽宁美术,,沈阳,9,1980,1版1次,64,,,10,20,Ref002:306,电影版：反特题材,,,,Gemini 3 Flash
今天我休息,今天我休息,,,,,,,,,,,,,,,,,,,,,,,中国电影,中国电影,,北京,1,1983,1版2次,64,,,15,30,Ref002:306,电影版：反特题材,,,,Gemini 3 Flash
今天我休息,今天我休息,,,,,,,,,,,,,,,,,,,,,,,人民美术,人民美术,,,6,1978,1版1次,60,,,20,40,Ref002:306,电影版：反特题材,,,,Gemini 3 Flash
一江春水向东流（上）,一江春水向东流,（上）,,,,,,,,,,,,,,,,,,,,,,中国电影,中国电影,,北京,6,1979,1版1次,60,,,,,Ref002:306,电影版：反特题材,,,,Gemini 3 Flash
一江春水向东流（下）,一江春水向东流,（下）,,,,,,,,,,,,,,,,,,,,,,中国电影,中国电影,,北京,6,1979,1版1次,60,,,20（全套,40,Ref002:306,电影版：反特题材,,,,Gemini 3 Flash
十字街头,十字街头,,,,,,,,,,,,,,,,,,,,,,,中国电影,中国电影,,北京,9,1981,1版2次,60,,,15,25,Ref002:307,电影版：现代题材,,,,Gemini 3 Flash
子夜,子夜,,,,,,,,,,,,,,,,,,,,,,,中国电影,中国电影,,北京,3,1983,1版1次,60,,,15,30,Ref002:307,电影版：现代题材,,,,Gemini 3 Flash
女篮5号,女篮5号,,,,,,,,,,,,,,,,,,,,,,,中国电影,中国电影,,北京,8,1979,1版1次,60,,,15,40,Ref002:307,电影版：现代题材,,,,Gemini 3 Flash
舞台姐妹,舞台姐妹,,,,,,,,,,,,,,,,,,,,,,,中国电影,中国电影,,北京,5,1979,1版1次,60,,,10,25,Ref002:307,电影版：现代题材,,,,Gemini 3 Flash
林家铺子,林家铺子,,,,,,,,,,,,,,,,,,,,,,,中国电影,中国电影,,北京,11,1979,1版2次,60,,,20,40,Ref002:307,电影版：现代题材,,,,Gemini 3 Flash
李双双,李双双,,,,,,,,,,,,,,,,,,,,,,,中国电影,中国电影,,北京,11,1981,3版1次,60,,,30,60,Ref002:307,电影版：现代题材,,,,Gemini 3 Flash
万家灯火,万家灯火,,,,,,,,,,,,,,,,,,,,,,,中国电影,中国电影,,北京,6,1979,1版1次,60,,,15,30,Ref002:307,电影版：现代题材,,,,Gemini 3 Flash
丽人行,丽人行,,,,,,,,,,,,,,,,,,,,,,,中国电影,中国电影,,北京,10,1982,1版1次,60,,,30,60,Ref002:307,电影版：现代题材,,,,Gemini 3 Flash
雁鸣岭下,雁鸣岭下,,,,,,,,,,,,,,,,,,,,,,,人民美术,人民美术,,,1,1978,1版1次,60,,,20,50,Ref002:307,电影版：现代题材,,,,Gemini 3 Flash
小螺号,小螺号,,,,,,,,,,,,,,,,,,,,,,,广东人民,广东人民,,广州,5,1976,1版1次,60,,,30,60,Ref002:307,电影版：现代题材,,,,Gemini 3 Flash
半夜鸡叫,半夜鸡叫,,,,,,,,,,,,,,,,,,,,,,,上海人民,上海人民,,上海,12,1970,1版1次,60,,,15,35,Ref002:307,电影版：现代题材,,,,Gemini 3 Flash
罪恶的收租院,罪恶的收租院,,,,,,,,,,,,,,,,,,,,,,,上海人民,上海人民,,上海,3,1971,1版1次,60,,,20,50,Ref002:307,电影版：现代题材,,,,Gemini 3 Flash
送瘟神,送瘟神,,,,,,,,,,,,,,,,,,,,,,,上海人民,上海人民,,上海,1,1971,1版1次,60,,,20,50,Ref002:307,电影版：现代题材,,,,Gemini 3 Flash
红旗渠,红旗渠,,,,,,,,,,,,,,,,,,,,,,,上海人民,上海人民,,上海,6,1971,1版1次,60,,,20,40,Ref002:307,电影版：现代题材,,,,Gemini 3 Flash
毛竹,毛竹,,,,,,,,,,,,,,,,,,,,,,,上海人民,上海人民,,上海,10,1971,1版2次,60,,,10,20,Ref002:307,电影版：现代题材,,,,Gemini 3 Flash
台风,台风,,,,,,,,,,,,,,,,,,,,,,,北京人民,北京人民,,北京,2,1972,1版1次,60,,,10,20,Ref002:307,电影版：现代题材,,,,Gemini 3 Flash
泥石流,泥石流,,,,,,,,,,,,,,,,,,,,,,,上海人民,上海人民,,上海,1,1972,1版1次,60,,,10,20,Ref002:308,电影版：现代题材,,,,Gemini 3 Flash
中国猿人,中国猿人,,,,,,,,,,,,,,,,,,,,,,,科学,科学,,,5,1972,1版1次,60,,,15,30,Ref002:308,电影版：现代题材,,,,Gemini 3 Flash
志在宝岛创新业,志在宝岛创新业,,,,,,,,,,,,,,,,,,,,,,,广东人民,广东人民,,广州,7,1972,1版1次,60,,,40,100,Ref002:308,电影版：现代题材,,,,Gemini 3 Flash
傲蕾·一兰（上下）,傲蕾·一兰,（上下）,,,,,,,,,,,,,,,,,,,,,,中国电影,中国电影,,北京,4,1980,1版1次,60,,,15,30,Ref002:308,电影版：现代题材,,,,Gemini 3 Flash
戴手铐的旅客,戴手铐的旅客,,,,,,,,,,,,,,,,,,,,,,,中国电影,中国电影,,北京,6,1981,1版1次,60,,,20,40,Ref002:308,电影版：现代题材,,,,Gemini 3 Flash
残雪,残雪,,,,,,,,,,,,,,,,,,,,,,,中国电影,中国电影,,北京,9,1981,1版1次,60,,,8,20,Ref002:308,电影版：现代题材,,,,Gemini 3 Flash
梅花巾,梅花巾,,,,,,,,,,,,,,,,,,,,,,,中国电影,中国电影,,北京,9,1981,1版1次,60,,,5,10,Ref002:308,电影版：现代题材,,,,Gemini 3 Flash
沙漠的春天,沙漠的春天,,,,,,,,,,,,,,,,,,,,,,,人民美术、内蒙古人民,人民美术,内蒙古人民,,8,1976,1版1次,60,,,30,60,Ref002:308,电影版：现代题材,,,,Gemini 3 Flash
庐山恋,庐山恋,,,,,,,,,,,,,,,,,,,,,,,中国电影,中国电影,,北京,5,1981,1版1次,60,,,10,25,Ref002:308,电影版：现代题材,,,,Gemini 3 Flash
第十个弹孔,第十个弹孔,,,,,,,,,,,,,,,,,,,,,,,中国电影,中国电影,,北京,2,1981,1版1次,60,,,8,15,Ref002:308,电影版：现代题材,,,,Gemini 3 Flash
刑场上的婚礼,刑场上的婚礼,,,,,,,,,,,,,,,,,,,,,,,中国电影,中国电影,,北京,1,1981,1版1次,60,,,10,20,Ref002:308,电影版：现代题材,,,,Gemini 3 Flash
爱情啊，你姓什么,爱情啊，你姓什么,,,,,,,,,,,,,,,,,,,,,,,中国电影,中国电影,,北京,1,1982,1版1次,60,,,10,20,Ref002:308,电影版：现代题材,,,,Gemini 3 Flash
婚礼,婚礼,,,,,,,,,,,,,,,,,,,,,,,中国电影,中国电影,,北京,3,1980,1版1次,60,,,10,25,Ref002:308,电影版：现代题材,,,,Gemini 3 Flash
柳暗花明,柳暗花明,,,,,,,,,,,,,,,,,,,,,,,中国电影,中国电影,,北京,4,1980,1版1次,60,,,8,15,Ref002:308,电影版：现代题材,,,,Gemini 3 Flash
琴童,琴童,,,,,,,,,,,,,,,,,,,,,,,中国电影,中国电影,,北京,1,1981,1版1次,60,,,10,20,Ref002:308,电影版：现代题材,,,,Gemini 3 Flash
琴童,琴童,,,,,,,,,,,,,,,,,,,,,,,天津人民美术,天津人民美术,,天津,6,1981,1版1次,60,,,15,30,Ref002:308,电影版：现代题材,,,,Gemini 3 Flash
怒吼吧黄河,怒吼吧黄河,,,,,,,,,,,,,,,,,,,,,,,中国电影,中国电影,,北京,4,1980,1版1次,60,,,10,25,Ref002:309,电影版：现代题材,,,,Gemini 3 Flash
小花,小花,,,,,,,,,,,,,,,,,,,,,,,中国电影,中国电影,,北京,3,1980,1版1次,60,,,20,40,Ref002:309,电影版：现代题材,,,,Gemini 3 Flash
泪痕,泪痕,,,,,,,,,,,,,,,,,,,,,,,中国电影,中国电影,,北京,5,1980,1版1次,60,,,15,30,Ref002:309,电影版：现代题材,,,,Gemini 3 Flash
苦难的心,苦难的心,,,,,,,,,,,,,,,,,,,,,,,中国电影,中国电影,,北京,9,1980,1版1次,60,,,5,10,Ref002:309,电影版：现代题材,,,,Gemini 3 Flash
月亮湾的笑声,月亮湾的笑声,,,,,,,,,,,,,,,,,,,,,,,中国电影,中国电影,,北京,4,1982,1版1次,60,,,10,25,Ref002:309,电影版：现代题材,,,,Gemini 3 Flash
爱情与遗产,爱情与遗产,,,,,,,,,,,,,,,,,,,,,,,中国电影,中国电影,,北京,1,1981,1版1次,60,,,10,20,Ref002:309,电影版：现代题材,,,,Gemini 3 Flash
她俩和他俩,她俩和他俩,,,,,,,,,,,,,,,,,,,,,,,中国电影,中国电影,,北京,3,1980,1版1次,60,,,10,20,Ref002:309,电影版：现代题材,,,,Gemini 3 Flash
苦果,苦果,,,,,,,,,,,,,,,,,,,,,,,中国电影,中国电影,,北京,6,1982,1版1次,60,,,10,15,Ref002:309,电影版：现代题材,,,,Gemini 3 Flash
海之恋,海之恋,,,,,,,,,,,,,,,,,,,,,,,中国电影,中国电影,,北京,1,1981,1版1次,60,,,15,25,Ref002:309,电影版：现代题材,,,,Gemini 3 Flash
我们村里的年轻人,我们村里的年轻人,,,,,,,,,,,,,,,,,,,,,,,中国电影,中国电影,,北京,7,1979,1版1次,60,,,20,30,Ref002:309,电影版：现代题材,,,,Gemini 3 Flash
我们村里的年轻人（续集）,我们村里的年轻人,（续集）,,,,,,,,,,,,,,,,,,,,,,中国电影,中国电影,,北京,7,1979,1版2次,60,,,20,40,Ref002:309,电影版：现代题材,,,,Gemini 3 Flash
人到中年,人到中年,,,,,,,,,,,,,,,,,,,,,,,中国电影,中国电影,,北京,1,1984,1版1次,64,,,10,20,Ref002:309,电影版：现代题材,,,,Gemini 3 Flash
法庭内外,法庭内外,,,,,,,,,,,,,,,,,,,,,,,中国电影,中国电影,,北京,6,1981,1版1次,64,,,5,10,Ref002:309,电影版：现代题材,,,,Gemini 3 Flash
天山的红花,天山的红花,,,,,,,,,,,,,,,,,,,,,,,上海人民,上海人民,,上海,11,1977,1版1次,64,,,25,60,Ref002:309,电影版：现代题材,,,,Gemini 3 Flash
群芳谱,群芳谱,,,,,,,,,,,,,,,,,,,,,,,中国电影,中国电影,,北京,6,1981,1版1次,72,,,5,10,Ref002:309,电影版：现代题材,,,,Gemini 3 Flash
二泉映月,二泉映月,,,,,,,,,,,,,,,,,,,,,,,中国电影,中国电影,,北京,9,1981,1版1次,72,,,5,15,Ref002:309,电影版：现代题材,,,,Gemini 3 Flash
燕归来,燕归来,,,,,,,,,,,,,,,,,,,,,,,上海人民美术,上海人民美术,,上海,2,1981,1版2次,64,,,5,15,Ref002:310,电影版：现代题材,,,,Gemini 3 Flash
丹凤朝阳,丹凤朝阳,,,,,,,,,,,,,,,,,,,,,,,中国电影,中国电影,,北京,2,1982,1版1次,64,,,8,15,Ref002:310,电影版：现代题材,,,,Gemini 3 Flash
她从雾中来,她从雾中来,,,,,,,,,,,,,,,,,,,,,,,中国电影,中国电影,,北京,12,1981,1版1次,64,,,8,15,Ref002:310,电影版：现代题材,,,,Gemini 3 Flash
车水马龙,车水马龙,,,,,,,,,,,,,,,,,,,,,,,中国电影,中国电影,,北京,11,1981,1版1次,64,,,5,10,Ref002:310,电影版：现代题材,,,,Gemini 3 Flash
新岸,新岸,,,,,,,,,,,,,,,,,,,,,,,中国电影,中国电影,,北京,10,1982,1版1次,64,,,10,20,Ref002:310,电影版：现代题材,,,,Gemini 3 Flash
上海姑娘,上海姑娘,,,,,,,,,,,,,,,,,,,,,,,中国电影,中国电影,,北京,11,1981,1版1次,64,,,15,30,Ref002:310,电影版：现代题材,,,,Gemini 3 Flash
天云山传奇,天云山传奇,,,,,,,,,,,,,,,,,,,,,,,中国电影,中国电影,,北京,8,1981,1版1次,64,,,10,20,Ref002:310,电影版：现代题材,,,,Gemini 3 Flash
不该凋谢的玫瑰,不该凋谢的玫瑰,,,,,,,,,,,,,,,,,,,,,,,中国电影,中国电影,,北京,3,1982,1版1次,64,,,5,10,Ref002:310,电影版：现代题材,,,,Gemini 3 Flash
老兵新传,老兵新传,,,,,,,,,,,,,,,,,,,,,,,中国电影,中国电影,,北京,11,1982,1版1次,64,,,30,60,Ref002:310,电影版：现代题材,,,,Gemini 3 Flash
许茂和他的女儿们,许茂和他的女儿们,,,,,,,,,,,,,,,,,,,,,,,中国电影,中国电影,,北京,6,1982,1版1次,64,,,15,25,Ref002:310,电影版：现代题材,,,,Gemini 3 Flash
喜盈门,喜盈门,,,,,,,,,,,,,,,,,,,,,,,上海人民美术,上海人民美术,,上海,8,1981,1版1次,64,,,10,20,Ref002:310,电影版：现代题材,,,,Gemini 3 Flash
樱,樱,,,,,,,,,,,,,,,,,,,,,,,中国电影,中国电影,,北京,8,1980,1版1次,60,,,10,20,Ref002:310,电影版：现代题材,,,,Gemini 3 Flash
知音,知音,,,,,,,,,,,,,,,,,,,,,,,中国电影,中国电影,,北京,7,1982,1版1次,64,,,10,20,Ref002:310,电影版：现代题材,,,,Gemini 3 Flash
石榴花,石榴花,,,,,,,,,,,,,,,,,,,,,,,上海人民美术,上海人民美术,,上海,8,1984,1版1次,64,,,10,20,Ref002:310,电影版：现代题材,,,,Gemini 3 Flash
最后的选择,最后的选择,,,,,,,,,,,,,,,,,,,,,,,上海人民美术,上海人民美术,,上海,5,1984,1版1次,64,,,5,10,Ref002:310,电影版：现代题材,,,,Gemini 3 Flash
检察官,检察官,,,,,,,,,,,,,,,,,,,,,,,中国电影,中国电影,,北京,4,1982,1版1次,64,,,5,10,Ref002:310,电影版：现代题材,,,,Gemini 3 Flash
甜蜜的事业,甜蜜的事业,,,,,,,,,,,,,,,,,,,,,,,中国电影,中国电影,,北京,10,1979,1版1次,60,,,10,20,Ref002:311,电影版：现代题材,,,,Gemini 3 Flash
不是为了爱情,不是为了爱情,,,,,,,,,,,,,,,,,,,,,,,四川人民,四川人民,,成都,12,1980,1版1次,60,,,5,10,Ref002:311,电影版：现代题材,,,,Gemini 3 Flash
好事多磨,好事多磨,,,,,,,,,,,,,,,,,,,,,,,上海人民美术,上海人民美术,,上海,7,1981,1版1次,64,,,10,20,Ref002:311,电影版：现代题材,,,,Gemini 3 Flash
喜盈门,喜盈门,,,,,,,,,,,,,,,,,,,,,,,中国电影,中国电影,,北京,8,1981,1版1次,60,,,10,20,Ref002:311,电影版：现代题材,,,,Gemini 3 Flash
瞧这一家子,瞧这一家子,,,,,,,,,,,,,,,,,,,,,,,中国电影,中国电影,,北京,3,1980,1版1次,60,,,15,30,Ref002:311,电影版：现代题材,,,,Gemini 3 Flash
沙鸥,沙鸥,,,,,,,,,,,,,,,,,,,,,,,中国电影,中国电影,,北京,10,1981,1版1次,60,,,10,20,Ref002:311,电影版：现代题材,,,,Gemini 3 Flash
海外赤子,海外赤子,,,,,,,,,,,,,,,,,,,,,,,中国电影,中国电影,,北京,6,1980,1版1次,60,,,20,40,Ref002:311,电影版：现代题材,,,,Gemini 3 Flash
迟到的春天,迟到的春天,,,,,,,,,,,,,,,,,,,,,,,中国电影,中国电影,,北京,11,1981,1版1次,60,,,20,30,Ref002:311,电影版：现代题材,,,,Gemini 3 Flash
巴山夜雨,巴山夜雨,,,,,,,,,,,,,,,,,,,,,,,中国电影,中国电影,,北京,9,1981,1版1次,60,,,15,25,Ref002:311,电影版：现代题材,,,,Gemini 3 Flash
"飞吧,足球","飞吧,足球",,,,,,,,,,,,,,,,,,,,,,,中国电影,中国电影,,北京,2,1981,1版1次,60,,,15,30,Ref002:311,电影版：现代题材,,,,Gemini 3 Flash
花开花落,花开花落,,,,,,,,,,,,,,,,,,,,,,,中国电影,中国电影,,北京,9,1981,1版1次,60,,,8,15,Ref002:311,电影版：现代题材,,,,Gemini 3 Flash
乳燕飞,乳燕飞,,,,,,,,,,,,,,,,,,,,,,,中国电影,中国电影,,北京,4,1980,1版1次,60,,,8,15,Ref002:311,电影版：现代题材,,,,Gemini 3 Flash
苦恼人的笑,苦恼人的笑,,,,,,,,,,,,,,,,,,,,,,,中国电影,中国电影,,北京,5,1980,1版1次,60,,,10,20,Ref002:311,电影版：现代题材,,,,Gemini 3 Flash
扬帆,扬帆,,,,,,,,,,,,,,,,,,,,,,,中国电影,中国电影,,北京,2,1982,1版1次,60,,,15,30,Ref002:311,电影版：现代题材,,,,Gemini 3 Flash
但愿人长久,但愿人长久,,,,,,,,,,,,,,,,,,,,,,,中国电影,中国电影,,北京,1,1983,1版1次,60,,,5,10,Ref002:311,电影版：现代题材,,,,Gemini 3 Flash
小字辈,小字辈,,,,,,,,,,,,,,,,,,,,,,,中国电影,中国电影,,北京,6,1980,1版1次,60,,,15,30,Ref002:311,电影版：现代题材,,,,Gemini 3 Flash
水上春秋,水上春秋,,,,,,,,,,,,,,,,,,,,,,,中国电影,中国电影,,北京,11,1982,1版2次,60,,,25,50,Ref002:312,电影版：现代题材,,,,Gemini 3 Flash
女大学生宿舍,女大学生宿舍,,,,,,,,,,,,,,,,,,,,,,,中国电影,中国电影,,北京,1,1985,1版1次,60,,,20,40,Ref002:312,电影版：现代题材,,,,Gemini 3 Flash
聂耳,聂耳,,,,,,,,,,,,,,,,,,,,,,,中国电影,中国电影,,北京,10,1982,1版1次,60,,,30,60,Ref002:312,电影版：现代题材,,,,Gemini 3 Flash
赵钱孙李,赵钱孙李,,,,,,,,,,,,,,,,,,,,,,,中国电影,中国电影,,北京,10,1984,1版1次,60,,,15,30,Ref002:312,电影版：现代题材,,,,Gemini 3 Flash
五朵金花,五朵金花,,,,,,,,,,,,,,,,,,,,,,,中国电影,中国电影,,北京,9,1982,2版1次,60,,,30,60,Ref002:312,电影版：现代题材,,,,Gemini 3 Flash
林海情,林海情,,,,,,,,,,,,,,,,,,,,,,,中国电影,中国电影,,北京,12,1984,1版1次,60,,,10,20,Ref002:312,电影版：现代题材,,,,Gemini 3 Flash
嫁不出去的姑娘,嫁不出去的姑娘,,,,,,,,,,,,,,,,,,,,,,,中国电影,中国电影,,北京,7,1984,1版1次,60,,,10,20,Ref002:312,电影版：现代题材,,,,Gemini 3 Flash
流泪的红蜡烛,流泪的红蜡烛,,,,,,,,,,,,,,,,,,,,,,,中国电影,中国电影,,北京,7,1984,1版1次,60,,,10,20,Ref002:312,电影版：现代题材,,,,Gemini 3 Flash
不该发生的故事,不该发生的故事,,,,,,,,,,,,,,,,,,,,,,,中国电影,中国电影,,北京,12,1984,1版1次,64,,,5,10,Ref002:312,电影版：现代题材,,,,Gemini 3 Flash
小小得月楼,小小得月楼,,,,,,,,,,,,,,,,,,,,,,,中国电影,中国电影,,北京,1,1985,1版1次,64,,,8,15,Ref002:312,电影版：现代题材,,,,Gemini 3 Flash
风吹唢呐声,风吹唢呐声,,,,,,,,,,,,,,,,,,,,,,,中国电影,中国电影,,北京,12,1984,1版1次,64,,,10,20,Ref002:312,电影版：现代题材,,,,Gemini 3 Flash
五号机要员,五号机要员,,,,,,,,,,,,,,,,,,,,,,,中国电影,中国电影,,北京,8,1985,1版1次,64,,,5,10,Ref002:312,电影版：现代题材,,,,Gemini 3 Flash
许茂和他的女儿们,许茂和他的女儿们,,,,,,,,,,,,,,,,,,,,,,,中国电影,中国电影,,北京,3,1982,1版1次,64,,,20,40,Ref002:312,电影版：现代题材,,,,Gemini 3 Flash
天山行,天山行,,,,,,,,,,,,,,,,,,,,,,,辽宁美术,辽宁美术,,沈阳,10,1984,1版1次,64,,,8,15,Ref002:312,电影版：现代题材,,,,Gemini 3 Flash
甜女,甜女,,,,,,,,,,,,,,,,,,,,,,,中国电影,中国电影,,北京,2,1985,1版1次,64,,,5,10,Ref002:312,电影版：现代题材,,,,Gemini 3 Flash
我、你、他,我、你、他,,,,,,,,,,,,,,,,,,,,,,,中国电影,中国电影,,北京,12,1984,1版1次,64,,,5,10,Ref002:312,电影版：现代题材,,,,Gemini 3 Flash
雷雨,雷雨,,,,,,,,,,,,,,,,,,,,,,,上海人民美术,上海人民美术,,上海,11,1979,1版1次,64,,,5,10,Ref002:313,电影版：现代题材,,,,Gemini 3 Flash
风暴,风暴,,,,,,,,,,,,,,,,,,,,,,,中国电影,中国电影,,北京,10,1981,1版1次,64,,,15,30,Ref002:313,电影版：现代题材,,,,Gemini 3 Flash
春苗,春苗,,,,,,,,,,,,,,,,,,,,,,,上海人民,上海人民,,上海,5,1976,1版1次,64,,,30,120,Ref002:313,电影版：现代题材,,,,Gemini 3 Flash
第二个春天,第二个春天,,,,,,,,,,,,,,,,,,,,,,,上海人民,上海人民,,上海,6,1976,1版1次,64,,,20,70,Ref002:313,电影版：现代题材,,,,Gemini 3 Flash
向阳院的故事,向阳院的故事,,,,,,,,,,,,,,,,,,,,,,,人民美术,人民美术,,,2,1976,1版1次,64,,,20,60,Ref002:313,电影版：现代题材,,,,Gemini 3 Flash
红雨,红雨,,,,,,,,,,,,,,,,,,,,,,,人民美术,人民美术,,,2,1976,1版1次,60,,,20,50,Ref002:313,电影版：现代题材,,,,Gemini 3 Flash
火红的年代,火红的年代,,,,,,,,,,,,,,,,,,,,,,,上海人民,上海人民,,上海,5,1974,1版1次,60,,,30,150,Ref002:313,电影版：现代题材,,,,Gemini 3 Flash
创业,创业,,,,,,,,,,,,,,,,,,,,,,,天津人民美术,天津人民美术,,天津,11,1975,1版1次,60,,,15,30,Ref002:313,电影版：现代题材,,,,Gemini 3 Flash
园丁之歌,园丁之歌,,,,,,,,,,,,,,,,,,,,,,,人民美术,人民美术,,,6,1977,1版1次,60,,,10,20,Ref002:313,电影版：现代题材,,,,Gemini 3 Flash
决裂,决裂,,,,,,,,,,,,,,,,,,,,,,,人民美术,人民美术,,,5,1976,1版1次,60,,,40,100,Ref002:313,电影版：现代题材,,,,Gemini 3 Flash
金光大道（上）,金光大道,（上）,,,,,,,,,,,,,,,,,,,,,,天津人民美术,天津人民美术,,天津,7,1976,1版1次,60,,,,,Ref002:313,电影版：现代题材,,,,Gemini 3 Flash
金光大道（中）,金光大道,（中）,,,,,,,,,,,,,,,,,,,,,,天津人民美术,天津人民美术,,天津,11,1977,1版1次,60,,,15（全二册）,30,Ref002:313,电影版：现代题材,,,,Gemini 3 Flash
青松岭,青松岭,,,,,,,,,,,,,,,,,,,,,,,天津人民美术,天津人民美术,,天津,9,1974,1版1次,60,,,15,35,Ref002:313,电影版：现代题材,,,,Gemini 3 Flash
青松岭,青松岭,,,,,,,,,,,,,,,,,,,,,,,辽宁人民,辽宁人民,,沈阳,10,1974,1版1次,64,,,30,60,Ref002:313,电影版：现代题材,,,,Gemini 3 Flash
火烧圆明园,火烧圆明园,,,,,,,,,,,,,,,,,,,,,,,中国电影,中国电影,,北京,7,1984,1版1次,64,,,3,5,Ref002:313,电影版：现代题材,,,,Gemini 3 Flash
无情的情人,无情的情人,,,,,,,,,,,,,,,,,,,,,,,岭南美术,岭南美术,,广州,12,1986,1版1次,64,,,10,20,Ref002:313,电影版：现代题材,,,,Gemini 3 Flash
甲午风云,甲午风云,,,,,,,,,,,,,,,,,,,,,,,天津人民美术,天津人民美术,,天津,9,1977,1版1次,60,,,20,40,Ref002:314,电影版：古曲题材,,,,Gemini 3 Flash
甲午风云,甲午风云,,,,,,,,,,,,,,,,,,,,,,,中国电影,中国电影,,北京,9,1981,1版1次,60,,,15,25,Ref002:314,电影版：古曲题材,,,,Gemini 3 Flash
林则徐,林则徐,,,,,,,,,,,,,,,,,,,,,,,中国电影,中国电影,,北京,4,1979,1版1次,60,,,20,40,Ref002:314,电影版：古曲题材,,,,Gemini 3 Flash
阿诗玛,阿诗玛,,,,,,,,,,,,,,,,,,,,,,,中国电影,中国电影,,北京,5,1979,1版1次,60,,,30,80,Ref002:314,电影版：古曲题材,,,,Gemini 3 Flash
渔童,渔童,,,,,,,,,,,,,,,,,,,,,,,人民美术,人民美术,,,5,1978,1版1次,60,,,30,80,Ref002:314,电影版：古曲题材,,,,Gemini 3 Flash
刘三姐,刘三姐,,,,,,,,,,,,,,,,,,,,,,,人民美术,人民美术,,,4,1979,1版1次,60,,,30,60,Ref002:314,电影版：古曲题材,,,,Gemini 3 Flash
审妻,审妻,,,,,,,,,,,,,,,,,,,,,,,中国电影,中国电影,,北京,9,1979,1版1次,60,,,5,10,Ref002:314,电影版：古曲题材,,,,Gemini 3 Flash
阿里巴巴,阿里巴巴,,,,,,,,,,,,,,,,,,,,,,,中国电影,中国电影,,北京,10,1982,1版1次,64,,,3,5,Ref002:314,电影版：古曲题材,,,,Gemini 3 Flash
阳光下的罪恶,阳光下的罪恶,,,,,,,,,,,,,,,,,,,,,,,中国电影,中国电影,,北京,6,1983,1版1次,64,,,5,10,Ref002:314,电影版：外国题材,,,,Gemini 3 Flash
精变,精变,,,,,,,,,,,,,,,,,,,,,,,文化艺术,文化艺术,,北京,3,1984,1版1次,64,,,5,10,Ref002:314,电影版：外国题材,,,,Gemini 3 Flash
巴士奇遇结良缘9,巴士奇遇结良缘9,,,,,,,,,,,,,,,,,,,,,,,中国电影,中国电影,,北京,2,1981,1版1次,72,,,5,10,Ref002:314,电影版：外国题材,,,,Gemini 3 Flash
哪吒闹海,哪吒闹海,,,,,,,,,,,,,,,,,,,,,,,河北人民,河北人民,,石家庄,3,1980,1版1次,64,,,8,20,Ref002:314,电影版：外国题材,,,,Gemini 3 Flash
屈原,屈原,,,,,,,,,,,,,,,,,,,,,,,中国电影,中国电影,,北京,6,1981,1版1次,72,,,5,10,Ref002:314,电影版：外国题材,,,,Gemini 3 Flash
少林寺,少林寺,,,,,,,,,,,,,,,,,,,,,,,中国电影,中国电影,,北京,2,1981,1版1次,72,,,5,10,Ref002:314,电影版：外国题材,,,,Gemini 3 Flash
追捕,追捕,,,,,,,,,,,,,,,,,,,,,,,中国电影,中国电影,,北京,2,1981,1版1次,72,,,10,20,Ref002:314,电影版：外国题材,,,,Gemini 3 Flash
望乡,望乡,,,,,,,,,,,,,,,,,,,,,,,上海人民美术,上海人民美术,,上海,9,1979,1版1次,64,,,20,40,Ref002:314,电影版：外国题材,,,,Gemini 3 Flash
绝唱,绝唱,,,,,,,,,,,,,,,,,,,,,,,中国电影,中国电影,,北京,9,1981,1版1次,64,,,5,10,Ref002:315,电影版：外国题材,,,,Gemini 3 Flash
沉默的人,沉默的人,,,,,,,,,,,,,,,,,,,,,,,上海人民美术,上海人民美术,,上海,4,1981,1版1次,64,,,5,8,Ref002:315,电影版：外国题材,,,,Gemini 3 Flash
生死恋8,生死恋8,,,,,,,,,,,,,,,,,,,,,,,中国电影,中国电影,,北京,6,1981,1版1次,72,,,10,15,Ref002:315,电影版：外国题材,,,,Gemini 3 Flash
白玫瑰,白玫瑰,,,,,,,,,,,,,,,,,,,,,,,上海人民美术,上海人民美术,,上海,9,1979,1版1次,64,,,3,5,Ref002:315,电影版：外国题材,,,,Gemini 3 Flash
“橡树，十万火急”,“橡树，十万火急”,,,,,,,,,,,,,,,,,,,,,,,上海人民美术,上海人民美术,,上海,6,1979,1版1次,64,,,15,25,Ref002:315,电影版：外国题材,,,,Gemini 3 Flash
人世间,人世间,,,,,,,,,,,,,,,,,,,,,,,上海人民美术,上海人民美术,,上海,9,1983,1版1次,64,,,5,15,Ref002:315,电影版：外国题材,,,,Gemini 3 Flash
远山的呼唤,远山的呼唤,,,,,,,,,,,,,,,,,,,,,,,中国电影,中国电影,,北京,10,1983,1版1次,64,,,10,15,Ref002:315,电影版：外国题材,,,,Gemini 3 Flash
寅次郎的故事,寅次郎的故事,,,,,,,,,,,,,,,,,,,,,,,中国电影,中国电影,,北京,6,1983,1版1次,64,,,10,15,Ref002:315,电影版：外国题材,,,,Gemini 3 Flash
卖花姑娘,卖花姑娘,,,,,,,,,,,,,,,,,,,,,,,天津人民美术,天津人民美术,,天津,5,1973,1版1次,60,,,100,250,Ref002:315,电影版：外国题材,,,,Gemini 3 Flash
不朽的情侣,不朽的情侣,,,,,,,,,,,,,,,,,,,,,,,中国电影,中国电影,,北京,8,1984,1版1次,60,,,5,10,Ref002:315,电影版：外国题材,,,,Gemini 3 Flash
大篷车,大篷车,,,,,,,,,,,,,,,,,,,,,,,上海人民美术,上海人民美术,,上海,10,1981,1版1次,64,,,5,10,Ref002:315,电影版：外国题材,,,,Gemini 3 Flash
复仇,复仇,,,,,,,,,,,,,,,,,,,,,,,中国电影,中国电影,,北京,11,1981,1版1次,64,,,8,15,Ref002:315,电影版：外国题材,,,,Gemini 3 Flash
猎人,猎人,,,,,,,,,,,,,,,,,,,,,,,上海人民美术,上海人民美术,,上海,11,1984,1版1次,64,,,10,15,Ref002:315,电影版：外国题材,,,,Gemini 3 Flash
十四个冬春,十四个冬春,,,,,,,,,,,,,,,,,,,,,,,浙江人民,浙江人民,,杭州,12,1972,1版2次,64,,,10,15,Ref002:315,电影版：外国题材,,,,Gemini 3 Flash
悲惨世界（上、下）,悲惨世界,（上、下）,,,,,,,,,,,,,,,,,,,,,,中国电影,中国电影,,北京,6,1982,1版1次,64,,,10,15,Ref002:315,电影版：外国题材,,,,Gemini 3 Flash
哑女,哑女,,,,,,,,,,,,,,,,,,,,,,,中国电影,中国电影,,北京,7,1982,1版1次,64,,,10,20,Ref002:315,电影版：外国题材,,,,Gemini 3 Flash
啊，野麦岭,啊，野麦岭,,,,,,,,,,,,,,,,,,,,,,,中国电影,中国电影,,北京,6,1982,1版1次,64,,,8,15,Ref002:316,电影版：外国题材,,,,Gemini 3 Flash
夜茫茫,夜茫茫,,,,,,,,,,,,,,,,,,,,,,,中国电影,中国电影,,北京,1,1983,1版1次,64,,,5,10,Ref002:316,电影版：外国题材,,,,Gemini 3 Flash
佐罗,佐罗,,,,,,,,,,,,,,,,,,,,,,,辽宁美术,辽宁美术,,沈阳,5,1981,1版1次,64,,,10,15,Ref002:316,电影版：外国题材,,,,Gemini 3 Flash
佐罗,佐罗,,,,,,,,,,,,,,,,,,,,,,,中国电影,中国电影,,北京,4,1980,1版1次,60,,,5,15,Ref002:316,电影版：外国题材,,,,Gemini 3 Flash
最后一颗子弹,最后一颗子弹,,,,,,,,,,,,,,,,,,,,,,,中国电影,中国电影,,北京,7,1982,1版1次,64,,,10,20,Ref002:316,电影版：外国题材,,,,Gemini 3 Flash
牛虻,牛虻,,,,,,,,,,,,,,,,,,,,,,,天津人民美术,天津人民美术,,天津,11,1978,1版1次,60,,,8,15,Ref002:316,电影版：外国题材,,,,Gemini 3 Flash
牛虻,牛虻,,,,,,,,,,,,,,,,,,,,,,,中国电影,中国电影,,北京,9,1981,2版1次,64,,,10,25,Ref002:316,电影版：外国题材,,,,Gemini 3 Flash
火车司机的儿子,火车司机的儿子,,,,,,,,,,,,,,,,,,,,,,,人民美术,人民美术,,,5,1977,1版1次,60,,,20,50,Ref002:316,电影版：外国题材,,,,Gemini 3 Flash
警察局长的自白,警察局长的自白,,,,,,,,,,,,,,,,,,,,,,,中国电影,中国电影,,北京,3,1981,1版1次,72,,,5,10,Ref002:316,电影版：外国题材,,,,Gemini 3 Flash
警察局长的自白,警察局长的自白,,,,,,,,,,,,,,,,,,,,,,,天津人民美术,天津人民美术,,天津,9,1981,1版1次,64,,,10,20,Ref002:316,电影版：外国题材,,,,Gemini 3 Flash
英俊少年,英俊少年,,,,,,,,,,,,,,,,,,,,,,,江苏人民,江苏人民,,南京,2,1982,1版1次,64,,,10,25,Ref002:316,电影版：外国题材,,,,Gemini 3 Flash
英俊少年,英俊少年,,,,,,,,,,,,,,,,,,,,,,,中国电影,中国电影,,北京,2,1982,1版1次,64,,,10,20,Ref002:316,电影版：外国题材,,,,Gemini 3 Flash
三十九级台阶,三十九级台阶,,,,,,,,,,,,,,,,,,,,,,,天津人民美术,天津人民美术,,天津,6,1983,1版1次,64,,,10,20,Ref002:316,电影版：外国题材,,,,Gemini 3 Flash
39级台阶,39级台阶,,,,,,,,,,,,,,,,,,,,,,,中国电影,中国电影,,北京,1,1984,1版1次,60,,,10,20,Ref002:316,电影版：外国题材,,,,Gemini 3 Flash
卡桑德拉大桥,卡桑德拉大桥,,,,,,,,,,,,,,,,,,,,,,,江苏人民,江苏人民,,南京,2,1982,1版1次,64,,,10,25,Ref002:316,电影版：外国题材,,,,Gemini 3 Flash
卡桑德拉大桥,卡桑德拉大桥,,,,,,,,,,,,,,,,,,,,,,,中国电影,中国电影,,北京,4,1982,1版1次,64,,,10,20,Ref002:316,电影版：外国题材,,,,Gemini 3 Flash
瓦尔特保卫萨拉热窝,瓦尔特保卫萨拉热窝,,,,,,,,,,,,,,,,,,,,,,,上海人民美术,上海人民美术,,上海,2,1979,1版1次,64,,,20,50,Ref002:317,电影版：外国题材,,,,Gemini 3 Flash
瓦尔特保卫萨拉热窝,瓦尔特保卫萨拉热窝,,,,,,,,,,,,,,,,,,,,,,,天津人民美术,天津人民美术,,天津,12,1977,1版1次,60,,,20,35,Ref002:317,电影版：外国题材,,,,Gemini 3 Flash
瓦尔特保卫萨拉热窝,瓦尔特保卫萨拉热窝,,,,,,,,,,,,,,,,,,,,,,,人民美术,人民美术,,,12,1972,1版2次,60,,,25,60,Ref002:317,电影版：外国题材,,,,Gemini 3 Flash
吟公主,吟公主,,,,,,,,,,,,,,,,,,,,,,,中国电影,中国电影,,北京,12,1979,1版1次,60,,,8,20,Ref002:317,电影版：外国题材,,,,Gemini 3 Flash
苔丝,苔丝,,,,,,,,,,,,,,,,,,,,,,,中国电影,中国电影,,北京,4,1983,1版1次,60,,,8,15,Ref002:317,电影版：外国题材,,,,Gemini 3 Flash
苔丝,苔丝,,,,,,,,,,,,,,,,,,,,,,,江苏人民,江苏人民,,南京,4,1983,1版1次,64,,,10,20,Ref002:317,电影版：外国题材,,,,Gemini 3 Flash
人证,人证,,,,,,,,,,,,,,,,,,,,,,,辽宁美术,辽宁美术,,沈阳,10,1980,1版1次,64,,,10,20,Ref002:317,电影版：外国题材,,,,Gemini 3 Flash
人证,人证,,,,,,,,,,,,,,,,,,,,,,,天津人民美术,天津人民美术,,天津,6,1980,1版1次,64,,,10,20,Ref002:317,电影版：外国题材,,,,Gemini 3 Flash
恶梦,恶梦,,,,,,,,,,,,,,,,,,,,,,,中国电影,中国电影,,北京,8,1980,1版1次,60,,,5,15,Ref002:317,电影版：外国题材,,,,Gemini 3 Flash
恶梦,恶梦,,,,,,,,,,,,,,,,,,,,,,,上海人民美术,上海人民美术,,上海,6,1981,1版1次,64,,,10,20,Ref002:317,电影版：外国题材,,,,Gemini 3 Flash
海狼,海狼,,,,,,,,,,,,,,,,,,,,,,,江苏人民,江苏人民,,南京,11,1983,1版1次,64,,,10,20,Ref002:317,电影版：外国题材,,,,Gemini 3 Flash
海狼,海狼,,,,,,,,,,,,,,,,,,,,,,,中国电影,中国电影,,北京,10,1983,1版1次,64,,,5,10,Ref002:317,电影版：外国题材,,,,Gemini 3 Flash
砂器,砂器,,,,,,,,,,,,,,,,,,,,,,,中国电影,中国电影,,北京,4,1981,1版1次,72,,,5,10,Ref002:317,电影版：外国题材,,,,Gemini 3 Flash
砂器,砂器,,,,,,,,,,,,,,,,,,,,,,,天津人民美术,天津人民美术,,天津,3,1981,1版1次,64,,,10,20,Ref002:317,电影版：外国题材,,,,Gemini 3 Flash
蛇,蛇,,,,,,,,,,,,,,,,,,,,,,,上海人民美术,上海人民美术,,上海,6,1982,1版1次,64,,,10,20,Ref002:317,电影版：外国题材,,,,Gemini 3 Flash
蛇,蛇,,,,,,,,,,,,,,,,,,,,,,,江苏人民,江苏人民,,南京,6,1982,1版1次,64,,,10,20,Ref002:317,电影版：外国题材,,,,Gemini 3 Flash
胜利大逃亡,胜利大逃亡,,,,,,,,,,,,,,,,,,,,,,,中国电影,中国电影,,北京,9,1981,1版1次,64,,,10,20,Ref002:318,电影版：外国题材,,,,Gemini 3 Flash
巴黎圣母院,巴黎圣母院,,,,,,,,,,,,,,,,,,,,,,,中国电影,中国电影,,北京,2,1981,1版1次,72,,,10,30,Ref002:318,电影版：外国题材,,,,Gemini 3 Flash
基督山恩仇记,基督山恩仇记,,,,,,,,,,,,,,,,,,,,,,,天津人民美术,天津人民美术,,天津,12,1980,1版1次,64,,,3,5,Ref002:318,电影版：外国题材,,,,Gemini 3 Flash
孤星血泪,孤星血泪,,,,,,,,,,,,,,,,,,,,,,,中国电影,中国电影,,北京,10,1981,1版1次,60,,,5,15,Ref002:318,电影版：外国题材,,,,Gemini 3 Flash
拿破仑在奥斯特里茨战役,拿破仑在奥斯特里茨战役,,,,,,,,,,,,,,,,,,,,,,,中国电影,中国电影,,北京,6,1982,1版1次,72,,,5,15,Ref002:318,电影版：外国题材,,,,Gemini 3 Flash
拿破仑在奥斯特里茨,拿破仑在奥斯特里茨,,,,,,,,,,,,,,,,,,,,,,,天津人民美术,天津人民美术,,天津,9,1982,1版1次,64,,,10,20,Ref002:318,电影版：外国题材,,,,Gemini 3 Flash
蝙蝠,蝙蝠,,,,,,,,,,,,,,,,,,,,,,,中国电影,中国电影,,北京,5,1980,1版1次,60,,,5,10,Ref002:318,电影版：外国题材,,,,Gemini 3 Flash
爱德华大夫,爱德华大夫,,,,,,,,,,,,,,,,,,,,,,,中国电影,中国电影,,北京,10,1983,1版1次,60,,,5,10,Ref002:318,电影版：外国题材,,,,Gemini 3 Flash
百万英镑,百万英镑,,,,,,,,,,,,,,,,,,,,,,,人民美术,人民美术,,,3,1979,1版1次,60,,,15,30,Ref002:318,电影版：外国题材,,,,Gemini 3 Flash
摘苹果的时候,摘苹果的时候,,,,,,,,,,,,,,,,,,,,,,,吉林人民、人民美术,吉林人民,人民美术,,12,1972,1版2次,60,,,25,70,Ref002:318,电影版：外国题材,,,,Gemini 3 Flash
永恒的爱情,永恒的爱情,,,,,,,,,,,,,,,,,,,,,,,中国电影,中国电影,,北京,12,1981,1版1次,60,,,5,15,Ref002:318,电影版：外国题材,,,,Gemini 3 Flash
奴里,奴里,,,,,,,,,,,,,,,,,,,,,,,中国电影,中国电影,,北京,5,1982,1版1次,60,,,15,30,Ref002:318,电影版：外国题材,,,,Gemini 3 Flash
女仆,女仆,,,,,,,,,,,,,,,,,,,,,,,中国电影,中国电影,,北京,5,1983,1版1次,60,,,10,20,Ref002:318,电影版：外国题材,,,,Gemini 3 Flash
非凡的埃玛,非凡的埃玛,,,,,,,,,,,,,,,,,,,,,,,中国电影,中国电影,,北京,9,1983,1版1次,60,,,5,10,Ref002:318,电影版：外国题材,,,,Gemini 3 Flash
红菱艳,红菱艳,,,,,,,,,,,,,,,,,,,,,,,中国电影,中国电影,,北京,12,1981,1版1次,60,,,8,15,Ref002:318,电影版：外国题材,,,,Gemini 3 Flash
走向深渊,走向深渊,,,,,,,,,,,,,,,,,,,,,,,中国电影,中国电影,,北京,6,1981,1版1次,60,,,5,10,Ref002:318,电影版：外国题材,,,,Gemini 3 Flash
第八个是铜像,第八个是铜像,,,,,,,,,,,,,,,,,,,,,,,上海人民,上海人民,,上海,3,1974,1版1次,60,,,20,60,Ref002:319,电影版：外国题材,,,,Gemini 3 Flash
海岸风雷,海岸风雷,,,,,,,,,,,,,,,,,,,,,,,上海人民,上海人民,,上海,9,1973,1版1次,60,,,30,60,Ref002:319,电影版：外国题材,,,,Gemini 3 Flash
忠诚,忠诚,,,,,,,,,,,,,,,,,,,,,,,中国电影,中国电影,,北京,10,1979,1版1次,60,,,5,10,Ref002:319,电影版：外国题材,,,,Gemini 3 Flash
流浪者（上下）,流浪者,（上下）,,,,,,,,,,,,,,,,,,,,,,中国电影,中国电影,,北京,7,1979,1版1次,60,,,30,60,Ref002:319,电影版：外国题材,,,,Gemini 3 Flash
马戏团,马戏团,,,,,,,,,,,,,,,,,,,,,,,中国电影,中国电影,,北京,9,1980,1版1次,60,,,10,25,Ref002:319,电影版：外国题材,,,,Gemini 3 Flash
苦海余生,苦海余生,,,,,,,,,,,,,,,,,,,,,,,中国电影,中国电影,,北京,5,1980,1版1次,60,,,5,15,Ref002:319,电影版：外国题材,,,,Gemini 3 Flash
舞台生涯,舞台生涯,,,,,,,,,,,,,,,,,,,,,,,中国电影,中国电影,,北京,2,1981,1版1次,60,,,10,30,Ref002:319,电影版：外国题材,,,,Gemini 3 Flash
叶塞尼亚,叶塞尼亚,,,,,,,,,,,,,,,,,,,,,,,中国电影,中国电影,,北京,11,1979,1版1次,60,,,10,25,Ref002:319,电影版：外国题材,,,,Gemini 3 Flash
未来世界,未来世界,,,,,,,,,,,,,,,,,,,,,,,中国电影,中国电影,,北京,8,1979,1版1次,60,,,8,15,Ref002:319,电影版：外国题材,,,,Gemini 3 Flash
淘金记,淘金记,,,,,,,,,,,,,,,,,,,,,,,中国电影,中国电影,,北京,8,1980,1版1次,60,,,10,25,Ref002:319,电影版：外国题材,,,,Gemini 3 Flash
阿福,阿福,,,,,,,,,,,,,,,,,,,,,,,上海人民,上海人民,,上海,10,1972,1版1次,60,,,20,50,Ref002:319,电影版：外国题材,,,,Gemini 3 Flash
保尔·柯察金,保尔·柯察金,,,,,,,,,,,,,,,,,,,,,,,中国电影,中国电影,,北京,9,1981,1版2次,60,,,20,40,Ref002:319,电影版：外国题材,,,,Gemini 3 Flash
看不见的战线,看不见的战线,,,,,,,,,,,,,,,,,,,,,,,吉林人民、人民美术,吉林人民,人民美术,,8,1973,1版3次,60,,,25,60,Ref002:319,电影版：外国题材,,,,Gemini 3 Flash
叛逆,叛逆,,,,,,,,,,,,,,,,,,,,,,,中国电影,中国电影,,北京,4,1980,1版1次,60,,,5,10,Ref002:319,电影版：外国题材,,,,Gemini 3 Flash
冷酷的心,冷酷的心,,,,,,,,,,,,,,,,,,,,,,,中国电影,中国电影,,北京,11,1979,1版1次,60,,,5,15,Ref002:319,电影版：外国题材,,,,Gemini 3 Flash
蝴蝶梦,蝴蝶梦,,,,,,,,,,,,,,,,,,,,,,,中国电影,中国电影,,北京,8,1980,1版1次,60,,,5,15,Ref002:319,电影版：外国题材,,,,Gemini 3 Flash
虎口脱险,虎口脱险,,,,,,,,,,,,,,,,,,,,,,,中国电影,中国电影,,北京,4,1983,1版1次,60,,,20,40,Ref002:320,电影版：外国题材,,,,Gemini 3 Flash
奇普里安·波隆贝斯库,奇普里安·波隆贝斯库,,,,,,,,,,,,,,,,,,,,,,,中国电影,中国电影,,北京,6,1981,1版1次,72,,,10,20,Ref002:320,电影版：外国题材,,,,Gemini 3 Flash
春香传,春香传,,,,,,,,,,,,,,,,,,,,,,,中国电影,中国电影,,北京,9,1981,1版1次,72,,,10,20,Ref002:320,电影版：外国题材,,,,Gemini 3 Flash
红灯记,红灯记,,,,,,,,,,,,,,,,,,,,,,,人民美术,人民美术,,,9,1971,1版1次,60,,,100,250,Ref002:321,电影版：样版戏,,,,Gemini 3 Flash
奇袭白虎团,奇袭白虎团,,,,,,,,,,,,,,,,,,,,,,,吉林人民、人民美术,吉林人民,人民美术,,3,1973,1版1次,60,,,100,250,Ref002:321,电影版：样版戏,,,,Gemini 3 Flash
沙家浜,沙家浜,,,,,,,,,,,,,,,,,,,,,,,吉林人民、人民美术,吉林人民,人民美术,,1,1972,1版1次,60,,,120,300,Ref002:321,电影版：样版戏,,,,Gemini 3 Flash
平原作战,平原作战,,,,,,,,,,,,,,,,,,,,,,,人民美术,人民美术,,,10,1974,1版1次,60,,,50,120,Ref002:321,电影版：样版戏,,,,Gemini 3 Flash
杜鹃山,杜鹃山,,,,,,,,,,,,,,,,,,,,,,,人民美术,人民美术,,,9,1974,1版1次,60,,,40,100,Ref002:321,电影版：样版戏,,,,Gemini 3 Flash
龙江颂,龙江颂,,,,,,,,,,,,,,,,,,,,,,,人民美术,人民美术,,,6,1973,1版1次,60,,,80,300,Ref002:321,电影版：样版戏,,,,Gemini 3 Flash
智取威虎山,智取威虎山,,,,,,,,,,,,,,,,,,,,,,,人民美术,人民美术,,,6,1971,1版1次,60,,,100,300,Ref002:321,电影版：样版戏,,,,Gemini 3 Flash
白毛女,白毛女,,,,,,,,,,,,,,,,,,,,,,,上海人民,上海人民,,上海,8,1972,1版1次,60,,,80,200,Ref002:321,电影版：样版戏,,,,Gemini 3 Flash
李兆麟将军,李兆麟将军,,编文：傅杰 绘画：侯国良,,,编文：傅杰,傅杰,编文,绘画：侯国良,侯国良,绘画,,,,,,,,,,,,,黑龙江美术,黑龙江美术,,哈尔滨,4,1984,1版1次,32,0.27万,1.05,40,80,Ref002:322,电影版：32开本,,,,Gemini 3 Flash
秋瑾,秋瑾,,改编：陈贻恩 绘画：丁世弼,,,改编：陈贻恩,陈贻恩,改编,绘画：丁世弼,丁世弼,绘画,,,,,,,,,,,,,上海人民美术,上海人民美术,,上海,11,1984,1版1次,32,1.2万,0.53,90,150,Ref002:322,电影版：32开本,,,,Gemini 3 Flash
毛泽东同志在陕北,毛泽东同志在陕北,,改编：丁峥吴传书 绘画：郑家声,,,改编：丁峥,丁峥,改编,改编：吴传书,吴传书,改编,绘画：郑家声,郑家声,绘画,,,,,,,,,,上海人民美术,上海人民美术,,上海,12,1979,1版1次,32,1.3万,0.11,150,250,Ref002:322,电影版：32开本,,,,Gemini 3 Flash
周恩来同志在长征路上,周恩来同志在长征路上,,改编：余嘉敏 绘画：汪观清,,,改编：余嘉敏,余嘉敏,改编,绘画：汪观清,汪观清,绘画,,,,,,,,,,,,,上海人民美术,上海人民美术,,上海,,,,,,,100,200,Ref002:322,电影版：32开本,,,,Gemini 3 Flash
朱德同志在井冈山,朱德同志在井冈山,,改编：张晓林 绘画：施大畏,,,改编：张晓林,张晓林,改编,绘画：施大畏,施大畏,绘画,,,,,,,,,,,,,上海人民美术,上海人民美术,,上海,4,1980,1版2次,32,1.35万,1.9,100,200,Ref002:322,电影版：32开本,,,,Gemini 3 Flash
刘少奇同志在安源,刘少奇同志在安源,,改编：黄若谷赵吉南 绘画：韩和平,,,改编：黄若谷,黄若谷,改编,改编：赵吉南,赵吉南,改编,绘画：韩和平,韩和平,绘画,,,,,,,,,,上海人民美术,上海人民美术,,上海,8,1982,1版1次,32,0.7万,1.75,200,300,Ref002:322,电影版：32开本,,,,Gemini 3 Flash
海伦·凯勒,海伦·凯勒,,改编：杨爱群 绘画：陈宗舜,,,改编：杨爱群,杨爱群,改编,绘画：陈宗舜,陈宗舜,绘画,,,,,,,,,,,,,上海人民美术,上海人民美术,,上海,8,1984,1版1次,32,1.02万,0.84,50,80,Ref002:323,电影版：32开本,,,,Gemini 3 Flash
共和国元帅,共和国元帅,,改编：抒炳庆红 绘画：孙元张力,,,改编：抒炳,抒炳,改编,改编：庆红,庆红,改编,绘画：孙元,孙元,绘画,绘画：张力,张力,绘画,,,,,,,山西人民,山西人民,,太原,11,1990,1版1次,32,,,100（全套9册）,180,Ref002:323,电影版：32开本,全套9册,,,Gemini 3 Flash
亿万富翁—哈默博士的奇迹,亿万富翁,哈默博士的奇迹,改编：金芜 绘画：春青徐锡林,,,改编：金芜,金芜,改编,绘画：春青,春青,绘画,绘画：徐锡林,徐锡林,绘画,,,,,,,,,,辽宁美术,辽宁美术,,沈阳,8,1990,1版1次,32,0.1万,2.4,80,120,Ref002:323,电影版：32开本,,Sic._Author_Core_2,,Gemini 3 Flash
百色起义,百色起义,,改编：顾乐真 绘画：雷德祖,,,改编：顾乐真,顾乐真,改编,绘画：雷德祖,雷德祖,绘画,,,,,,,,,,,,,人民美术,人民美术,,,3,1997,2版1次,32,0.5[sic.],9.6,20,30,Ref002:323,电影版：32开本,,Print_run_sic. ,,Gemini 3 Flash
可爱的中国,可爱的中国,,改编：赵奇 绘画：赵奇,,,改编：赵奇,赵奇,改编,绘画：赵奇,赵奇,绘画,,,,,,,,,,,,,辽宁美术,辽宁美术,,沈阳,8,1984,1版1次,32,1.01万,0.95,80,150,Ref002:323,电影版：32开本,,,,Gemini 3 Flash
伟大的先驱,伟大的先驱,,改编：胡月伟 绘画：宗文龙,,,改编：胡月伟,胡月伟,改编,绘画：宗文龙,宗文龙,绘画,,,,,,,,,,,,,浙江人民美术,浙江人民美术,,杭州,9,1983,1版1次,32,7.5万,0.45,60,100,Ref002:323,电影版：32开本,,,,Gemini 3 Flash
革命先驱夏明翰,革命先驱夏明翰,,编文：郭晶霞 绘画：韦尔森胡建成,,,编文：郭晶霞,郭晶霞,编文,绘画：韦尔森,韦尔森,绘画,绘画：胡建成,胡建成,绘画,,,,,,,,,,辽宁美术,辽宁美术,,沈阳,10,1983,1版1次,32,1.72万,0.36,80,150,Ref002:324,电影版：32开本,,,,Gemini 3 Flash
求索,求索,,改编：不详 绘画：潘鸿海,,,改编：不详,不详,改编,绘画：潘鸿海,潘鸿海,绘画,,,,,,,,,,,,,浙江人民美术,浙江人民美术,,杭州,12,1984,1版1次,32,1.5万,0.57,50,100,Ref002:324,电影版：32开本,青少年时代的毛泽东,,,Gemini 3 Flash
川江怒涛,川江怒涛,,改编：不详 绘画：胡博综,,,改编：不详,不详,改编,绘画：胡博综,胡博综,绘画,,,,,,,,,,,,,重庆,重庆,,重庆,10,1984,1版1次,32,,0.5,100,200,Ref002:324,电影版：32开本,,,,Gemini 3 Flash
春天,春天,,改编：柯毕 绘画：陈苏平,,,改编：柯毕,柯毕,改编,绘画：陈苏平,陈苏平,绘画,,,,,,,,,,,,,辽宁美术,辽宁美术,,沈阳,7,1990,1版1次,32,0.1万,2.5,50,100,Ref002:324,电影版：32开本,,,,Gemini 3 Flash
子夜（上）,子夜,（上）,改编：大鲁 绘画：叶雄,,,改编：大鲁,大鲁,改编,绘画：叶雄,叶雄,绘画,,,,,,,,,,,,,陕西人民,陕西人民,,西安,6,1985,1版2次,32,0.15万,0.83,,,Ref002:324,电影版：32开本,,,,Gemini 3 Flash
子夜（下）,子夜,（下）,改编：大鲁 绘画：叶雄,,,改编：大鲁,大鲁,改编,绘画：叶雄,叶雄,绘画,,,,,,,,,,,,,上海人民美术,上海人民美术,,上海,6,1985,1版1次,32,0.15万,0.86,800（全套）,1500,Ref002:324,电影版：32开本,,,,Gemini 3 Flash
牧马人,牧马人,,改编：郭宝祥 绘画：李林祥,,,改编：郭宝祥,郭宝祥,改编,绘画：李林祥,李林祥,绘画,,,,,,,,,,,,,辽宁美术,辽宁美术,,沈阳,2,1985,1版1次,32,1.55万,0.58,80,150,Ref002:325,电影版：32开本,,,,Gemini 3 Flash
朝阳沟,朝阳沟,,改编：缪德彰胡廷楣 绘画：贺友直,,,改编：缪德彰,缪德彰,改编,改编：胡廷楣,胡廷楣,改编,绘画：贺友直,贺友直,绘画,,,,,,,,,,上海人民美术,上海人民美术,,上海,10,1979,1版1次,32,6万,0.46,350,500,Ref002:325,电影版：32开本,,,,Gemini 3 Flash
驼峰上的爱,驼峰上的爱,,改编：潘彩英张辉 绘画：张辉,,,改编：潘彩英,潘彩英,改编,改编：张辉,张辉,改编,绘画：张辉,张辉,绘画,,,,,,,,,,辽宁美术,辽宁美术,,沈阳,7,1990,1版1次,32,0.1万,3,40,60,Ref002:325,电影版：32开本,,,,Gemini 3 Flash
要是我当县长,要是我当县长,,改编：华士明 绘画：胡博综,,,改编：华士明,华士明,改编,绘画：胡博综,胡博综,绘画,,,,,,,,,,,,,江苏美术,江苏美术,,南京,10,1985,1版1次,32,0.3万,,62,120,Ref002:325,电影版：32开本,,,,Gemini 3 Flash
鹰笛,鹰笛,,改编：不详 绘画：叶毓中,,,改编：不详,不详,改编,绘画：叶毓中,叶毓中,绘画,,,,,,,,,,,,,四川人民,四川人民,,成都,12,1984,1版1次,32,50万,0.48,100,180,Ref002:325,电影版：32开本,,,,Gemini 3 Flash
野蜂出没的山谷,野蜂出没的山谷,,改编：飞雁 绘画：白德松,,,改编：飞雁,飞雁,改编,绘画：白德松,白德松,绘画,,,,,,,,,,,,,河北美术,河北美术,,石家庄,10,1982,1版1次,32,4.5万,0.38,40,80,Ref002:325,电影版：32开本,,,,Gemini 3 Flash
斯巴达克思,斯巴达克思,,编文：李宝靖 绘画：雷德祖,,,编文：李宝靖,李宝靖,编文,绘画：雷德祖,雷德祖,绘画,,,,,,,,,,,,,广西人民美术,广西人民美术,,,7,1979,1版1次,32,4.5万,0.71,1400,2000（全套四册）,Ref002:326,电影版：32开本,《斯巴达克思》全套四册。第3，4分册难觅。《红楼梦》系列中，《尤⼆姐》《睛雯》两种较少。,,,Gemini 3 Flash
驿站长,驿站长,,改编：于交 绘画：刘国辉,,,改编：于交,于交,改编,绘画：刘国辉,刘国辉,绘画,,,,,,,,,,,,,辽宁美术,辽宁美术,,沈阳,9,1984,1版1次,32,2.5万,0.48,120,200,Ref002:326,电影版：32开本,,,,Gemini 3 Flash
千里送京娘,千里送京娘,,改编：刘抒 绘画：叶毓中,,,改编：刘抒,刘抒,改编,绘画：叶毓中,叶毓中,绘画,,,,,,,,,,,,,上海人民美术,上海人民美术,,上海,11,1985,1版1次,32,0.5万,0.54,100,200,Ref002:326,电影版：32开本,,,,Gemini 3 Flash
鸳鸯,鸳鸯,,改编：潘彩英 绘画：丁世弼,,,改编：潘彩英,潘彩英,改编,绘画：丁世弼,丁世弼,绘画,,,,,,,,,,,,,辽宁美术,辽宁美术,,沈阳,7,1984,1版1次,32,6.42万,0.25,250（全套五册）,350,Ref002:326,电影版：32开本,,,,Gemini 3 Flash
龙女牧羊,龙女牧羊,,改编：孙锦常 绘画：卢延光,,,改编：孙锦常,孙锦常,改编,绘画：卢延光,卢延光,绘画,,,,,,,,,,,,,岭南美术,岭南美术,,广州,6,1983,1版1次,32,0.36万,0.4,400,600,Ref002:326,电影版：32开本,,,,Gemini 3 Flash
剪刀案,剪刀案,,改编：潘彩英 绘画：陈全胜,,,改编：潘彩英,潘彩英,改编,绘画：陈全胜,陈全胜,绘画,,,,,,,,,,,,,辽宁人民美术,辽宁人民美术,,沈阳,3,1985,1版1次,32,8万,0.95,30,60,Ref002:326,电影版：32开本,,,,Gemini 3 Flash
鲁迅,鲁迅,,改编：郑毓敏潘鸿海等 绘画：沈欣钟秀达等,,,改编：郑毓敏,郑毓敏,改编,改编：潘鸿海,潘鸿海,改编,改编：等,等,改编,绘画：沈欣,沈欣,绘画,绘画：钟秀达,钟秀达,绘画,绘画：等,等,绘画,人民美术,人民美术,,,12,1975,1版1次,24,,0.6,40,80,Ref002:327,电影版：24开本,,Sic._Author_Core_4,,Gemini 3 Flash
刘少奇的故事,刘少奇的故事,,改编：古玉一民 绘画：杨逸麟杨恺力,,,改编：古玉,古玉,改编,改编：一民,一民,改编,绘画：杨逸麟,杨逸麟,绘画,绘画：杨恺力,杨恺力,绘画,,,,,,,中国连环画,中国连环画,,北京,12,1992,1版1次,24,0.2万,4.2,30,60,Ref002:327,电影版：24开本,,,,Gemini 3 Flash
朱德元帅的故事,朱德元帅的故事,,改编：王素 绘画：吴恺,,,改编：王素,王素,改编,绘画：吴恺,吴恺,绘画,,,,,,,,,,,,,中国连环画,中国连环画,,北京,7,1991,1版1次,24,0.7万,4.2,30,50,Ref002:327,电影版：24开本,,,,Gemini 3 Flash
孙中山的故事,孙中山的故事,,改编：秋子 绘画：辛明肖成等,,,改编：秋子,秋子,改编,绘画：辛明,辛明,绘画,绘画：肖成,肖成,绘画,绘画：等,等,绘画,,,,,,,中国连环画,中国连环画,,北京,9,1992,1版1次,24,0.22[sic.],4.2,30,60,Ref002:327,电影版：24开本,,"Sic._Author_Core_2, Author_Core_3",,Gemini 3 Flash
邓小平传奇,邓小平传奇,,改编：蓝启渲王素等 绘画：雷德祖,,,改编：蓝启渲,蓝启渲,改编,改编：王素,王素,改编,改编：等,等,改编,绘画：雷德祖,雷德祖,绘画,,,,,,,中国连环画,中国连环画,,北京,10,1992,1版2次,24,1.04万,5.2,40,60,Ref002:327,电影版：24开本,,,,Gemini 3 Flash
毛泽东青少年时代,毛泽东青少年时代,,改编：肖森 绘画：陈玉先,,,改编：肖森,肖森,改编,绘画：陈玉先,陈玉先,绘画,,,,,,,,,,,,,中国连环画,中国连环画,,北京,7,1991,1版1次,24,0.8万,4.2,30,50,Ref002:327,电影版：24开本,,,,Gemini 3 Flash
杨开慧,杨开慧,,编文：潘年张晓飞等 绘画：劳思胡瑞,,,编文：潘年,潘年,编文,编文：张晓飞,张晓飞,编文,编文：等,等,编文,绘画：劳思,劳思,绘画,绘画：胡瑞,胡瑞,绘画,,,,江苏人民,江苏人民,,南京,10,1978,1版1次,24,,0.19,70,120,Ref002:328,电影版：24开本,,Sic._Author_Core_5,,Gemini 3 Flash
马克思和恩格斯,马克思和恩格斯,,改编：乌兰汗 绘画：高莽,,,改编：乌兰汗,乌兰汗,改编,绘画：高莽,高莽,绘画,,,,,,,,,,,,,人民美术,人民美术,,,11,1978,1版1次,24,8万,1.6,80,150,Ref002:328,电影版：24开本,,,,Gemini 3 Flash
白马,白马,,改编：张秀石 绘画：赵明钧,,,改编：张秀石,张秀石,改编,绘画：赵明钧,赵明钧,绘画,,,,,,,,,,,,,辽宁美术,辽宁美术,,沈阳,9,1995,1版1次,24,0.1万,5,50,90,Ref002:328,电影版：24开本,,,,Gemini 3 Flash
呼兰河传,呼兰河传,,改编：传宁 绘画：侯国良,,,改编：传宁,传宁,改编,绘画：侯国良,侯国良,绘画,,,,,,,,,,,,,黑龙江美术,黑龙江美术,,哈尔滨,11,1990,1版1次,24,0.1万,8.5,180,300,Ref002:328,电影版：24开本,,,,Gemini 3 Flash
人到中年,人到中年,,改编：王素 绘画：尤劲东,,,改编：王素,王素,改编,绘画：尤劲东,尤劲东,绘画,,,,,,,,,,,,,人民美术,人民美术,,,2,1984,1版2次,24,0.35万,1.9,400,800,Ref002:328,电影版：24开本,,,,Gemini 3 Flash
地球的红飘带,地球的红飘带,,改编：王素 绘画：沈尧伊,,,改编：王素,王素,改编,绘画：沈尧伊,沈尧伊,绘画,,,,,,,,,,,,,辽宁人民美术,辽宁人民美术,,沈阳,3,1994,1版2次,24,0.4万,10.3,180（全五册）,300,Ref002:328,电影版：24开本,《地球的红飘带》有16开上，下册版本一种。,,,Gemini 3 Flash
郑成功收复台湾,郑成功收复台湾,,改编：李鲁 绘画：吴景希,,,改编：李鲁,李鲁,改编,绘画：吴景希,吴景希,绘画,,,,,,,,,,,,,福建人民,福建人民,,福州,9,1979,1版1次,24,,,80,150,Ref002:329,电影版：24开本,,,,Gemini 3 Flash
杨门女将,杨门女将,,改编：集体 绘画：王叔晖,,,改编：集体,集体,改编,绘画：王叔晖,王叔晖,绘画,,,,,,,,,,,,,人民美术,人民美术,,,6,1980,1版2次,24,2.5万,0.9,250,450,Ref002:329,电影版：24开本,,,,Gemini 3 Flash
西厢记,西厢记,,改编：洪曾玲 绘画：王叔晖,,,改编：洪曾玲,洪曾玲,改编,绘画：王叔晖,王叔晖,绘画,,,,,,,,,,,,,人民美术,人民美术,,,8,1979,1版2次,24,26.7万,1,150,300,Ref002:329,电影版：24开本,,,,Gemini 3 Flash
李白和杜甫,李白和杜甫,,改编：杨礼末 绘画：叶毓中,,,改编：杨礼末,杨礼末,改编,绘画：叶毓中,叶毓中,绘画,,,,,,,,,,,,,四川人民,四川人民,,成都,9,1980,1版1次,24,6.9万,0.48,150,300,Ref002:329,电影版：24开本,,,,Gemini 3 Flash
春草闯堂,春草闯堂,,改编：陈仁鉴 绘画：宗静风宗静草等,,,改编：陈仁鉴,陈仁鉴,改编,绘画：宗静风,宗静风,绘画,绘画：宗静草,宗静草,绘画,绘画：等,等,绘画,,,,,,,福建人民,福建人民,,福州,8,1981,1版1次,24,,,90,150,Ref002:329,电影版：24开本,,,,Gemini 3 Flash
红楼二尤,红楼二尤,,改编：高梅仪 绘画：张令涛胡若佛,,,改编：高梅仪,高梅仪,改编,绘画：张令涛,张令涛,绘画,绘画：胡若佛,胡若佛,绘画,,,,,,,,,,人民美术,人民美术,,,11,1998,2版1次,24,0.2万,24,,,Ref002:329,电影版：24开本,,,,Gemini 3 Flash
女英雄刘胡兰,女英雄刘胡兰,,编文：集体 绘画：集体,,,编文：集体,集体,编文,绘画：集体,集体,绘画,,,,,,,,,,,,,山西人民,山西人民,,太原,1,1977,2版1次,40,,0.28,50,90,Ref002:330,电影版：40开本,,,,Gemini 3 Flash
鲁迅和青年的故事,鲁迅和青年的故事,,改编：史中培 绘画：丁荣魁黄英浩等,,,改编：史中培,史中培,改编,绘画：丁荣魁,丁荣魁,绘画,绘画：黄英浩,黄英浩,绘画,绘画：等,等,绘画,,,,,,,上海人民,上海人民,,上海,8,1976,1版1次,40,,0.47,30,60,Ref002:330,电影版：40开本,,,,Gemini 3 Flash
水上交通站,水上交通站,,改编：集体 绘画：沈行工陈守义等,,,改编：集体,集体,改编,绘画：沈行工,沈行工,绘画,绘画：陈守义,陈守义,绘画,绘画：等,等,绘画,,,,,,,江苏人民,江苏人民,,南京,11,1973,1版1次,40,2万,0.19,60,100,Ref002:330,电影版：40开本,,,,Gemini 3 Flash
青春火花,青春火花,,改编：集体 绘画：集体,,,改编：集体,集体,改编,绘画：集体,集体,绘画,,,,,,,,,,,,,上海人民,上海人民,,上海,1,1973,1版1次,40,2万,0.23,100,200,Ref002:330,电影版：40开本,,,,Gemini 3 Flash
要为真理而斗争,要为真理而斗争,,改编：路焕华 绘画：路焕华,,,改编：路焕华,路焕华,改编,绘画：路焕华,路焕华,绘画,,,,,,,,,,,,,浙江人民,浙江人民,,杭州,4,1972,1版1次,40,,0.1,20,40,Ref002:330,电影版：40开本,,,,Gemini 3 Flash
大刀记（上下）,大刀记,（上下）,改编：集体 绘画：集体,,,改编：集体,集体,改编,绘画：集体,集体,绘画,,,,,,,,,,,,,山东人民,山东人民,,济南,2,1977,1版1次,40,,0.37,100,150,Ref002:330,电影版：40开本,,,,Gemini 3 Flash
草原英雄（上下）,草原英雄,（上下）,改编：李遵义 绘画：李俊琪,,,改编：李遵义,李遵义,改编,绘画：李俊琪,李俊琪,绘画,,,,,,,,,,,,,辽宁美术,辽宁美术,,沈阳,9,1980,1版1次,40,1.6万,0.32,40,70,Ref002:331,电影版：40开本,,,,Gemini 3 Flash
金光大道,金光大道,,改编：集体 绘画：集体,,,改编：集体,集体,改编,绘画：集体,集体,绘画,,,,,,,,,,,,,人民美术,人民美术,,,9,1973,1版1次,40,,0.3,150,400,Ref002:331,电影版：40开本,,,,Gemini 3 Flash
苹果树下,苹果树下,,改编：王德英钱兰忠 绘画：冯远王新斌,,,改编：王德英,王德英,改编,改编：钱兰忠,钱兰忠,改编,绘画：冯远,冯远,绘画,绘画：王新斌,王新斌,绘画,,,,,,,解放军文艺,解放军文艺,,北京,3,1975,1版1次,40,,0.22,20,40,Ref002:331,电影版：40开本,,,,Gemini 3 Flash
向阳院的故事,向阳院的故事,,改编：秦节 绘画：顾炳鑫,,,改编：秦节,秦节,改编,绘画：顾炳鑫,顾炳鑫,绘画,,,,,,,,,,,,,上海人民,上海人民,,上海,3,1977,1版1次,40,,0.22,200,450,Ref002:331,电影版：40开本,,,,Gemini 3 Flash
华主席在战火纷飞的年代,华主席在战火纷飞的年代,,改编：刘含贞 绘画：叶欣等,,,改编：刘含贞,刘含贞,改编,绘画：叶欣,叶欣,绘画,绘画：等,等,绘画,,,,,,,,,,人民美术,人民美术,,,8,1977,1版2次,40,120万,0.15,20,40,Ref002:331,电影版：40开本,,Sic._Author_Core_2,,Gemini 3 Flash
列宁在一九一八年,列宁在一九一八年,,改编：集体 绘画：集体,,,改编：集体,集体,改编,绘画：集体,集体,绘画,,,,,,,,,,,,,上海人民,上海人民,,上海,10,1972,1版1次,40,2万,0.22,200,500,Ref002:331,电影版：40开本,,,,Gemini 3 Flash
完壁归赵,完壁归赵,,编文：张叶舟 绘画：陈全胜,,,编文：张叶舟,张叶舟,编文,绘画：陈全胜,陈全胜,绘画,,,,,,,,,,,,,黑龙江美术,黑龙江美术,,哈尔滨,8,1981,1版1次,40,17万,0.24,80,200,Ref002:332,电影版：40开本,,,,Gemini 3 Flash
《水浒》中宋江投降派的丑恶嘴脸,《水浒》中宋江投降派的丑恶嘴脸,,改编：集体 绘画：辛宽良等,,,改编：集体,集体,改编,绘画：辛宽良,辛宽良,绘画,绘画：等,等,绘画,,,,,,,,,,辽宁人民,辽宁人民,,沈阳,5,1976,1版1次,40,20万,0.08,40,100,Ref002:332,电影版：40开本,,,,Gemini 3 Flash
陈胜吴广,陈胜吴广,,改编：思禾 绘画：戴敦邦,,,改编：思禾,思禾,改编,绘画：戴敦邦,戴敦邦,绘画,,,,,,,,,,,,,上海人民,上海人民,,上海,7,1974,1版1次,40,20万,0.14,40,100,Ref002:332,电影版：40开本,,,,Gemini 3 Flash
鲁迅的青少年时代,鲁迅的青少年时代,,改编：黄侯兴 绘画：夏葆元林旭东,,,改编：黄侯兴,黄侯兴,改编,绘画：夏葆元,夏葆元,绘画,绘画：林旭东,林旭东,绘画,,,,,,,,,,人民美术,人民美术,,,12,1979,1版1次,48,22万,0.26,50,150,Ref002:332,电影版：40开本,,,,Gemini 3 Flash
杨开慧,杨开慧,,改编：张先翱黄林石 绘画：钟增亚赵隆义,,,改编：张先翱,张先翱,改编,改编：黄林石,黄林石,改编,绘画：钟增亚,钟增亚,绘画,绘画：赵隆义,赵隆义,绘画,,,,,,,湖南人民,湖南人民,,长沙,8,1977,1版1次,48,30万,0.35,40,100,Ref002:332,电影版：40开本,,,,Gemini 3 Flash
伤逝,伤逝,,改编：任伍 绘画：姚有信,,,改编：任伍,任伍,改编,绘画：姚有信,姚有信,绘画,,,,,,,,,,,,,人民美术,人民美术,,,12,1979,1版2次,48,27.3万,0.4,30,60,Ref002:332,电影版：40开本,,,,Gemini 3 Flash
马兰花,马兰花,,改编：欢路 绘画：段伟君,,,改编：欢路,欢路,改编,绘画：段伟君,段伟君,绘画,,,,,,,,,,,,,人民美术,人民美术,,,7,1979,1版1次,40,94万,0.24,30,70,Ref002:333,电影版：48开本,,,,Gemini 3 Flash
五花海的传说,五花海的传说,,改编：诚芷永康 绘画：韩书力,,,改编：诚芷,诚芷,改编,改编：永康,永康,改编,绘画：韩书力,韩书力,绘画,,,,,,,,,,四川美术,四川美术,,成都,3,1985,1版1次,40,2.06万,0.52,60,100,Ref002:333,电影版：48开本,,Sic._Author_Core_2,,Gemini 3 Flash
熊家婆,熊家婆,,改编：江敉 绘画：江敉,,,改编：江敉,江敉,改编,绘画：江敉,江敉,绘画,,,,,,,,,,,,,四川人民,四川人民,,成都,1,1963,2版1次,40,30万,0.35,30,50,Ref002:333,电影版：48开本,,,,Gemini 3 Flash
阿布莎格,阿布莎格,,改编：岩峰 绘画：何能孔令生等,,,改编：岩峰,岩峰,改编,绘画：何能,何能,绘画,绘画：孔令生,孔令生,绘画,绘画：等,等,绘画,,,,,,,云南人民,云南人民,,昆明,8,1978,1版1次,40,,0.35,30,50,Ref002:333,电影版：48开本,,,,Gemini 3 Flash
塔拉斯的火炬,塔拉斯的火炬,,改编：刘博 绘画：陈宗舜,,,改编：刘博,刘博,改编,绘画：陈宗舜,陈宗舜,绘画,,,,,,,,,,,,,辽宁美术,辽宁美术,,沈阳,9,1980,1版1次,40,11.9万,0.27,50,80,Ref002:333,电影版：48开本,,,,Gemini 3 Flash
杨永福,杨永福,,改编：集体 绘画：集体,,,改编：集体,集体,改编,绘画：集体,集体,绘画,,,,,,,,,,,,,青海人民,青海人民,,西宁,4,1971,1版1次,48,,0.2,40,80,Ref002:333,电影版：48开本,,,,Gemini 3 Flash
鲁迅的童年,鲁迅的童年,,编文：张震麟 绘画：庄弘醒,,,编文：张震麟,张震麟,编文,绘画：庄弘醒,庄弘醒,绘画,,,,,,,,,,,,,江苏人民,江苏人民,,南京,11,1979,1版1次,48,16.5万,0.21,20,40,Ref002:334,电影版：48开本,,,,Gemini 3 Flash
鲁迅在日本,鲁迅在日本,,改编：张震麟 绘画：潘鸿海顾盼,,,改编：张震麟,张震麟,改编,绘画：潘鸿海,潘鸿海,绘画,绘画：顾盼,顾盼,绘画,,,,,,,,,,江苏人民,江苏人民,,南京,6,1979,1版1次,48,2.35万,0.12,30,50,Ref002:334,电影版：48开本,,,,Gemini 3 Flash
迎着革命风暴,迎着革命风暴,,改编：张震麟 绘画：潘鸿海顾盼,,,改编：张震麟,张震麟,改编,绘画：潘鸿海,潘鸿海,绘画,绘画：顾盼,顾盼,绘画,,,,,,,,,,江苏人民,江苏人民,,南京,2,1979,1版1次,48,2.55万,0.12,30,50,Ref002:334,电影版：48开本,,,,Gemini 3 Flash
红心铁手换天地,红心铁手换天地,,改编：集体 绘画：集体,,,改编：集体,集体,改编,绘画：集体,集体,绘画,,,,,,,,,,,,,甘肃人民,甘肃人民,,兰州,2,1972,1版1次,48,,0.1,100,250,Ref002:334,电影版：48开本,,,,Gemini 3 Flash
沈秀芹,沈秀芹,,改编：集体 绘画：集体,,,改编：集体,集体,改编,绘画：集体,集体,绘画,,,,,,,,,,,,,山东人民,山东人民,,济南,11,1970,1版1次,48,,0.18,80,200,Ref002:334,电影版：48开本,,,,Gemini 3 Flash
红灯记,红灯记,,改编：集体 绘画：集体,,,改编：集体,集体,改编,绘画：集体,集体,绘画,,,,,,,,,,,,,浙江人民美术,浙江人民美术,,杭州,9,1970,1版1次,48,,0.22,150,400,Ref002:334,电影版：48开本,,,,Gemini 3 Flash
共产主义战士杨水才,共产主义战士杨水才,,改编：集体 绘画：集体,,,改编：集体,集体,改编,绘画：集体,集体,绘画,,,,,,,,,,,,,河南人民,河南人民,,郑州,4,1972,2版1次,48,,0.23,60,100,Ref002:335,电影版：48开本,,,,Gemini 3 Flash
为人民鞠躬尽瘁,为人民鞠躬尽瘁,,改编：赣建平劳峡 绘画：赣建平劳峡,,,改编：赣建平,赣建平,改编,改编：劳峡,劳峡,改编,绘画：赣建平,赣建平,绘画,绘画：劳峡,劳峡,绘画,,,,,,,浙江人民美术,浙江人民美术,,杭州,6,1970,1版1次,48,,0.2,60,120,Ref002:335,电影版：48开本,,,,Gemini 3 Flash
虹南作战史,虹南作战史,,改编：集体 绘画：集体,,,改编：集体,集体,改编,绘画：集体,集体,绘画,,,,,,,,,,,,,上海人民,上海人民,,上海,6,1974,1版1次,48,15万,0.21,150,300,Ref002:335,电影版：48开本,,,,Gemini 3 Flash
东平湖的鸟声,东平湖的鸟声,,改编：未详 绘画：刘端,,,改编：未详,未详,改编,绘画：刘端,刘端,绘画,,,,,,,,,,,,,人民美术,人民美术,,,5,1963,1版1次,48,,0.12,25,40,Ref002:335,电影版：48开本,,,,Gemini 3 Flash
普里希别叶夫中士,普里希别叶夫中士,,改编：孙为平孙为民 绘画：孙为平孙为民,,,改编：孙为平,孙为平,改编,改编：孙为民,孙为民,改编,绘画：孙为平,孙为平,绘画,绘画：孙为民,孙为民,绘画,,,,,,,群众,群众,,北京,7,1980,1版1次,48,22万,0.12,25,50,Ref002:335,电影版：48开本,,,,Gemini 3 Flash
马拉松,马拉松,,改编：杨春曦 绘画：徐锡林杨春曦,,,改编：杨春曦,杨春曦,改编,绘画：徐锡林,徐锡林,绘画,绘画：杨春曦,杨春曦,绘画,,,,,,,,,,人民体育,人民体育,,北京,6,1979,1版1次,48,35万,0.13,30,50,Ref002:335,电影版：48开本,,,,Gemini 3 Flash
达吉和她的父亲,达吉和她的父亲,,改编：高缨 绘画：姚有信杨丽娜,,,改编：高缨,高缨,改编,绘画：姚有信,姚有信,绘画,绘画：杨丽娜,杨丽娜,绘画,,,,,,,,,,人民美术,人民美术,,,6,1978,1版1次,48,30万,0.47,50,90,Ref002:336,电影版：48开本,,,,Gemini 3 Flash
倪焕之,倪焕之,,改编：汪文娟 绘画：盛增祥,,,改编：汪文娟,汪文娟,改编,绘画：盛增祥,盛增祥,绘画,,,,,,,,,,,,,人民美术,人民美术,,,10,1983,1版1次,48,1.1万,0.27,60,120,Ref002:336,电影版：48开本,,,,Gemini 3 Flash
八百鞭子,八百鞭子,,改编：任朴 绘画：赵洪武,,,改编：任朴,任朴,改编,绘画：赵洪武,赵洪武,绘画,,,,,,,,,,,,,天津人民,天津人民,,天津,5,1978,1版1次,48,,0.24,50,100,Ref002:336,电影版：48开本,,,,Gemini 3 Flash
李闯王,李闯王,,改编：章茂连 绘画：聂秀公,,,改编：章茂连,章茂连,改编,绘画：聂秀公,聂秀公,绘画,,,,,,,,,,,,,江苏人民,江苏人民,,南京,2,1977,1版1次,48,12万,0.12,40,80,Ref002:336,电影版：48开本,,,,Gemini 3 Flash
水帘洞,水帘洞,,绘画：刘继卣,,,,,,绘画：刘继卣,刘继卣,绘画,,,,,,,,,,,,,人民美术,人民美术,,,12,1957,1版1次,48,105万,0.08,50,100,Ref002:336,电影版：48开本,,,,Gemini 3 Flash
十五贯,十五贯,,改编：匡荣 绘画：王弘力,,,改编：匡荣,匡荣,改编,绘画：王弘力,王弘力,绘画,,,,,,,,,,,,,辽宁美术,辽宁美术,,沈阳,8,1981,1版1次,48,10万,0.13,30,60,Ref002:336,电影版：48开本,,,,Gemini 3 Flash
