Page_Number,ROI,Column,Text_Line,Footnote_Text
1,ROI1,Col1,一支驳壳枪,
1,ROI1,Col1,出版社：上海人民,
1,ROI1,Col1,改编：集体,
1,ROI1,Col1,绘画：戴敦邦,
1,ROI1,Col1,72年6月1版1次60开,
1,ROI1,Col1,印数：未详定价：0.08元,
1,ROI1,Col1,市场交流价：,
1,ROI1,Col1,9品：20元,
1,ROI1,Col1,10品：80元,
1,ROI1,Col2,一张奇怪的药方,
1,ROI1,Col2,出版社：山东人民,
1,ROI1,Col2,改编：刘汉勤,
1,ROI1,Col2,绘画：集体,
1,ROI1,Col2,75年6月1版1次60开,
1,ROI1,Col2,印数：110万定价：0.13元,
1,ROI1,Col2,市场交流价：,
1,ROI1,Col2,9品：10元,
1,ROI1,Col2,10品：20元,
1,ROI1,Col3,一块银元,
1,ROI1,Col3,出版社：人民美术,
1,ROI1,Col3,改编：集体,
1,ROI1,Col3,绘画：集体,
1,ROI1,Col3,72年1月1版1次60开,
1,ROI1,Col3,印数：未详定价：0.11元,
1,ROI1,Col3,市场交流价：,
1,ROI1,Col3,9品：10元,
1,ROI1,Col3,10品：25元,
1,ROI1,Col4,一颗红心献人民,
1,ROI1,Col4,出版社：人民美术,
1,ROI1,Col4,改编：集体,
1,ROI1,Col4,绘画：集体,
1,ROI1,Col4,72年3月1版1次60开,
1,ROI1,Col4,印数：未详定价：0.10元,
1,ROI1,Col4,市场交流价：,
1,ROI1,Col4,9品：25元,
1,ROI1,Col4,10品：60元,
1,ROI2,Col1,一块风化石,
1,ROI2,Col1,出版社：广东人民,
1,ROI2,Col1,改编：集体,
1,ROI2,Col1,绘画：集体,
1,ROI2,Col1,72年5月1版1次60开,
1,ROI2,Col1,印数：未详定价：0.08元,
1,ROI2,Col1,市场交流价：,
1,ROI2,Col1,9品：40元,
1,ROI2,Col1,10品：120元,
1,ROI2,Col2,一匹枣骝马,
1,ROI2,Col2,出版社：陕西人民,
1,ROI2,Col2,改编：柳家新,
1,ROI2,Col2,绘画：关庆留张树文,
1,ROI2,Col2,75年1月1版2次60开,
1,ROI2,Col2,印数：50万定价：0.08元,
1,ROI2,Col2,市场交流价：,
1,ROI2,Col2,9品：15.元,
1,ROI2,Col2,10品：30元,
1,ROI2,Col3,一把火,
1,ROI2,Col3,出版社：辽宁人民美术,
1,ROI2,Col3,改编：嵋石,
1,ROI2,Col3,绘画：王云光,
1,ROI2,Col3,76年2月1版1次64开,
1,ROI2,Col3,印数：30万定价：0.10元,
1,ROI2,Col3,市场交流价：,
1,ROI2,Col3,9品：5元,
1,ROI2,Col3,10品：10元,
1,ROI2,Col4,7,
1,ROI2,Col4,一担水,
1,ROI2,Col4,出版社：人民美术,
1,ROI2,Col4,改编：贾明,
1,ROI2,Col4,绘画：振宇徐希,
1,ROI2,Col4,74年9月1版1次64开,
1,ROI2,Col4,印数：100万定价：0.09元,
1,ROI2,Col4,市场交流价：,
1,ROI2,Col4,9品：8元,
1,ROI2,Col4,10品：15元,
2,ROI1,Col1,一次伏击战,
2,ROI1,Col1,出版社：浙江人民美术,
2,ROI1,Col1,改编：汪涛,
2,ROI1,Col1,绘画：张为民,
2,ROI1,Col1,72年12月1版1次60开,
2,ROI1,Col1,印数：未详定价：0.07元,
2,ROI1,Col1,市场交流价：,
2,ROI1,Col1,9品：10元,
2,ROI1,Col1,10品：25元,
2,ROI1,Col2,“—二五”赞歌(上),
2,ROI1,Col2,出版社：上海人民,
2,ROI1,Col2,改编：集体,
2,ROI1,Col2,绘画：集体,
2,ROI1,Col2,71年12月1版1次60开,
2,ROI1,Col2,印数：未详定价：0.14元,
2,ROI1,Col3,“一二五”赞歌(下),
2,ROI1,Col3,出版社：上海人民,
2,ROI1,Col3,改编：集体,
2,ROI1,Col3,绘画：集体,
2,ROI1,Col3,71年12月1版1次60开,
2,ROI1,Col3,印数：未详定价：0.14元,
2,ROI1,Col3,市场交流价：,
2,ROI1,Col3,9品：200元（全套）,
2,ROI1,Col3,10品：500元,
2,ROI1,Col4,一片丹心为人民,
2,ROI1,Col4,出版社：吉林人民,
2,ROI1,Col4,改编：集体,
2,ROI1,Col4,绘画：集体,
2,ROI1,Col4,71年12月1版1次60开,
2,ROI1,Col4,印数：未详定价：0.14元,
2,ROI1,Col4,市场交流价：,
2,ROI1,Col4,9品：元,
2,ROI1,Col4,10品：元,
2,ROI2,Col1,一张赌据,
2,ROI2,Col1,出版社：河北美术,
2,ROI2,Col1,改编：张丽英等,
2,ROI2,Col1,绘画：吴绍人,
2,ROI2,Col1,83年11月1版1次64开,
2,ROI2,Col1,印数：11万定价：0.14元,
2,ROI2,Col1,市场交流价：,
2,ROI2,Col1,9品：15元,
2,ROI2,Col1,10品：25元,
2,ROI2,Col2,一件怪事,
2,ROI2,Col2,出版社：上海人民美术,
2,ROI2,Col2,改编：王根泉,
2,ROI2,Col2,绘画：汪观清,
2,ROI2,Col2,84年1月2版2次60开,
2,ROI2,Col2,印数：38万定价：0.13元,
2,ROI2,Col2,市场交流价：,
2,ROI2,Col2,9品：25元,
2,ROI2,Col2,10品：40元,
2,ROI2,Col3,少女和一千个追求者,
2,ROI2,Col3,出版社：天津人民美术,
2,ROI2,Col3,改编：裴石,
2,ROI2,Col3,绘画：裴石,
2,ROI2,Col3,85年7月1版1次64开,
2,ROI2,Col3,印数：33.25万定价：0.36元,
2,ROI2,Col3,市场交流价：,
2,ROI2,Col3,9品：5元,
2,ROI2,Col3,10品：15元,
2,ROI2,Col4,一个少女和一千个追求者,
2,ROI2,Col4,出版社：中国连环画,
2,ROI2,Col4,改编：王素一,
2,ROI2,Col4,绘画：侯滨侯伟等,
2,ROI2,Col4,87年12月1版1次64开,
2,ROI2,Col4,印数：5.1万定价：0.65元,
2,ROI2,Col4,市场交流价：,
2,ROI2,Col4,9品：10元,
2,ROI2,Col4,10品：20元,
3,ROI1,Col1,一袋金币,
3,ROI1,Col1,出版社：上海人民美术,
3,ROI1,Col1,改编：王根泉,
3,ROI1,Col1,绘画：殷光宇,
3,ROI1,Col1,79年1月1版1次64开,
3,ROI1,Col1,印数：70万 定价：0.13元,
3,ROI1,Col1,市场交流价：,
3,ROI1,Col1,9品：15元,
3,ROI1,Col1,10品：30元,
3,ROI1,Col2,一夜新娘,
3,ROI1,Col2,出版社：广西人民,
3,ROI1,Col2,改编：韦镭,
3,ROI1,Col2,绘画：梁启德,
3,ROI1,Col2,86年8月1版1次64开,
3,ROI1,Col2,印数：6.15万定价：0.30元,
3,ROI1,Col2,市场交流价：,
3,ROI1,Col2,9品：5元,
3,ROI1,Col2,10品：10元,
3,ROI1,Col3,一代球王,
3,ROI1,Col3,出版社：岭南美术,
3,ROI1,Col3,编文：子君,
3,ROI1,Col3,绘画：赵淑钦,
3,ROI1,Col3,83年8月1版1次64开,
3,ROI1,Col3,印数：10万定价：0.32元,
3,ROI1,Col3,市场交流价：,
3,ROI1,Col3,9品：5元,
3,ROI1,Col3,10品：10元,
3,ROI1,Col4,人变狐狸,
3,ROI1,Col4,出版社：广东人民,
3,ROI1,Col4,改编：吴荆父,
3,ROI1,Col4,绘画：陈文光等,
3,ROI1,Col4,81年12月1版1次64开,
3,ROI1,Col4,印数：68.1万定价：0.22元,
3,ROI1,Col4,市场交流价：,
3,ROI1,Col4,9品：5元,
3,ROI1,Col4,10品：10元,
3,ROI2,Col1,七星剑传奇,
3,ROI2,Col1,出版社：河北美术,
3,ROI2,Col1,改编：菡原,
3,ROI2,Col1,绘画：何国华,
3,ROI2,Col1,85年8月1版1次64开,
3,ROI2,Col1,印数：43.2万定价：0.28元,
3,ROI2,Col1,市场交流价：,
3,ROI2,Col1,9品：3元,
3,ROI2,Col1,10品：8元,
3,ROI2,Col2,七星剑,
3,ROI2,Col2,出版社：贵州人民,
3,ROI2,Col2,改编：唐福春,
3,ROI2,Col2,绘画：肖天智,
3,ROI2,Col2,84年2月1版1次64开,
3,ROI2,Col2,印数：30万定价：0.17元,
3,ROI2,Col2,市场交流价：,
3,ROI2,Col2,9品：4元,
3,ROI2,Col2,10品：10元,
3,ROI2,Col3,八哥媒,
3,ROI2,Col3,出版社：中国民间文艺,
3,ROI2,Col3,编文：杨木,
3,ROI2,Col3,绘画：项维仁,
3,ROI2,Col3,85年6月1版1次64开,
3,ROI2,Col3,印数：未详定价：0.16元,
3,ROI2,Col3,市场交流价：,
3,ROI2,Col3,9品：10元,
3,ROI2,Col3,10品：15元,
3,ROI2,Col4,八百鞭子,
3,ROI2,Col4,出版社：河北美术,
3,ROI2,Col4,改编：吕荫,
3,ROI2,Col4,绘画：苏诗敏,
3,ROI2,Col4,82年5月1版2次64开,
3,ROI2,Col4,印数：63.5万定价：0.09元,
3,ROI2,Col4,市场交流价：,
3,ROI2,Col4,9品：15元,
3,ROI2,Col4,10品：25元,
4,ROI1,Col1,八仙闹海,
4,ROI1,Col1,出版社：岭南美术,
4,ROI1,Col1,改编：李英群,
4,ROI1,Col1,绘画：姚柏肖梅清,
4,ROI1,Col1,83年6月1版2次64开,
4,ROI1,Col1,印数：128.74万定价：0.18元,
4,ROI1,Col1,市场交流价：,
4,ROI1,Col1,9品：15元,
4,ROI1,Col1,10品：30元,
4,ROI1,Col2,十五贯,
4,ROI1,Col2,出版社：上海人民美术,
4,ROI1,Col2,改编：王肇歧,
4,ROI1,Col2,绘画：贺友直,
4,ROI1,Col2,79年2月1版1次64开,
4,ROI1,Col2,印数：70万定价：0.16元,
4,ROI1,Col2,市场交流价：,
4,ROI1,Col2,9品：60元,
4,ROI1,Col2,10品：200元,
4,ROI1,Col3,0,
4,ROI1,Col3,人参姑娘,
4,ROI1,Col3,出版社：人民美术,
4,ROI1,Col3,改编：王兆田,
4,ROI1,Col3,绘画：赵丁,
4,ROI1,Col3,82年4月1版1次64开,
4,ROI1,Col3,印数：9.8万定价：0.12元,
4,ROI1,Col3,市场交流价：,
4,ROI1,Col3,9品：5元,
4,ROI1,Col3,10品：10元,
4,ROI1,Col4,二闯虎头礁,
4,ROI1,Col4,出版社：上海人民,
4,ROI1,Col4,改编：田彩,
4,ROI1,Col4,绘画：罗兴,
4,ROI1,Col4,73年9月1版1次60开,
4,ROI1,Col4,印数：40万定价：0.12元,
4,ROI1,Col4,市场交流价：,
4,ROI1,Col4,9品：20元,
4,ROI1,Col4,10品：50元,
4,ROI2,Col1,力争上游,
4,ROI2,Col1,出版社：上海人民,
4,ROI2,Col1,改编：集体,
4,ROI2,Col1,绘画：集体,
4,ROI2,Col1,73年4月1版1次60开,
4,ROI2,Col1,印数：40万定价：0.11元,
4,ROI2,Col1,市场交流价：,
4,ROI2,Col1,9品：15元,
4,ROI2,Col1,10品：30元,
4,ROI2,Col2,儿童团长,
4,ROI2,Col2,出版社：辽宁人民,
4,ROI2,Col2,改编：杨志远,
4,ROI2,Col2,绘画：翟万英王大鹏,
4,ROI2,Col2,74年5月2版1次64开,
4,ROI2,Col2,印数：未详定价：0.11元,
4,ROI2,Col2,市场交流价：,
4,ROI2,Col2,9品：15元,
4,ROI2,Col2,10品：25元,
4,ROI2,Col3,儿童团长,
4,ROI2,Col3,出版社：辽宁人民,
4,ROI2,Col3,改编：杨志远,
4,ROI2,Col3,绘画：翟万英王大鹏,
4,ROI2,Col3,72年4月1版1次60开,
4,ROI2,Col3,印数：未详定价：0.11元,
4,ROI2,Col3,市场交流价：,
4,ROI2,Col3,9品：25元,
4,ROI2,Col3,10品：80元,
4,ROI2,Col4,八个“红小鬼”,
4,ROI2,Col4,出版社：福建人民,
4,ROI2,Col4,改编：张斌刘国良,
4,ROI2,Col4,绘图：沈在召谢平,
4,ROI2,Col4,73年12月1版1次60开,
4,ROI2,Col4,印数：50万定价：0.07元,
4,ROI2,Col4,市场交流价：,
4,ROI2,Col4,9品：15元,
4,ROI2,Col4,10品：25元,
5,ROI1,Col1,九号公路大捷,
5,ROI1,Col1,出版社：上海人民,
5,ROI1,Col1,改编：集体,
5,ROI1,Col1,绘画：集体,
5,ROI1,Col1,71年9月1版1次60开,
5,ROI1,Col1,印数：未详定价：0.09元,
5,ROI1,Col1,市场交流价：,
5,ROI1,Col1,9品：25元,
5,ROI1,Col1,10品：45元,
5,ROI1,Col2,十九粮店,
5,ROI1,Col2,出版社：陕西人民,
5,ROI1,Col2,改编：集体,
5,ROI1,Col2,绘画：集体,
5,ROI1,Col2,71年6月1版1次60开,
5,ROI1,Col2,印数：未详定价：0.13元,
5,ROI1,Col2,市场交流价：,
5,ROI1,Col2,9品：60元,
5,ROI1,Col2,10品：150元,
5,ROI1,Col3,丁寨“铁西瓜”,
5,ROI1,Col3,出版社：山东人民,
5,ROI1,Col3,改编：集体,
5,ROI1,Col3,绘画：集体,
5,ROI1,Col3,73年7月1版2次60开,
5,ROI1,Col3,印数：145万定价：0.11元,
5,ROI1,Col3,市场交流价：,
5,ROI1,Col3,9品：10元,
5,ROI1,Col3,10品：25元,
5,ROI1,Col4,八一风暴,
5,ROI1,Col4,出版社：江苏人民,
5,ROI1,Col4,改编：华士明,
5,ROI1,Col4,绘画：王勉、顾曾平,
5,ROI1,Col4,78年3月1版1次64开,
5,ROI1,Col4,印数：未详定价：0.16元,
5,ROI1,Col4,市场交流价：,
5,ROI1,Col4,9品：20元,
5,ROI1,Col4,10品：35元,
5,ROI2,Col1,七月槐花香,
5,ROI2,Col1,出版社：江苏人民,
5,ROI2,Col1,改编：南箴,
5,ROI2,Col1,绘画：丁世昌金建华,
5,ROI2,Col1,74年5月1版1次64开,
5,ROI2,Col1,印数：40万定价：0.12元,
5,ROI2,Col1,市场交流价：,
5,ROI2,Col1,9品：5元,
5,ROI2,Col1,10品：8元,
5,ROI2,Col2,十二品正官,
5,ROI2,Col2,出版社：江苏人民,
5,ROI2,Col2,改编：华士明,
5,ROI2,Col2,绘画：胡博综,
5,ROI2,Col2,80年9月1版1次64开,
5,ROI2,Col2,印数：4.052万定价：0.09元,
5,ROI2,Col2,市场交流价：,
5,ROI2,Col2,9品：10元,
5,ROI2,Col2,10品：25元,
5,ROI2,Col3,七进阿佤山,
5,ROI2,Col3,出版社：四川人民,
5,ROI2,Col3,改编：刘治贵,
5,ROI2,Col3,绘画：徐恒瑜 吴寿石,
5,ROI2,Col3,83年1月1版1次64开,
5,ROI2,Col3,印数：19.8万定价：0.18元,
5,ROI2,Col3,市场交流价：,
5,ROI2,Col3,9品：80元,
5,ROI2,Col3,10品：150元,
5,ROI2,Col4,人民列车,
5,ROI2,Col4,出版社：天津人民美术,
5,ROI2,Col4,编文：集体,
5,ROI2,Col4,绘画：集体,
5,ROI2,Col4,73年9月1版2次64开,
5,ROI2,Col4,印数：未详定价：0.15元,
5,ROI2,Col4,市场交流价：,
5,ROI2,Col4,9品：6元,
5,ROI2,Col4,10品：12元,
6,ROI1,Col1,人生,
6,ROI1,Col1,出版社：陕西人民美术,
6,ROI1,Col1,改编：马慧,
6,ROI1,Col1,绘画：高廷智张省莉,
6,ROI1,Col1,84年12月1版1次64开,
6,ROI1,Col1,印数：22.57万定价：0.19元,
6,ROI1,Col1,市场交流价：,
6,ROI1,Col1,9品：15元,
6,ROI1,Col1,10品：25元,
6,ROI1,Col2,人生,
6,ROI1,Col2,出版社：天津人民美术,
6,ROI1,Col2,改编：张钟龄,
6,ROI1,Col2,绘画：颜宝臻,
6,ROI1,Col2,83年12月1版1次64开,
6,ROI1,Col2,印数：17.6万定价：0.13元,
6,ROI1,Col2,市场交流价：,
6,ROI1,Col2,9品：15元,
6,ROI1,Col2,10品：30元,
6,ROI1,Col3,二月风暴,
6,ROI1,Col3,出版社：黑龙江人民,
6,ROI1,Col3,改编：雁羽,
6,ROI1,Col3,绘画：王纯信王聪,
6,ROI1,Col3,78年9月1版1次64开,
6,ROI1,Col3,印数：21万定价：0.09元,
6,ROI1,Col3,市场交流价：,
6,ROI1,Col3,9品：8元,
6,ROI1,Col3,10品：15元,
6,ROI1,Col4,二泉映月,
6,ROI1,Col4,出版社：上海人民美术,
6,ROI1,Col4,改编：吴炳伟等,
6,ROI1,Col4,绘画：毛震耀,
6,ROI1,Col4,80年12月1版1次64开,
6,ROI1,Col4,印数：70万定价：0.13元,
6,ROI1,Col4,市场交流价：,
6,ROI1,Col4,9品：8元,
6,ROI1,Col4,10品：15元,
6,ROI2,Col1,十字军骑士(上),
6,ROI2,Col1,出版社：浙江人民美术,
6,ROI2,Col1,改编：王素一等,
6,ROI2,Col1,绘画：梁平波,
6,ROI2,Col1,82年10月1版1次64开,
6,ROI2,Col1,印数：50万定价：0.19元,
6,ROI2,Col1,市场交流价：,
6,ROI2,Col1,9品：15元,
6,ROI2,Col1,10品：25元,
6,ROI2,Col2,十字军骑士(下),
6,ROI2,Col2,出版社：浙江人民美术,
6,ROI2,Col2,改编：王素一等,
6,ROI2,Col2,绘画：梁平波,
6,ROI2,Col2,83年1月1版1次64开,
6,ROI2,Col2,印数：50万定价：0.19元,
6,ROI2,Col2,市场交流价：,
6,ROI2,Col2,9品：20元,
6,ROI2,Col2,10品：30元,
6,ROI2,Col3,十字军的覆灭(上),
6,ROI2,Col3,出版社：岭南美术,
6,ROI2,Col3,改编：黎服兵,
6,ROI2,Col3,绘画：黄云松张昌询,
6,ROI2,Col3,84年4月1版1次64开,
6,ROI2,Col3,印数：56.47万定价：0.31元,
6,ROI2,Col3,市场交流价：,
6,ROI2,Col3,9品：8元,
6,ROI2,Col3,10品：12元,
6,ROI2,Col4,十字军的覆灭(下),
6,ROI2,Col4,出版社：岭南美术,
6,ROI2,Col4,改编：黎服兵,
6,ROI2,Col4,绘画：黄云松张昌询,
6,ROI2,Col4,84年4月1版1次64开,
6,ROI2,Col4,印数：56.47万定价：0.28元,
6,ROI2,Col4,市场交流价：,
6,ROI2,Col4,9品：8元,
6,ROI2,Col4,10品：12元,
7,ROI1,Col1,80天环游地球,
7,ROI1,Col1,出版社：浙江人民美术,
7,ROI1,Col1,改编：韩幼文,
7,ROI1,Col1,绘画：黄云松张昌询,
7,ROI1,Col1,84年5月1版1次64开,
7,ROI1,Col1,印数：17万定价：0.19元,
7,ROI1,Col1,市场交流价：,
7,ROI1,Col1,9品：20元,
7,ROI1,Col1,10品：40元,
7,ROI1,Col2,八十天环游地球,
7,ROI1,Col2,出版社：岭南美术,
7,ROI1,Col2,改编：方兰,
7,ROI1,Col2,绘画：时圣时雍,
7,ROI1,Col2,84年8月1版1次64开,
7,ROI1,Col2,印数：13.06万定价：0.35元,
7,ROI1,Col2,市场交流价：,
7,ROI1,Col2,9品：8元,
7,ROI1,Col2,10品：15元,
7,ROI1,Col3,八十天环游地球,
7,ROI1,Col3,出版社：中州书画,
7,ROI1,Col3,改编：王松生等,
7,ROI1,Col3,绘画：李锛,
7,ROI1,Col3,82年3月1版1次64开,
7,ROI1,Col3,印数：35.5万定价：0.17元,
7,ROI1,Col3,市场交流价：,
7,ROI1,Col3,9品：10元,
7,ROI1,Col3,10品：20元,
7,ROI1,Col4,八十天环游地球,
7,ROI1,Col4,出版社：少年儿童,
7,ROI1,Col4,改编：王亚法,
7,ROI1,Col4,绘画：华其敏,
7,ROI1,Col4,83年4月1版1次64开,
7,ROI1,Col4,印数：23万定价：0.17元,
7,ROI1,Col4,市场交流价：,
7,ROI1,Col4,9品：8元,
7,ROI1,Col4,10品：12元,
7,ROI2,Col1,八十天环游地球,
7,ROI2,Col1,出版社：湖南少年儿童,
7,ROI2,Col1,改编：杨敬东,
7,ROI2,Col1,绘画：俞晓夫,
7,ROI2,Col1,82年12月1版1次64开,
7,ROI2,Col1,印数：未详定价：0.17元,
7,ROI2,Col1,市场交流价：,
7,ROI2,Col1,9品：15元,
7,ROI2,Col1,10品：35元,
7,ROI2,Col2,二渔夫,
7,ROI2,Col2,出版社：上海人民美术,
7,ROI2,Col2,改编：甘礼乐,
7,ROI2,Col2,绘画：韩和平,
7,ROI2,Col2,79年2月1版2次64开,
7,ROI2,Col2,印数：53万定价：0.08元,
7,ROI2,Col2,市场交流价：,
7,ROI2,Col2,9品：20元,
7,ROI2,Col2,10品：50元,
7,ROI2,Col3,人鸟之战,
7,ROI2,Col3,出版社：广西人民,
7,ROI2,Col3,改编：陈建,
7,ROI2,Col3,绘画：林滨帆,
7,ROI2,Col3,85年3月1版1次64开,
7,ROI2,Col3,印数：27.92万定价：0.16元,
7,ROI2,Col3,市场交流价：,
7,ROI2,Col3,9品：6元,
7,ROI2,Col3,10品：12元,
7,ROI2,Col4,人与狼,
7,ROI2,Col4,出版社：上海人民美术,
7,ROI2,Col4,改编：陈国英,
7,ROI2,Col4,绘画：成立,
7,ROI2,Col4,85年7月1版1次64开,
7,ROI2,Col4,印数：15.3万定价：0.30元,
7,ROI2,Col4,市场交流价：,
7,ROI2,Col4,9品：8元,
7,ROI2,Col4,10品：15元,
7,FOOTNOTE,,,3
8,ROI1,Col1,十五岁船长迪克·桑,
8,ROI1,Col1,出版社：湖南少年儿童,
8,ROI1,Col1,改编：实子,
8,ROI1,Col1,绘画：雨立、肖田,
8,ROI1,Col1,83年6月1版1次64开,
8,ROI1,Col1,印数：10.1万定价：0.17元,
8,ROI1,Col1,市场交流价：,
8,ROI1,Col1,9品：8元,
8,ROI1,Col1,10品：15元,
8,ROI1,Col2,十二把椅子,
8,ROI1,Col2,出版社：上海人民美术,
8,ROI1,Col2,改编：许治芳,
8,ROI1,Col2,绘画：汪观清,
8,ROI1,Col2,83年11月2版5次60开,
8,ROI1,Col2,印数：36.8万定价：0.21元,
8,ROI1,Col2,市场交流价：,
8,ROI1,Col2,9品：30元,
8,ROI1,Col2,10品：80元,
8,ROI1,Col3,女娲,
8,ROI1,Col3,出版社：天津人民美术,
8,ROI1,Col3,改编：肖甘牛,
8,ROI1,Col3,绘画：孙为民聂 鸥,
8,ROI1,Col3,82年11月1版1次64开,
8,ROI1,Col3,印数：43.1万定价：0.11元,
8,ROI1,Col3,市场交流价：,
8,ROI1,Col3,9品：15元,
8,ROI1,Col3,10品：25元,
8,ROI1,Col4,三国故事(上下),
8,ROI1,Col4,出版社：人民美术,
8,ROI1,Col4,改编：白宇,
8,ROI1,Col4,绘画：戴敦邦严启生等,
8,ROI1,Col4,80年1月1版1次60开,
8,ROI1,Col4,印数：150万定价：0.23元,
8,ROI1,Col4,市场交流价：,
8,ROI1,Col4,9品：45元（全套）,
8,ROI1,Col4,10品：90元,
8,ROI2,Col1,三探圆明园,
8,ROI2,Col1,出版社：福建美术,
8,ROI2,Col1,改编：谭元杰,
8,ROI2,Col1,绘画：谭元杰,
8,ROI2,Col1,85年10月1版1次64开,
8,ROI2,Col1,印数：13.4万 定价：0.31元,
8,ROI2,Col1,市场交流价：,
8,ROI2,Col1,9品：5元,
8,ROI2,Col1,10品：10元,
8,ROI2,Col2,三斧头程咬金,
8,ROI2,Col2,出版社：少年儿童,
8,ROI2,Col2,改编：苏馨,
8,ROI2,Col2,绘画：施大畏,
8,ROI2,Col2,82年8月1版1次64开,
8,ROI2,Col2,印数：81万定价：0.15元,
8,ROI2,Col2,市场交流价：,
8,ROI2,Col2,9品：5元,
8,ROI2,Col2,10品：10元,
8,ROI2,Col3,三滴血,
8,ROI2,Col3,出版社：中卅书画,
8,ROI2,Col3,改编：孙长江,
8,ROI2,Col3,绘画：马国强,
8,ROI2,Col3,82年6月1版1次64开,
8,ROI2,Col3,印数：6.3万定价：0.14元,
8,ROI2,Col3,市场交流价：,
8,ROI2,Col3,9品：5元,
8,ROI2,Col3,10品：8元,
8,ROI2,Col4,三打祝家庄,
8,ROI2,Col4,出版社：黑龙江人民,
8,ROI2,Col4,改编：高铁林等,
8,ROI2,Col4,绘画：阴衍江,
8,ROI2,Col4,79年7月1版1次64开,
8,ROI2,Col4,印数：30万定价：0.17元,
8,ROI2,Col4,市场交流价：,
8,ROI2,Col4,9品：8元,
8,ROI2,Col4,10品：15元,
9,ROI1,Col1,千里送京娘,
9,ROI1,Col1,出版社：上海人民美术,
9,ROI1,Col1,改编：刘抒,
9,ROI1,Col1,绘画：叶毓中,
9,ROI1,Col1,83年3月1版1次64开,
9,ROI1,Col1,印数：22万定价：0.13元,
9,ROI1,Col1,市场交流价：,
9,ROI1,Col1,9品：25元,
9,ROI1,Col1,10品：50元,
9,ROI1,Col2,千里送京娘,
9,ROI1,Col2,出版社：福建人民,
9,ROI1,Col2,改编：施友义,
9,ROI1,Col2,绘画：施友义,
9,ROI1,Col2,82年3月1版1次64开,
9,ROI1,Col2,印数：69万定价：0.17元,
9,ROI1,Col2,市场交流价：,
9,ROI1,Col2,9品：8元,
9,ROI1,Col2,10品：20元,
9,ROI1,Col3,千里送京娘,
9,ROI1,Col3,出版社：宁夏人民,
9,ROI1,Col3,改编：严丹,
9,ROI1,Col3,绘画：秋枫,
9,ROI1,Col3,82年10月1版1次64开,
9,ROI1,Col3,印数：17.6万定价：0.15元,
9,ROI1,Col3,市场交流价：,
9,ROI1,Col3,9品：10元,
9,ROI1,Col3,10品：20元,
9,ROI1,Col4,女娲神和聚宝盆,
9,ROI1,Col4,出版社：河北美术,
9,ROI1,Col4,改编：李亮,
9,ROI1,Col4,绘画：张增木,
9,ROI1,Col4,85年6月1版1次64开,
9,ROI1,Col4,印数：23.7万定价：0.19元,
9,ROI1,Col4,市场交流价：,
9,ROI1,Col4,9品：5元,
9,ROI1,Col4,10品：8元,
9,ROI2,Col1,马二先生,
9,ROI2,Col1,出版社：岭南美术,
9,ROI2,Col1,改编：文政,
9,ROI2,Col1,绘画：彭石根,
9,ROI2,Col1,83年5月1版1次64开,
9,ROI2,Col1,印数：19.56万定价：0.13元,
9,ROI2,Col1,市场交流价：,
9,ROI2,Col1,9品：3元,
9,ROI2,Col1,10品：6元,
9,ROI2,Col2,马二先生,
9,ROI2,Col2,出版社：上海人民美术,
9,ROI2,Col2,改编：丁国联,
9,ROI2,Col2,绘画：陈国强,
9,ROI2,Col2,85年4月1版1次64开,
9,ROI2,Col2,印数：9.3万定价：0.22元,
9,ROI2,Col2,市场交流价：,
9,ROI2,Col2,9品：10元,
9,ROI2,Col2,10品：15元,
9,ROI2,Col3,大禹治水,
9,ROI2,Col3,出版社：人民美术,
9,ROI2,Col3,改编：杨新,
9,ROI2,Col3,绘画：高适,
9,ROI2,Col3,79年11月1版1次64开,
9,ROI2,Col3,印数：164万定价：0.11元,
9,ROI2,Col3,市场交流价：,
9,ROI2,Col3,9品：5元,
9,ROI2,Col3,10品：12元,
9,ROI2,Col4,大泽烈火,
9,ROI2,Col4,出版社：上海人民,
9,ROI2,Col4,改编：上海师范大学中文系,
9,ROI2,Col4,绘画：戴敦邦,
9,ROI2,Col4,77年7月1版1次64开,
9,ROI2,Col4,印数：未详定价：0.13元,
9,ROI2,Col4,市场交流价：,
9,ROI2,Col4,9品：20元,
9,ROI2,Col4,10品：40元,
10,ROI1,Col1,小兵张嘎,
10,ROI1,Col1,出版社：上海人民,
10,ROI1,Col1,改编：集体,
10,ROI1,Col1,绘画：张品操,
10,ROI1,Col1,73年1月新1版5次60开,
10,ROI1,Col1,印数：381万定价：0.17元,
10,ROI1,Col1,市场交流价：,
10,ROI1,Col1,9品：80元,
10,ROI1,Col1,10品：250元,
10,ROI1,Col2,小兵张嘎,
10,ROI1,Col2,出版社：江苏美术,
10,ROI1,Col2,改编：集体,
10,ROI1,Col2,绘画：尚国扬等,
10,ROI1,Col2,90年4月1版1次64开,
10,ROI1,Col2,印数：4.45万定价：0.60元,
10,ROI1,Col2,市场交流价：,
10,ROI1,Col2,9品：15元,
10,ROI1,Col2,10品：30元,
10,ROI1,Col3,小茂青擒敌,
10,ROI1,Col3,出版社：北京人民,
10,ROI1,Col3,改编：集体,
10,ROI1,Col3,绘画：集体,
10,ROI1,Col3,74年2月1版1次60开,
10,ROI1,Col3,印数：未详定价：0.13元,
10,ROI1,Col3,市场交流价：,
10,ROI1,Col3,9品：15元,
10,ROI1,Col3,10品：30元,
10,ROI1,Col4,小茂青参军,
10,ROI1,Col4,出版社：北京人民,
10,ROI1,Col4,改编：集体,
10,ROI1,Col4,绘画：集体,
10,ROI1,Col4,73年6月1版1次60开,
10,ROI1,Col4,印数：未详定价：0.12元,
10,ROI1,Col4,市场交流价：,
10,ROI1,Col4,9品：15元,
10,ROI1,Col4,10品：25元,
10,ROI2,Col1,小铁头夺马记,
10,ROI2,Col1,出版社：江苏人民,
10,ROI2,Col1,改编：集体,
10,ROI2,Col1,绘画：聂秀功章茂连等,
10,ROI2,Col1,76年4月1版1次60开,
10,ROI2,Col1,印数：60万定价：0.15元,
10,ROI2,Col1,市场交流价：,
10,ROI2,Col1,9品：8元,
10,ROI2,Col1,10品：15元,
10,ROI2,Col2,小铁头夺马记,
10,ROI2,Col2,出版社：中国少年儿童,
10,ROI2,Col2,改编：郎梨,
10,ROI2,Col2,绘画：吴懋祥,
10,ROI2,Col2,83年7月1版1次64开,
10,ROI2,Col2,印数：未详定价：0.15元,
10,ROI2,Col2,市场交流价：,
10,ROI2,Col2,9品：8元,
10,ROI2,Col2,10品：15元,
10,ROI2,Col3,飞雪迎春,
10,ROI2,Col3,出版社：江西人民,
10,ROI2,Col3,改编：萍乡地方剧团,
10,ROI2,Col3,绘画：刘大春陈丹青,
10,ROI2,Col3,74年9月1版1次60开,
10,ROI2,Col3,印数：60万定价：0.10元,
10,ROI2,Col3,市场交流价：,
10,ROI2,Col3,9品：6元,
10,ROI2,Col3,10品：12元,
10,ROI2,Col4,飞雪迎春(上),
10,ROI2,Col4,出版社：上海人民,
10,ROI2,Col4,改编：黄奕加,
10,ROI2,Col4,绘画：聂秀出朱新昌等,
10,ROI2,Col4,76年5月1版1次64开,
10,ROI2,Col4,印数：未详定价：0.15元,
10,ROI2,Col4,市场交流价：,
10,ROI2,Col4,9品：10元,
10,ROI2,Col4,10品：18元,
10,FOOTNOTE,,,*该书仅出版上册。
11,ROI1,Col1,小英雄雨来,
11,ROI1,Col1,出版社：上海人民美术,
11,ROI1,Col1,改编：王渭山,
11,ROI1,Col1,绘画：余家乐,
11,ROI1,Col1,84年1月1版1次64开,
11,ROI1,Col1,市场交流价：,
11,ROI1,Col1,9品：8元,
11,ROI1,Col1,10品：15元,
11,ROI1,Col2,小英雄雨来(朝鲜文),
11,ROI1,Col2,出版社：辽宁人民,
11,ROI1,Col2,改编：张玉珊,
11,ROI1,Col2,绘画：王玉良等,
11,ROI1,Col2,79年4月1版1次64开,
11,ROI1,Col2,印数：0.84万定价：0.12元,
11,ROI1,Col2,市场交流价：,
11,ROI1,Col2,9品：25元,
11,ROI1,Col2,10品：40元,
11,ROI1,Col3,小英雄雨来,
11,ROI1,Col3,出版社：人民美术,
11,ROI1,Col3,改编：刘学三等,
11,ROI1,Col3,绘画：高宝生,
11,ROI1,Col3,74年8月1版1次64开,
11,ROI1,Col3,印数：180万定价：0.10元,
11,ROI1,Col3,市场交流价：,
11,ROI1,Col3,9品：10元,
11,ROI1,Col3,10品：25元,
11,ROI1,Col4,小柱头智送鸡毛信,
11,ROI1,Col4,出版社：河北人民,
11,ROI1,Col4,编文：郑聪魏,
11,ROI1,Col4,绘画：王怀骐,
11,ROI1,Col4,72年5月1版1次60开,
11,ROI1,Col4,印数：未详定价：0.11元,
11,ROI1,Col4,市场交流价：,
11,ROI1,Col4,9品：12元,
11,ROI1,Col4,10品：20元,
11,ROI2,Col1,山里红梅,
11,ROI2,Col1,出版社：江苏人民,
11,ROI2,Col1,改编：集体,
11,ROI2,Col1,绘画：李苇成,
11,ROI2,Col1,75年6月1版1次60开,
11,ROI2,Col1,印数：60万定价：0.09元,
11,ROI2,Col1,市场交流价：,
11,ROI2,Col1,9品：15元,
11,ROI2,Col1,10品：25元,
11,ROI2,Col2,山妹,
11,ROI2,Col2,出版社：上海人民,
11,ROI2,Col2,改编：徐明福,
11,ROI2,Col2,绘画：贺友直,
11,ROI2,Col2,75年11月1版1次64开,
11,ROI2,Col2,印数：未详 定价：0.07元,
11,ROI2,Col2,市场交流价：,
11,ROI2,Col2,9品：15元,
11,ROI2,Col2,10品：30元,
11,ROI2,Col3,三村的战斗,
11,ROI2,Col3,出版社：山东人民,
11,ROI2,Col3,改编：集体,
11,ROI2,Col3,绘画：集体,
11,ROI2,Col3,73年7月1版2次60开,
11,ROI2,Col3,印数：150万 定价：0.11元,
11,ROI2,Col3,市场交流价：,
11,ROI2,Col3,9品：10元,
11,ROI2,Col3,10品：20元,
11,ROI2,Col4,三进校门,
11,ROI2,Col4,出版社：上海人民,
11,ROI2,Col4,改编：集体,
11,ROI2,Col4,绘画：集体,
11,ROI2,Col4,71年12月1版1次60开,
11,ROI2,Col4,印数：未详定价：0.06元,
11,ROI2,Col4,市场交流价：,
11,ROI2,Col4,9品：25元,
11,ROI2,Col4,10品：45元,
11,FOOTNOTE,,,*该书版权页无定价。
12,ROI1,Col1,大寨战歌,
12,ROI1,Col1,出版社：上海人民,
12,ROI1,Col1,改编：集体,
12,ROI1,Col1,绘画：集体,
12,ROI1,Col1,73年7月1版1次60开,
12,ROI1,Col1,印数：50万定价：0.16元,
12,ROI1,Col1,市场交流价：,
12,ROI1,Col1,9品：100元,
12,ROI1,Col1,10品：300元,
12,ROI1,Col2,大战虎口岩,
12,ROI1,Col2,出版社：上海人民,
12,ROI1,Col2,改编：集体,
12,ROI1,Col2,绘画：集体,
12,ROI1,Col2,73年5月1版1次60开,
12,ROI1,Col2,印数：100万定价：0.10元,
12,ROI1,Col2,市场交流价：,
12,ROI1,Col2,9品：15元,
12,ROI1,Col2,10品：50元,
12,ROI1,Col3,大战“气老虎”,
12,ROI1,Col3,出版社：人民美术 28,
12,ROI1,Col3,编著：集体,
12,ROI1,Col3,绘画：集体,
12,ROI1,Col3,76年1月1版1次64开,
12,ROI1,Col3,印数：100万定价：0.12元,
12,ROI1,Col3,市场交流价：,
12,ROI1,Col3,9品：5元,
12,ROI1,Col3,10品：15元,
12,ROI1,Col4,大江飞渡,
12,ROI1,Col4,出版社：安徽人民美术,
12,ROI1,Col4,改编：集体,
12,ROI1,Col4,绘画：集体,
12,ROI1,Col4,73年5月1版2次60开,
12,ROI1,Col4,印数：未详定价：0.11元,
12,ROI1,Col4,市场交流价：,
12,ROI1,Col4,9品：15元,
12,ROI1,Col4,10品：25元,
12,ROI2,Col1,大虎和二虎,
12,ROI2,Col1,出版社：天津人民美术,
12,ROI2,Col1,改编：集体,
12,ROI2,Col1,绘画：华三川,
12,ROI2,Col1,73年2月1版1次60开,
12,ROI2,Col1,印数：未详定价：0.10元,
12,ROI2,Col1,市场交流价：,
12,ROI2,Col1,9品：60元,
12,ROI2,Col1,10品：120元,
12,ROI2,Col2,飞毛腿的故事,
12,ROI2,Col2,出版社：陕西人民,
12,ROI2,Col2,改编：周有恒,
12,ROI2,Col2,绘画：马林,
12,ROI2,Col2,75年1月1版2次60开,
12,ROI2,Col2,印数：45万定价：0.09元,
12,ROI2,Col2,市场交流价：,
12,ROI2,Col2,9品：15元,
12,ROI2,Col2,10品：30元,
12,ROI2,Col3,大橹的故事,
12,ROI2,Col3,出版社：上海人民,
12,ROI2,Col3,改编：蔡星耀,
12,ROI2,Col3,绘画：罗希贤,
12,ROI2,Col3,74年9月1版1次64开,
12,ROI2,Col3,印数：120万定价：0.10元,
12,ROI2,Col3,市场交流价：,
12,ROI2,Col3,9品：10元,
12,ROI2,Col3,10品：20元,
12,ROI2,Col4,飞车擒特,
12,ROI2,Col4,出版社：福建人民,
12,ROI2,Col4,改编：郑梦星,
12,ROI2,Col4,绘画：许志棍洪伟阔,
12,ROI2,Col4,75年5月1版1次60开,
12,ROI2,Col4,印数：未详定价：0.11元,
12,ROI2,Col4,市场交流价：,
12,ROI2,Col4,9品：15元,
12,ROI2,Col4,10品：25元,
13,ROI1,Col1,三防常识,
13,ROI1,Col1,出版社：甘肃人民,
13,ROI1,Col1,改编：集体,
13,ROI1,Col1,绘画：集体,
13,ROI1,Col1,73年5月1版1次64开,
13,ROI1,Col1,印数：50万定价：0.14元,
13,ROI1,Col1,市场交流价：,
13,ROI1,Col1,9品：60元,
13,ROI1,Col1,10品：120元,
13,ROI1,Col2,小爆破手,
13,ROI1,Col2,出版社：江苏人民,
13,ROI1,Col2,改编：李毓琦,
13,ROI1,Col2,绘画：聂秀功章茂连等,
13,ROI1,Col2,76年7月1版1次64开,
13,ROI1,Col2,印数：60万定价：0.09元,
13,ROI1,Col2,市场交流价：,
13,ROI1,Col2,9品：5元,
13,ROI1,Col2,10品：10元,
13,ROI1,Col3,小猪倌,
13,ROI1,Col3,出版社：山东人民,
13,ROI1,Col3,改编：集体,
13,ROI1,Col3,绘画：集体,
13,ROI1,Col3,75年5月1版1次64开,
13,ROI1,Col3,印数：50万定价：0.08元,
13,ROI1,Col3,市场交流价：,
13,ROI1,Col3,9品：5元,
13,ROI1,Col3,10品：10元,
13,ROI1,Col4,小兵东东,
13,ROI1,Col4,出版社：天津人民美术,
13,ROI1,Col4,改编：集体,
13,ROI1,Col4,绘画：李德波武新英等,
13,ROI1,Col4,75年3月1版2次64开,
13,ROI1,Col4,印数：未详定价：0.09元,
13,ROI1,Col4,市场交流价：,
13,ROI1,Col4,9品：8元,
13,ROI1,Col4,10品：15元,
13,ROI2,Col1,小鹰展翅,
13,ROI2,Col1,出版社：天津人民美术,
13,ROI2,Col1,改编：海力,
13,ROI2,Col1,绘画：集体,
13,ROI2,Col1,74年4月1版1次64开,
13,ROI2,Col1,印数：未详定价：0.09元,
13,ROI2,Col1,市场交流价：,
13,ROI2,Col1,9品：5元,
13,ROI2,Col1,10品：12元,
13,ROI2,Col2,7,
13,ROI2,Col2,小铜锣,
13,ROI2,Col2,出版社：天津人民美术,
13,ROI2,Col2,改编：张荣春,
13,ROI2,Col2,绘画：集体,
13,ROI2,Col2,74年4月1版1次64开,
13,ROI2,Col2,印数：未详定价：0.10元,
13,ROI2,Col2,市场交流价：,
13,ROI2,Col2,9品：5元,
13,ROI2,Col2,10品：10元,
13,ROI2,Col3,小龙学外语,
13,ROI2,Col3,出版社：天津人民美术,
13,ROI2,Col3,改编：集体,
13,ROI2,Col3,绘画：集体,
13,ROI2,Col3,73年2月1版1次60开,
13,ROI2,Col3,印数：未详定价：0.07元,
13,ROI2,Col3,市场交流价：,
13,ROI2,Col3,9品：20元,
13,ROI2,Col3,10品：50元,
13,ROI2,Col4,小猎手,
13,ROI2,Col4,出版社：黑龙江人民,
13,ROI2,Col4,改编：滕凤山,
13,ROI2,Col4,绘画：尹桂馥,
13,ROI2,Col4,75年8月1版1次64开,
13,ROI2,Col4,印数：55万定价：0.10元,
13,ROI2,Col4,市场交流价：,
13,ROI2,Col4,9品：8元,
13,ROI2,Col4,10品：15元,
14,ROI1,Col1,小红擒敌,
14,ROI1,Col1,出版社：江苏人民,
14,ROI1,Col1,改编：集体,
14,ROI1,Col1,绘画：集体,
14,ROI1,Col1,73年6月1版2次60开,
14,ROI1,Col1,印数：未详定价：0.07元,
14,ROI1,Col1,市场交流价：,
14,ROI1,Col1,9品：15元,
14,ROI1,Col1,10品：30元,
14,ROI1,Col2,小交通海生,
14,ROI1,Col2,出版社：广东人民 K,
14,ROI1,Col2,改编：阮立威等,
14,ROI1,Col2,绘画：陈福耀,
14,ROI1,Col2,75年1月1版1次60开,
14,ROI1,Col2,印数：未详定价：0.13元,
14,ROI1,Col2,市场交流价：,
14,ROI1,Col2,9品：15元,
14,ROI1,Col2,10品：25元,
14,ROI1,Col3,小鳗,
14,ROI1,Col3,出版社：浙江人民,
14,ROI1,Col3,改编：马立,
14,ROI1,Col3,绘画：马开达王泽焕,
14,ROI1,Col3,74年12月1版1次60开,
14,ROI1,Col3,印数：80万定价：0.08元,
14,ROI1,Col3,市场交流价：,
14,ROI1,Col3,9品：10元,
14,ROI1,Col3,10品：30元,
14,ROI1,Col4,小英雄阮友充,
14,ROI1,Col4,出版社：河北人民,
14,ROI1,Col4,改编：秘自义,
14,ROI1,Col4,绘画：尹庆芳,
14,ROI1,Col4,72年5月1版1次60开,
14,ROI1,Col4,印数：未详定价：0.05元,
14,ROI1,Col4,市场交流价：,
14,ROI1,Col4,9品：20元,
14,ROI1,Col4,10品：35元,
14,ROI2,Col1,6,
14,ROI2,Col1,小雁齐飞,
14,ROI2,Col1,出版社：上海人民,
14,ROI2,Col1,改编：甘礼乐,
14,ROI2,Col1,绘画：毛用坤,
14,ROI2,Col1,72年9月新1版1次60开,
14,ROI2,Col1,印数：未详定价：0.10元,
14,ROI2,Col1,市场交流价：,
14,ROI2,Col1,9品：25元,
14,ROI2,Col1,10品：50元,
14,ROI2,Col2,小雄鹰,
14,ROI2,Col2,出版社：甘肃人民,
14,ROI2,Col2,改编：李玉福,
14,ROI2,Col2,绘画：宋武征李鼎元,
14,ROI2,Col2,73年10月1版2次60开,
14,ROI2,Col2,印数：35万定价：0.13元,
14,ROI2,Col2,市场交流价：,
14,ROI2,Col2,9品：20元,
14,ROI2,Col2,10品：35元,
14,ROI2,Col3,小旅客,
14,ROI2,Col3,出版社：浙江人民,
14,ROI2,Col3,改编：江涛,
14,ROI2,Col3,绘画：徐屏林亦香,
14,ROI2,Col3,75年5月1版2次60开,
14,ROI2,Col3,印数：60万定价：0.08元,
14,ROI2,Col3,市场交流价：,
14,ROI2,Col3,9品：8元,
14,ROI2,Col3,10品：15元,
14,ROI2,Col4,小保管上任,
14,ROI2,Col4,出版社：江西人民,
14,ROI2,Col4,改编：吴有汉,
14,ROI2,Col4,绘画：刘小玄,
14,ROI2,Col4,74年1月1版1次60开,
14,ROI2,Col4,印数：15万定价：0.10元,
14,ROI2,Col4,市场交流价：,
14,ROI2,Col4,9品：20元,
14,ROI2,Col4,10品：35元,
15,ROI1,Col1,小刀会,
15,ROI1,Col1,出版社：上海人民,
15,ROI1,Col1,改编：集体,
15,ROI1,Col1,绘画：赵宏本王亦秋,
15,ROI1,Col1,74年11月1版1次60开,
15,ROI1,Col1,印数：80万定价：0.17元,
15,ROI1,Col1,市场交流价：,
15,ROI1,Col1,9品：150元,
15,ROI1,Col1,10品：400元,
15,ROI1,Col2,小英雄谢荣策,
15,ROI1,Col2,出版社：辽宁人民,
15,ROI1,Col2,改编：集体,
15,ROI1,Col2,绘画：集体,
15,ROI1,Col2,72年3月1版1次60开,
15,ROI1,Col2,印数：未详定价：0.12元,
15,ROI1,Col2,市场交流价：,
15,ROI1,Col2,9品：40元,
15,ROI1,Col2,10品：80元,
15,ROI1,Col3,女闯将,
15,ROI1,Col3,出版社：山西人民,
15,ROI1,Col3,改编：李松年等,
15,ROI1,Col3,绘画：集体,
15,ROI1,Col3,76年12月1版1次64开,
15,ROI1,Col3,印数：7.05万定价：0.12元,
15,ROI1,Col3,市场交流价：,
15,ROI1,Col3,9品：8元,
15,ROI1,Col3,10品：15元,
15,ROI1,Col4,女队长,
15,ROI1,Col4,出版社：天津人民美术,
15,ROI1,Col4,改编：石坚,
15,ROI1,Col4,绘画：王建,
15,ROI1,Col4,77年7月1版1次60开,
15,ROI1,Col4,印数：未详定价：0.09元,
15,ROI1,Col4,市场交流价：,
15,ROI1,Col4,9品：10元,
15,ROI1,Col4,10品：18元,
15,ROI2,Col1,女清洁工,
15,ROI2,Col1,出版社：上海人民,
15,ROI2,Col1,改编：丁峰,
15,ROI2,Col1,绘画：邓泰和,
15,ROI2,Col1,76年3月1版1次64开,
15,ROI2,Col1,印数：未详定价：0.09元,
15,ROI2,Col1,市场交流价：,
15,ROI2,Col1,9品：8元,
15,ROI2,Col1,10品：15元,
15,ROI2,Col2,女矿工,
15,ROI2,Col2,出版社：黑龙江人民,
15,ROI2,Col2,改编：集体,
15,ROI2,Col2,绘画：曲新元常青儒,
15,ROI2,Col2,75年10月1版1次64开,
15,ROI2,Col2,印数：30万定价：0.07元,
15,ROI2,Col2,市场交流价：,
15,ROI2,Col2,9品：5元,
15,ROI2,Col2,10品：10元,
15,ROI2,Col3,女装卸工,
15,ROI2,Col3,出版社：天津人民美术,
15,ROI2,Col3,改编：集体,
15,ROI2,Col3,绘画：集体,
15,ROI2,Col3,73年5月1版1次60开,
15,ROI2,Col3,印数：未详定价：0.10元,
15,ROI2,Col3,市场交流价：,
15,ROI2,Col3,9品：15元,
15,ROI2,Col3,10品：25元,
15,ROI2,Col4,飞鹰崖,
15,ROI2,Col4,出版社：广东人民,
15,ROI2,Col4,改编：集体,
15,ROI2,Col4,绘画：集体,
15,ROI2,Col4,75年1月1版1次60开,
15,ROI2,Col4,印数：未详定价：0.20元,
15,ROI2,Col4,市场交流价：,
15,ROI2,Col4,9品：40元,
15,ROI2,Col4,10品：80元,
16,ROI1,Col1,孔老二罪恶的一生,
16,ROI1,Col1,出版社：上海人民,
16,ROI1,Col1,改编：萧甘,
16,ROI1,Col1,绘画：顾炳鑫贺友直,
16,ROI1,Col1,74年6月1版1次60开,
16,ROI1,Col1,印数：250万定价：0.09元,
16,ROI1,Col1,市场交流价：,
16,ROI1,Col1,9品：80元,
16,ROI1,Col1,10品：200元,
16,ROI1,Col2,门合,
16,ROI1,Col2,出版社：上海市出版革命组,
16,ROI1,Col2,改编：集体,
16,ROI1,Col2,绘画：集体,
16,ROI1,Col2,70年7月1版1次60开,
16,ROI1,Col2,印数：未详定价：0.14元,
16,ROI1,Col2,市场交流价：,
16,ROI1,Col2,9品：80元,
16,ROI1,Col2,10品：200元,
16,ROI1,Col3,门合,
16,ROI1,Col3,出版社：浙江人民,
16,ROI1,Col3,改编：集体,
16,ROI1,Col3,绘画：集体,
16,ROI1,Col3,68年7月1版1次60开,
16,ROI1,Col3,印数：20万定价：0.10元,
16,ROI1,Col3,市场交流：,
16,ROI1,Col3,9品：350元,
16,ROI1,Col3,10品：900元,
16,ROI1,Col4,于家沟的怒火,
16,ROI1,Col4,出版社：吉林人民,
16,ROI1,Col4,改编：集体,
16,ROI1,Col4,绘画：集体,
16,ROI1,Col4,74年7月1版1次64开,
16,ROI1,Col4,印数：160万定价：0.09元,
16,ROI1,Col4,市场交流价：,
16,ROI1,Col4,9品：15元,
16,ROI1,Col4,10品：30元,
16,ROI2,Col1,小砍刀(上下),
16,ROI2,Col1,出版社：天津人民美术,
16,ROI2,Col1,改编：集体,
16,ROI2,Col1,绘画：尚 扬 陈贻福,
16,ROI2,Col1,73年8月1版1次60开,
16,ROI2,Col1,印数：65万定价：0.13元,
16,ROI2,Col1,市场交流价：,
16,ROI2,Col1,9品：50元,
16,ROI2,Col1,10品：100元,
16,ROI2,Col2,上学之前,
16,ROI2,Col2,出版社：天津人民美术,
16,ROI2,Col2,改编：集体,
16,ROI2,Col2,绘画：集体,
16,ROI2,Col2,73年4月1版1次60开,
16,ROI2,Col2,印数：未详定价：0.10元,
16,ROI2,Col2,市场交流价：,
16,ROI2,Col2,9品：25元,
16,ROI2,Col2,10品：50元,
16,ROI2,Col3,山村女教师,
16,ROI2,Col3,出版社：福建人民,
16,ROI2,Col3,改编：黄元德黄奕阳,
16,ROI2,Col3,绘画：林俊龙 王振裕,
16,ROI2,Col3,77年12月1版1次60开,
16,ROI2,Col3,印数：未详定价：0.13元,
16,ROI2,Col3,市场交流价：,
16,ROI2,Col3,9品：25元,
16,ROI2,Col3,10品：40元,
16,ROI2,Col4,广阔天地炼红心,
16,ROI2,Col4,出版社：上海人民,
16,ROI2,Col4,改编：集体,
16,ROI2,Col4,绘画：集体,
16,ROI2,Col4,71年11月1版1次60开,
16,ROI2,Col4,印数：100万定价：0.09元,
16,ROI2,Col4,市场交流价：,
16,ROI2,Col4,9品：30元,
16,ROI2,Col4,10品：100元,
17,ROI1,Col1,小莲子,
17,ROI1,Col1,出版社：中国少年儿童,
17,ROI1,Col1,改编：戈令,
17,ROI1,Col1,绘画：杜滋龄,
17,ROI1,Col1,83年7月1版1次64开,
17,ROI1,Col1,印数：未详定价：0.11元,
17,ROI1,Col1,市场交流价：,
17,ROI1,Col1,9品：8元,
17,ROI1,Col1,10品：15元,
17,ROI1,Col2,小筏夫,
17,ROI1,Col2,出版社：福建人民,
17,ROI1,Col2,改编：水泓,
17,ROI1,Col2,绘画：周长春,
17,ROI1,Col2,83年11月1版1次64开,
17,ROI1,Col2,印数：16.85万定价：0.15元,
17,ROI1,Col2,市场交流价：,
17,ROI1,Col2,9品：5元,
17,ROI1,Col2,10品：8元,
17,ROI1,Col3,小筏夫,
17,ROI1,Col3,出版社：上海人民,
17,ROI1,Col3,改编：钱晓刚,
17,ROI1,Col3,绘画：陈全胜,
17,ROI1,Col3,75年9月1版1次64开,
17,ROI1,Col3,印数：未详定价：0.10元,
17,ROI1,Col3,市场交流价：,
17,ROI1,Col3,9品：8元,
17,ROI1,Col3,10品：15元,
17,ROI1,Col4,小萝卜头,
17,ROI1,Col4,出版社：上海人民美术,
17,ROI1,Col4,改编：吴其柔,
17,ROI1,Col4,绘画：罗盘,
17,ROI1,Col4,85年3月1版1次64开,
17,ROI1,Col4,印数：15.8万定价：0.17元,
17,ROI1,Col4,市场交流价：,
17,ROI1,Col4,9品：10元,
17,ROI1,Col4,10品：25元,
17,ROI2,Col1,小歌仙,
17,ROI2,Col1,出版社：浙江少年儿童,
17,ROI2,Col1,改编：吴翕斌,
17,ROI2,Col1,绘画：洪月明,
17,ROI2,Col1,85年1月1版1次64开,
17,ROI2,Col1,印数：18.8万定价：0.16元,
17,ROI2,Col1,市场交流价：,
17,ROI2,Col1,9品：5元,
17,ROI2,Col1,10品：8元,
17,ROI2,Col2,小金马的故事,
17,ROI2,Col2,出版社：内蒙古人民,
17,ROI2,Col2,改编：张乃仁,
17,ROI2,Col2,绘画：孙永印苏新平,
17,ROI2,Col2,78年7月1版1次64开,
17,ROI2,Col2,印数：30.04万定价：0.13元,
17,ROI2,Col2,市场交流价：,
17,ROI2,Col2,9品：5元,
17,ROI2,Col2,10品：10元,
17,ROI2,Col3,小砰砣,
17,ROI2,Col3,出版社：江苏人民,
17,ROI2,Col3,改编：华士明,
17,ROI2,Col3,绘画：苏立群,
17,ROI2,Col3,77年2月1版1次64开,
17,ROI2,Col3,印数：30万定价：0.10元,
17,ROI2,Col3,市场交流价：,
17,ROI2,Col3,9品：8元,
17,ROI2,Col3,10品：15元,
17,ROI2,Col4,小英雄张锦辉,
17,ROI2,Col4,出版社：福建人民,
17,ROI2,Col4,改编：赖平等,
17,ROI2,Col4,绘画：俞梦彦,
17,ROI2,Col4,84年10月1版1次64开,
17,ROI2,Col4,印数：15.876万定价：0.18元,
17,ROI2,Col4,市场交流价：,
17,ROI2,Col4,9品：8元,
17,ROI2,Col4,10品：15元,
18,ROI1,Col1,小铁道游击队员,
18,ROI1,Col1,出版社：辽宁美术,
18,ROI1,Col1,改编：彦芳,
18,ROI1,Col1,绘画：张洪文,
18,ROI1,Col1,85年1月1版1次64开,
18,ROI1,Col1,印数：47.9万定价：0.30元,
18,ROI1,Col1,市场交流价：,
18,ROI1,Col1,9品：10元,
18,ROI1,Col1,10品：20元,
18,ROI1,Col2,小铁道游击队员,
18,ROI1,Col2,出版社：安徽人民,
18,ROI1,Col2,改编：毛亮英,
18,ROI1,Col2,绘画：蔡世明武忠平,
18,ROI1,Col2,84年3月1版1次64开,
18,ROI1,Col2,印数：50万定价：0.20元,
18,ROI1,Col2,市场交流价：,
18,ROI1,Col2,9品：8元,
18,ROI1,Col2,10品：15元,
18,ROI1,Col3,小铁道游击队员,
18,ROI1,Col3,出版社：浙江人民美术,
18,ROI1,Col3,改编：范成璋,
18,ROI1,Col3,绘画：池长尧,
18,ROI1,Col3,84年6月1版1次64开,
18,ROI1,Col3,印数：52万定价：0.21元,
18,ROI1,Col3,市场交流价：,
18,ROI1,Col3,9品：10元,
18,ROI1,Col3,10品：20元,
18,ROI1,Col4,小铁道游击队员,
18,ROI1,Col4,出版社：吉林人民,
18,ROI1,Col4,改编：李遵义,
18,ROI1,Col4,绘画：刘昌吉,
18,ROI1,Col4,83年3月1版1次64开,
18,ROI1,Col4,印数：31.345万定价：0.15元,
18,ROI1,Col4,市场交流价：,
18,ROI1,Col4,9品：8元,
18,ROI1,Col4,10品：15元,
18,ROI2,Col1,2,
18,ROI2,Col1,。 小游击队员,
18,ROI2,Col1,出版社：天津人民美术,
18,ROI2,Col1,改编：未详,
18,ROI2,Col1,绘画：董洪元,
18,ROI2,Col1,73年10月2版1次60开,
18,ROI2,Col1,印数：未详定价：0.22元,
18,ROI2,Col1,市场交流价：,
18,ROI2,Col1,9品：150元,
18,ROI2,Col1,10品：400元,
18,ROI2,Col2,小游击队员柳小猛,
18,ROI2,Col2,出版社：天津人民美术,
18,ROI2,Col2,改编：未详,
18,ROI2,Col2,绘画：未详,
18,ROI2,Col2,72年10月1版1次60开,
18,ROI2,Col2,印数：未详定价：0.11元,
18,ROI2,Col2,市场交流价：,
18,ROI2,Col2,9品：80元,
18,ROI2,Col2,10品：200元,
18,ROI2,Col3,小游击队员石星,
18,ROI2,Col3,出版社：辽宁美术,
18,ROI2,Col3,改编：曹积三,
18,ROI2,Col3,绘画：张成思,
18,ROI2,Col3,80年4月1版1次64开,
18,ROI2,Col3,印数：143万 定价：0.12元,
18,ROI2,Col3,市场交流价：,
18,ROI2,Col3,9品：10元,
18,ROI2,Col3,10品：20元,
18,ROI2,Col4,于无声处,
18,ROI2,Col4,出版社：上海人民美术,
18,ROI2,Col4,改编：丁扬,
18,ROI2,Col4,绘画：赵仁年 罗希贤,
18,ROI2,Col4,79年1月1版1次64开,
18,ROI2,Col4,印数：30万定价：0.13元,
18,ROI2,Col4,市场交流价：,
18,ROI2,Col4,9品：20元,
18,ROI2,Col4,10品：35元,
19,ROI1,Col1,小山娃,
19,ROI1,Col1,出版社：人民美术,
19,ROI1,Col1,改编：何溶,
19,ROI1,Col1,绘画：关景宇赵宝林,
19,ROI1,Col1,76年10月1版1次64开,
19,ROI1,Col1,印数：102万定价：0.08元,
19,ROI1,Col1,市场交流价：,
19,ROI1,Col1,9品：20元（上下）,
19,ROI1,Col1,10品：30元,
19,ROI1,Col2,山菊花(上下),
19,ROI1,Col2,出版社：吉林人民,
19,ROI1,Col2,改编：鲁连文,
19,ROI1,Col2,绘画：刘凤山,
19,ROI1,Col2,82年7月1版1次64开,
19,ROI1,Col2,印数：59.2万定价：0.17元,
19,ROI1,Col2,市场交流价：,
19,ROI1,Col2,9品：20元（上下）,
19,ROI1,Col2,10品：30元,
19,ROI1,Col3,山菊花(上下),
19,ROI1,Col3,出版社：天津人民美术,
19,ROI1,Col3,改编：孙仲晓,
19,ROI1,Col3,绘画：王启民袁大仪,
19,ROI1,Col3,82年8月1版1次64开,
19,ROI1,Col3,印数：48.1万定价：0.21元,
19,ROI1,Col3,市场交流价：,
19,ROI1,Col3,9品：20元（上下）,
19,ROI1,Col3,10品：30元,
19,ROI1,Col4,哈默博士的奇迹,
19,ROI1,Col4,出版社：辽宁美术,
19,ROI1,Col4,改编：金国芜等,
19,ROI1,Col4,绘画：徐锡林,
19,ROI1,Col4,90年2月1版1次64开,
19,ROI1,Col4,印数：未详定价：1.40元,
19,ROI1,Col4,市场交流价：,
19,ROI1,Col4,9品：20元,
19,ROI1,Col4,10品：40元,
19,ROI2,Col1,山城风云,
19,ROI2,Col1,出版社：湖北人民,
19,ROI2,Col1,改编：沙铁军,
19,ROI2,Col1,绘画：汪国新,
19,ROI2,Col1,80年7月1版1次64开,
19,ROI2,Col1,印数：8.5万定价：0.24元,
19,ROI2,Col1,市场交流价：,
19,ROI2,Col1,9品：20元,
19,ROI2,Col1,10品：40元,
19,ROI2,Col2,山猫嘴说媒,
19,ROI2,Col2,出版社：中国曲艺,
19,ROI2,Col2,改编：雪冰,
19,ROI2,Col2,绘画：孙为民聂鸥,
19,ROI2,Col2,82年12月1版1次64开,
19,ROI2,Col2,印数：未详定价：0.20元,
19,ROI2,Col2,市场交流价：,
19,ROI2,Col2,9品：8元,
19,ROI2,Col2,10品：15元,
19,ROI2,Col3,大浪淘沙,
19,ROI2,Col3,出版社：中国曲艺,
19,ROI2,Col3,改编：雪冰,
19,ROI2,Col3,绘画：孙为民聂 鸥,
19,ROI2,Col3,82年12月1版1次64开,
19,ROI2,Col3,印数：未详定价：0.20元,
19,ROI2,Col3,市场交流价：,
19,ROI2,Col3,9品：8元,
19,ROI2,Col3,10品：15元,
19,ROI2,Col4,大佛下的战斗,
19,ROI2,Col4,出版社：安徽人民,
19,ROI2,Col4,改编：尹正明,
19,ROI2,Col4,绘画：雷德祖,
19,ROI2,Col4,84年7月1版1次60开,
19,ROI2,Col4,印数：42万定价：0.33元,
19,ROI2,Col4,市场交流价：,
19,ROI2,Col4,9品：20元,
19,ROI2,Col4,10品：50元,
20,ROI1,Col1,三家巷,
20,ROI1,Col1,出版社：岭南美术,
20,ROI1,Col1,改编：韦祺,
20,ROI1,Col1,绘画：梅汉珍纹川,
20,ROI1,Col1,82年10月1版1次64开,
20,ROI1,Col1,印数：50.6万定价：0.26元,
20,ROI1,Col1,市场交流价：,
20,ROI1,Col1,9品：15元,
20,ROI1,Col1,10品：25元,
20,ROI1,Col2,三闯狮子院,
20,ROI1,Col2,出版社：江苏美术,
20,ROI1,Col2,改编：陈识金,
20,ROI1,Col2,绘画：张国维,
20,ROI1,Col2,85年5月1版1次64开,
20,ROI1,Col2,印数：15.8万 定价：0.50元,
20,ROI1,Col2,市场交流价：,
20,ROI1,Col2,9品：8元,
20,ROI1,Col2,10品：15元,
20,ROI1,Col3,三十年奇遇,
20,ROI1,Col3,出版社：岭南美术,
20,ROI1,Col3,改编：余松岩,
20,ROI1,Col3,绘画：赵克标吴奕政,
20,ROI1,Col3,85年6月1版1次64开,
20,ROI1,Col3,印数：未详定价：0.42元,
20,ROI1,Col3,市场交流价：,
20,ROI1,Col3,9品：15元,
20,ROI1,Col3,10品：25元,
20,ROI1,Col4,三家福,
20,ROI1,Col4,出版社：江苏美术,
20,ROI1,Col4,改编：丁宪武等,
20,ROI1,Col4,绘画：刘昌华,
20,ROI1,Col4,84年9月1版1次64开,
20,ROI1,Col4,印数：11.96万定价：0.14元,
20,ROI1,Col4,市场交流价：,
20,ROI1,Col4,9品：5元,
20,ROI1,Col4,10品：10元,
20,ROI2,Col1,三探魔鬼湖,
20,ROI2,Col1,出版社：福建人民,
20,ROI2,Col1,改编：邱国华,
20,ROI2,Col1,绘画：王弘力秋耘,
20,ROI2,Col1,81年4月1版1次64开,
20,ROI2,Col1,印数：18.04万定价：0.11元,
20,ROI2,Col1,市场交流价：,
20,ROI2,Col1,9品：15元,
20,ROI2,Col1,10品：25元,
20,ROI2,Col2,山道弯弯,
20,ROI2,Col2,出版社：人民美术,
20,ROI2,Col2,改编：裴开新,
20,ROI2,Col2,绘画：裴开新钟小秀,
20,ROI2,Col2,83年6月1版1次64开,
20,ROI2,Col2,印数：11万定价：0.13元,
20,ROI2,Col2,市场交流价：,
20,ROI2,Col2,9品：10元,
20,ROI2,Col2,10品：20元,
20,ROI2,Col3,山道弯弯,
20,ROI2,Col3,出版社：湖南美术,
20,ROI2,Col3,改编：春夫,
20,ROI2,Col3,绘画：邹建平,
20,ROI2,Col3,83年2月1版1次64开,
20,ROI2,Col3,印数：10.5万定价：0.16元,
20,ROI2,Col3,市场交流价：,
20,ROI2,Col3,9品：10元,
20,ROI2,Col3,10品：15元,
20,ROI2,Col4,山道弯弯,
20,ROI2,Col4,出版社：辽宁美术,
20,ROI2,Col4,改编：王金,
20,ROI2,Col4,绘画：林树昭杨风,
20,ROI2,Col4,84年8月1版1次64开,
20,ROI2,Col4,印数：7.56万定价：0.17元,
20,ROI2,Col4,市场交流价：,
20,ROI2,Col4,9品：15元,
20,ROI2,Col4,10品：25元,
21,ROI1,Col1,万水千山,
21,ROI1,Col1,出版社：辽宁美术,
21,ROI1,Col1,编文：王恩国,
21,ROI1,Col1,绘画：李皓,
21,ROI1,Col1,79年6月1版1次64开,
21,ROI1,Col1,印数：50万定价：0.19元,
21,ROI1,Col1,市场交流价：,
21,ROI1,Col1,9品：25元,
21,ROI1,Col1,10品：50元,
21,ROI1,Col2,万水千山,
21,ROI1,Col2,出版社：天津人民美术,
21,ROI1,Col2,改编：李笃才,
21,ROI1,Col2,绘画：集体,
21,ROI1,Col2,77年11月1版1次64开,
21,ROI1,Col2,印数：未详定价：0.20元,
21,ROI1,Col2,市场交流价：,
21,ROI1,Col2,9品：15元,
21,ROI1,Col2,10品：30元,
21,ROI1,Col3,子夜,
21,ROI1,Col3,出版社：甘肃人民,
21,ROI1,Col3,改编：缪德璋缪,
21,ROI1,Col3,绘画：孙彬张自启,
21,ROI1,Col3,84年3月1版1次60开,
21,ROI1,Col3,印数：6.4万定价：0.29元,
21,ROI1,Col3,市场交流价：,
21,ROI1,Col3,9品：30元,
21,ROI1,Col3,10品：70元,
21,ROI1,Col4,三战王牌,
21,ROI1,Col4,出版社：黑龙江人民,
21,ROI1,Col4,改编：王乐群,
21,ROI1,Col4,绘画：李俊琪,
21,ROI1,Col4,79年11月1版1次64开,
21,ROI1,Col4,印数：20万定价：0.10元,
21,ROI1,Col4,市场交流价：,
21,ROI1,Col4,9品：8元,
21,ROI1,Col4,10品：15元,
21,ROI2,Col1,马五哥和尕豆妹,
21,ROI2,Col1,出版社：宁夏人民,
21,ROI2,Col1,改编：刘国尧王正伟,
21,ROI2,Col1,绘画：苏朗,
21,ROI2,Col1,82年4月1版1次64开,
21,ROI2,Col1,印数：15.2万定价：0.12元,
21,ROI2,Col1,市场交流价：,
21,ROI2,Col1,9品：5元,
21,ROI2,Col1,10品：15元,
21,ROI2,Col2,大将徐海东,
21,ROI2,Col2,出版社：辽宁美术,
21,ROI2,Col2,改编：王照运,
21,ROI2,Col2,绘画：李人毅,
21,ROI2,Col2,84年10月1版1次64开,
21,ROI2,Col2,印数：66万定价：0.29元,
21,ROI2,Col2,市场交流价：,
21,ROI2,Col2,9品：15元,
21,ROI2,Col2,10品：25元,
21,ROI2,Col3,大雁山(上下),
21,ROI2,Col3,出版社：北京人民,
21,ROI2,Col3,改编：石洪林等,
21,ROI2,Col3,绘画：杨一明于绍文等,
21,ROI2,Col3,77年2月1版1次60开,
21,ROI2,Col3,印数：未详定价：0.15元,
21,ROI2,Col3,市场交流价：,
21,ROI2,Col3,9品：35元（全套）,
21,ROI2,Col3,10品：60元,
21,ROI2,Col4,大雁山,
21,ROI2,Col4,出版社：黑龙江人民,
21,ROI2,Col4,改编：张启太,
21,ROI2,Col4,绘画：严庚辰,
21,ROI2,Col4,79年1月1版1次64开,
21,ROI2,Col4,印数：25.8万定价：0.20元,
21,ROI2,Col4,市场交流价：,
21,ROI2,Col4,9品：15元,
21,ROI2,Col4,10品：25元,
22,ROI1,Col1,小帕蒂的生日,
22,ROI1,Col1,出版社：天津人民美术,
22,ROI1,Col1,改编：毛亮英,
22,ROI1,Col1,绘画：谭晓春,
22,ROI1,Col1,77年4月1版1次64开,
22,ROI1,Col1,印数：未详定价：0.09元,
22,ROI1,Col1,市场交流价：,
22,ROI1,Col1,9品：8元,
22,ROI1,Col1,10品：15元,
22,ROI1,Col2,三怪客,
22,ROI1,Col2,出版社：江苏人民,
22,ROI1,Col2,改编：戴晓权,
22,ROI1,Col2,绘画：雷德祖,
22,ROI1,Col2,80年12月1版1次64开,
22,ROI1,Col2,印数：15万定价：0.10元,
22,ROI1,Col2,市场交流价：,
22,ROI1,Col2,9品：20元,
22,ROI1,Col2,10品：40元,
22,ROI1,Col3,小船长历险记,
22,ROI1,Col3,出版社：少年儿童,
22,ROI1,Col3,改编：王亚法,
22,ROI1,Col3,绘画：雷德祖星河,
22,ROI1,Col3,83年5月1版1次64开,
22,ROI1,Col3,印数：21万定价：0.29元,
22,ROI1,Col3,市场交流价：,
22,ROI1,Col3,9品：15元,
22,ROI1,Col3,10品：25元,
22,ROI1,Col4,出版社：上海人民美术,
22,ROI1,Col4,改编：马玲玲,
22,ROI1,Col4,绘画：程十发程多多,
22,ROI1,Col4,79年4月1版1次60开,
22,ROI1,Col4,印数：100万定价：0.11元,
22,ROI1,Col4,市场交流价：,
22,ROI1,Col4,9品：10元,
22,ROI1,Col4,10品：25元,
22,ROI2,Col1,大雷雨,
22,ROI2,Col1,出版社：上海人民美术,
22,ROI2,Col1,改编：鹤仙等,
22,ROI2,Col1,绘画：黄强根,
22,ROI2,Col1,84年5月1版1次64开,
22,ROI2,Col1,印数：30万定价：0.25元,
22,ROI2,Col1,市场交流价：,
22,ROI2,Col1,9品：8元,
22,ROI2,Col1,10品：20元,
22,ROI2,Col2,大雷雨,
22,ROI2,Col2,出版社：江苏人民,
22,ROI2,Col2,改编：方文,
22,ROI2,Col2,绘画：张崇政,
22,ROI2,Col2,83年9月1版1次64开,
22,ROI2,Col2,印数：11.6万 定价：0.15元,
22,ROI2,Col2,市场交流价：,
22,ROI2,Col2,9品：10元,
22,ROI2,Col2,10品：15元,
22,ROI2,Col3,上尉的女儿,
22,ROI2,Col3,出版社：辽宁美术,
22,ROI2,Col3,改编：于惠,
22,ROI2,Col3,绘画：胡振宇,
22,ROI2,Col3,83年4月1版1次64开,
22,ROI2,Col3,印数：14.15万定价：0.21元,
22,ROI2,Col3,市场交流价：,
22,ROI2,Col3,9品：20元,
22,ROI2,Col3,10品：40元,
22,ROI2,Col4,上尉的女儿,
22,ROI2,Col4,出版社：江苏人民,
22,ROI2,Col4,改编：亭录等,
22,ROI2,Col4,绘画：于成业高丽雅,
22,ROI2,Col4,81年2月1版1次64开,
22,ROI2,Col4,印数：15万定价：0.26元,
22,ROI2,Col4,市场交流价：,
22,ROI2,Col4,9品：10元,
22,ROI2,Col4,10品：20元,
23,ROI1,Col1,三个法庭,
23,ROI1,Col1,出版社：人民美术,
23,ROI1,Col1,改编：费声福,
23,ROI1,Col1,绘画：费声福,
23,ROI1,Col1,79年9月1版1次60开,
23,ROI1,Col1,印数：130万定价：0.09元,
23,ROI1,Col1,市场交流价：,
23,ROI1,Col1,9品：10元,
23,ROI1,Col1,10品：25元,
23,ROI1,Col2,马戏团,
23,ROI1,Col2,出版社：广东人民,
23,ROI1,Col2,改编：邓柯,
23,ROI1,Col2,绘画：邓柯,
23,ROI1,Col2,85年2月1版1次64开,
23,ROI1,Col2,印数：未详定价：0.38元,
23,ROI1,Col2,市场交流价：,
23,ROI1,Col2,9品：10元,
23,ROI1,Col2,10品：20元,
23,ROI1,Col3,文成公主,
23,ROI1,Col3,出版社：辽宁美术,
23,ROI1,Col3,改编：吴延,
23,ROI1,Col3,绘画：刘馗,
23,ROI1,Col3,80年1月1版1次64开,
23,ROI1,Col3,印数：50万定价：0.24元,
23,ROI1,Col3,市场交流价：,
23,ROI1,Col3,9品：40元,
23,ROI1,Col3,10品：60元,
23,ROI1,Col4,孔雀东南飞,
23,ROI1,Col4,出版社：人民美术,
23,ROI1,Col4,编文：邵甄吴延官,
23,ROI1,Col4,绘者：王叔晖,
23,ROI1,Col4,81年9月2版10次60开,
23,ROI1,Col4,印数：140.7万定价：0.07元,
23,ROI1,Col4,市场交流价：,
23,ROI1,Col4,9品：30元,
23,ROI1,Col4,10品：80元,
23,ROI2,Col1,文同画竹,
23,ROI2,Col1,出版社：四川人民,
23,ROI2,Col1,编文：何增鸾刘太焰,
23,ROI2,Col1,绘画：胥复常,
23,ROI2,Col1,82年8月1版1次64开,
23,ROI2,Col1,印数：70.5万定价：0.10元,
23,ROI2,Col1,市场交流价：,
23,ROI2,Col1,9品：15元,
23,ROI2,Col1,10品：30元,
23,ROI2,Col2,出版社：中国戏剧,
23,ROI2,Col2,改编：闻起,
23,ROI2,Col2,绘画：卢延光,
23,ROI2,Col2,85年6月1版1次60开,
23,ROI2,Col2,印数：未详定价：0.44元,
23,ROI2,Col2,市场交流价：,
23,ROI2,Col2,9品：25元,
23,ROI2,Col2,10品：45元,
23,ROI2,Col3,长发妹,
23,ROI2,Col3,出版社：广西人民,
23,ROI2,Col3,改编：肖甘牛,
23,ROI2,Col3,绘画：王培方,
23,ROI2,Col3,80年10月1版1次64开,
23,ROI2,Col3,印数：29.4万 定价：0.09元,
23,ROI2,Col3,市场交流价：,
23,ROI2,Col3,9品：10元,
23,ROI2,Col3,10品：20元,
23,ROI2,Col4,长发妹,
23,ROI2,Col4,0,
23,ROI2,Col4,出版社：中国少年儿童,
23,ROI2,Col4,改编：任伍,
23,ROI2,Col4,绘画：赵国经,
23,ROI2,Col4,82年6月1版1次64开,
23,ROI2,Col4,印数：58万定价：0.11元,
23,ROI2,Col4,市场交流价：,
23,ROI2,Col4,9品：10元,
23,ROI2,Col4,10品：25元,
24,ROI1,Col1,双玉蝉(样书),
24,ROI1,Col1,出版社：福建人民,
24,ROI1,Col1,改编：顾士友,
24,ROI1,Col1,绘画：戴宏海,
24,ROI1,Col1,80年6月1版2次60开,
24,ROI1,Col1,市场交流价：,
24,ROI1,Col1,9品：180元,
24,ROI1,Col1,10品：250元,
24,ROI1,Col2,双玉蝉,
24,ROI1,Col2,出版社：福建人民,
24,ROI1,Col2,改编：顾士友,
24,ROI1,Col2,绘画：戴宏海,
24,ROI1,Col2,80年6月1版1次60开,
24,ROI1,Col2,印数：65.05万定价：0.12元,
24,ROI1,Col2,市场交流价：,
24,ROI1,Col2,9品：20元,
24,ROI1,Col2,10品：50元,
24,ROI1,Col3,孔雀姑娘,
24,ROI1,Col3,出版社：湖南人民,
24,ROI1,Col3,改编：肖甘牛,
24,ROI1,Col3,绘画：陈白一陈明大,
24,ROI1,Col3,81年3月1版1次64开,
24,ROI1,Col3,印数：37万定价：0.10元,
24,ROI1,Col3,市场交流价：,
24,ROI1,Col3,9品：20元,
24,ROI1,Col3,10品：40元,
24,ROI1,Col4,孔雀胆,
24,ROI1,Col4,出版社：人民美术,
24,ROI1,Col4,改编：阎肃,
24,ROI1,Col4,绘画：赵仁年刘祥群,
24,ROI1,Col4,81年12月1版1次64开,
24,ROI1,Col4,印数：89万定价：0.15元,
24,ROI1,Col4,市场交流价：,
24,ROI1,Col4,9品：15元,
24,ROI1,Col4,10品：25元,
24,ROI2,Col1,孔雀胆,
24,ROI2,Col1,出版社：江苏人民,
24,ROI2,Col1,改编：王海清,
24,ROI2,Col1,绘画：秀公聂磊,
24,ROI2,Col1,83年4月1版1次64开,
24,ROI2,Col1,印数：13.1万 定价：0.21元,
24,ROI2,Col1,市场交流价：,
24,ROI2,Col1,9品：8元,
24,ROI2,Col1,10品：15元,
24,ROI2,Col2,孔雀胆,
24,ROI2,Col2,出版社：天津人民美术,
24,ROI2,Col2,改编：刘汉佐,
24,ROI2,Col2,绘画：王企玫,
24,ROI2,Col2,79年3月1版1次64开,
24,ROI2,Col2,印数：50万定价：0.15元,
24,ROI2,Col2,市场交流价：,
24,ROI2,Col2,9品：20元,
24,ROI2,Col2,10品：60元,
24,ROI2,Col3,孔雀胆,
24,ROI2,Col3,出版社：黑龙江人民,
24,ROI2,Col3,改编：云声,
24,ROI2,Col3,绘画：邵子振,
24,ROI2,Col3,81年12月1版1次64开,
24,ROI2,Col3,印数：43.7 定价：0.21元,
24,ROI2,Col3,市场交流价：,
24,ROI2,Col3,9品：15元,
24,ROI2,Col3,10品：25元,
24,ROI2,Col4,孔雀胆,
24,ROI2,Col4,出版社：湖北,
24,ROI2,Col4,改编：湘川,
24,ROI2,Col4,绘画：陈安民,
24,ROI2,Col4,83年10月1版1次64开,
24,ROI2,Col4,印数：10万定价：0.21元,
24,ROI2,Col4,市场交流价：,
24,ROI2,Col4,9品：10元,
24,ROI2,Col4,10品：155元,
25,ROI1,Col1,王昭君,
25,ROI1,Col1,出版社：甘肃人民,
25,ROI1,Col1,改编：于秀溪,
25,ROI1,Col1,绘画：孟庆江,
25,ROI1,Col1,80年7月1版1次64开,
25,ROI1,Col1,印数：20.08万定价：0.22元,
25,ROI1,Col1,市场交流价：,
25,ROI1,Col1,9品：30元,
25,ROI1,Col1,10品：60元,
25,ROI1,Col2,王昭君,
25,ROI1,Col2,出版社：上海人民美术,
25,ROI1,Col2,改编：陈长民,
25,ROI1,Col2,绘画：笑雨汤云,
25,ROI1,Col2,81年3月1版1次64开,
25,ROI1,Col2,印数：53万定价：0.26元,
25,ROI1,Col2,市场交流价：,
25,ROI1,Col2,9品：20元,
25,ROI1,Col2,10品：40元,
25,ROI1,Col2,B,
25,ROI1,Col3,王昭君,
25,ROI1,Col3,出版社：江苏人民,
25,ROI1,Col3,改编：吴宗尧,
25,ROI1,Col3,绘画：张晓飞,
25,ROI1,Col3,80年3月1版1次64开,
25,ROI1,Col3,印数：30万定价：0.24元,
25,ROI1,Col3,市场交流价：,
25,ROI1,Col3,9品：25元,
25,ROI1,Col3,10品：40元,
25,ROI1,Col4,王昭君,
25,ROI1,Col4,出版社：浙江人民美术,
25,ROI1,Col4,改编：辛观地,
25,ROI1,Col4,绘画：徐有武,
25,ROI1,Col4,80年3月1版1次64开,
25,ROI1,Col4,印数：100万定价：0.23元,
25,ROI1,Col4,市场交流价：,
25,ROI1,Col4,9品：20元,
25,ROI1,Col4,10品：50元,
25,ROI2,Col1,王昭君,
25,ROI2,Col1,出版社：河北人民,
25,ROI2,Col1,改编：羡智,
25,ROI2,Col1,绘画：晁锡弟,
25,ROI2,Col1,82年2月1版1次64开,
25,ROI2,Col1,印数：21.5万 定价：0.26元,
25,ROI2,Col1,市场交流价：,
25,ROI2,Col1,9品：40元,
25,ROI2,Col1,10品：60元,
25,ROI2,Col2,王昭君,
25,ROI2,Col2,出版社：四川人民,
25,ROI2,Col2,改编：李大发,
25,ROI2,Col2,绘画：韩硕施大畏,
25,ROI2,Col2,81年8月1版1次60开,
25,ROI2,Col2,印数：12.73万定价：0.23元,
25,ROI2,Col2,市场交流价：,
25,ROI2,Col2,9品：30元,
25,ROI2,Col2,10品：60元,
25,ROI2,Col3,包拯三掷砚,
25,ROI2,Col3,出版社：上海人民美术,
25,ROI2,Col3,改编：蒋金燕,
25,ROI2,Col3,绘画：费龙翔,
25,ROI2,Col3,82年4月1版1次64开,
25,ROI2,Col3,印数：60万定价：0.09元,
25,ROI2,Col3,市场交流价：,
25,ROI2,Col3,9品：15元,
25,ROI2,Col3,10品：30元,
25,ROI2,Col4,不怕鬼的故事,
25,ROI2,Col4,出版社：上海人民美术,
25,ROI2,Col4,改编：谢宝耿,
25,ROI2,Col4,绘画：顾炳鑫刘旦宅等,
25,ROI2,Col4,79年4月1版1次64开,
25,ROI2,Col4,印数：100万定价：0.20元,
25,ROI2,Col4,市场交流价：,
25,ROI2,Col4,9品：30元,
25,ROI2,Col4,10品：60元,
26,ROI1,Col1,木兰从军,
26,ROI1,Col1,出版社：少年儿童,
26,ROI1,Col1,改编：俞沛铭,
26,ROI1,Col1,绘画：项维仁,
26,ROI1,Col1,83年6月1版2次64开,
26,ROI1,Col1,印数：未详,
26,ROI1,Col1,市场交流价：,
26,ROI1,Col1,9品：5元,
26,ROI1,Col1,10品：10元,
26,ROI1,Col2,木兰从军,
26,ROI1,Col2,出版社：贵州人民,
26,ROI1,Col2,改编：龙光沛,
26,ROI1,Col2,绘画：张世申,
26,ROI1,Col2,80年12月1版1次64开,
26,ROI1,Col2,印数：12万定价：0.07元市,
26,ROI1,Col2,场交流价：,
26,ROI1,Col2,9品：10元,
26,ROI1,Col2,10品：20元,
26,ROI1,Col3,王佐断臂,
26,ROI1,Col3,出版社：上海人民美术,
26,ROI1,Col3,改编：陆士达,
26,ROI1,Col3,绘画：徐正平,
26,ROI1,Col3,83年7月2版5次60开,
26,ROI1,Col3,印数：48万定价：0.15元,
26,ROI1,Col3,市场交流价：,
26,ROI1,Col3,9品：10元,
26,ROI1,Col3,10品：20元,
26,ROI1,Col4,太后之死,
26,ROI1,Col4,出版社：宁夏人民,
26,ROI1,Col4,改编：陈之夫,
26,ROI1,Col4,绘画：张新国卢新东,
26,ROI1,Col4,83年11月1版1次64开,
26,ROI1,Col4,印数：19.2万定价：0.23元,
26,ROI1,Col4,市场交流价：,
26,ROI1,Col4,9品：15元,
26,ROI1,Col4,10品：30元,
26,ROI2,Col1,天国女帅,
26,ROI2,Col1,出版社：天津人民美术,
26,ROI2,Col1,改编：集体,
26,ROI2,Col1,绘画：戴仁,
26,ROI2,Col1,77年12月1版1次64开,
26,ROI2,Col1,印数：未详定价：0.08元,
26,ROI2,Col1,市场交流价：,
26,ROI2,Col1,9品：15元,
26,ROI2,Col1,10品：30元,
26,ROI2,Col2,王莽赶刘秀,
26,ROI2,Col2,出版社：河北美术,
26,ROI2,Col2,改编：洛康,
26,ROI2,Col2,绘画：解永钧 罗敬箴,
26,ROI2,Col2,84年8月1版1次64开,
26,ROI2,Col2,印数：16.5万定价：0.23元,
26,ROI2,Col2,市场交流价：,
26,ROI2,Col2,9品：10元,
26,ROI2,Col2,10品：15元,
26,ROI2,Col3,王安石的故事,
26,ROI2,Col3,出版社：江西人民,
26,ROI2,Col3,改编：王亮功,
26,ROI2,Col3,绘画：陈令长倪绍勇,
26,ROI2,Col3,83年5月1版1次64开,
26,ROI2,Col3,印数：3万定价：0.19元,
26,ROI2,Col3,市场交流价：,
26,ROI2,Col3,9品：15元,
26,ROI2,Col3,10品：35元,
26,ROI2,Col4,夫人城,
26,ROI2,Col4,出版社：上海人民美术,
26,ROI2,Col4,改编：田衣,
26,ROI2,Col4,绘画：于水吴声,
26,ROI2,Col4,83年2月2版5次64开,
26,ROI2,Col4,印数：21万定价：0.15元,
26,ROI2,Col4,市场交流价：,
26,ROI2,Col4,9品：15元,
26,ROI2,Col4,10品：35元,
27,ROI1,Col1,乌白旗,
27,ROI1,Col1,出版社：福建人民,
27,ROI1,Col1,改编：觉本氏,
27,ROI1,Col1,绘画：王企玫,
27,ROI1,Col1,80年4月1版1次60开,
27,ROI1,Col1,印数：34.05万定价：0.12元,
27,ROI1,Col1,市场交流价：,
27,ROI1,Col1,9品：30元,
27,ROI1,Col1,10品：80元,
27,ROI1,Col2,水浒故事(上下),
27,ROI1,Col2,出版社：人民美术,
27,ROI1,Col2,改编：白宇,
27,ROI1,Col2,绘画：韩硕施大畏,
27,ROI1,Col2,80年8月1版1次60开,
27,ROI1,Col2,印数：200万定价：0.24元,
27,ROI1,Col2,市场交流价：,
27,ROI1,Col2,9品：40元,
27,ROI1,Col2,10品：80元,
27,ROI1,Col3,历法风云,
27,ROI1,Col3,出版社：辽宁美术,
27,ROI1,Col3,改编：邹向前,
27,ROI1,Col3,绘画：胡克文,
27,ROI1,Col3,84年10月1版1次64开,
27,ROI1,Col3,印数：6.84万定价：0.26元,
27,ROI1,Col3,市场交流价：,
27,ROI1,Col3,9品：8元,
27,ROI1,Col3,10品：15元,
27,ROI1,Col4,历史上劳动人民的反孔斗争,
27,ROI1,Col4,出版社：上海人民,
27,ROI1,Col4,改编：本社,
27,ROI1,Col4,绘画：赵宏本等,
27,ROI1,Col4,75年7月1版1次64开,
27,ROI1,Col4,印数：未详定价：0.16元,
27,ROI1,Col4,市场交流价：,
27,ROI1,Col4,9品：60元,
27,ROI1,Col4,10品：180元,
27,ROI2,Col1,太平军痛打洋枪队,
27,ROI2,Col1,出版社：上海人民美术,
27,ROI2,Col1,改编：董阳声,
27,ROI2,Col1,绘画：陈光镒,
27,ROI2,Col1,78年1月1版1次64开,
27,ROI2,Col1,印数：未详定价：0.09元,
27,ROI2,Col1,市场交流价：,
27,ROI2,Col1,9品：25元,
27,ROI2,Col1,10品：60元,
27,ROI2,Col2,木棉庵,
27,ROI2,Col2,出版社：上海人民美术,
27,ROI2,Col2,改编：徐涂,
27,ROI2,Col2,绘画：徐恒瑜,
27,ROI2,Col2,83年11月1版1次64开,
27,ROI2,Col2,印数：23.85万定价：0.15元,
27,ROI2,Col2,市场交流价：,
27,ROI2,Col2,9品：25元,
27,ROI2,Col2,10品：70元,
27,ROI2,Col3,公子扶苏,
27,ROI2,Col3,出版社：江苏美术,
27,ROI2,Col3,改编：羽放,
27,ROI2,Col3,绘画：于水,
27,ROI2,Col3,84年9月1版1次64开,
27,ROI2,Col3,印数：10.39万定价：0.26元,
27,ROI2,Col3,市场交流价：,
27,ROI2,Col3,9品：10元,
27,ROI2,Col3,10品：20元,
27,ROI2,Col4,卞和三献宝,
27,ROI2,Col4,出版社：福建人民,
27,ROI2,Col4,改编：林正让,
27,ROI2,Col4,绘画：王井,
27,ROI2,Col4,81年4月1版1次64开,
27,ROI2,Col4,印数：21.038万定价：0.11元,
27,ROI2,Col4,市场交流价：,
27,ROI2,Col4,9品：20元,
27,ROI2,Col4,10品：40元,
28,ROI1,Col1,出版社：人民美术,
28,ROI1,Col1,改编：王亚平,
28,ROI1,Col1,绘画：张岳健,
28,ROI1,Col1,80年10月1版1次60开,
28,ROI1,Col1,印数：110万定价：0.19元,
28,ROI1,Col1,市场交流价：,
28,ROI1,Col1,9品：20元,
28,ROI1,Col1,10品：40元,
28,ROI1,Col2,年四旺,
28,ROI1,Col2,出版社：浙江人民,
28,ROI1,Col2,改编：集体,
28,ROI1,Col2,绘画：集体,
28,ROI1,Col2,66年1版1次64开,
28,ROI1,Col2,印数：未详定价：0.05元,
28,ROI1,Col2,市场交流价：,
28,ROI1,Col2,9品：450元,
28,ROI1,Col2,10品：900元,
28,ROI1,Col3,无私无畏干革命,
28,ROI1,Col3,出版社：湖北人民,
28,ROI1,Col3,改编：集体,
28,ROI1,Col3,绘画：集体,
28,ROI1,Col3,72年4月1版1次60开,
28,ROI1,Col3,印数：未祥定价：0.07元,
28,ROI1,Col3,市场交流价：,
28,ROI1,Col3,9品：100元,
28,ROI1,Col3,10品：200元,
28,ROI1,Col4,巴黎公社,
28,ROI1,Col4,出版社：浙江人民,
28,ROI1,Col4,改编：丛颂,
28,ROI1,Col4,绘画：张定华,
28,ROI1,Col4,72年2月1版2次60开,
28,ROI1,Col4,印数：未详定价：0.07元,
28,ROI1,Col4,市场交流价：,
28,ROI1,Col4,9品：10元,
28,ROI1,Col4,10品：25元,
28,ROI2,Col1,天罗地网,
28,ROI2,Col1,出版社：江西新华书店,
28,ROI2,Col1,改编：集体,
28,ROI2,Col1,绘画：集体,
28,ROI2,Col1,70年9月1版1次60开,
28,ROI2,Col1,印数：未详定价：0.07元,
28,ROI2,Col1,市场交流价：,
28,ROI2,Col1,9品：80元,
28,ROI2,Col1,10品：120元,
28,ROI2,Col2,比翼双飞,
28,ROI2,Col2,出版社：上海人民,
28,ROI2,Col2,改编：白克强,
28,ROI2,Col2,绘画：盛增祥,
28,ROI2,Col2,74年12月1版1次60开,
28,ROI2,Col2,印数：60万定价：0.10元,
28,ROI2,Col2,市场交流价：,
28,ROI2,Col2,9品：15元,
28,ROI2,Col2,10品：25元,
28,ROI2,Col3,井冈山的新赤卫队,
28,ROI2,Col3,出版社：江西省新华书店,
28,ROI2,Col3,改编：集体,
28,ROI2,Col3,绘画：集体,
28,ROI2,Col3,70年9月1版1次60开,
28,ROI2,Col3,印数：未详定价：0.07元,
28,ROI2,Col3,市场交流价：,
28,ROI2,Col3,9品：60元,
28,ROI2,Col3,10品：120元,
28,ROI2,Col4,云盘峰,
28,ROI2,Col4,出版社：湖北人民,
28,ROI2,Col4,改编：集体,
28,ROI2,Col4,绘画：集体,
28,ROI2,Col4,72年6月1版1次60开,
28,ROI2,Col4,印数：未详定价：0.08元,
28,ROI2,Col4,市场交流价：,
28,ROI2,Col4,9品：15元,
28,ROI2,Col4,10品：30元,
29,ROI1,Col1,水上交通站,
29,ROI1,Col1,出版社：江苏人民,
29,ROI1,Col1,改编：集体,
29,ROI1,Col1,绘画：沈行工等,
29,ROI1,Col1,74年2月1版1次60开,
29,ROI1,Col1,印数：40万定价：0.13元,
29,ROI1,Col1,市场交流价：,
29,ROI1,Col1,9品：15元,
29,ROI1,Col1,10品：30元,
29,ROI1,Col2,水上交通站,
29,ROI1,Col2,出版社：人民美术,
29,ROI1,Col2,改编：集体,
29,ROI1,Col2,绘画：沈行工等,
29,ROI1,Col2,74年9月1版2次64开,
29,ROI1,Col2,印数：200万定价：0.14元,
29,ROI1,Col2,市场交流价：,
29,ROI1,Col2,9品：10元,
29,ROI1,Col2,10品：20元,
29,ROI1,Col3,水上交通站,
29,ROI1,Col3,出版社：江西人民,
29,ROI1,Col3,改编：赵胜源,
29,ROI1,Col3,绘画：徐冬林,
29,ROI1,Col3,73年11月1版1次60开,
29,ROI1,Col3,印数：25万定价：0.14元,
29,ROI1,Col3,市场交流价：,
29,ROI1,Col3,9品：15元,
29,ROI1,Col3,10品：25元,
29,ROI1,Col4,水上交通站,
29,ROI1,Col4,出版社：黑龙江人民,
29,ROI1,Col4,改编：赵男,
29,ROI1,Col4,绘画：孙福林乔长义,
29,ROI1,Col4,75年6月1版1次64开,
29,ROI1,Col4,印数：10万定价：0.11元,
29,ROI1,Col4,市场交流价：,
29,ROI1,Col4,9品：15元,
29,ROI1,Col4,10品：25元,
29,ROI2,Col1,水上交通站,
29,ROI2,Col1,出版社：辽宁人民,
29,ROI2,Col1,改编：刘维仁孙景文,
29,ROI2,Col1,绘画：冯玉太,
29,ROI2,Col1,76年5月1版1次64开,
29,ROI2,Col1,印数：30万定价：0.11元,
29,ROI2,Col1,市场交流价：,
29,ROI2,Col1,9品：20元,
29,ROI2,Col1,10品：40元,
29,ROI2,Col2,水上交通站,
29,ROI2,Col2,出版社：上海人民,
29,ROI2,Col2,改编：陈梅鼎,
29,ROI2,Col2,绘画：戴敦邦许根荣,
29,ROI2,Col2,73年7月1版1次60开,
29,ROI2,Col2,印数：70万定价：0.11元,
29,ROI2,Col2,市场交流价：,
29,ROI2,Col2,9品：20元,
29,ROI2,Col2,10品：40元,
29,ROI2,Col3,水乡儿童团,
29,ROI2,Col3,出版社：江苏人民,
29,ROI2,Col3,改编：徐凤仪,
29,ROI2,Col3,绘画：郭荣,
29,ROI2,Col3,74年11月1版1次64开,
29,ROI2,Col3,印数：80万定价：0.14元,
29,ROI2,Col3,市场交流价：,
29,ROI2,Col3,9品：8元,
29,ROI2,Col3,10品：15元,
29,ROI2,Col4,水上擒敌,
29,ROI2,Col4,出版社：河北人民,
29,ROI2,Col4,改编：曹治淮,
29,ROI2,Col4,绘画：王怀骐,
29,ROI2,Col4,76年2月1版1次64开,
29,ROI2,Col4,印数：75万定价：0.08元,
29,ROI2,Col4,市场交流价：,
29,ROI2,Col4,9品：5元,
29,ROI2,Col4,10品：15元,
30,ROI1,Col1,优秀共产党员王恒德,
30,ROI1,Col1,出版社：陕西人民,
30,ROI1,Col1,改编：集体,
30,ROI1,Col1,绘画：集体,
30,ROI1,Col1,72年2月1版1次60开,
30,ROI1,Col1,印数：未祥定价：0.18元,
30,ROI1,Col1,市场交流价：,
30,ROI1,Col1,9品：60元,
30,ROI1,Col1,10品：150元,
30,ROI1,Col2,工人阶级硬骨头王芝桐,
30,ROI1,Col2,出版社：黑龙江人民,
30,ROI1,Col2,改编：集体,
30,ROI1,Col2,绘画：集体,
30,ROI1,Col2,71年9月1版1次60开,
30,ROI1,Col2,印数：未详定价：0.12元,
30,ROI1,Col2,市场交流价：,
30,ROI1,Col2,9品：40元,
30,ROI1,Col2,10品：100元,
30,ROI1,Col3,无产阶级优秀战士王国福,
30,ROI1,Col3,出版社：北京市新华书店,
30,ROI1,Col3,。 改编：集体,
30,ROI1,Col3,绘画：集体,
30,ROI1,Col3,70年4月1版1次60开,
30,ROI1,Col3,印数：未详定价：0.17元,
30,ROI1,Col3,市场交流价：,
30,ROI1,Col3,9品：60元,
30,ROI1,Col3,10品：120元,
30,ROI1,Col4,王国福的故事,
30,ROI1,Col4,出版社：人民美术,
30,ROI1,Col4,改编：集体,
30,ROI1,Col4,绘画：集体,
30,ROI1,Col4,77年2月1版1次64开,
30,ROI1,Col4,印数：50万定价：0.12元,
30,ROI1,Col4,市场交流价：,
30,ROI1,Col4,9品：15元,
30,ROI1,Col4,10品：25元,
30,ROI2,Col1,铁人王进喜,
30,ROI2,Col1,出版社：上海人民,
30,ROI2,Col1,改编：集体,
30,ROI2,Col1,绘画：集体,
30,ROI2,Col1,71年12月1版1次60开,
30,ROI2,Col1,印数：未详定价：0.14元,
30,ROI2,Col1,市场交流价：,
30,ROI2,Col1,9品：180元,
30,ROI2,Col1,10品：350元,
30,ROI2,Col2,铁人王进喜,
30,ROI2,Col2,出版社：上海人民,
30,ROI2,Col2,改编：集体,
30,ROI2,Col2,绘画：集体,
30,ROI2,Col2,77年5月1版1次64开,
30,ROI2,Col2,印数：未详定价：0.15元,
30,ROI2,Col2,市场交流价：,
30,ROI2,Col2,9品：20元,
30,ROI2,Col2,10品：60元,
30,ROI2,Col3,“铁人”王进喜,
30,ROI2,Col3,出版社：人民美术,
30,ROI2,Col3,编文：集体,
30,ROI2,Col3,绘画：集体,
30,ROI2,Col3,73年2月1版1次64开,
30,ROI2,Col3,印数：未详定价：0.14元,
30,ROI2,Col3,市场交流价：,
30,ROI2,Col3,9品：100元,
30,ROI2,Col3,10品：250元,
30,ROI2,Col4,铁人王进喜,
30,ROI2,Col4,出版社：黑龙江人民,
30,ROI2,Col4,编文：杨云庆,
30,ROI2,Col4,绘画：张冠哲,
30,ROI2,Col4,75年4月1版1次64开,
30,ROI2,Col4,印数：20万定价：0.10元,
30,ROI2,Col4,市场交流价：,
30,ROI2,Col4,9品：80元,
30,ROI2,Col4,10品：150元,
31,ROI1,Col1,无限忠于毛主席的川藏运输线上十英雄,
31,ROI1,Col1,出版社：天津人民美术,
31,ROI1,Col1,改编：集体,
31,ROI1,Col1,绘画：集体,
31,ROI1,Col1,70年1月1版1次60开,
31,ROI1,Col1,印数：未详定价：0.13元,
31,ROI1,Col1,市场交流价：,
31,ROI1,Col1,9品：300元,
31,ROI1,Col1,10品：800元,
31,ROI1,Col2,无限忠于毛主席的川藏运输线上十英雄,
31,ROI1,Col2,出版社：人民美术,
31,ROI1,Col2,改编：集体,
31,ROI1,Col2,绘画：集体,
31,ROI1,Col2,70年5月1版1次60开,
31,ROI1,Col2,印数：未详定价：0.09元,
31,ROI1,Col2,市场交流价：,
31,ROI1,Col2,9品：80元,
31,ROI1,Col2,10品：250元,
31,ROI1,Col3,王根凤,
31,ROI1,Col3,出版社：浙江工农画报社,
31,ROI1,Col3,改编：集体,
31,ROI1,Col3,绘画：集体,
31,ROI1,Col3,69年8月1版1次60开,
31,ROI1,Col3,印数：未详 定价：0.15元,
31,ROI1,Col3,市场交流价：,
31,ROI1,Col3,9品：200元,
31,ROI1,Col3,10品：400元,
31,ROI1,Col4,为革命战斗不息,
31,ROI1,Col4,出版社：辽人民,
31,ROI1,Col4,改编：集体,
31,ROI1,Col4,绘画：集体,
31,ROI1,Col4,72年4月1版1次60开,
31,ROI1,Col4,印数：未详定价：0.09元,
31,ROI1,Col4,市场交流价：,
31,ROI1,Col4,9品：40元,
31,ROI1,Col4,10品：120元,
31,ROI2,Col1,为革命献出最后一滴血,
31,ROI2,Col1,出版社：湖北人民,
31,ROI2,Col1,改编：集体,
31,ROI2,Col1,绘画：集体,
31,ROI2,Col1,72年4月2版1次60开,
31,ROI2,Col1,印数：未详定价：0.12元,
31,ROI2,Col1,市场交流价：,
31,ROI2,Col1,9品：40元,
31,ROI2,Col1,10品：120元,
31,ROI2,Col2,乌坚与小园,
31,ROI2,Col2,出版社：福建人民,
31,ROI2,Col2,改编：王琛,
31,ROI2,Col2,绘画：王琛銮,
31,ROI2,Col2,72年7月1版1次60开,
31,ROI2,Col2,印数：33万定价：0.08元,
31,ROI2,Col2,市场交流价：,
31,ROI2,Col2,9品：20元,
31,ROI2,Col2,10品：50元,
31,ROI2,Col3,王明福,
31,ROI2,Col3,出版社：营口市新华书店,
31,ROI2,Col3,改编：集体,
31,ROI2,Col3,绘画：集体,
31,ROI2,Col3,71年12月1版1次60开,
31,ROI2,Col3,印数：未详定价：0.10元,
31,ROI2,Col3,市场交流价：,
31,ROI2,Col3,9品：100元,
31,ROI2,Col3,10品：250元,
31,ROI2,Col4,王庆云,
31,ROI2,Col4,出版社：浙江人民,
31,ROI2,Col4,改编：集体,
31,ROI2,Col4,绘画：集体,
31,ROI2,Col4,71年6月1版1次60开,
31,ROI2,Col4,印数：未详定价：0.09元,
31,ROI2,Col4,市场交流价：,
31,ROI2,Col4,9品：80元,
31,ROI2,Col4,10品：200元,
32,ROI1,Col1,王英洲,
32,ROI1,Col1,出版社：湖北人民,
32,ROI1,Col1,改编：集体,
32,ROI1,Col1,绘画：集体,
32,ROI1,Col1,71年6月1版1次60开,
32,ROI1,Col1,印数：未详定价：0.16元,
32,ROI1,Col1,市场交流价：,
32,ROI1,Col1,9品：500元,
32,ROI1,Col1,10品：1500元,
32,ROI1,Col2,友谊的长城,
32,ROI1,Col2,出版社：江苏人民,
32,ROI1,Col2,改编：阎志强,
32,ROI1,Col2,绘画：武建华,
32,ROI1,Col2,74年12月1版1次64开,
32,ROI1,Col2,印数：65万定价：0.08元,
32,ROI1,Col2,市场交流价：,
32,ROI1,Col2,9品：10元,
32,ROI1,Col2,10品：20元,
32,ROI1,Col3,友谊之歌,
32,ROI1,Col3,出版社：江西人民,
32,ROI1,Col3,改编：本社,
32,ROI1,Col3,绘画：吴吉仁,
32,ROI1,Col3,73年6月1版1次60开,
32,ROI1,Col3,印数：25万定价：0.09元,
32,ROI1,Col3,市场交流价：,
32,ROI1,Col3,9品：15元,
32,ROI1,Col3,10品：25元,
32,ROI1,Col4,毛泽东思想的赞歌,
32,ROI1,Col4,出版社：辽宁人民美术,
32,ROI1,Col4,改编：集体,
32,ROI1,Col4,绘画：集体,
32,ROI1,Col4,68年2月1版1次60开,
32,ROI1,Col4,印数：未详定价：0.14元,
32,ROI1,Col4,市场交流价：,
32,ROI1,Col4,9品：450元,
32,ROI1,Col4,10品：1000元,
32,ROI2,Col1,风雪隆山岭,
32,ROI2,Col1,出版社：浙江人民,
32,ROI2,Col1,改编：金叙徐家胜,
32,ROI2,Col1,绘画：金叙徐家胜,
32,ROI2,Col1,76年4月1版1次60开,
32,ROI2,Col1,印数：未详定价：0.10元,
32,ROI2,Col1,市场交流价：,
32,ROI2,Col1,9品：15元,
32,ROI2,Col1,10品：30元,
32,ROI2,Col2,风雪红梅,
32,ROI2,Col2,出版社：湖北人民,
32,ROI2,Col2,改编：集体,
32,ROI2,Col2,绘画：潘直亮,
32,ROI2,Col2,73年8月1版1次60开,
32,ROI2,Col2,印数：20万定价：0.10元,
32,ROI2,Col2,市场交流价：,
32,ROI2,Col2,9品：20元,
32,ROI2,Col2,10品：40元,
32,ROI2,Col3,风波,
32,ROI2,Col3,出版社：上海人民,
32,ROI2,Col3,改编：林丹,
32,ROI2,Col3,绘画：桑麟康,
32,ROI2,Col3,77年9月1版1次64开,
32,ROI2,Col3,印数：未详定价：0.09元,
32,ROI2,Col3,市场交流价：,
32,ROI2,Col3,9品：8元,
32,ROI2,Col3,10品：15元,
32,ROI2,Col4,风雪哨所,
32,ROI2,Col4,出版社：辽宁人民,
32,ROI2,Col4,改编：苑书翰,
32,ROI2,Col4,绘画：辛宽良,
32,ROI2,Col4,74年11月1版1次64开,
32,ROI2,Col4,印数：100万定价：0.09元,
32,ROI2,Col4,市场交流价：,
32,ROI2,Col4,9品：5元,
32,ROI2,Col4,10品：10元,
33,ROI1,Col1,方向盘上的风波,
33,ROI1,Col1,出版社：广东人民,
33,ROI1,Col1,改编：集体,
33,ROI1,Col1,绘画：于秉正等,
33,ROI1,Col1,75年12月1版1次60开,
33,ROI1,Col1,印数：未详定价：0.07元,
33,ROI1,Col1,市场交流价：,
33,ROI1,Col1,9品：15元,
33,ROI1,Col1,10品：30元,
33,ROI1,Col2,方学全,
33,ROI1,Col2,出版社：云南人民,
33,ROI1,Col2,改编：集体,
33,ROI1,Col2,绘画：集体,
33,ROI1,Col2,72年4月1版1次60开,
33,ROI1,Col2,印数：13.05万定价：0.11元,
33,ROI1,Col2,市场交流价：,
33,ROI1,Col2,9品：60元,
33,ROI1,Col2,10品：150元,
33,ROI1,Col3,边卡驼铃,
33,ROI1,Col3,出版社：上海人民,
33,ROI1,Col3,改编：集体,
33,ROI1,Col3,绘画：集体,
33,ROI1,Col3,72年9月1版2次60开,
33,ROI1,Col3,印数：未详定价：0.09元,
33,ROI1,Col3,市场交流价：,
33,ROI1,Col3,9品：20元,
33,ROI1,Col3,10品：70元,
33,ROI1,Col4,王杰的故事,
33,ROI1,Col4,出版社：上海市出版革命组,
33,ROI1,Col4,改编：吴文焕,
33,ROI1,Col4,绘画：王仲清郑家声等,
33,ROI1,Col4,70年3月新版1次60开,
33,ROI1,Col4,印数：未详定价：0.20元,
33,ROI1,Col4,市场交流价：,
33,ROI1,Col4,9品：60元,
33,ROI1,Col4,10品：150元,
33,ROI2,Col1,边疆新人,
33,ROI2,Col1,出版社：甘肃人民,
33,ROI2,Col1,改编：集体,
33,ROI2,Col1,绘画：薛晓林,
33,ROI2,Col1,74年10月1版1次60开,
33,ROI2,Col1,印数：50万定价：0.10元,
33,ROI2,Col1,市场交流价：,
33,ROI2,Col1,9品：20元,
33,ROI2,Col1,10品：35元,
33,ROI2,Col2,0,
33,ROI2,Col2,边芝冈大捷,
33,ROI2,Col2,出版社：上海人民,
33,ROI2,Col2,改编：孟森耀,
33,ROI2,Col2,绘画：颜梅华张培础等,
33,ROI2,Col2,73年12月1版1次60开,
33,ROI2,Col2,印数：150万定价：0.08元,
33,ROI2,Col2,市场交流价：,
33,ROI2,Col2,9品：20元,
33,ROI2,Col2,10品：40元,
33,ROI2,Col3,边海红旗,
33,ROI2,Col3,出版社：广东人民,
33,ROI2,Col3,改编：集体,
33,ROI2,Col3,绘画：林华忠等,
33,ROI2,Col3,74年12月1版1次60开,
33,ROI2,Col3,印数：未详定价：0.12元,
33,ROI2,Col3,市场交流价：,
33,ROI2,Col3,9品：20元,
33,ROI2,Col3,10品：50元,
33,ROI2,Col4,边防线上,
33,ROI2,Col4,出版社：江西人民,
33,ROI2,Col4,改编：杜南,
33,ROI2,Col4,绘画：陈丹青,
33,ROI2,Col4,74年4月1版1次60开,
33,ROI2,Col4,印数：40万定价：0.08元,
33,ROI2,Col4,市场交流价：,
33,ROI2,Col4,9品：20元,
33,ROI2,Col4,10品：40元,
34,ROI1,Col1,斗川岛,
34,ROI1,Col1,出版社：江苏人民,
34,ROI1,Col1,改编：徐建时,
34,ROI1,Col1,绘画：顾乃深,
34,ROI1,Col1,74年4月1版2次60开,
34,ROI1,Col1,印数：110万 定价：0.12元,
34,ROI1,Col1,市场交流价：,
34,ROI1,Col1,9品：20元,
34,ROI1,Col1,10品：50元,
34,ROI1,Col2,斗川岛,
34,ROI1,Col2,出版社：辽宁美术,
34,ROI1,Col2,改编：刘凤桥,
34,ROI1,Col2,绘画：刘廷相,
34,ROI1,Col2,79年7月1版1次64开,
34,ROI1,Col2,印数：72.85万定价：0.17元,
34,ROI1,Col2,市场交流价：,
34,ROI1,Col2,9品：15元,
34,ROI1,Col2,10品：30元,
34,ROI1,Col3,斗牛,
34,ROI1,Col3,出版社：江西人民,
34,ROI1,Col3,改编：本社,
34,ROI1,Col3,绘画：谷青,
34,ROI1,Col3,73年12月1版1次60开,
34,ROI1,Col3,印数：35万定价：0.16元,
34,ROI1,Col3,市场交流价：,
34,ROI1,Col3,9品：15元,
34,ROI1,Col3,10品：25元,
34,ROI1,Col4,斗熊,
34,ROI1,Col4,出版社：天津人民美术,
34,ROI1,Col4,改编：金灼,
34,ROI1,Col4,绘画：丁世弼詹忠,
34,ROI1,Col4,79年4月1版1次64开,
34,ROI1,Col4,印数：50万定价：0.20元,
34,ROI1,Col4,市场交流价：,
34,ROI1,Col4,9品：20元,
34,ROI1,Col4,10品：40元,
34,ROI2,Col1,0,
34,ROI2,Col1,火烧“野牛”,
34,ROI2,Col1,出版社：浙江人民,
34,ROI2,Col1,改编：和逊,
34,ROI2,Col1,绘画：集体,
34,ROI2,Col1,74年2月1版1次60开,
34,ROI2,Col1,印数：100万 定价：0.10元,
34,ROI2,Col1,市场交流价：,
34,ROI2,Col1,9品：10元,
34,ROI2,Col1,10品：20元,
34,ROI2,Col2,火烧“野牛”,
34,ROI2,Col2,出版社：福建人民,
34,ROI2,Col2,改编：王琛,
34,ROI2,Col2,绘画：王琛銮,
34,ROI2,Col2,73年12月1版1次60开,
34,ROI2,Col2,印数：未详定价：0.13元,
34,ROI2,Col2,市场交流价：,
34,ROI2,Col2,9品：15元,
34,ROI2,Col2,10品：30元,
34,ROI2,Col3,火烧“野牛”,
34,ROI2,Col3,出版社：黑龙江人民,
34,ROI2,Col3,改编：刘华盛,
34,ROI2,Col3,绘画：姚勤赵延龄,
34,ROI2,Col3,74年11月1版1次64开,
34,ROI2,Col3,印数：40万定价：0.13元,
34,ROI2,Col3,市场交流价：,
34,ROI2,Col3,9品：15元,
34,ROI2,Col3,10品：25元,
34,ROI2,Col4,火苗,
34,ROI2,Col4,出版社：北京人民,
34,ROI2,Col4,改编：集体,
34,ROI2,Col4,绘画：陈扬睿等,
34,ROI2,Col4,76年2月1版1次60开,
34,ROI2,Col4,印数：未详定价：0.11元,
34,ROI2,Col4,市场交流价：,
34,ROI2,Col4,9品：10元,
34,ROI2,Col4,10品：20元,
35,ROI1,Col1,长征路上,
35,ROI1,Col1,出版社：天津人民美术,
35,ROI1,Col1,改编：定兴,
35,ROI1,Col1,绘画：邓秀刘建平等,
35,ROI1,Col1,74年10月1版2次64开,
35,ROI1,Col1,印数：未详定价：0.16元,
35,ROI1,Col1,市场交流价：,
35,ROI1,Col1,9品：15元,
35,ROI1,Col1,10品：25元,
35,ROI1,Col2,长空激战,
35,ROI1,Col2,出版社：广西人民,
35,ROI1,Col2,改编：红铁鹰广鹰文,
35,ROI1,Col2,绘画：红铁鹰广鹰文,
35,ROI1,Col2,73年7月1版2次60开,
35,ROI1,Col2,印数：80万定价：0.12元,
35,ROI1,Col2,市场交流价：,
35,ROI1,Col2,9品：15元,
35,ROI1,Col2,10品：25元,
35,ROI1,Col3,“公”树的秘密,
35,ROI1,Col3,出版社：天津人民美术,
35,ROI1,Col3,改编：陈沫,
35,ROI1,Col3,绘画：赵国经王美芳,
35,ROI1,Col3,77年11月1版1次64开,
35,ROI1,Col3,印数：未详定价：0.11元,
35,ROI1,Col3,市场交流价：,
35,ROI1,Col3,9品：15元,
35,ROI1,Col3,10品：40元,
35,ROI1,Col4,王孝和,
35,ROI1,Col4,出版社：上海人民美术,
35,ROI1,Col4,改编：大鲁,
35,ROI1,Col4,绘画：华三川,
35,ROI1,Col4,84年9月1版1次60开,
35,ROI1,Col4,印数：50万定价：0.28元,
35,ROI1,Col4,市场交流价：,
35,ROI1,Col4,9品：35元,
35,ROI1,Col4,10品：100元,
35,ROI2,Col1,历史上劳动妇女革命故事选,
35,ROI2,Col1,出版社：上海人民,
35,ROI2,Col1,改编：丁国联等,
35,ROI2,Col1,绘画：罗希贤等,
35,ROI2,Col1,75年11月1版1次64开,
35,ROI2,Col1,印数：未详定价：0.08元,
35,ROI2,Col1,市场交流价：,
35,ROI2,Col1,9品：15元,
35,ROI2,Col1,10品：30元,
35,ROI2,Col2,寸土不让,
35,ROI2,Col2,出版社：广东人民,
35,ROI2,Col2,编文：集体,
35,ROI2,Col2,绘画：集体,
35,ROI2,Col2,75年1月1版1次60开,
35,ROI2,Col2,印数：未详定价：0.05元,
35,ROI2,Col2,市场交流价：,
35,ROI2,Col2,9品：30元,
35,ROI2,Col2,10品：60元,
35,ROI2,Col3,心向北京,
35,ROI2,Col3,出版社：上海人民美术,
35,ROI2,Col3,编文：曾富源王为林,
35,ROI2,Col3,绘画：杨英镖,
35,ROI2,Col3,77年3月1版1次64开,
35,ROI2,Col3,印数：未详定价：0.15元,
35,ROI2,Col3,市场交流价：,
35,ROI2,Col3,9品：20元,
35,ROI2,Col3,10品：40元,
35,ROI2,Col4,火烧孔家店,
35,ROI2,Col4,出版社：吉林人民,
35,ROI2,Col4,改编：姜衍忠,
35,ROI2,Col4,绘画：王晓明等,
35,ROI2,Col4,76年1月1版1次64开,
35,ROI2,Col4,印数：80万定价：0.08元,
35,ROI2,Col4,市场交流价：,
35,ROI2,Col4,9品：10元,
35,ROI2,Col4,10品：20元,
36,ROI1,Col1,为革命造就一代新人,
36,ROI1,Col1,出版社：吉林人民,
36,ROI1,Col1,改编：集体,
36,ROI1,Col1,绘画：集体,
36,ROI1,Col1,70年8月1版1次60开,
36,ROI1,Col1,印数：未详定价：0.20元,
36,ROI1,Col1,市场交流价：,
36,ROI1,Col1,9品：200元,
36,ROI1,Col1,10品：400元,
36,ROI1,Col2,“公”字的凯歌,
36,ROI1,Col2,出版社：解放军文艺,
36,ROI1,Col2,改编：集体,
36,ROI1,Col2,绘画：集体,
36,ROI1,Col2,68年2月1版1次64开,
36,ROI1,Col2,印数：未详定价：0.19元,
36,ROI1,Col2,市场交流价：,
36,ROI1,Col2,9品：800元,
36,ROI1,Col2,10品：2000元,
36,ROI1,Col3,韦拔群(上下),
36,ROI1,Col3,出版社：上海人民美术,
36,ROI1,Col3,改编：宇文,
36,ROI1,Col3,绘画：钱生发,
36,ROI1,Col3,81年6月1版1次64开,
36,ROI1,Col3,印数：29万定价：0.14元,
36,ROI1,Col3,市场交流价：,
36,ROI1,Col3,9品：80元（全套）,
36,ROI1,Col3,10品：150元,
36,ROI1,Col4,东溪风波,
36,ROI1,Col4,出版社：天津人民美术,
36,ROI1,Col4,改编：秀云,
36,ROI1,Col4,绘画：丁世弼,
36,ROI1,Col4,85年1月1版1次64开,
36,ROI1,Col4,印数：23.37万定价：0.32元,
36,ROI1,Col4,市场交流价：,
36,ROI1,Col4,9品：20元（全套）,
36,ROI1,Col4,10品：30元,
36,ROI2,Col1,风暴,
36,ROI2,Col1,出版社：人民美术,
36,ROI2,Col1,改编：费声福吴兆修,
36,ROI2,Col1,绘画：费声福,
36,ROI2,Col1,77年11月2版2次60开,
36,ROI2,Col1,印数：100万定价：0.26元,
36,ROI2,Col1,市场交流价：,
36,ROI2,Col1,9品：50元,
36,ROI2,Col1,10品：100元,
36,ROI2,Col2,火种(上下),
36,ROI2,Col2,出版社：上海人民美术,
36,ROI2,Col2,改编：李大发,
36,ROI2,Col2,绘画：罗希贤,
36,ROI2,Col2,82年3月1版1次64开,
36,ROI2,Col2,印数：40万定价：2.00元,
36,ROI2,Col2,市场交流价：,
36,ROI2,Col2,9品：20元,
36,ROI2,Col2,10品：40元,
36,ROI2,Col3,火莲,
36,ROI2,Col3,出版社：长江文艺,
36,ROI2,Col3,改编：管和用,
36,ROI2,Col3,绘画：孙才清,
36,ROI2,Col3,84年5月1版1次64开,
36,ROI2,Col3,印数：30万定价：0.21元,
36,ROI2,Col3,市场交流价：,
36,ROI2,Col3,9品：10元,
36,ROI2,Col3,10品：20元,
36,ROI2,Col4,风雨如磐,
36,ROI2,Col4,出版社：岭南美术,
36,ROI2,Col4,编文：宗和,
36,ROI2,Col4,绘画：潘晋拔刘启端,
36,ROI2,Col4,81年12月1版1次64开,
36,ROI2,Col4,印数：未详定价：0.21元,
36,ROI2,Col4,市场交流价：,
36,ROI2,Col4,9品：10元,
36,ROI2,Col4,10品：20元,
36,FOOTNOTE,,,《韦拔群》下册少见
37,ROI1,Col1,少年爆炸队,
37,ROI1,Col1,出版社：陕西人民美术,
37,ROI1,Col1,改编：黄毅,
37,ROI1,Col1,绘画：张鹏,
37,ROI1,Col1,84年6月1版1次64开,
37,ROI1,Col1,印数：25万定价：0.22元,
37,ROI1,Col1,市场交流价：,
37,ROI1,Col1,9品：5元,
37,ROI1,Col1,10品：10元,
37,ROI1,Col2,少年彭德怀,
37,ROI1,Col2,出版社：四川人民,
37,ROI1,Col2,改编：龙懋勤,
37,ROI1,Col2,绘画：张文永,
37,ROI1,Col2,85年1月1版1次64开,
37,ROI1,Col2,印数：3.65万定价：0.24元,
37,ROI1,Col2,市场交流价：,
37,ROI1,Col2,9品：10元,
37,ROI1,Col2,10品：15元,
37,ROI1,Col3,少年从军记,
37,ROI1,Col3,出版社：辽宁美术,
37,ROI1,Col3,改编：于敏,
37,ROI1,Col3,绘画：于沙,
37,ROI1,Col3,84年2月1版1次64开,
37,ROI1,Col3,印数：28.9万 定价：0.22元,
37,ROI1,Col3,市场交流价：,
37,ROI1,Col3,9品：5元,
37,ROI1,Col3,10品：10元,
37,ROI1,Col4,方志敏,
37,ROI1,Col4,出版社：辽宁美术,
37,ROI1,Col4,改编：石景麟,
37,ROI1,Col4,绘画：李永志,
37,ROI1,Col4,81年4月1版1次64开,
37,ROI1,Col4,印数：3.299万定价：0.18元,
37,ROI1,Col4,市场交流价：,
37,ROI1,Col4,9品：20元,
37,ROI1,Col4,10品：30元,
37,ROI2,Col1,少帅传奇,
37,ROI2,Col1,出版社：宁夏人民,
37,ROI2,Col1,改编：王金中,
37,ROI2,Col1,绘画：季平等,
37,ROI2,Col1,84年10月1版1次64开,
37,ROI2,Col1,印数：41.04万定价：0.25元,
37,ROI2,Col1,市场交流价：,
37,ROI2,Col1,9品：10元,
37,ROI2,Col1,10品：15元,
37,ROI2,Col2,五妹告状,
37,ROI2,Col2,出版社：未来出版社,
37,ROI2,Col2,编文：李厚健,
37,ROI2,Col2,绘画：陈敏陆华等,
37,ROI2,Col2,85年8月1版1次64开,
37,ROI2,Col2,印数：30万定价：0.27元,
37,ROI2,Col2,市场交流价：,
37,ROI2,Col2,9品：5元,
37,ROI2,Col2,10品：15元,
37,ROI2,Col3,从奴隶到将军（上下）,
37,ROI2,Col3,出版社：上海人民美术,
37,ROI2,Col3,改编：钱志清,
37,ROI2,Col3,绘画：汪观清,
37,ROI2,Col3,83年10月1版1次64开,
37,ROI2,Col3,印数：12.5万定价：0.17元,
37,ROI2,Col3,市场交流价：,
37,ROI2,Col3,9品：30元,
37,ROI2,Col3,10品：50元,
37,ROI2,Col4,不准出生的人,
37,ROI2,Col4,出版社：人民美术,
37,ROI2,Col4,改编：陈述,
37,ROI2,Col4,绘画：诸韬,
37,ROI2,Col4,79年3月1版1次64开,
37,ROI2,Col4,印数：88万定价：0.16元,
37,ROI2,Col4,市场交流价：,
37,ROI2,Col4,9品：20元,
37,ROI2,Col4,10品：30元,
38,ROI1,Col1,太空里的强盗,
38,ROI1,Col1,出版社：河北美术,
38,ROI1,Col1,改编：韩永昌,
38,ROI1,Col1,绘者：杜凤宝,
38,ROI1,Col1,82年7月1版1次64开,
38,ROI1,Col1,印数：34.8万定价：0.11元,
38,ROI1,Col1,市场交流价：,
38,ROI1,Col1,9品：3元,
38,ROI1,Col1,10品：6元,
38,ROI1,Col2,太平镇血案,
38,ROI1,Col2,出版社：中州书画社,
38,ROI1,Col2,改编：乔好贤,
38,ROI1,Col2,绘画：谌孝安,
38,ROI1,Col2,81年7月1版1次64开,
38,ROI1,Col2,印数：93.5万 定价：0.15元,
38,ROI1,Col2,市场交流价：,
38,ROI1,Col2,9品：5元,
38,ROI1,Col2,10品：10元,
38,ROI1,Col3,木匠迎亲,
38,ROI1,Col3,出版社：上海人民美术,
38,ROI1,Col3,改编：吴其柔,
38,ROI1,Col3,绘画：盛亮贤 沈悌如,
38,ROI1,Col3,78年8月2版11次64开,
38,ROI1,Col3,印数：未详定价：0.11元,
38,ROI1,Col3,市场交流价：,
38,ROI1,Col3,9品：60元,
38,ROI1,Col3,10品：150元,
38,ROI1,Col4,木匠退亲,
38,ROI1,Col4,出版社：上海人民美术,
38,ROI1,Col4,改编：丁峰,
38,ROI1,Col4,绘画：庄根生,
38,ROI1,Col4,78年6月1版1次64开,
38,ROI1,Col4,印数：未详定价：0.10元,
38,ROI1,Col4,市场交流价：,
38,ROI1,Col4,9品：5元,
38,ROI1,Col4,10品：10元,
38,ROI2,Col1,水下尖兵,
38,ROI2,Col1,出版社：上海人民美术,
38,ROI2,Col1,改编：陈斌,
38,ROI2,Col1,绘画：孙宝堂,
38,ROI2,Col1,78年7月1版1次64开,
38,ROI2,Col1,印数：未详定价：0.09元,
38,ROI2,Col1,市场交流价：,
38,ROI2,Col1,9品：8元,
38,ROI2,Col1,10品：15元,
38,ROI2,Col2,水冲龙王庙,
38,ROI2,Col2,出版社：人民美术,
38,ROI2,Col2,改编：周调,
38,ROI2,Col2,绘者：蔡超,
38,ROI2,Col2,82年9月1版1次60开,
38,ROI2,Col2,印数：53万定价：0.14元,
38,ROI2,Col2,市场交流价：,
38,ROI2,Col2,9品：20元,
38,ROI2,Col2,10品：40元,
38,ROI2,Col3,天山深处的“大兵”,
38,ROI2,Col3,出版社：上海人民美术,
38,ROI2,Col3,改编：郑谋梅,
38,ROI2,Col3,绘画：金奎,
38,ROI2,Col3,83年11月1版1次64开,
38,ROI2,Col3,印数：10万定价：0.14元,
38,ROI2,Col3,市场交流价：,
38,ROI2,Col3,9品：10元,
38,ROI2,Col3,10品：15元,
38,ROI2,Col4,天涯芳草,
38,ROI2,Col4,出版社：人民美术,
38,ROI2,Col4,改编：胡斌,
38,ROI2,Col4,绘画：胡斌,
38,ROI2,Col4,82年1月1版1次64开,
38,ROI2,Col4,印数：54万定价：0.14元,
38,ROI2,Col4,市场交流价：,
38,ROI2,Col4,9品：5元,
38,ROI2,Col4,10品：8元,
39,ROI1,Col1,艺海群英(上),
39,ROI1,Col1,出版社：中国曲艺,
39,ROI1,Col1,改编：学伟,
39,ROI1,Col1,绘画：翟欣建曹立伟,
39,ROI1,Col1,64开定价：0.20元,
39,ROI1,Col1,印数：未详,
39,ROI1,Col1,市场交流价：,
39,ROI1,Col1,9品：15元,
39,ROI1,Col1,10品：20元,
39,ROI1,Col2,艺海群英(下),
39,ROI1,Col2,出版社：中国曲艺,
39,ROI1,Col2,改编：学伟,
39,ROI1,Col2,绘画：翟欣建 曹立伟,
39,ROI1,Col2,64开印数：未详,
39,ROI1,Col2,定价：0.20元,
39,ROI1,Col2,市场交流价：,
39,ROI1,Col2,9品：10元,
39,ROI1,Col2,10品：15元,
39,ROI1,Col3,艺林女杰,
39,ROI1,Col3,出版社：辽宁美术,
39,ROI1,Col3,改编：缪德彰,
39,ROI1,Col3,绘画：史殿生,
39,ROI1,Col3,85年10月1版1次64开,
39,ROI1,Col3,印数：1.25万定价：0.30元,
39,ROI1,Col3,市场交流价：,
39,ROI1,Col3,9品：15元,
39,ROI1,Col3,10品：20元,
39,ROI1,Col4,内当家,
39,ROI1,Col4,出版社：上海人民美术,
39,ROI1,Col4,改编：刘矛潭,
39,ROI1,Col4,绘画：杜恒范,
39,ROI1,Col4,83年5月1版1次64开,
39,ROI1,Col4,印数：17万定价：0.11元,
39,ROI1,Col4,市场交流价：,
39,ROI1,Col4,9品：5元,
39,ROI1,Col4,10品：15元,
39,ROI2,Col1,内奸,
39,ROI2,Col1,出版社：上海人民美术,
39,ROI2,Col1,改编：郑谋梅,
39,ROI2,Col1,绘画：胡震国王守中,
39,ROI2,Col1,81年5月1版1次64开,
39,ROI2,Col1,印数：70万定价：0.15元,
39,ROI2,Col1,市场交流价：,
39,ROI2,Col1,9品：15元,
39,ROI2,Col1,10品：25元,
39,ROI2,Col2,长征途中,
39,ROI2,Col2,出版社：江西人民,
39,ROI2,Col2,改编：王树华,
39,ROI2,Col2,绘画：邱胜贤,
39,ROI2,Col2,77年12月1版1次64开,
39,ROI2,Col2,印数：10万定价：0.11元,
39,ROI2,Col2,市场交流价：,
39,ROI2,Col2,9品：5元,
39,ROI2,Col2,10品：15元,
39,ROI2,Col3,方向盘,
39,ROI2,Col3,出版社：天津人民美术,
39,ROI2,Col3,改编：水世戴,
39,ROI2,Col3,绘画：尚金声等,
39,ROI2,Col3,77年9月1版1次64开,
39,ROI2,Col3,印数：未详定价：0.09元,
39,ROI2,Col3,市场交流价：,
39,ROI2,Col3,9品：5元,
39,ROI2,Col3,10品：10元,
39,ROI2,Col4,开河之前,
39,ROI2,Col4,出版社：上海人民,
39,ROI2,Col4,改编：王良莹,
39,ROI2,Col4,绘画：集体,
39,ROI2,Col4,77年7月1版1次64开,
39,ROI2,Col4,印数：未详定价：0.07元,
39,ROI2,Col4,市场交流价：,
39,ROI2,Col4,9品：8元,
39,ROI2,Col4,10品：15元,
39,FOOTNOTE,,,《艺海群英》未标明出版年份
40,ROI1,Col1,风雨双河,
40,ROI1,Col1,出版社：江苏美术,
40,ROI1,Col1,改编：叶庆瑞,
40,ROI1,Col1,绘画：胡博综,
40,ROI1,Col1,84年12月1版1次64开,
40,ROI1,Col1,印数：10.26万定价：0.27元,
40,ROI1,Col1,市场交流价：,
40,ROI1,Col1,9品：15元,
40,ROI1,Col1,10品：25元,
40,ROI1,Col2,风雨罗霄路,
40,ROI1,Col2,出版社：浙江人民,
40,ROI1,Col2,改编：王良莹,
40,ROI1,Col2,绘画：张昌洵,
40,ROI1,Col2,78年6月1版1次64开,
40,ROI1,Col2,印数：未详定价：0.09元,
40,ROI1,Col2,市场交流价：,
40,ROI1,Col2,9品：15元,
40,ROI1,Col2,10品：30元,
40,ROI1,Col3,风雨罗霄路,
40,ROI1,Col3,出版社：江苏人民,
40,ROI1,Col3,改编：孙剑影,
40,ROI1,Col3,绘画：张天寿,
40,ROI1,Col3,79年4月1版1次64开,
40,ROI1,Col3,印数：30万 定价：0.11元,
40,ROI1,Col3,市场交流价：,
40,ROI1,Col3,9品：25元,
40,ROI1,Col3,10品：45元,
40,ROI1,Col4,风雨罗霄路,
40,ROI1,Col4,出版社：黑龙江人民,
40,ROI1,Col4,改编：曾宪宇,
40,ROI1,Col4,绘画：仲札等,
40,ROI1,Col4,81年5月1版1次64开,
40,ROI1,Col4,印数：5.6万定价：0.09元,
40,ROI1,Col4,市场交流价：,
40,ROI1,Col4,9品：10元,
40,ROI1,Col4,10品：20元,
40,ROI2,Col1,丹心谱,
40,ROI2,Col1,出版社：人民美术,
40,ROI2,Col1,改编：任宝贤等,
40,ROI2,Col1,绘画：关景宇赵宝林,
40,ROI2,Col1,80年2月1版1次64开,
40,ROI2,Col1,印数：29万定价：0.26元,
40,ROI2,Col1,市场交流价：,
40,ROI2,Col1,9品：15元,
40,ROI2,Col1,10品：30元,
40,ROI2,Col2,无花果,
40,ROI2,Col2,出版社：上海人民美术,
40,ROI2,Col2,编文：叶文玲,
40,ROI2,Col2,绘画：叶雄,
40,ROI2,Col2,80年3月1版1次64开,
40,ROI2,Col2,印数：20万定价：0.12元,
40,ROI2,Col2,市场交流价：,
40,ROI2,Col2,9品：8元,
40,ROI2,Col2,10品：15元,
40,ROI2,Col3,无敌的战士,
40,ROI2,Col3,出版社：辽宁美术,
40,ROI2,Col3,改编：辛果,
40,ROI2,Col3,绘画：刘端吴成槐,
40,ROI2,Col3,81年1月1版1次64开,
40,ROI2,Col3,印数：114万定价：0.17元,
40,ROI2,Col3,市场交流价：,
40,ROI2,Col3,9品：4元,
40,ROI2,Col3,10品：8元,
40,ROI2,Col4,为奴隶的母亲,
40,ROI2,Col4,出版社：人民美术,
40,ROI2,Col4,改编：张友元,
40,ROI2,Col4,绘画：陈文杰,
40,ROI2,Col4,83年11月1版1次64开,
40,ROI2,Col4,印数：17.5万定价：0.12元,
40,ROI2,Col4,市场交流价：,
40,ROI2,Col4,S,
40,ROI2,Col4,9品：20元,
40,ROI2,Col4,10品：40元,
41,ROI1,Col1,公鸡老大,
41,ROI1,Col1,出版社：浙江少年儿童,
41,ROI1,Col1,改编：云旋等,
41,ROI1,Col1,绘画：范生福王重义,
41,ROI1,Col1,84年12月1版1次64开,
41,ROI1,Col1,印数：3.65定价：0.20元,
41,ROI1,Col1,市场交流价：,
41,ROI1,Col1,9品：10元,
41,ROI1,Col1,10品：20元,
41,ROI1,Col2,丰收,
41,ROI1,Col2,出版社：上海人民美术,
41,ROI1,Col2,改编：吴其柔,
41,ROI1,Col2,绘画：谌孝安,
41,ROI1,Col2,82年2月1版1次64开,
41,ROI1,Col2,印数：20万定价：0.17元,
41,ROI1,Col2,市场交流价：,
41,ROI1,Col2,9品：15元,
41,ROI1,Col2,10品：25元,
41,ROI1,Col3,六十年的变迁（一）,
41,ROI1,Col3,出版社：长江文艺,
41,ROI1,Col3,改编：赵祥汉,
41,ROI1,Col3,绘画：查加伍,
41,ROI1,Col3,84年11月1版1次64开,
41,ROI1,Col3,印数：13.3万定价：0.30元,
41,ROI1,Col3,市场交流价：,
41,ROI1,Col3,9品：10元,
41,ROI1,Col3,10品：20元,
41,ROI1,Col4,月秀山下的阴影,
41,ROI1,Col4,出版社：北京,
41,ROI1,Col4,改编：郑清川陈寓中,
41,ROI1,Col4,绘画：兆钟伟 曾琦,
41,ROI1,Col4,81年6月1版1次60开,
41,ROI1,Col4,印数：125万定价：0.17元,
41,ROI1,Col4,市场交流价：,
41,ROI1,Col4,9品：5元,
41,ROI1,Col4,10品：10元,
41,ROI2,Col1,风雪雄鹰,
41,ROI2,Col1,出版社：天津人民美术,
41,ROI2,Col1,改编：海力,
41,ROI2,Col1,绘画：余友力韩书力,
41,ROI2,Col1,77年9月1版1次64开,
41,ROI2,Col1,印数：未详定价：0.11元,
41,ROI2,Col1,市场交流价：,
41,ROI2,Col1,9品：10元,
41,ROI2,Col1,10品：20元,
41,ROI2,Col2,“支支”历险记,
41,ROI2,Col2,出版社：浙江人民美术,
41,ROI2,Col2,改编：辽洋胡霜,
41,ROI2,Col2,绘画：罗枫,
41,ROI2,Col2,85年4月1版1次64开,
41,ROI2,Col2,印数：8.15万定价：0.19元,
41,ROI2,Col2,市场交流价：,
41,ROI2,Col2,9品：5元,
41,ROI2,Col2,10品：10元,
41,ROI2,Col3,井冈红缨,
41,ROI2,Col3,出版社：上海人民美术,
41,ROI2,Col3,改编：孙海浪,
41,ROI2,Col3,绘画：易至群,
41,ROI2,Col3,80年2月1版1次64开,
41,ROI2,Col3,印数：80万 定价：0.14元,
41,ROI2,Col3,市场交流价：,
41,ROI2,Col3,9品：5元,
41,ROI2,Col3,10品：10元,
41,ROI2,Col4,中国人,
41,ROI2,Col4,出版社：广西人民,
41,ROI2,Col4,改编：徐志强,
41,ROI2,Col4,绘画：梁启德,
41,ROI2,Col4,84年5月1版1次64开,
41,ROI2,Col4,印数：28.95万定价：0.29元,
41,ROI2,Col4,市场交流价：,
41,ROI2,Col4,9品：10元,
41,ROI2,Col4,10品：20元,
42,ROI1,Col1,贝拉,
42,ROI1,Col1,出版社：天津人民美术,
42,ROI1,Col1,改编：林珂,
42,ROI1,Col1,绘画：俞晓夫,
42,ROI1,Col1,83年3月1版1次60开,
42,ROI1,Col1,印数：13.5万定价：0.11元,
42,ROI1,Col1,市场交流价：,
42,ROI1,Col1,9品：15元,
42,ROI1,Col1,10品：30元,
42,ROI1,Col2,丘克与盖克,
42,ROI1,Col2,出版社：广西人民,
42,ROI1,Col2,改编：潘荣才,
42,ROI1,Col2,绘画：立民双草,
42,ROI1,Col2,82年6月1版1次64开,
42,ROI1,Col2,印数：18.1万定价：0.12元,
42,ROI1,Col2,市场交流价：,
42,ROI1,Col2,9品：10元,
42,ROI1,Col2,10品：35元,
42,ROI1,Col3,丘克和盖克,
42,ROI1,Col3,出版社：辽宁美术,
42,ROI1,Col3,改编：文竹风,
42,ROI1,Col3,绘画：薛雁群,
42,ROI1,Col3,85年1月1版1次64开,
42,ROI1,Col3,印数：5.53万 定价：0.30元,
42,ROI1,Col3,市场交流价：,
42,ROI1,Col3,9品：10元,
42,ROI1,Col3,10品：30元,
42,ROI1,Col4,丘克和盖克,
42,ROI1,Col4,出版社：上海人民美术,
42,ROI1,Col4,改编：任鑫娣,
42,ROI1,Col4,绘者：管齐骏,
42,ROI1,Col4,81年5月1版1次64开,
42,ROI1,Col4,印数：20万定价：0.09元,
42,ROI1,Col4,市场交流价：,
42,ROI1,Col4,9品：10元,
42,ROI1,Col4,10品：20元,
42,ROI2,Col1,王子与贫儿,
42,ROI2,Col1,出版社：人民美术,
42,ROI2,Col1,改编：周扬,
42,ROI2,Col1,绘画：徐锡林,
42,ROI2,Col1,81年5月1版1次64开,
42,ROI2,Col1,印数：100万定价：0.17元,
42,ROI2,Col1,市场交流价：,
42,ROI2,Col1,9品：10元,
42,ROI2,Col1,10品：20元,
42,ROI2,Col2,王子与贫儿(上下),
42,ROI2,Col2,出版社：辽宁美术,
42,ROI2,Col2,改编：叶惠元贺书昌,
42,ROI2,Col2,绘画：丘玮,
42,ROI2,Col2,84年4月1版1次64开,
42,ROI2,Col2,印数：12.5万定价：0.32元,
42,ROI2,Col2,市场交流价：,
42,ROI2,Col2,9品：15元（全套）,
42,ROI2,Col2,10品：25元,
42,ROI2,Col3,王子复仇记,
42,ROI2,Col3,出版社：人民美术,
42,ROI2,Col3,改编：志中,
42,ROI2,Col3,绘者：胡克文,
42,ROI2,Col3,81年9月1版1次64开,
42,ROI2,Col3,印数：89万定价：0.15元,
42,ROI2,Col3,市场交流价：,
42,ROI2,Col3,9品：15元,
42,ROI2,Col3,10品：25元,
42,ROI2,Col4,公主的羽衣,
42,ROI2,Col4,出版社：湖南少年儿童,
42,ROI2,Col4,改编：崔合美,
42,ROI2,Col4,绘画：庞邦本,
42,ROI2,Col4,85年1月1版1次64开,
42,ROI2,Col4,印数：20万定价：0.33元,
42,ROI2,Col4,市场交流价：,
42,ROI2,Col4,9品：20元,
42,ROI2,Col4,10品：40元,
43,ROI1,Col1,以革命的名义,
43,ROI1,Col1,出版社：人民美术,
43,ROI1,Col1,改编：朱新晖大苗,
43,ROI1,Col1,绘者：董洪元王重义,
43,ROI1,Col1,82年6月2版2次64开,
43,ROI1,Col1,印数：41万定价：0.26元,
43,ROI1,Col1,市场交流价：,
43,ROI1,Col1,9品：20元,
43,ROI1,Col1,10品：45元,
43,ROI1,Col2,以革命的名义,
43,ROI1,Col2,出版社：浙江人民美术,
43,ROI1,Col2,改编：陈云生,
43,ROI1,Col2,绘画：雷德祖雷似祖,
43,ROI1,Col2,83年2月1版1次64开,
43,ROI1,Col2,印数：4.7万定价：0.18元,
43,ROI1,Col2,市场交流价：,
43,ROI1,Col2,9品：30元,
43,ROI1,Col2,10品：80元,
43,ROI1,Col3,六千浬寻母记,
43,ROI1,Col3,出版社：辽宁美术,
43,ROI1,Col3,改编：邹洪根,
43,ROI1,Col3,绘画：潘胜奎,
43,ROI1,Col3,84年10月1版1次64开,
43,ROI1,Col3,印数：15.45万定价：0.20元,
43,ROI1,Col3,市场交流价：,
43,ROI1,Col3,9品：10元,
43,ROI1,Col3,10品：15元,
43,ROI1,Col4,六千哩寻母,
43,ROI1,Col4,出版社：上海人民美术,
43,ROI1,Col4,改编：胡雁,
43,ROI1,Col4,绘画：贺友直,
43,ROI1,Col4,82年5月1版7次64开,
43,ROI1,Col4,印数：66.1万定价：0.12元,
43,ROI1,Col4,市场交流价：,
43,ROI1,Col4,9品：15元,
43,ROI1,Col4,10品：25元,
43,ROI2,Col1,无产阶级的歌,
43,ROI2,Col1,出版社：人民美术,
43,ROI2,Col1,改编：吴兆修,
43,ROI2,Col1,绘画：陈衍宁汤小铭,
43,ROI2,Col1,74年8月1版1次60开,
43,ROI2,Col1,印数：210万定价：0.12元,
43,ROI2,Col1,市场交流价：,
43,ROI2,Col1,9品：10元,
43,ROI2,Col1,10品：20元,
43,ROI2,Col2,幻灭(上下),
43,ROI2,Col2,出版社：福建人民,
43,ROI2,Col2,改编：薛蔚,
43,ROI2,Col2,绘画：程嬗,
43,ROI2,Col2,83年12月1版1次64开,
43,ROI2,Col2,印数：18.35万定价：0.21元,
43,ROI2,Col2,市场交流价：,
43,ROI2,Col2,9品：10元（全套）,
43,ROI2,Col2,10品：15元,
43,ROI2,Col3,幻灭,
43,ROI2,Col3,出版社：人民美术,
43,ROI2,Col3,改编：淑均,
43,ROI2,Col3,绘者：广军,
43,ROI2,Col3,85年2月1版1次64开,
43,ROI2,Col3,印数：10万定价：0.55元,
43,ROI2,Col3,市场交流价：,
43,ROI2,Col3,9品：25元,
43,ROI2,Col3,10品：35元,
43,ROI2,Col4,气球探险记,
43,ROI2,Col4,出版社：广西人民,
43,ROI2,Col4,改编：王远,
43,ROI2,Col4,绘画：黄宗湖,
43,ROI2,Col4,84年12月1版1次64开,
43,ROI2,Col4,印数：34万定价：0.21元,
43,ROI2,Col4,市场交流价：,
43,ROI2,Col4,9品：10元,
43,ROI2,Col4,10品：25元,
44,ROI1,Col1,少年鼓手的命运,
44,ROI1,Col1,出版社：辽宁美术,
44,ROI1,Col1,改编：庄宏安,
44,ROI1,Col1,绘画：李冠国,
44,ROI1,Col1,85年4月1版2次64开,
44,ROI1,Col1,印数：25.93万定价：0.38元,
44,ROI1,Col1,市场交流价：,
44,ROI1,Col1,9品：15元,
44,ROI1,Col1,10品：20元,
44,ROI1,Col2,少年鼓手的命运,
44,ROI1,Col2,出版社：上海人民美术,
44,ROI1,Col2,改编：顾光,
44,ROI1,Col2,绘画：吴瑞龙,
44,ROI1,Col2,80年11月1版1次64开,
44,ROI1,Col2,印数：75万定价：0.13元,
44,ROI1,Col2,市场交流价：,
44,ROI1,Col2,9品：12元,
44,ROI1,Col2,10品：20元,
44,ROI1,Col3,巴黎圣母院,
44,ROI1,Col3,出版社：吉林人民,
44,ROI1,Col3,改编：颖萱,
44,ROI1,Col3,绘画：王新斌、曹淑琴,
44,ROI1,Col3,80年11月1版1次64开,
44,ROI1,Col3,印数：34.406万定价：0.15元,
44,ROI1,Col3,市场交流价：,
44,ROI1,Col3,9品：20元,
44,ROI1,Col3,10品：40元,
44,ROI1,Col4,巴黎公社小英雄,
44,ROI1,Col4,出版社：上海人民美术,
44,ROI1,Col4,改编：赵一新,
44,ROI1,Col4,绘画：丁荣魁,
44,ROI1,Col4,79年8月1版1次64开,
44,ROI1,Col4,印数：13万定价：0.14元,
44,ROI1,Col4,市场交流价：,
44,ROI1,Col4,9品：25元,
44,ROI1,Col4,10品：50元,
44,ROI2,Col1,牛虻,
44,ROI2,Col1,出版社：辽宁美术,
44,ROI2,Col1,改编：吉志西,
44,ROI2,Col1,绘画：胡克礼,
44,ROI2,Col1,80年7月1版1次64开,
44,ROI2,Col1,印数：48万定价：0.24元,
44,ROI2,Col1,市场交流价：,
44,ROI2,Col1,9品：10元,
44,ROI2,Col1,10品：30元,
44,ROI2,Col2,马可·波罗,
44,ROI2,Col2,出版社：上海人民美术,
44,ROI2,Col2,改编：费成康陈梅龙,
44,ROI2,Col2,绘画：江云,
44,ROI2,Col2,82年2月1版1次64开,
44,ROI2,Col2,印数：20万定价：0.16元,
44,ROI2,Col2,市场交流价：,
44,ROI2,Col2,9品：8元,
44,ROI2,Col2,10品：15元,
44,ROI2,Col3,无头骑士,
44,ROI2,Col3,出版社：内蒙古人民,
44,ROI2,Col3,改编：晓莲,
44,ROI2,Col3,绘画：沈勇,
44,ROI2,Col3,84年12月1版1次64开,
44,ROI2,Col3,印数：40万定价：0.24元,
44,ROI2,Col3,市场交流价：,
44,ROI2,Col3,9品：10元,
44,ROI2,Col3,10品：15元,
44,ROI2,Col4,从马夫到戏剧大师,
44,ROI2,Col4,出版社：四川少年儿童,
44,ROI2,Col4,改编：王丽英王素一,
44,ROI2,Col4,绘者：英浩胡若军,
44,ROI2,Col4,84年11月1版1次64开,
44,ROI2,Col4,印数：13.82万定价：0.16元,
44,ROI2,Col4,市场交流价：,
44,ROI2,Col4,9品：10元,
44,ROI2,Col4,10品：20元,
45,ROI1,Col1,贝多芬,
45,ROI1,Col1,出版社：上海人民美术,
45,ROI1,Col1,改编：甘礼乐,
45,ROI1,Col1,绘画：崔君沛金冈,
45,ROI1,Col1,82年9月1版1次64开,
45,ROI1,Col1,印数：8.5万定价：0.17元,
45,ROI1,Col1,市场交流价：,
45,ROI1,Col1,9品：10元,
45,ROI1,Col1,10品：25元,
45,ROI1,Col2,木偶奇遇记,
45,ROI1,Col2,出版社：天津人民美术,
45,ROI1,Col2,改编：张若,
45,ROI1,Col2,绘画：吴文渊,
45,ROI1,Col2,80年8月1版1次60开,
45,ROI1,Col2,印数：14万定价：0.22元,
45,ROI1,Col2,市场交流价：,
45,ROI1,Col2,9品：20元,
45,ROI1,Col2,10品：30元,
45,ROI1,Col3,木偶奇遇记,
45,ROI1,Col3,出版社：北京出版,
45,ROI1,Col3,改编：李菁,
45,ROI1,Col3,绘画：东海,
45,ROI1,Col3,81年2月1版1次64开,
45,ROI1,Col3,印数：未详定价：0.11元,
45,ROI1,Col3,市场交流价：,
45,ROI1,Col3,9品：20元,
45,ROI1,Col3,10品：40元,
45,ROI1,Col4,木偶奇遇记,
45,ROI1,Col4,出版社：四川人民,
45,ROI1,Col4,改编：沙铁军,
45,ROI1,Col4,绘画：皱世俊王良瑜,
45,ROI1,Col4,81年7月1版1次64开,
45,ROI1,Col4,印数：22万定价：0.18元,
45,ROI1,Col4,市场交流价：,
45,ROI1,Col4,9品：20元,
45,ROI1,Col4,10品：30元,
45,ROI2,Col1,白娘子,
45,ROI2,Col1,出版社：江苏人民,
45,ROI2,Col1,改编：吴芝君汪宜蕾,
45,ROI2,Col1,绘画：秀公新昌,
45,ROI2,Col1,79年4月1版1次64开,
45,ROI2,Col1,印数：60万定价：0.13元,
45,ROI2,Col1,市场交流价：,
45,ROI2,Col1,9品：8元,
45,ROI2,Col1,10品：15元,
45,ROI2,Col2,白蛇传,
45,ROI2,Col2,出版社：黑龙江人民,
45,ROI2,Col2,改编：邹向前,
45,ROI2,Col2,绘画：姜录,
45,ROI2,Col2,82年6月1版1次64开,
45,ROI2,Col2,印数：28.45万定价：0.17元,
45,ROI2,Col2,市场交流价：,
45,ROI2,Col2,9品：10元,
45,ROI2,Col2,10品：20元,
45,ROI2,Col3,白蛇传,
45,ROI2,Col3,出版社：人民美术,
45,ROI2,Col3,改编：路南,
45,ROI2,Col3,绘者：孟庆江,
45,ROI2,Col3,81年3月1版1次64开,
45,ROI2,Col3,印数：134万定价：0.18元,
45,ROI2,Col3,市场交流价：,
45,ROI2,Col3,9品：15元,
45,ROI2,Col3,10品：25元,
45,ROI2,Col4,白蛇传,
45,ROI2,Col4,出版社：上海人民美术,
45,ROI2,Col4,改编：厉建祖,
45,ROI2,Col4,绘画：孙昌茵,
45,ROI2,Col4,81年9月1版1次64开,
45,ROI2,Col4,印数：115万定价：0.17元,
45,ROI2,Col4,市场交流价：,
45,ROI2,Col4,9品：20元,
45,ROI2,Col4,10品：40元,
46,ROI1,Col1,龙女牧羊,
46,ROI1,Col1,出版社：岭南美术,
46,ROI1,Col1,改编：孙锦常,
46,ROI1,Col1,绘画：卢延光,
46,ROI1,Col1,83年1月1版1次64开,
46,ROI1,Col1,印数：10万定价：0.21元,
46,ROI1,Col1,市场交流价：,
46,ROI1,Col1,9品：50元,
46,ROI1,Col1,10品：110元,
46,ROI1,Col2,龙犬驸马,
46,ROI1,Col2,出版社：岭南美术,
46,ROI1,Col2,改编：李英群,
46,ROI1,Col2,绘画：姚柏钟荣,
46,ROI1,Col2,87年7月1版1次64开,
46,ROI1,Col2,印数：未详定价：0.29元,
46,ROI1,Col2,市场交流价：,
46,ROI1,Col2,9品：30元,
46,ROI1,Col2,10品：50元,
46,ROI1,Col3,玄武门事变,
46,ROI1,Col3,出版社：黑龙江美术,
46,ROI1,Col3,改编：高铁林,
46,ROI1,Col3,绘画：孙承民,
46,ROI1,Col3,84年10月1版1次64开,
46,ROI1,Col3,印数：18.6万定价：0.24元,
46,ROI1,Col3,市场交流价：,
46,ROI1,Col3,9品：5元,
46,ROI1,Col3,10品：10元,
46,ROI1,Col4,玄武门之变,
46,ROI1,Col4,出版社：岭南美术,
46,ROI1,Col4,改编：金谷,
46,ROI1,Col4,绘画：庞先健,
46,ROI1,Col4,83年3月1版1次64开,
46,ROI1,Col4,印数：32.47万定价：0.27元,
46,ROI1,Col4,市场交流价：,
46,ROI1,Col4,9品：5元,
46,ROI1,Col4,10品：15元,
46,ROI2,Col1,甲午海战,
46,ROI2,Col1,出版社：人民美术,
46,ROI2,Col1,改编：林谐,
46,ROI2,Col1,绘画：林锴,
46,ROI2,Col1,77年12月1版1次60开,
46,ROI2,Col1,印数：100万定价：0.17元,
46,ROI2,Col1,市场交流价：,
46,ROI2,Col1,9品：30元,
46,ROI2,Col1,10品：60元,
46,ROI2,Col2,甲午海战,
46,ROI2,Col2,出版社：浙江人民美术,
46,ROI2,Col2,改编：竺乾华,
46,ROI2,Col2,绘画：赵文玉,
46,ROI2,Col2,80年4月1版1次64开,
46,ROI2,Col2,印数：70万定价：0.19元,
46,ROI2,Col2,市场交流价：,
46,ROI2,Col2,9品：20元,
46,ROI2,Col2,10品：50元,
46,ROI2,Col3,节义千龄,
46,ROI2,Col3,出版社：上海人民美术,
46,ROI2,Col3,编文：王肇岐,
46,ROI2,Col3,绘画：于水吴声,
46,ROI2,Col3,84年3月1版1次64开,
46,ROI2,Col3,印数：15.4万定价：0.22元,
46,ROI2,Col3,市场交流价：,
46,ROI2,Col3,9品：15元,
46,ROI2,Col3,10品：40元,
46,ROI2,Col4,东海人鱼,
46,ROI2,Col4,出版社：天津人民美术,
46,ROI2,Col4,改编：叶诗芳张士亮,
46,ROI2,Col4,绘画：董洪元,
46,ROI2,Col4,79年6月1版1次60开,
46,ROI2,Col4,印数：20万定价：0.18元,
46,ROI2,Col4,市场交流价：,
46,ROI2,Col4,9品：25元,
46,ROI2,Col4,10品：70元,
47,ROI1,Col1,古人勤学故事,
47,ROI1,Col1,出版社：上海人民美术,
47,ROI1,Col1,改编：林林谢宝耿,
47,ROI1,Col1,绘画：刘旦宅等,
47,ROI1,Col1,79年7月1版1次60开,
47,ROI1,Col1,印数：90万定价：0.13元,
47,ROI1,Col1,市场交流价：,
47,ROI1,Col1,9品：20元,
47,ROI1,Col1,10品：60元,
47,ROI1,Col2,古人勤学故事,
47,ROI1,Col2,出版社：辽宁美术,
47,ROI1,Col2,改编：李英敏,
47,ROI1,Col2,绘画：王弘力等,
47,ROI1,Col2,80年5月1版1次64开,
47,ROI1,Col2,印数：10万定价：0.17元,
47,ROI1,Col2,市场交流价：,
47,ROI1,Col2,9品：30元,
47,ROI1,Col2,10品：60元,
47,ROI1,Col3,古代画家故事,
47,ROI1,Col3,出版社：人民美术,
47,ROI1,Col3,改编：超明,
47,ROI1,Col3,绘画：周道银,
47,ROI1,Col3,85年3月1版1次64开,
47,ROI1,Col3,印数：未详定价：0.64元,
47,ROI1,Col3,市场交流价：,
47,ROI1,Col3,9品：15元,
47,ROI1,Col3,10品：30元,
47,ROI1,Col4,古诗童之路,
47,ROI1,Col4,出版社：河北美术,
47,ROI1,Col4,编文：潘真,
47,ROI1,Col4,绘画：张增木,
47,ROI1,Col4,85年9月1版1次64开,
47,ROI1,Col4,印数：6.1万定价：0.38元,
47,ROI1,Col4,市场交流价：,
47,ROI1,Col4,9品：15元,
47,ROI1,Col4,10品：30元,
47,ROI2,Col1,打渔杀家,
47,ROI2,Col1,出版社：上海人民美术,
47,ROI2,Col1,改编：王肇岐,
47,ROI2,Col1,绘画：黄全昌,
47,ROI2,Col1,84年5月1版1次64开,
47,ROI2,Col1,印数：39万定价：0.17元,
47,ROI2,Col1,市场交流价：,
47,ROI2,Col1,9品：15元,
47,ROI2,Col1,10品：30元,
47,ROI2,Col2,叶天士学医,
47,ROI2,Col2,出版社：上海人民美术,
47,ROI2,Col2,改编：廉俊生,
47,ROI2,Col2,绘画：费龙翔,
47,ROI2,Col2,82年9月1版1次64开,
47,ROI2,Col2,印数：10万定价：0.09元,
47,ROI2,Col2,市场交流价：,
47,ROI2,Col2,9品：10元,
47,ROI2,Col2,10品：20元,
47,ROI2,Col3,北规雄,
47,ROI2,Col3,出版社：青海人民,
47,ROI2,Col3,改编：叶森,
47,ROI2,Col3,绘画：石嵋,
47,ROI2,Col3,81年2月1版1次64开,
47,ROI2,Col3,印数：18万定价：0.07元,
47,ROI2,Col3,市场交流价：,
47,ROI2,Col3,9品：10元,
47,ROI2,Col3,10品：20元,
47,ROI2,Col4,出使西域,
47,ROI2,Col4,出版社：岭南美术,
47,ROI2,Col4,改编：徐建中,
47,ROI2,Col4,绘画：江恩莲,
47,ROI2,Col4,82年11月1版1次64开,
47,ROI2,Col4,印数：13.5万定价：0.21元,
47,ROI2,Col4,市场交流价：,
47,ROI2,Col4,9品：10元,
47,ROI2,Col4,10品：20元,
48,ROI1,Col1,玉宸宫奇冤,
48,ROI1,Col1,出版社：天津人民美术,
48,ROI1,Col1,改编：吴秀英,
48,ROI1,Col1,绘画：周申,
48,ROI1,Col1,85年7月1版1次64开,
48,ROI1,Col1,印数：20万定价：0.21元,
48,ROI1,Col1,市场交流价：,
48,ROI1,Col1,9品：8元,
48,ROI1,Col1,10品：15元,
48,ROI1,Col2,甘罗十二为丞相,
48,ROI1,Col2,出版社：少年儿童,
48,ROI1,Col2,改编：鹤仙,
48,ROI1,Col2,绘画：赵仁年,
48,ROI1,Col2,85年12月1版1次64开,
48,ROI1,Col2,印数：23.5万定价：0.19元,
48,ROI1,Col2,市场交流价：,
48,ROI1,Col2,9品：5元,
48,ROI1,Col2,10品：10元,
48,ROI1,Col3,孙悟空仗义救鸳鸯,
48,ROI1,Col3,出版社：河北美术,
48,ROI1,Col3,改编：尚羡智,
48,ROI1,Col3,绘者：豁志,
48,ROI1,Col3,83年7月1版1次64开,
48,ROI1,Col3,印数：39.5万定价：0.15元,
48,ROI1,Col3,市场交流价：,
48,ROI1,Col3,9品：5元,
48,ROI1,Col3,10品：10元,
48,ROI1,Col4,司马迁,
48,ROI1,Col4,出版社：河北美术,
48,ROI1,Col4,改编：武锋冯新广,
48,ROI1,Col4,绘者：陈冬至,
48,ROI1,Col4,83年9月1版1次64开,
48,ROI1,Col4,印数：2.2万定价：0.16元,
48,ROI1,Col4,市场交流价：,
48,ROI1,Col4,9品：10元,
48,ROI1,Col4,10品：20元,
48,ROI2,Col1,打豹记,
48,ROI2,Col1,出版社：上海人民,
48,ROI2,Col1,改编：毛亮英肖孔,
48,ROI2,Col1,绘画：罗盘,
48,ROI2,Col1,74年2月1版1次60开,
48,ROI2,Col1,印数：150万定价：0.06元,
48,ROI2,Col1,市场交流价：,
48,ROI2,Col1,9品：35元,
48,ROI2,Col1,10品：60元,
48,ROI2,Col2,打豹记,
48,ROI2,Col2,出版社：天津人民,
48,ROI2,Col2,编文：刘建平,
48,ROI2,Col2,绘画：刘建平,
48,ROI2,Col2,73年10月1版1次60开,
48,ROI2,Col2,印数：未详 定价：0.09元,
48,ROI2,Col2,市场交流价：,
48,ROI2,Col2,9品：40元,
48,ROI2,Col2,10品：80元,
48,ROI2,Col3,兄弟民兵,
48,ROI2,Col3,出版社：上海市出版革命组,
48,ROI2,Col3,改编：成荣,
48,ROI2,Col3,绘画：汪绚秋,
48,ROI2,Col3,70年3月1版2次60开,
48,ROI2,Col3,印数：未详定价：0.08元,
48,ROI2,Col3,市场交流价：,
48,ROI2,Col3,9品：30元,
48,ROI2,Col3,10品：60元,
48,ROI2,Col4,兄弟队,
48,ROI2,Col4,出版社：广东人民,
48,ROI2,Col4,改编：集体,
48,ROI2,Col4,绘画：郭同江,
48,ROI2,Col4,72年11月1版1次60开,
48,ROI2,Col4,印数：未详定价：0.12元,
48,ROI2,Col4,市场交流价：,
48,ROI2,Col4,9品：15元,
48,ROI2,Col4,10品：35元,
49,ROI1,Col1,号子嘹亮,
49,ROI1,Col1,出版社：上海人民,
49,ROI1,Col1,改编：包裕成,
49,ROI1,Col1,绘画：集体,
49,ROI1,Col1,75年9月1版1次64开,
49,ROI1,Col1,印数：未详定价：0.08元,
49,ROI1,Col1,市场交流价：,
49,ROI1,Col1,9品：8元,
49,ROI1,Col1,10品：15元,
49,ROI1,Col2,号声嘹亮,
49,ROI1,Col2,出版社：四川人民,
49,ROI1,Col2,改编：集体,
49,ROI1,Col2,绘画：李家衡,
49,ROI1,Col2,75年10月1版1次60开,
49,ROI1,Col2,印数：未详定价：0.09元,
49,ROI1,Col2,市场交流价：,
49,ROI1,Col2,9品：10元,
49,ROI1,Col2,10品：25元,
49,ROI1,Col3,号上大队,
49,ROI1,Col3,出版社：上海人民,
49,ROI1,Col3,改编：集体,
49,ROI1,Col3,绘画：集体,
49,ROI1,Col3,71年5月1版1次60开,
49,ROI1,Col3,印数：未详定价：0.10元,
49,ROI1,Col3,市场交流价：,
49,ROI1,Col3,9品：30元,
49,ROI1,Col3,10品：100元,
49,ROI1,Col4,号角,
49,ROI1,Col4,出版社：江苏人民,
49,ROI1,Col4,改编：集体,
49,ROI1,Col4,绘画：集体,
49,ROI1,Col4,72年5月1版1次60开,
49,ROI1,Col4,印数：未详定价：0.10元,
49,ROI1,Col4,市场交流价：,
49,ROI1,Col4,9品：40元,
49,ROI1,Col4,10品：120元,
49,ROI2,Col1,龙生与虎生,
49,ROI2,Col1,出版社：江西人民,
49,ROI2,Col1,改编：集体,
49,ROI2,Col1,绘图：王修涛韩莎莎,
49,ROI2,Col1,74年5月1版1次60开,
49,ROI2,Col1,印数：30万定价：0.15元,
49,ROI2,Col1,市场交流价：,
49,ROI2,Col1,9品：30元,
49,ROI2,Col1,10品：70元,
49,ROI2,Col2,目标,
49,ROI2,Col2,出版社：上海人民,
49,ROI2,Col2,改编：施国佐王银华,
49,ROI2,Col2,绘画：许金国朱国勤,
49,ROI2,Col2,76年10月1版1次64开,
49,ROI2,Col2,印数：未详定价：0.07元,
49,ROI2,Col2,市场交流价：,
49,ROI2,Col2,9品：5元,
49,ROI2,Col2,10品：15元,
49,ROI2,Col3,目标,
49,ROI2,Col3,出版社：天津人民美术,
49,ROI2,Col3,改编：贾昌,
49,ROI2,Col3,绘图：王立生,
49,ROI2,Col3,75年10月1版1次64开,
49,ROI2,Col3,印数：未详定价：0.10元,
49,ROI2,Col3,市场交流价：,
49,ROI2,Col3,9品：5元,
49,ROI2,Col3,10品：10元,
49,ROI2,Col4,龙泉激流,
49,ROI2,Col4,出版社：黑龙江人民,
49,ROI2,Col4,改编：集体,
49,ROI2,Col4,绘画：甘文,
49,ROI2,Col4,76年8月1版1次64开,
49,ROI2,Col4,印数：30万定价：0.09元,
49,ROI2,Col4,市场交流价：,
49,ROI2,Col4,9品：10元,
49,ROI2,Col4,10品：20元,
50,ROI1,Col1,闪闪的红星(上),
50,ROI1,Col1,出版社：江西人民,
50,ROI1,Col1,改编：集体,
50,ROI1,Col1,绘画：陈水远夕淋,
50,ROI1,Col1,73年2月1版1次60开,
50,ROI1,Col1,印数：100万定价：0.18元,
50,ROI1,Col2,闪闪的红星(下),
50,ROI1,Col2,出版社：江西人民,
50,ROI1,Col2,改编：集体,
50,ROI1,Col2,绘画：陈水远 蔡锡林,
50,ROI1,Col2,73年7月1版1次60开,
50,ROI1,Col2,印数：40万定价：0.18元,
50,ROI1,Col2,市场交流价：,
50,ROI1,Col2,9品：150元（全套）,
50,ROI1,Col2,10品：300元（全套）,
50,ROI1,Col3,闪闪的红星,
50,ROI1,Col3,出版社：陕西人民,
50,ROI1,Col3,改编：张连寿,
50,ROI1,Col3,绘图：关庆留等,
50,ROI1,Col3,73年8月1版1次60开,
50,ROI1,Col3,印数：10万定价：0.21元,
50,ROI1,Col3,市场交流价：,
50,ROI1,Col3,9品：120元,
50,ROI1,Col3,10品：250元,
50,ROI1,Col4,闪闪的红星,
50,ROI1,Col4,出版社：黑龙江人民,
50,ROI1,Col4,改编：王佩家,
50,ROI1,Col4,绘画：王纯信杨沙,
50,ROI1,Col4,74年1月1版2次60开,
50,ROI1,Col4,印数：117万定价：0.17元,
50,ROI1,Col4,市场交流价：,
50,ROI1,Col4,9品：90元,
50,ROI1,Col4,10品：250元,
50,ROI2,Col1,闪闪的红星(上),
50,ROI2,Col1,出版社：天津人民,
50,ROI2,Col1,改编：集体,
50,ROI2,Col1,绘画：集体,
50,ROI2,Col1,71年12月1版1次60开,
50,ROI2,Col1,印数：未详定价：0.12元,
50,ROI2,Col2,闪闪的红星(下),
50,ROI2,Col2,出版社：天津人民美术,
50,ROI2,Col2,改编：集体,
50,ROI2,Col2,绘画：集体,
50,ROI2,Col2,73年7月1版1次60开,
50,ROI2,Col2,印数：未详定价：0.12元,
50,ROI2,Col2,市场交流价：,
50,ROI2,Col2,9品：120元（全套）,
50,ROI2,Col2,10品：250元,
50,ROI2,Col3,奴隶的新生,
50,ROI2,Col3,出版社：四川人民,
50,ROI2,Col3,编文：周桂林,
50,ROI2,Col3,绘画：周继雄,
50,ROI2,Col3,73年12月1版1次60开,
50,ROI2,Col3,印数：未详定价：0.08元,
50,ROI2,Col3,市场交流价：,
50,ROI2,Col3,9品：50元,
50,ROI2,Col3,10品：100元,
50,ROI2,Col4,主角,
50,ROI2,Col4,出版社：上海人民,
50,ROI2,Col4,改编：陆鸿道,
50,ROI2,Col4,绘画：袁继光等,
50,ROI2,Col4,75年10月1版1次64开,
50,ROI2,Col4,印数：未详定价：0.07元,
50,ROI2,Col4,市场交流价：,
50,ROI2,Col4,9品：8元,
50,ROI2,Col4,10品：20元,
51,ROI1,Col1,白求恩,
51,ROI1,Col1,出版社：云南人民,
51,ROI1,Col1,改编：李忠翔,
51,ROI1,Col1,绘画：李忠翔,
51,ROI1,Col1,73年7月1版1次60开,
51,ROI1,Col1,印数：7万定价：0.15元,
51,ROI1,Col1,市场交流价：,
51,ROI1,Col1,9品：70元,
51,ROI1,Col1,10品：160元,
51,ROI1,Col2,白求恩在中国,
51,ROI1,Col2,出版社：辽宁人民,
51,ROI1,Col2,改编：钟志诚,
51,ROI1,Col2,绘画：许荣初等,
51,ROI1,Col2,74年3月1版1次64开,
51,ROI1,Col2,印数：60万定价：0.16元,
51,ROI1,Col2,市场交流价：,
51,ROI1,Col2,9品：20元,
51,ROI1,Col2,10品：40元,
51,ROI1,Col3,白求恩在中国,
51,ROI1,Col3,出版社：人民美术,
51,ROI1,Col3,改编：钟志诚,
51,ROI1,Col3,绘画：许荣初等,
51,ROI1,Col3,75年8月1版1次64开,
51,ROI1,Col3,印数：95万定价：0.15元,
51,ROI1,Col3,市场交流价：,
51,ROI1,Col3,9品：15元,
51,ROI1,Col3,10品：40元,
51,ROI1,Col4,白求恩,
51,ROI1,Col4,出版社：上海人民,
51,ROI1,Col4,改编：吴文焕,
51,ROI1,Col4,绘画：胡克文 盛亮贤等,
51,ROI1,Col4,73年9月1版1次60开,
51,ROI1,Col4,印数：20万定价：0.14元,
51,ROI1,Col4,市场交流价：,
51,ROI1,Col4,9品：35元,
51,ROI1,Col4,10品：100元,
51,ROI2,Col1,白求恩,
51,ROI2,Col1,出版社：安徽省革命委员会,
51,ROI2,Col1,改编：集体,
51,ROI2,Col1,绘画：集体,
51,ROI2,Col1,71年12月1版1次60开,
51,ROI2,Col1,印数：未详定价：0.06元,
51,ROI2,Col1,市场交流价：,
51,ROI2,Col1,9品：80元,
51,ROI2,Col1,10品：150元,
51,ROI2,Col2,电视塔下,
51,ROI2,Col2,出版社：上海人民,
51,ROI2,Col2,改编：钟晓阳,
51,ROI2,Col2,绘画：集体,
51,ROI2,Col2,75年7月1版1次64开,
51,ROI2,Col2,印数：未详 定价：0.07元,
51,ROI2,Col2,市场交流价：,
51,ROI2,Col2,9品：10元,
51,ROI2,Col2,10品：20元,
51,ROI2,Col3,电话水线,
51,ROI2,Col3,出版社：浙江人民,
51,ROI2,Col3,编文：集体,
51,ROI2,Col3,绘画：集体,
51,ROI2,Col3,73年5月1版1次60开,
51,ROI2,Col3,印数：60万定价：0.07元,
51,ROI2,Col3,市场交流价：,
51,ROI2,Col3,9品：10元,
51,ROI2,Col3,10品：20元,
51,ROI2,Col4,2 瓜秧的秘密,
51,ROI2,Col4,e,
51,ROI2,Col4,出版社：人民美术,
51,ROI2,Col4,改编：高宝生,
51,ROI2,Col4,绘画：高宝生,
51,ROI2,Col4,72年1月1版1次60开,
51,ROI2,Col4,印数：未详定价：0.08元,
51,ROI2,Col4,市场交流价：,
51,ROI2,Col4,9品：15元,
51,ROI2,Col4,10品：50元,
52,ROI1,Col1,北部湾畔红色娘子军,
52,ROI1,Col1,出版社：广西人民,
52,ROI1,Col1,改编：集体,
52,ROI1,Col1,绘画：集体,
52,ROI1,Col1,72年6月1版1次60开,
52,ROI1,Col1,印数：未详定价：0.14元,
52,ROI1,Col1,市场交流价：,
52,ROI1,Col1,9品：50元,
52,ROI1,Col1,10品：120元,
52,ROI1,Col2,北京时间,
52,ROI1,Col2,出版社：上海人民,
52,ROI1,Col2,改编：李光羽,
52,ROI1,Col2,绘画：集体,
52,ROI1,Col2,76年6月1版1次64开,
52,ROI1,Col2,印数：未详定价：0.08元,
52,ROI1,Col2,市场交流价：,
52,ROI1,Col2,9品：20元,
52,ROI1,Col2,10品：40元,
52,ROI1,Col3,东海之滨大寨花,
52,ROI1,Col3,出版社：上海人民,
52,ROI1,Col3,改编：集体,
52,ROI1,Col3,绘画：集体,
52,ROI1,Col3,72年2月1版1次60开,
52,ROI1,Col3,印数：未详定价：0.10元,
52,ROI1,Col3,市场交流价：,
52,ROI1,Col3,9品：50元,
52,ROI1,Col3,10品：160元,
52,ROI1,Col4,东海猛虎,
52,ROI1,Col4,出版社：福建人民,
52,ROI1,Col4,改编：万九如等,
52,ROI1,Col4,绘画：孙梅芳等,
52,ROI1,Col4,76年4月1版2次60开,
52,ROI1,Col4,印数：未详定价：0.12元,
52,ROI1,Col4,市场交流价：,
52,ROI1,Col4,9品：15元,
52,ROI1,Col4,10品：30元,
52,ROI2,Col1,东郭先生,
52,ROI2,Col1,出版社：人民美术,
52,ROI2,Col1,改编：集体,
52,ROI2,Col1,绘画：刘继卣,
52,ROI2,Col1,72年11月2版2次64开,
52,ROI2,Col1,印数：未详定价：0.11元,
52,ROI2,Col1,市场交流价：,
52,ROI2,Col1,9品：60元,
52,ROI2,Col1,10品：120元,
52,ROI2,Col2,宁学金,
52,ROI2,Col2,出版社：陕西人民,
52,ROI2,Col2,改编：集体,
52,ROI2,Col2,绘画：集体,
52,ROI2,Col2,70年2月1版1次60开,
52,ROI2,Col2,印数：未详定价：0.10元,
52,ROI2,Col2,市场交流价：,
52,ROI2,Col2,9品：80元,
52,ROI2,Col2,10品：250元,
52,ROI2,Col3,半篮花生,
52,ROI2,Col3,出版社：上海人民,
52,ROI2,Col3,改编：史中培,
52,ROI2,Col3,绘画：贺友直,
52,ROI2,Col3,75年5月1版1次64开,
52,ROI2,Col3,印数：40万定价：0.06元,
52,ROI2,Col3,市场交流价：,
52,ROI2,Col3,9品：15元,
52,ROI2,Col3,10品：30元,
52,ROI2,Col4,半篮花生,
52,ROI2,Col4,出版社：浙江人民,
52,ROI2,Col4,改编：东方涛等,
52,ROI2,Col4,绘画：钱贵荪,
52,ROI2,Col4,75年9月1版1次60开,
52,ROI2,Col4,印数：100万定价：0.09元,
52,ROI2,Col4,市场交流价：,
52,ROI2,Col4,9品：15元,
52,ROI2,Col4,10品：30元,
53,ROI1,Col1,出航之前,
53,ROI1,Col1,出版社：广东人民,
53,ROI1,Col1,改编：集体,
53,ROI1,Col1,绘画：梅树石,
53,ROI1,Col1,73年10月1版1次60开,
53,ROI1,Col1,印数：未详定价：0.14元,
53,ROI1,Col1,市场交流价：,
53,ROI1,Col1,9品：20元,
53,ROI1,Col1,10品：40元,
53,ROI1,Col2,厉家寨,
53,ROI1,Col2,出版社：山东人民,
53,ROI1,Col2,改编：集体,
53,ROI1,Col2,绘画：集体,
53,ROI1,Col2,72年1月1版1次60开,
53,ROI1,Col2,印数：未详定价：0.15元,
53,ROI1,Col2,市场交流价：,
53,ROI1,Col2,9品：80元,
53,ROI1,Col2,10品：300元,
53,ROI1,Col3,“模范饲养员”叶洪海,
53,ROI1,Col3,出版社：人民美术,
53,ROI1,Col3,改编：集体,
53,ROI1,Col3,绘画：集体,
53,ROI1,Col3,72年1月1版1次60开,
53,ROI1,Col3,印数：未详定价：0.10元,
53,ROI1,Col3,市场交流价：,
53,ROI1,Col3,9品：30元,
53,ROI1,Col3,10品：90元,
53,ROI1,Col4,发生在旅店里的故事,
53,ROI1,Col4,出版社：广东人民,
53,ROI1,Col4,改编：集体,
53,ROI1,Col4,绘画：集体,
53,ROI1,Col4,72年5月1版1次60开,
53,ROI1,Col4,印数：未详定价：0.10元,
53,ROI1,Col4,市场交流价：,
53,ROI1,Col4,9品：20元,
53,ROI1,Col4,10品：35元,
53,ROI2,Col1,古井新生,
53,ROI2,Col1,出版社：江苏人民,
53,ROI2,Col1,编文：武建华,
53,ROI2,Col1,绘者：阎志翔,
53,ROI2,Col1,76年11月1版1次60开,
53,ROI2,Col1,印数：30万定价：0.14元,
53,ROI2,Col1,市场交流价：,
53,ROI2,Col1,9品：20元,
53,ROI2,Col1,10品：50元,
53,ROI2,Col2,永远紧握手中枪,
53,ROI2,Col2,出版社：上海人民,
53,ROI2,Col2,编文：集体,
53,ROI2,Col2,绘画：顾炳鑫,
53,ROI2,Col2,70年12月1版1次60开,
53,ROI2,Col2,印数：未详定价：0.07元,
53,ROI2,Col2,市场交流价：,
53,ROI2,Col2,9品：60元,
53,ROI2,Col2,10品：150元,
53,ROI2,Col3,巧云和小锡匠,
53,ROI2,Col3,出版社：江苏美术,
53,ROI2,Col3,改编：孙韦,
53,ROI2,Col3,绘画：凌清,
53,ROI2,Col3,85年2月1版1次64开,
53,ROI2,Col3,印数：15.732万定价：0.18元,
53,ROI2,Col3,市场交流价：,
53,ROI2,Col3,9品：25元,
53,ROI2,Col3,10品：60元,
53,ROI2,Col4,古玩疑案,
53,ROI2,Col4,出版社：人民美术,
53,ROI2,Col4,改编：竺乾华,
53,ROI2,Col4,绘者：钟增亚崔德,
53,ROI2,Col4,83年6月1版1次64开,
53,ROI2,Col4,印数：56万定价：0.16元,
53,ROI2,Col4,市场交流价：,
53,ROI2,Col4,9品：5元,
53,ROI2,Col4,10品：10元,
54,ROI1,Col1,东进 东进,
54,ROI1,Col1,出版社：上海人民美术,
54,ROI1,Col1,改编：王肇岐,
54,ROI1,Col1,绘画：候德剑,
54,ROI1,Col1,80年2月1版1次64开,
54,ROI1,Col1,印数：20万定价：0.20元,
54,ROI1,Col1,市场交流价：,
54,ROI1,Col1,9品：20元,
54,ROI1,Col1,10品：60元,
54,ROI1,Col2,东海骨肉情,
54,ROI1,Col2,出版社：上海人民,
54,ROI1,Col2,改编：集体,
54,ROI1,Col2,绘画：集体,
54,ROI1,Col2,76年6月1版1次64开,
54,ROI1,Col2,印数：未详定价：0.09元,
54,ROI1,Col2,市场交流价：,
54,ROI1,Col2,9品：10元,
54,ROI1,Col2,10品：20元,
54,ROI1,Col3,东陵盗宝传奇,
54,ROI1,Col3,出版社：群众出版社,
54,ROI1,Col3,改编：石峰,
54,ROI1,Col3,绘画：王金泰,
54,ROI1,Col3,85年3月1版1次60开,
54,ROI1,Col3,印数：未详定价：0.50元,
54,ROI1,Col3,市场交流价：,
54,ROI1,Col3,9品：15元,
54,ROI1,Col3,10品：30元,
54,ROI1,Col4,东陵大盗,
54,ROI1,Col4,出版社：岭南美术,
54,ROI1,Col4,改编：苏华,
54,ROI1,Col4,绘画：思涛韦 海,
54,ROI1,Col4,85年11月1版1次64开,
54,ROI1,Col4,印数：未详定价：0.38元,
54,ROI1,Col4,市场交流价：,
54,ROI1,Col4,9品：10元,
54,ROI1,Col4,10品：20元,
54,ROI2,Col1,占领鹰峰山,
54,ROI2,Col1,出版社：福建人民,
54,ROI2,Col1,编文：朱羽郭建守,
54,ROI2,Col1,绘画：黄永生陈敏逸,
54,ROI2,Col1,78年8月1版1次60开,
54,ROI2,Col1,印数：未详0.14元,
54,ROI2,Col1,市场交流价：,
54,ROI2,Col1,9品：15元,
54,ROI2,Col1,10品：30元,
54,ROI2,Col2,东方欲晓,
54,ROI2,Col2,出版社：上海人民美术,
54,ROI2,Col2,改编：赵吉南,
54,ROI2,Col2,绘画：王重义等,
54,ROI2,Col2,84年1月1版1次64开,
54,ROI2,Col2,印数：56.7万定价：0.20元,
54,ROI2,Col2,市场交流价：,
54,ROI2,Col2,9品：15元（二册）,
54,ROI2,Col2,10品：20元,
54,ROI2,Col3,东藏魔影(上下),
54,ROI2,Col3,出版社：上海人民美术,
54,ROI2,Col3,改编：李大发,
54,ROI2,Col3,绘画：孟喜元孟昕,
54,ROI2,Col3,90年11月1版1次64开,
54,ROI2,Col3,印数：2.08万 定价：2.00元,
54,ROI2,Col3,市场交流价：,
54,ROI2,Col3,9品：15元,
54,ROI2,Col3,10品：25元,
54,ROI2,Col4,东方（上下）,
54,ROI2,Col4,出版社：人民美术,
54,ROI2,Col4,改编：王文莹,
54,ROI2,Col4,绘者：费长富等,
54,ROI2,Col4,82年6月1版1次64开,
54,ROI2,Col4,印数：78万定价：0.34元,
54,ROI2,Col4,市场交流价：,
54,ROI2,Col4,9品：20元,
54,ROI2,Col4,10品：30元,
55,ROI1,Col1,龙门暴动,
55,ROI1,Col1,出版社：上海人民美术,
55,ROI1,Col1,改编：季一德,
55,ROI1,Col1,绘画：陈云华,
55,ROI1,Col1,78年9月1版1次64开,
55,ROI1,Col1,印数：未详定价：0.13元,
55,ROI1,Col1,市场交流价：,
55,ROI1,Col1,9品：10元,
55,ROI1,Col1,10品：20元,
55,ROI1,Col2,龙虎风云记,
55,ROI1,Col2,出版社：上海人民美术,
55,ROI1,Col2,改编：刘四成,
55,ROI1,Col2,绘画：许金国黄志民,
55,ROI1,Col2,82年8月1版1次64开,
55,ROI1,Col2,印数：37万定价：0.19元,
55,ROI1,Col2,市场交流价：,
55,ROI1,Col2,9品：10元,
55,ROI1,Col2,10品：20元,
55,ROI1,Col3,龙腾虎跃,
55,ROI1,Col3,出版社：四川美术,
55,ROI1,Col3,改编：王榷,
55,ROI1,Col3,绘画：任兆祥,
55,ROI1,Col3,85年2月1版1次64开,
55,ROI1,Col3,印数：19.5万定价：0.30元,
55,ROI1,Col3,市场交流价：,
55,ROI1,Col3,9品：8元,
55,ROI1,Col3,10品：15元,
55,ROI1,Col4,龙山游击队,
55,ROI1,Col4,出版社：人民美术,
55,ROI1,Col4,改编：梅文,
55,ROI1,Col4,绘者：梁长林、戴顺智,
55,ROI1,Col4,85年2月1版1次64开,
55,ROI1,Col4,印数：31.5万定价：0.57元,
55,ROI1,Col4,市场交流价：,
55,ROI1,Col4,9品：8元,
55,ROI1,Col4,10品：15元,
55,ROI2,Col1,龙洞擒贼,
55,ROI2,Col1,出版社：上海人民美术,
55,ROI2,Col1,改编：佚佚,
55,ROI2,Col1,绘画：蒋伟民,
55,ROI2,Col1,85年3月1版1次64开,
55,ROI2,Col1,印数：28.3万定价：0.26元,
55,ROI2,Col1,市场交流价：,
55,ROI2,Col1,9品：5元,
55,ROI2,Col1,10品：10元,
55,ROI2,Col2,石门二柳,
55,ROI2,Col2,出版社：江苏美术,
55,ROI2,Col2,改编：黑梅,
55,ROI2,Col2,绘画：潘小庆,
55,ROI2,Col2,84年10月1版1次64开,
55,ROI2,Col2,印数：12.4万定价：0.12元,
55,ROI2,Col2,市场交流价：,
55,ROI2,Col2,9品：10元,
55,ROI2,Col2,10品：15元,
55,ROI2,Col3,石头梦,
55,ROI2,Col3,出版社：人民美术,
55,ROI2,Col3,改编：于秀溪,
55,ROI2,Col3,绘画：于大武,
55,ROI2,Col3,81年5月1版1次64开,
55,ROI2,Col3,印数：54.5万定价：0.11元,
55,ROI2,Col3,市场交流价：,
55,ROI2,Col3,9品：8元,
55,ROI2,Col3,10品：15元,
55,ROI2,Col4,乌石将军,
55,ROI2,Col4,出版社：辽宁美术,
55,ROI2,Col4,改编：孙中晓,
55,ROI2,Col4,绘画：齐程翔,
55,ROI2,Col4,85年3月1版1次64开,
55,ROI2,Col4,印数：30.7万定价：0.41元,
55,ROI2,Col4,市场交流价：,
55,ROI2,Col4,9品：8元,
55,ROI2,Col4,10品：15元,
56,ROI1,Col1,四渡赤水,
56,ROI1,Col1,出版社：人民美术,
56,ROI1,Col1,改编：集体,
56,ROI1,Col1,绘画：集体,
56,ROI1,Col1,78年2月1版1次64开,
56,ROI1,Col1,印数：100万定价：0.12元,
56,ROI1,Col1,市场交流价：,
56,ROI1,Col1,9品：15元,
56,ROI1,Col1,10品：30元,
56,ROI1,Col2,四渡赤水,
56,ROI1,Col2,出版社：湖南美术,
56,ROI1,Col2,改编：王梦孺牛,
56,ROI1,Col2,绘画：钟开天,
56,ROI1,Col2,84年7月1版1次64开,
56,ROI1,Col2,印数：36.4万定价：0.26元,
56,ROI1,Col2,市场交流价：,
56,ROI1,Col2,9品：8元,
56,ROI1,Col2,10品：15元,
56,ROI1,Col3,四十八天歼灭战,
56,ROI1,Col3,出版社：安徽人民,
56,ROI1,Col3,改编：威宏,
56,ROI1,Col3,绘画：吴绪经,
56,ROI1,Col3,84年2月1版1次64开,
56,ROI1,Col3,印数：50万定价：0.12元,
56,ROI1,Col3,市场交流价：,
56,ROI1,Col3,9品：5元,
56,ROI1,Col3,10品：10元,
56,ROI1,Col4,“四人帮”现形记,
56,ROI1,Col4,出版社：人民美术,
56,ROI1,Col4,改编：余勇等,
56,ROI1,Col4,绘画：余勇等,
56,ROI1,Col4,78年1月1版1次60开,
56,ROI1,Col4,印数：50万定价：0.10元,
56,ROI1,Col4,市场交流价：,
56,ROI1,Col4,9品：40元,
56,ROI1,Col4,10品：120元,
56,ROI2,Col1,白卷先生,
56,ROI2,Col1,出版社：上海人民美术,
56,ROI2,Col1,改编：吴其柔,
56,ROI2,Col1,绘画：苏正刚,
56,ROI2,Col1,80年3月1版1次64开,
56,ROI2,Col1,印数：10万定价：0.17元,
56,ROI2,Col1,市场交流价：,
56,ROI2,Col1,9品：40元,
56,ROI2,Col1,10品：120元,
56,ROI2,Col2,0,
56,ROI2,Col2,白毛女,
56,ROI2,Col2,出版社：上海人民美术,
56,ROI2,Col2,改编：大鲁,
56,ROI2,Col2,绘画：华三川,
56,ROI2,Col2,79年2月1版4次60开,
56,ROI2,Col2,印数：67万 定价：0.22元,
56,ROI2,Col2,市场交流价：,
56,ROI2,Col2,9品：150元,
56,ROI2,Col2,10品：400元,
56,ROI2,Col3,白莲,
56,ROI2,Col3,出版社：上海人民美术,
56,ROI2,Col3,改编：陈梅鼎,
56,ROI2,Col3,绘画：曾晓浒,
56,ROI2,Col3,84年1月1版1次64开,
56,ROI2,Col3,印数：10万定价：0.16元,
56,ROI2,Col3,市场交流价：,
56,ROI2,Col3,9品：5元,
56,ROI2,Col3,10品：10元,
56,ROI2,Col4,白梨屯的枪声,
56,ROI2,Col4,出版社：长江文艺,
56,ROI2,Col4,改编：罗炳阳张承良,
56,ROI2,Col4,绘画：田民胜,
56,ROI2,Col4,84年9月1版1次64开,
56,ROI2,Col4,印数：34.5万定价：0.19元,
56,ROI2,Col4,市场交流价：,
56,ROI2,Col4,9品：10元,
56,ROI2,Col4,10品：25元,
57,ROI1,Col1,北斗,
57,ROI1,Col1,出版社：辽宁美术,
57,ROI1,Col1,改编：徐礼娴,
57,ROI1,Col1,绘画：张惠斌,
57,ROI1,Col1,83年2月1版2次64开,
57,ROI1,Col1,印数：61.4万 定价：0.24元,
57,ROI1,Col1,市场交流价：,
57,ROI1,Col1,9品：8元,
57,ROI1,Col1,10品：15元,
57,ROI1,Col2,北上,
57,ROI1,Col2,出版社：吉林人民,
57,ROI1,Col2,改编：李育柏,
57,ROI1,Col2,绘画：沈尧伊,
57,ROI1,Col2,83年1月1版1次64开,
57,ROI1,Col2,印数：11万定价：0.25元,
57,ROI1,Col2,市场交流价：,
57,ROI1,Col2,9品：15元,
57,ROI1,Col2,10品：35元,
57,ROI1,Col3,叶秋红(上),
57,ROI1,Col3,出版社：吉林人民,
57,ROI1,Col3,改编：刘钧,
57,ROI1,Col3,绘画：悦朋成林,
57,ROI1,Col3,82年8月1版1次64开,
57,ROI1,Col3,印数：47.9万定价：0.20元,
57,ROI1,Col4,叶秋红(下),
57,ROI1,Col4,出版社：吉林人民,
57,ROI1,Col4,改编：刘钧,
57,ROI1,Col4,绘画：悦朋成林,
57,ROI1,Col4,82年8月1版1次64开,
57,ROI1,Col4,印数：47.9万定价：0.20元,
57,ROI1,Col4,市场交流价：,
57,ROI1,Col4,9品：35元（全套）,
57,ROI1,Col4,10品：55元,
57,ROI2,Col1,平津决战,
57,ROI2,Col1,出版社：湖南美术,
57,ROI2,Col1,改编：张盛良,
57,ROI2,Col1,绘画：王师颉,
57,ROI2,Col1,84年6月1版1次64开,
57,ROI2,Col1,印数：68.2万 定价：0.22元,
57,ROI2,Col1,市场交流价：,
57,ROI2,Col1,9品：8元,
57,ROI2,Col1,10品：15元,
57,ROI2,Col2,巧攻葛家堡,
57,ROI2,Col2,出版社：上海人民美术,
57,ROI2,Col2,改编：梅德生,
57,ROI2,Col2,绘画：盛亮贤,
57,ROI2,Col2,82年7月1版2次64开,
57,ROI2,Col2,印数：125万定价：0.13元,
57,ROI2,Col2,市场交流价：,
57,ROI2,Col2,9品：15元,
57,ROI2,Col2,10品：30元,
57,ROI2,Col3,布达拉宫的枪声,
57,ROI2,Col3,出版社：江苏少年儿童,
57,ROI2,Col3,改编：岑歌,
57,ROI2,Col3,绘画：候德剑袁峰,
57,ROI2,Col3,85年12月1版1次64开,
57,ROI2,Col3,印数：7.7万定价：0.36元,
57,ROI2,Col3,市场交流价：,
57,ROI2,Col3,9品：10元,
57,ROI2,Col3,10品：20元,
57,ROI2,Col4,归心似箭,
57,ROI2,Col4,出版社：辽宁美术,
57,ROI2,Col4,改编：甄曾,
57,ROI2,Col4,绘画：李俊琪,
57,ROI2,Col4,81年9月1版1次64开,
57,ROI2,Col4,印数：39.8万定价：0.25元,
57,ROI2,Col4,市场交流价：,
57,ROI2,Col4,9品：15元,
57,ROI2,Col4,10品：25元,
58,ROI1,Col1,生死场,
58,ROI1,Col1,出版社：黑龙江美术,
58,ROI1,Col1,改编：赵欣野,
58,ROI1,Col1,绘者：阴衍江,
58,ROI1,Col1,85年1月1版1次64开,
58,ROI1,Col1,印数：12.7万定价：0.24元,
58,ROI1,Col1,市场交流价：,
58,ROI1,Col1,9品：20元,
58,ROI1,Col1,10品：40元,
58,ROI1,Col2,白眉王传奇,
58,ROI1,Col2,出版社：辽宁美术,
58,ROI1,Col2,改编：卞福顺,
58,ROI1,Col2,绘画：赵奇,
58,ROI1,Col2,85年9月1版1次64开,
58,ROI1,Col2,印数：14.4万定价：0.47元,
58,ROI1,Col2,市场交流价：,
58,ROI1,Col2,9品：8元,
58,ROI1,Col2,10品：15元,
58,ROI1,Col3,对子先生,
58,ROI1,Col3,出版社：四川人民,
58,ROI1,Col3,改编：槐山,
58,ROI1,Col3,绘画：张文忠,
58,ROI1,Col3,84年12月1版1次64开,
58,ROI1,Col3,印数：7万定价：0.12元,
58,ROI1,Col3,市场交流价：,
58,ROI1,Col3,9品：15元,
58,ROI1,Col3,10品：25元,
58,ROI1,Col4,印佗罗的秘密,
58,ROI1,Col4,出版社：少年儿童,
58,ROI1,Col4,改编：王亚法,
58,ROI1,Col4,绘画：潘鸿海,
58,ROI1,Col4,83年9月1版1次64开,
58,ROI1,Col4,印数：28.2万 定价：0.14元,
58,ROI1,Col4,市场交流价：,
58,ROI1,Col4,9品：5元,
58,ROI1,Col4,10品：10元,
58,ROI2,Col1,失去影子的人,
58,ROI2,Col1,出版社：江苏人民,
58,ROI2,Col1,改编：袁烈州,
58,ROI2,Col1,绘画：顾盼潘鸿海,
58,ROI2,Col1,81年1月1版1次64开,
58,ROI2,Col1,印数：13万定价：0.12元,
58,ROI2,Col1,市场交流价：,
58,ROI2,Col1,9品：5元,
58,ROI2,Col1,10品：15元,
58,ROI2,Col2,失踪的女人,
58,ROI2,Col2,出版社：中国连环画,
58,ROI2,Col2,改编：冷冰川,
58,ROI2,Col2,绘者：冷冰川,
58,ROI2,Col2,85年11月1版1次64开,
58,ROI2,Col2,印数：5.8万定价：0.23元,
58,ROI2,Col2,市场交流价：,
58,ROI2,Col2,9品：8元,
58,ROI2,Col2,10品：15元,
58,ROI2,Col3,白奴,
58,ROI2,Col3,出版社：江苏美术,
58,ROI2,Col3,改编：戴晓权,
58,ROI2,Col3,绘画：雨中肖力等,
58,ROI2,Col3,84年6月1版1次64开,
58,ROI2,Col3,印数：13万定价：0.28元,
58,ROI2,Col3,市场交流价：,
58,ROI2,Col3,9品：10元,
58,ROI2,Col3,10品：20元,
58,ROI2,Col4,白雪公主,
58,ROI2,Col4,出版社：天津人民美术,
58,ROI2,Col4,改编：徐礼娴,
58,ROI2,Col4,绘画：徐锡林,
58,ROI2,Col4,81年11月1版1次64开,
58,ROI2,Col4,印数：27.6万定价：0.11元,
58,ROI2,Col4,市场交流价：,
58,ROI2,Col4,9品：20元,
58,ROI2,Col4,10品：40元,
59,ROI1,Col1,古奥运会传奇,
59,ROI1,Col1,出版社：重庆,
59,ROI1,Col1,改编：史策,
59,ROI1,Col1,绘画：雷德祖,
59,ROI1,Col1,84年12月1版1次64开,
59,ROI1,Col1,印数：14.8万定价：0.33元,
59,ROI1,Col1,市场交流价：,
59,ROI1,Col1,9品：20元,
59,ROI1,Col1,10品：50元,
59,ROI1,Col2,古奥运会传奇(上),
59,ROI1,Col2,出版社：广西人民,
59,ROI1,Col2,改编：燕夫,
59,ROI1,Col2,绘画：徐刚等,
59,ROI1,Col2,84年8月1版1次64开,
59,ROI1,Col2,印数：31.7万定价：0.16元,
59,ROI1,Col3,古奥运会传奇(下),
59,ROI1,Col3,出版社：广西人民,
59,ROI1,Col3,改编：燕夫,
59,ROI1,Col3,绘画：苏里等,
59,ROI1,Col3,84年8月1版1次64开,
59,ROI1,Col3,印数：31.7万定价：0.17元,
59,ROI1,Col3,市场交流价：,
59,ROI1,Col3,9品：25元（全套）,
59,ROI1,Col3,10品：40元,
59,ROI1,Col4,古堡的秘密,
59,ROI1,Col4,出版社：少年儿童,
59,ROI1,Col4,改编：晨光,
59,ROI1,Col4,绘画：胡博综 朱成梁,
59,ROI1,Col4,82年12月1版1次64开,
59,ROI1,Col4,印数：22万定价：0.17元,
59,ROI1,Col4,市场交流价：,
59,ROI1,Col4,9品：5元,
59,ROI1,Col4,10品：15元,
59,ROI2,Col1,古堡,
59,ROI2,Col1,出版社：人民美术,
59,ROI2,Col1,改编：王宁,
59,ROI2,Col1,绘画：汪晓曙,
59,ROI2,Col1,82年3月1版1次64开,
59,ROI2,Col1,印数：46万定价：0.13元,
59,ROI2,Col1,市场交流价：,
59,ROI2,Col1,9品：20元,
59,ROI2,Col1,10品：40元,
59,ROI2,Col2,外国科学家（一）,
59,ROI2,Col2,出版社：上海人民美术,
59,ROI2,Col2,改编：松鹰,
59,ROI2,Col2,绘画：周长江等,
59,ROI2,Col2,80年7月1版1次64开,
59,ROI2,Col2,印数：30万定价：0.17元,
59,ROI2,Col2,市场交流价：,
59,ROI2,Col2,9品：5元,
59,ROI2,Col2,10品：15元,
59,ROI2,Col3,外国科学家（二）,
59,ROI2,Col3,出版社：上海人民美术,
59,ROI2,Col3,改编：张庆麟,
59,ROI2,Col3,绘画：钱自成等,
59,ROI2,Col3,81年4月1版1次64开,
59,ROI2,Col3,印数：25.5万定价：0.17元,
59,ROI2,Col3,市场交流价：,
59,ROI2,Col3,9品：10元,
59,ROI2,Col3,10品：20元,
59,ROI2,Col4,古隧道的秘密,
59,ROI2,Col4,出版社：少年儿童,
59,ROI2,Col4,改编：陈新,
59,ROI2,Col4,绘画：梁启德,
59,ROI2,Col4,83年9月1版1次64开,
59,ROI2,Col4,印数：27万定价：0.14元,
59,ROI2,Col4,市场交流价：,
59,ROI2,Col4,9品：8元,
59,ROI2,Col4,10品：15元,
60,ROI1,Col1,出卖心的人,
60,ROI1,Col1,出版社：上海人民美术,
60,ROI1,Col1,改编：董耀根,
60,ROI1,Col1,绘画：陆元林,
60,ROI1,Col1,84年10月1版1次64开,
60,ROI1,Col1,印数：18.3万定价：0.13元,
60,ROI1,Col1,市场交流价：,
60,ROI1,Col1,9品：5元,
60,ROI1,Col1,10品：10元,
60,ROI1,Col2,他还在战斗,
60,ROI1,Col2,出版社：吉林人民,
60,ROI1,Col2,改编：李遵义,
60,ROI1,Col2,绘画：姚洪斌,
60,ROI1,Col2,79年2月1版1次64开,
60,ROI1,Col2,印数：8万定价：0.07元,
60,ROI1,Col2,市场交流价：,
60,ROI1,Col2,9品：8元,
60,ROI1,Col2,10品：15元,
60,ROI1,Col3,达曼戈,
60,ROI1,Col3,出版社：上海人民美术,
60,ROI1,Col3,改编：丁国联,
60,ROI1,Col3,绘画：周长江,
60,ROI1,Col3,83年10月1版1次64开,
60,ROI1,Col3,印数：19.9万定价：0.16元,
60,ROI1,Col3,市场交流价：,
60,ROI1,Col3,9品：5元,
60,ROI1,Col3,10品：10元,
60,ROI1,Col4,宏碧缘(上下),
60,ROI1,Col4,出版社：辽宁美术,
60,ROI1,Col4,改编：卞福川,
60,ROI1,Col4,绘画：盛鹤年,
60,ROI1,Col4,85年10月1版1次64开,
60,ROI1,Col4,印数：12.4万定价：0.56元,
60,ROI1,Col4,市场交流价：,
60,ROI1,Col4,9品：20元,
60,ROI1,Col4,10品：35元,
60,ROI2,Col1,出版社：人民美术,
60,ROI2,Col1,改编：吴其柔,
60,ROI2,Col1,绘画：戴敦邦,
60,ROI2,Col1,85年8月1版2次60开,
60,ROI2,Col1,印数：7万定价：0.74元,
60,ROI2,Col1,市场交流价：,
60,ROI2,Col1,9品：70元,
60,ROI2,Col1,10品：150元,
60,ROI2,Col2,红娘子,
60,ROI2,Col2,出版社：人民美术,
60,ROI2,Col2,改编：杨永青,
60,ROI2,Col2,绘画：杨永青,
60,ROI2,Col2,79年4月1版1次64开,
60,ROI2,Col2,印数：146万定价：0.16元,
60,ROI2,Col2,市场交流价：,
60,ROI2,Col2,9品：30元,
60,ROI2,Col2,10品：50元,
60,ROI2,Col3,红玉,
60,ROI2,Col3,D,
60,ROI2,Col3,出版社：上海人民美术,
60,ROI2,Col3,改编：王瑞芳,
60,ROI2,Col3,绘画：郑家声,
60,ROI2,Col3,80年8月1版1次64开,
60,ROI2,Col3,印数：100万定价：0.08元,
60,ROI2,Col3,市场交流价：,
60,ROI2,Col3,9品：10元,
60,ROI2,Col3,10品：15元,
60,ROI2,Col4,那拉氏,
60,ROI2,Col4,出版社：人民美术,
60,ROI2,Col4,编文：杨新,
60,ROI2,Col4,绘画：敦邦等,
60,ROI2,Col4,78年3月1版1次60开,
60,ROI2,Col4,印数：120万定价：0.14元,
60,ROI2,Col4,市场交流价：,
60,ROI2,Col4,9品：30元,
60,ROI2,Col4,10品：100元,
61,ROI1,Col1,红灯女儿,
61,ROI1,Col1,出版社：天津人民美术,
61,ROI1,Col1,改编：惠伊深刘铁激等,
61,ROI1,Col1,绘画：董凤章,
61,ROI1,Col1,75年7月1版1次64开,
61,ROI1,Col1,印数：未详定价：0.11元,
61,ROI1,Col1,市场交流价：,
61,ROI1,Col1,9品：20元,
61,ROI1,Col1,10品：35元,
61,ROI1,Col2,红灯照,
61,ROI1,Col2,出版社：江西人民美术,
61,ROI1,Col2,改编：杨霜,
61,ROI1,Col2,绘画：丁世弼,
61,ROI1,Col2,78年10月1版1次64开,
61,ROI1,Col2,印数：30万定价：0.17元,
61,ROI1,Col2,市场交流价：,
61,ROI1,Col2,9品：25元,
61,ROI1,Col2,10品：50元,
61,ROI1,Col3,红灯照,
61,ROI1,Col3,出版社：江苏人民,
61,ROI1,Col3,改编：戴晓权,
61,ROI1,Col3,绘画：郭红雁,
61,ROI1,Col3,79年9月1版1次64开,
61,ROI1,Col3,印数：20万定价：0.16元,
61,ROI1,Col3,市场交流价：,
61,ROI1,Col3,9品：20元,
61,ROI1,Col3,10品：40元,
61,ROI1,Col4,红灯照,
61,ROI1,Col4,出版社：上海人民美术,
61,ROI1,Col4,改编：吴禾农,
61,ROI1,Col4,绘画：周申,
61,ROI1,Col4,80年9月1版1次64开,
61,ROI1,Col4,印数：45万定价：0.22元,
61,ROI1,Col4,市场交流价：,
61,ROI1,Col4,9品：30元,
61,ROI1,Col4,10品：70元,
61,ROI2,Col1,红灯照,
61,ROI2,Col1,出版社：人民美术,
61,ROI2,Col1,改编：王育生,
61,ROI2,Col1,绘画：何宁崔君沛等,
61,ROI2,Col1,79年9月1版1次64开,
61,ROI2,Col1,印数：150万定价：0.17元,
61,ROI2,Col1,市场交流价：,
61,ROI2,Col1,9品：20元,
61,ROI2,Col1,10品：50元,
61,ROI2,Col2,红灯照,
61,ROI2,Col2,出版社：辽宁美术,
61,ROI2,Col2,改编：海滨,
61,ROI2,Col2,绘画：李钟录王立贤,
61,ROI2,Col2,81年8月1版1次64开,
61,ROI2,Col2,印数：20万定价：0.19元,
61,ROI2,Col2,市场交流价：,
61,ROI2,Col2,9品：15元,
61,ROI2,Col2,10品：30元,
61,ROI2,Col3,红灯照,
61,ROI2,Col3,出版社：吉林人民,
61,ROI2,Col3,编文：乔迈,
61,ROI2,Col3,绘画：温国良,
61,ROI2,Col3,80年1月1版1次64开,
61,ROI2,Col3,印数：70万定价：0.19元,
61,ROI2,Col3,市场交流价：,
61,ROI2,Col3,9品：30元,
61,ROI2,Col3,10品：60元,
61,ROI2,Col4,名将之死,
61,ROI2,Col4,出版社：岭南美术,
61,ROI2,Col4,改编：元人,
61,ROI2,Col4,绘画：苏维贤,
61,ROI2,Col4,88年7月1版1次64开,
61,ROI2,Col4,印数：未详定价：0.43元,
61,ROI2,Col4,市场交流价：,
61,ROI2,Col4,9品：15元,
61,ROI2,Col4,10品：30元,
62,ROI1,Col1,刘邦,
62,ROI1,Col1,出版社：陕西人民美术,
62,ROI1,Col1,改编：诸福章,
62,ROI1,Col1,绘画：樊玉民,
62,ROI1,Col1,82年9月1版1次64开,
62,ROI1,Col1,印数：26.5万定价：0.19元,
62,ROI1,Col1,市场交流价：,
62,ROI1,Col1,9品：10元,
62,ROI1,Col1,10品：20元,
62,ROI1,Col2,刘三姐,
62,ROI1,Col2,出版社：天津人民美术,
62,ROI1,Col2,改编：马定忠,
62,ROI1,Col2,绘画：杨全生,
62,ROI1,Col2,82年3月1版1次64开,
62,ROI1,Col2,印数：50.2万定价：0.17元,
62,ROI1,Col2,市场交流价：,
62,ROI1,Col2,9品：25元,
62,ROI1,Col2,10品：60元,
62,ROI1,Col3,刘海砍樵,
62,ROI1,Col3,出版社：湖南少年儿童,
62,ROI1,Col3,改编：陈大兴,
62,ROI1,Col3,绘画：陈白一陈明大,
62,ROI1,Col3,84年5月1版1次64开,
62,ROI1,Col3,印数：15.5万定价：0.20元,
62,ROI1,Col3,市场交流价：,
62,ROI1,Col3,9品：25元,
62,ROI1,Col3,10品：60元,
62,ROI1,Col4,李世民登基,
62,ROI1,Col4,出版社：河北美术,
62,ROI1,Col4,改编：李震川,
62,ROI1,Col4,绘画：晓飞晓霞,
62,ROI1,Col4,84年10月1版1次64开,
62,ROI1,Col4,印数：23.7万定价：0.23元,
62,ROI1,Col4,市场交流价：,
62,ROI1,Col4,9品：8元,
62,ROI1,Col4,10品：15元,
62,ROI2,Col1,乔老爷上轿,
62,ROI2,Col1,出版社：上海人民美术,
62,ROI2,Col1,改编：丁国联,
62,ROI2,Col1,绘画：夏书玉,
62,ROI2,Col1,79年4月1版1次64开,
62,ROI2,Col1,印数：50万定价：0.13元,
62,ROI2,Col1,市场交流价：,
62,ROI2,Col1,9品：25元,
62,ROI2,Col1,10品：50元,
62,ROI2,Col2,李慧娘,
62,ROI2,Col2,出版社：上海人民美术,
62,ROI2,Col2,改编：王肇岐,
62,ROI2,Col2,绘画：徐恒瑜,
62,ROI2,Col2,82年10月1版1次64开,
62,ROI2,Col2,印数：25万定价：0.13元,
62,ROI2,Col2,市场交流价：,
62,ROI2,Col2,9品：30元,
62,ROI2,Col2,10品：80元,
62,ROI2,Col3,李清照,
62,ROI2,Col3,出版社：上海人民美术,
62,ROI2,Col3,改编：金文明,
62,ROI2,Col3,绘画：胡永凯,
62,ROI2,Col3,82年8月1版1次64开,
62,ROI2,Col3,印数：21万定价：0.16元,
62,ROI2,Col3,市场交流价：,
62,ROI2,Col3,9品：8元,
62,ROI2,Col3,10品：15元,
62,ROI2,Col4,后会有期,
62,ROI2,Col4,出版社：人民音乐,
62,ROI2,Col4,改编：林翎,
62,ROI2,Col4,绘画：黄冠余,
62,ROI2,Col4,83年4月1版1次64开,
62,ROI2,Col4,印数：25.503万定价：0.13元,
62,ROI2,Col4,市场交流价：,
62,ROI2,Col4,9品：8元,
62,ROI2,Col4,10品：15元,
63,ROI1,Col1,西瓜炮,
63,ROI1,Col1,出版社：天津人民美术,
63,ROI1,Col1,改编：王金中,
63,ROI1,Col1,绘画：董风章,
63,ROI1,Col1,79年5月1版1次64开,
63,ROI1,Col1,印数：35万定价：0.09元,
63,ROI1,Col1,市场交流价：,
63,ROI1,Col1,9品：20元,
63,ROI1,Col1,10品：40元,
63,ROI1,Col2,纸上谈兵,
63,ROI1,Col2,出版社：辽宁美术,
63,ROI1,Col2,改编：鱼翔,
63,ROI1,Col2,绘画：马忠群李林祥等,
63,ROI1,Col2,81年8月1版1次64开,
63,ROI1,Col2,印数：23万定价：0.21元,
63,ROI1,Col2,市场交流价：,
63,ROI1,Col2,9品：12元,
63,ROI1,Col2,10品：25元,
63,ROI1,Col3,灯花,
63,ROI1,Col3,出版社：江苏人民,
63,ROI1,Col3,改编：谢树森,
63,ROI1,Col3,绘画：高云高云慧,
63,ROI1,Col3,81年4月1版1次64开,
63,ROI1,Col3,印数：20万定价：0.09元,
63,ROI1,Col3,市场交流价：,
63,ROI1,Col3,9品：10元,
63,ROI1,Col3,10品：20元,
63,ROI1,Col4,孙悟空大战三妖,
63,ROI1,Col4,出版社：辽宁美术,
63,ROI1,Col4,改编：于越,
63,ROI1,Col4,绘画：李德庆,
63,ROI1,Col4,82年4月1版1次64开,
63,ROI1,Col4,印数：55.1万定价：0.23元,
63,ROI1,Col4,市场交流价：,
63,ROI1,Col4,9品：10元,
63,ROI1,Col4,10品：20元,
63,ROI2,Col1,华佗与曹操,
63,ROI2,Col1,出版社：河北美术,
63,ROI2,Col1,改编：李新娟,
63,ROI2,Col1,绘画：费声福,
63,ROI2,Col1,85年6月1版1次64开,
63,ROI2,Col1,印数：6.2万定价：0.37元,
63,ROI2,Col1,市场交流价：,
63,ROI2,Col1,9品：20元,
63,ROI2,Col1,10品：40元,
63,ROI2,Col2,关汉卿,
63,ROI2,Col2,出版社：人民美术,
63,ROI2,Col2,改编：蓝光,
63,ROI2,Col2,绘画：剑忠照耀,
63,ROI2,Col2,84年12月1版1次64开,
63,ROI2,Col2,印数：未详定价：0.20元,
63,ROI2,Col2,市场交流价：,
63,ROI2,Col2,9品：15元,
63,ROI2,Col2,10品：30元,
63,ROI2,Col3,关汉卿,
63,ROI2,Col3,出版社：岭南美术,
63,ROI2,Col3,改编：陈大海,
63,ROI2,Col3,绘画：卢延光,
63,ROI2,Col3,81年2月1版1次64开,
63,ROI2,Col3,印数：未详定价：0.20元,
63,ROI2,Col3,市场交流价：,
63,ROI2,Col3,9品：15元,
63,ROI2,Col3,10品：25元,
63,ROI2,Col4,关汉卿,
63,ROI2,Col4,出版社：人民美术,
63,ROI2,Col4,改编：曲水低,
63,ROI2,Col4,绘画：王靖洲,
63,ROI2,Col4,82年10月2版4次64开,
63,ROI2,Col4,印数：28万定价：0.15元,
63,ROI2,Col4,市场交流价：,
63,ROI2,Col4,9品：60元,
63,ROI2,Col4,10品：110元,
64,ROI1,Col1,死城的传说,
64,ROI1,Col1,出版社：湖南美术,
64,ROI1,Col1,改编：刘兴诗,
64,ROI1,Col1,绘画：叶毓中,
64,ROI1,Col1,85年4月1版1次64开,
64,ROI1,Col1,印数：17.6万 定价：0.18元,
64,ROI1,Col1,市场交流价：,
64,ROI1,Col1,9品：10元,
64,ROI1,Col1,10品：20元,
64,ROI1,Col2,红石口,
64,ROI1,Col2,出版社：北京人民,
64,ROI1,Col2,改编：集体,
64,ROI1,Col2,绘画：集体,
64,ROI1,Col2,77年8月1版1次60开,
64,ROI1,Col2,印数：未详定价：0.22元,
64,ROI1,Col2,市场交流价：,
64,ROI1,Col2,9品：30元,
64,ROI1,Col2,10品：50元,
64,ROI1,Col3,红石口(上下),
64,ROI1,Col3,出版社：天津人民美术,
64,ROI1,Col3,改编：李晨声,
64,ROI1,Col3,绘画：赵宝林关景宇,
64,ROI1,Col3,76年7月1版1次64开,
64,ROI1,Col3,印数：未详定价：0.15元,
64,ROI1,Col3,市场交流价：,
64,ROI1,Col3,9品：20元,
64,ROI1,Col3,10品：30元,
64,ROI1,Col4,列车上的战斗,
64,ROI1,Col4,出版社：四川人民,
64,ROI1,Col4,改编：集体,
64,ROI1,Col4,绘画：集体,
64,ROI1,Col4,73年12月1版1次60开,
64,ROI1,Col4,印数：未详定价：0.14元,
64,ROI1,Col4,市场交流价：,
64,ROI1,Col4,9品：30元,
64,ROI1,Col4,10品：60元,
64,ROI2,Col1,红山岛,
64,ROI2,Col1,出版社：上海人民,
64,ROI2,Col1,改编：宁军,
64,ROI2,Col1,绘画：集体,
64,ROI2,Col1,72年5月1版1次60开,
64,ROI2,Col1,印数：未详定价：0.11元,
64,ROI2,Col1,市场交流价：,
64,ROI2,Col1,9品：35元,
64,ROI2,Col1,10品：100元,
64,ROI2,Col2,红山岛,
64,ROI2,Col2,出版社：上海市出版革命组,
64,ROI2,Col2,改编：宁军,
64,ROI2,Col2,绘画：集体,
64,ROI2,Col2,70年8月1版1次60开,
64,ROI2,Col2,印数：未详定价：0.11元,
64,ROI2,Col2,市场交流价：,
64,ROI2,Col2,9品：25元,
64,ROI2,Col2,10品：80元,
64,ROI2,Col3,红太阳照亮了西房身,
64,ROI2,Col3,出版社：辽宁人民,
64,ROI2,Col3,改编：集体,
64,ROI2,Col3,绘画：集体,
64,ROI2,Col3,72年9月1版1次60开,
64,ROI2,Col3,印数：未详定价：0.14元,
64,ROI2,Col3,市场交流价：,
64,ROI2,Col3,9品：35元,
64,ROI2,Col3,10品：120元,
64,ROI2,Col4,红色线路,
64,ROI2,Col4,出版社：上海人民,
64,ROI2,Col4,改编：集体,
64,ROI2,Col4,绘画：集体,
64,ROI2,Col4,71年7月1版2次60开,
64,ROI2,Col4,印数：未详定价：0.09元,
64,ROI2,Col4,市场交流价：,
64,ROI2,Col4,9品：40元,
64,ROI2,Col4,10品：120元,
64,FOOTNOTE,,,上海人民版封面与出版革命组版本不同
64,FOOTNOTE,,,月少见
64,FOOTNOTE,,,《红山岛》
65,ROI1,Col1,红枫岭,
65,ROI1,Col1,出版社：河北人民,
65,ROI1,Col1,改编：夏风,
65,ROI1,Col1,绘画：解永钧,
65,ROI1,Col1,76年5月1版1次64开,
65,ROI1,Col1,印数：50万定价：0.14元,
65,ROI1,Col1,市场交流价：,
65,ROI1,Col1,9品：10元,
65,ROI1,Col1,10品：20元,
65,ROI1,Col2,红色广播站,
65,ROI1,Col2,出版社：人民美术,
65,ROI1,Col2,改编：王雄韬,
65,ROI1,Col2,绘画：集体,
65,ROI1,Col2,76年4月1版1次64开,
65,ROI1,Col2,印数：100万定价：0.06元,
65,ROI1,Col2,市场交流价：,
65,ROI1,Col2,9品：5元,
65,ROI1,Col2,10品：10元,
65,ROI1,Col3,红心铸金堤,
65,ROI1,Col3,出版社：河北人民,
65,ROI1,Col3,改编：景胜,
65,ROI1,Col3,绘画：杨作文吴菊芬等,
65,ROI1,Col3,73年10月1版1次64开,
65,ROI1,Col3,印数：7.5万定价：0.08元,
65,ROI1,Col3,市场交流价：,
65,ROI1,Col3,9品：20元,
65,ROI1,Col3,10品：45元,
65,ROI1,Col4,红梅向阳,
65,ROI1,Col4,出版社：上海人民,
65,ROI1,Col4,改编：赵振威,
65,ROI1,Col4,绘画：集体,
65,ROI1,Col4,76年4月1版1次64开,
65,ROI1,Col4,印数：未详定价：0.07元,
65,ROI1,Col4,市场交流价：,
65,ROI1,Col4,9品：10元,
65,ROI1,Col4,10品：20元,
65,ROI2,Col1,红石崖,
65,ROI2,Col1,出版社：人民美术,
65,ROI2,Col1,改编：赵素堂等,
65,ROI2,Col1,绘画：李有华邵悦文等,
65,ROI2,Col1,76年10月1版1次64开,
65,ROI2,Col1,印数：100万定价：0.10元,
65,ROI2,Col1,市场交流价：,
65,ROI2,Col1,9品：10元,
65,ROI2,Col1,10品：20元,
65,ROI2,Col2,红松岭,
65,ROI2,Col2,出版社：江西人民,
65,ROI2,Col2,改编：竺乾华,
65,ROI2,Col2,绘画：陆军,
65,ROI2,Col2,76年5月1版1次64开,
65,ROI2,Col2,印数：20万定价：0.11元,
65,ROI2,Col2,市场交流价：,
65,ROI2,Col2,9品：10元,
65,ROI2,Col2,10品：20元,
65,ROI2,Col3,红旗渠,
65,ROI2,Col3,出版社：河南、人民美术,
65,ROI2,Col3,改编：集体,
65,ROI2,Col3,绘画：集体,
65,ROI2,Col3,73年9月1版2次64开,
65,ROI2,Col3,印数：45.5万 定价：0.18元,
65,ROI2,Col3,市场交流价：,
65,ROI2,Col3,9品：40元,
65,ROI2,Col3,10品：90元,
65,ROI2,Col4,红军村的红小兵,
65,ROI2,Col4,出版社：湖北人民,
65,ROI2,Col4,改编：邵劲之,
65,ROI2,Col4,绘画：汪国新田期松,
65,ROI2,Col4,75年10月1版1次64开,
65,ROI2,Col4,印数：未详定价：0.09元,
65,ROI2,Col4,市场交流价：,
65,ROI2,Col4,9品：10元,
65,ROI2,Col4,10品：15元,
66,ROI1,Col1,红松村的故事,
66,ROI1,Col1,出版社：浙江人民,
66,ROI1,Col1,改编：孙叔明,
66,ROI1,Col1,绘画：徐华令,
66,ROI1,Col1,74年8月1版2次60开,
66,ROI1,Col1,印数：90万定价：0.08元,
66,ROI1,Col1,市场交流价：,
66,ROI1,Col1,9品：15元,
66,ROI1,Col1,10品：30元,
66,ROI1,Col2,红岭一枝枪,
66,ROI1,Col2,出版社：江西人民,
66,ROI1,Col2,改编：集体,
66,ROI1,Col2,绘画：集体,
66,ROI1,Col2,72年9月1版1次60开,
66,ROI1,Col2,印数：未详定价：0.16元,
66,ROI1,Col2,市场交流价：,
66,ROI1,Col2,9品：20元,
66,ROI1,Col2,10品：45元,
66,ROI1,Col3,红小兵张建国,
66,ROI1,Col3,出版社：广东人民,
66,ROI1,Col3,改编：集体,
66,ROI1,Col3,绘画：集体,
66,ROI1,Col3,72年5月2版1次60开,
66,ROI1,Col3,印数：未详定价：0.08元,
66,ROI1,Col3,市场交流价：,
66,ROI1,Col3,9品：40元,
66,ROI1,Col3,10品：100元,
66,ROI1,Col4,红雨,
66,ROI1,Col4,出版社：江西人民,
66,ROI1,Col4,改编：严霞峰,
66,ROI1,Col4,绘画：汤云鹤,
66,ROI1,Col4,75年10月1版1次60开,
66,ROI1,Col4,印数：40万定价：0.16元,
66,ROI1,Col4,市场交流价：,
66,ROI1,Col4,9品：40元,
66,ROI1,Col4,10品：100元,
66,ROI2,Col1,红日高照野鸡坪,
66,ROI2,Col1,出版社：湖南人民美术,
66,ROI2,Col1,改编：集体,
66,ROI2,Col1,绘画：集体,
66,ROI2,Col1,71年2月1版1次60开,
66,ROI2,Col1,印数：未详定价：0.09元,
66,ROI2,Col1,市场交流价：,
66,ROI2,Col1,9品：50元,
66,ROI2,Col1,10品：180元,
66,ROI2,Col2,团结胜利的凯歌,
66,ROI2,Col2,出版社：人民美术,
66,ROI2,Col2,改编：集体,
66,ROI2,Col2,绘画：集体,
66,ROI2,Col2,72年4月1版1次60开,
66,ROI2,Col2,印数：未详定价：0.14元,
66,ROI2,Col2,市场交流价：,
66,ROI2,Col2,9品：40元,
66,ROI2,Col2,10品：100元,
66,ROI2,Col3,团山怒火,
66,ROI2,Col3,出版社：江西人民,
66,ROI2,Col3,改编：集体,
66,ROI2,Col3,绘画：集体,
66,ROI2,Col3,72年1月1版1次60开,
66,ROI2,Col3,印数：未详定价：0.13元,
66,ROI2,Col3,市场交流价：,
66,ROI2,Col3,9品：30元,
66,ROI2,Col3,10品：70元,
66,ROI2,Col4,0 交通站的故事,
66,ROI2,Col4,出版社：上海人民美术,
66,ROI2,Col4,改编：大鲁,
66,ROI2,Col4,绘画：华三川,
66,ROI2,Col4,82年6月1版13次60开,
66,ROI2,Col4,印数：93万定价：0.17元,
66,ROI2,Col4,市场交流价：,
66,ROI2,Col4,9品：30元,
66,ROI2,Col4,10品：80元,
67,ROI1,Col1,江心跳板,
67,ROI1,Col1,出版社：江苏人民,
67,ROI1,Col1,改编：潘年,
67,ROI1,Col1,绘画：劳思吴放,
67,ROI1,Col1,74年5月1版2次60开,
67,ROI1,Col1,印数：100万定价：0.15元,
67,ROI1,Col1,市场交流价：,
67,ROI1,Col1,9品：20元,
67,ROI1,Col1,10品：60元,
67,ROI1,Col2,江潮烈火,
67,ROI1,Col2,出版社：江苏人民,
67,ROI1,Col2,改编：理陶,
67,ROI1,Col2,绘画：徐晓平马明仲等,
67,ROI1,Col2,75年1月1版1次60开,
67,ROI1,Col2,印数：60万定价：0.12元,
67,ROI1,Col2,市场交流价：,
67,ROI1,Col2,9品：30元,
67,ROI1,Col2,10品：80元,
67,ROI1,Col3,江上夺枪,
67,ROI1,Col3,出版社：浙江人民,
67,ROI1,Col3,改编：胡曰龙,
67,ROI1,Col3,绘画：胡曰龙 朱植人,
67,ROI1,Col3,74年2月1版1次60开,
67,ROI1,Col3,印数：40万定价：0.08元,
67,ROI1,Col3,市场交流价：,
67,ROI1,Col3,9品：10元,
67,ROI1,Col3,10品：25元,
67,ROI1,Col4,江防图,
67,ROI1,Col4,出版社：江苏人民,
67,ROI1,Col4,改编：本社,
67,ROI1,Col4,绘画：是有福吴锦瑜,
67,ROI1,Col4,75年5月1版1次60开,
67,ROI1,Col4,印数：60万定价：0.11元,
67,ROI1,Col4,市场交流价：,
67,ROI1,Col4,9品：20元,
67,ROI1,Col4,10品：40元,
67,ROI2,Col1,江上新歌,
67,ROI2,Col1,出版社：上海人民,
67,ROI2,Col1,改编：程锦川,
67,ROI2,Col1,绘画：谢颖,
67,ROI2,Col1,76年4月1版1次64开,
67,ROI2,Col1,印数：未详定价：0.06元,
67,ROI2,Col1,市场交流价：,
67,ROI2,Col1,9品：8元,
67,ROI2,Col1,10品：15元,
67,ROI2,Col2,江上的战斗,
67,ROI2,Col2,出版社：吉林人民,
67,ROI2,Col2,改编：李遵义,
67,ROI2,Col2,绘画：赵书全,
67,ROI2,Col2,75年5月1版1次64开,
67,ROI2,Col2,印数：100万定价：0.10元,
67,ROI2,Col2,市场交流价：,
67,ROI2,Col2,9品：5元,
67,ROI2,Col2,10品：10元,
67,ROI2,Col3,江畔朝阳(一),
67,ROI2,Col3,出版社：上海人民,
67,ROI2,Col3,改编：集体,
67,ROI2,Col3,绘画：集体,
67,ROI2,Col3,75年5月1版1次64开,
67,ROI2,Col3,印数：50万定价：0.16元,
67,ROI2,Col3,市场交流价：,
67,ROI2,Col3,9品：15元,
67,ROI2,Col3,10品：30元,
67,ROI2,Col4,红心永向毛主席,
67,ROI2,Col4,出版社：解放军文艺,
67,ROI2,Col4,改编：集体,
67,ROI2,Col4,绘画：集体,
67,ROI2,Col4,68年2月1版1次64开,
67,ROI2,Col4,印数：未详定价：0.11元,
67,ROI2,Col4,市场交流价：,
67,ROI2,Col4,9品：300元,
67,ROI2,Col4,10品：600元,
68,ROI1,Col1,自力更生绘新图,
68,ROI1,Col1,出版社：江西省新华书店,
68,ROI1,Col1,改编：集体,
68,ROI1,Col1,绘画：集体,
68,ROI1,Col1,70年5月1版1次60开,
68,ROI1,Col1,印数：3万定价：0.12元,
68,ROI1,Col1,市场交流价：,
68,ROI1,Col1,9品：80元,
68,ROI1,Col1,10品：350元,
68,ROI1,Col2,自觉的哨兵,
68,ROI1,Col2,出版社：黑龙江人民,
68,ROI1,Col2,改编：集体,
68,ROI1,Col2,绘画：集体,
68,ROI1,Col2,72年11月1版1次60开,
68,ROI1,Col2,印数：未详定价：0.12元,
68,ROI1,Col2,市场交流价：,
68,ROI1,Col2,9品：25元,
68,ROI1,Col2,10品：50元,
68,ROI1,Col3,关键时刻,
68,ROI1,Col3,出版社：浙江人民,
68,ROI1,Col3,改编：马立等,
68,ROI1,Col3,绘画：任海荣,
68,ROI1,Col3,75年8月1版1次60开,
68,ROI1,Col3,印数：30万定价：0.07元,
68,ROI1,Col3,市场交流价：,
68,ROI1,Col3,9品：15元,
68,ROI1,Col3,10品：25元,
68,ROI1,Col4,杨今月,
68,ROI1,Col4,出版社：吉林人民,
68,ROI1,Col4,改编：集体,
68,ROI1,Col4,绘画：集体,
68,ROI1,Col4,70年4月1版1次60开,
68,ROI1,Col4,印数：未详定价：0.17元,
68,ROI1,Col4,市场交流价：,
68,ROI1,Col4,9品：60元,
68,ROI1,Col4,10品：180元,
68,ROI2,Col1,关成富,
68,ROI2,Col1,出版社：河北人民,
68,ROI2,Col1,改编：集体,
68,ROI2,Col1,绘画：集体,
68,ROI2,Col1,71年1月1版1次60开,
68,ROI2,Col1,印数：未详定价：0.13元,
68,ROI2,Col1,市场交流价：,
68,ROI2,Col1,9品：90元,
68,ROI2,Col1,10品：300元,
68,ROI2,Col2,关成富,
68,ROI2,Col2,出版社：人民美术,
68,ROI2,Col2,改编：集体,
68,ROI2,Col2,绘画：集体,
68,ROI2,Col2,71年1月1版1次60开,
68,ROI2,Col2,印数：未详定价：0.09元,
68,ROI2,Col2,市场交流价未详：,
68,ROI2,Col2,9品：60元,
68,ROI2,Col2,10品：250元,
68,ROI2,Col3,扬鞭向前,
68,ROI2,Col3,出版社：天津人民美术,
68,ROI2,Col3,改编：李坚,
68,ROI2,Col3,绘画：王柏松,
68,ROI2,Col3,75年6月1版1次60开,
68,ROI2,Col3,印数：未详定价：0.12元,
68,ROI2,Col3,市场交流价：,
68,ROI2,Col3,9品：10元,
68,ROI2,Col3,10品：20元,
68,ROI2,Col4,孙悟空三打白骨精,
68,ROI2,Col4,出版社：上海人民,
68,ROI2,Col4,改编：集体,
68,ROI2,Col4,绘画：赵宏本钱笑呆,
68,ROI2,Col4,73年4月1版4次60开,
68,ROI2,Col4,印数：70万定价：0.11元,
68,ROI2,Col4,市场交流价：,
68,ROI2,Col4,9品：80元,
68,ROI2,Col4,10品：250元,
69,ROI1,Col1,红日照亮乌金岭,
69,ROI1,Col1,出版社：广东人民,
69,ROI1,Col1,改编：朱源星陈秉均,
69,ROI1,Col1,绘画：梁明诚唐大禧,
69,ROI1,Col1,75年5月1版1次64开,
69,ROI1,Col1,印数：未详定价：0.08元,
69,ROI1,Col1,市场交流价：,
69,ROI1,Col1,9品：30元,
69,ROI1,Col1,10品：50元,
69,ROI1,Col2,运动场上,
69,ROI1,Col2,出版社：内蒙古人民,
69,ROI1,Col2,改编：少童,
69,ROI1,Col2,绘画：孙海晨,
69,ROI1,Col2,75年10月1版3次64开,
69,ROI1,Col2,印数：31万定价：0.11元,
69,ROI1,Col2,市场交流价：,
69,ROI1,Col2,9品：25元,
69,ROI1,Col2,10品：50元,
69,ROI1,Col3,老支书的故事(一),
69,ROI1,Col3,出版社：上海人民,
69,ROI1,Col3,改编：大鲁,
69,ROI1,Col3,绘画：陈云华,
69,ROI1,Col3,73年5月1版1次60开,
69,ROI1,Col3,印数：70万定价：0.12元,
69,ROI1,Col4,老支书的故事(二),
69,ROI1,Col4,出版社：上海人民,
69,ROI1,Col4,改编：左泥,
69,ROI1,Col4,绘画：陈云华,
69,ROI1,Col4,73年9月1版1次60开,
69,ROI1,Col4,印数：40万定价：0.10元,
69,ROI1,Col4,市场交流价：,
69,ROI1,Col4,9品：80元（全套）,
69,ROI1,Col4,10品：150元,
69,ROI2,Col1,老班长,
69,ROI2,Col1,出版社：广西人民,
69,ROI2,Col1,改编：罗运凯,
69,ROI2,Col1,绘画：吴乙坚,
69,ROI2,Col1,75年11月1版1次60开,
69,ROI2,Col1,印数：30万定价：0.10元,
69,ROI2,Col1,市场交流价：,
69,ROI2,Col1,9品：20元,
69,ROI2,Col1,10品：30元,
69,ROI2,Col2,老会长的女儿,
69,ROI2,Col2,出版社：内蒙古人民,
69,ROI2,Col2,改编：胡乃江,
69,ROI2,Col2,绘画：刘宝仲,
69,ROI2,Col2,74年8月1版1次64开,
69,ROI2,Col2,印数：31万定价：0.10元,
69,ROI2,Col2,市场交流价：,
69,ROI2,Col2,9品：15元,
69,ROI2,Col2,10品：25元,
69,ROI2,Col3,吉祥的凤凰,
69,ROI2,Col3,出版社：四川人民,
69,ROI2,Col3,改编：李大业,
69,ROI2,Col3,绘画：蒋宜勋,
69,ROI2,Col3,73年5月1版1次60开,
69,ROI2,Col3,印数：27万定价：0.07元,
69,ROI2,Col3,市场交流价：,
69,ROI2,Col3,9品：40元,
69,ROI2,Col3,10品：80元,
69,ROI2,Col4,合龙,
69,ROI2,Col4,出版社：上海人民,
69,ROI2,Col4,改编：顾光,
69,ROI2,Col4,绘画：集体,
69,ROI2,Col4,77年4月1版1次64开,
69,ROI2,Col4,印数：未详定价：0.08元,
69,ROI2,Col4,市场交流价：,
69,ROI2,Col4,9品：8元,
69,ROI2,Col4,10品：15元,
69,FOOTNOTE,,,《老支书的故事》第二分册少于第一分册，故市场交流价，第二册的价格高于第一册。
69,FOOTNOTE,,,*
70,ROI1,Col1,李全洲,
70,ROI1,Col1,出版社：湖北人民,
70,ROI1,Col1,改编：集体,
70,ROI1,Col1,绘画：集体,
70,ROI1,Col1,70年7月1版1次60开,
70,ROI1,Col1,印数：未详定价：0.08元,
70,ROI1,Col1,市场交流价：,
70,ROI1,Col1,9品：80元,
70,ROI1,Col1,10品：300元,
70,ROI1,Col2,李全洲,
70,ROI1,Col2,出版社：上海人民,
70,ROI1,Col2,改编：集体,
70,ROI1,Col2,绘画：集体,
70,ROI1,Col2,71年8月1版1次60开,
70,ROI1,Col2,印数：未详定价：0.09元,
70,ROI1,Col2,市场交流价：,
70,ROI1,Col2,9品：40元,
70,ROI1,Col2,10品：150元,
70,ROI1,Col3,李维超,
70,ROI1,Col3,出版社：人民美术,
70,ROI1,Col3,改编：集体,
70,ROI1,Col3,绘画：集体,
70,ROI1,Col3,72年6月1版3次60开,
70,ROI1,Col3,印数：未详定价：0.12元,
70,ROI1,Col3,市场交流价：,
70,ROI1,Col3,9品：30元,
70,ROI1,Col3,10品：100元,
70,ROI1,Col4,李维超,
70,ROI1,Col4,出版社：河北人民,
70,ROI1,Col4,改编：石林,
70,ROI1,Col4,绘画：薛树森等,
70,ROI1,Col4,72年5月1版1次60开,
70,ROI1,Col4,印数：未详定价：0.15元,
70,ROI1,Col4,市场交流价：,
70,ROI1,Col4,9品：40元,
70,ROI1,Col4,10品：100元,
70,ROI2,Col1,人民的好医生一李月华,
70,ROI2,Col1,出版社：浙江人民,
70,ROI2,Col1,改编：朱锡林等,
70,ROI2,Col1,绘画：朱锡林高峰等,
70,ROI2,Col1,76年4月1版1次60开,
70,ROI2,Col1,印数：未详定价：0.08元,
70,ROI2,Col1,市场交流价：,
70,ROI2,Col1,9品：25元,
70,ROI2,Col1,10品：70元,
70,ROI2,Col2,灰狐狸的秘密,
70,ROI2,Col2,出版社：山东人民,
70,ROI2,Col2,改编：集体,
70,ROI2,Col2,绘画：集体,
70,ROI2,Col2,74年5月1版1次60开,
70,ROI2,Col2,印数：70万定价：0.08元,
70,ROI2,Col2,市场交流价：,
70,ROI2,Col2,9品：15元,
70,ROI2,Col2,10品：25元,
70,ROI2,Col3,地下游击队,
70,ROI2,Col3,出版社：浙江人民,
70,ROI2,Col3,改编：司徒虹,
70,ROI2,Col3,绘画：张定华,
70,ROI2,Col3,73年1月1版1次60开,
70,ROI2,Col3,印数：60万定价：0.12元,
70,ROI2,Col3,市场交流价：,
70,ROI2,Col3,9品：20元,
70,ROI2,Col3,10品：45元,
70,ROI2,Col4,军号长鸣,
70,ROI2,Col4,出版社：浙江人民,
70,ROI2,Col4,改编：马正泉,
70,ROI2,Col4,绘画：盛元富,
70,ROI2,Col4,74年8月1版2次60开,
70,ROI2,Col4,印数：50万定价：0.08元,
70,ROI2,Col4,市场交流价：,
70,ROI2,Col4,9品：10元,
70,ROI2,Col4,10品：25元,
71,ROI1,Col1,地雷战,
71,ROI1,Col1,出版社：浙江人民,
71,ROI1,Col1,改编：梅安才等,
71,ROI1,Col1,绘画：张为民,
71,ROI1,Col1,72年12月1版2次60开,
71,ROI1,Col1,印数：未详定价：0.15元,
71,ROI1,Col1,市场交流价：,
71,ROI1,Col1,9品：60元,
71,ROI1,Col1,10品：200元,
71,ROI1,Col2,地雷战,
71,ROI1,Col2,出版社：人民美术,
71,ROI1,Col2,改编：梅安才等,
71,ROI1,Col2,绘画：张为民,
71,ROI1,Col2,72年12月1版2次64开,
71,ROI1,Col2,印数：未详定价：0.15元,
71,ROI1,Col2,市场交流价：,
71,ROI1,Col2,9品：30元,
71,ROI1,Col2,10品：100元,
71,ROI1,Col3,地道战,
71,ROI1,Col3,出版社：人民美术,
71,ROI1,Col3,改编：哲枚等,
71,ROI1,Col3,绘画：集体,
71,ROI1,Col3,71年12月1版1次60开,
71,ROI1,Col3,印数：未详定价：0.17元,
71,ROI1,Col3,市场交流价：,
71,ROI1,Col3,9品：60元,
71,ROI1,Col3,10品：180元,
71,ROI1,Col4,地道战,
71,ROI1,Col4,出版社：天津人民美术,
71,ROI1,Col4,改编：集体,
71,ROI1,Col4,绘画：集体,
71,ROI1,Col4,70年1月1版1次60开,
71,ROI1,Col4,印数：未详定价：0.16元,
71,ROI1,Col4,市场交流价：,
71,ROI1,Col4,9品：50元,
71,ROI1,Col4,10品：200元,
71,ROI2,Col1,列宁在十月,
71,ROI2,Col1,出版社：上海人民,
71,ROI2,Col1,改编：集体,
71,ROI2,Col1,绘画：顾炳鑫等,
71,ROI2,Col1,70年11月1版1次60开,
71,ROI2,Col1,印数：未详 定价：0.12元,
71,ROI2,Col1,市场交流价：,
71,ROI2,Col1,9品：60元,
71,ROI2,Col1,10品：250元,
71,ROI2,Col2,列宁在十月,
71,ROI2,Col2,出版社：上海人民,
71,ROI2,Col2,改编：集体,
71,ROI2,Col2,绘画：顾炳鑫,
71,ROI2,Col2,72年6月1版6次60开,
71,ROI2,Col2,印数：未详 定价：0.12元,
71,ROI2,Col2,市场交流价：,
71,ROI2,Col2,9品：50元,
71,ROI2,Col2,10品：140元,
71,ROI2,Col3,0,
71,ROI2,Col3,列宁在一九一八年,
71,ROI2,Col3,出版社：上海人民,
71,ROI2,Col3,改编：集体,
71,ROI2,Col3,绘画：顾炳鑫,
71,ROI2,Col3,72年6月1版1次60开,
71,ROI2,Col3,印数：未详定价：0.13元,
71,ROI2,Col3,市场交流价：,
71,ROI2,Col3,9品：60元,
71,ROI2,Col3,10品：220元,
71,ROI2,Col4,列宁在1918年,
71,ROI2,Col4,出版社：人民美术,
71,ROI2,Col4,改编：集体,
71,ROI2,Col4,绘画：董洪元,
71,ROI2,Col4,77年2月1版3次60开,
71,ROI2,Col4,印数：未详定价：0.19元,
71,ROI2,Col4,市场交流价：,
71,ROI2,Col4,9品：30元,
71,ROI2,Col4,10品：100元,
72,ROI1,Col1,刘文学,
72,ROI1,Col1,出版社：上海人民,
72,ROI1,Col1,改编：集体,
72,ROI1,Col1,绘画：王仲清胡克文等,
72,ROI1,Col1,73年4月2版4次60开,
72,ROI1,Col1,印数：382万定价：0.08元,
72,ROI1,Col1,市场交流价：,
72,ROI1,Col1,9品：20元,
72,ROI1,Col1,10品：70元,
72,ROI1,Col2,毛主席的好孩子一刘文学,
72,ROI1,Col2,出版社：上海市出版革组,
72,ROI1,Col2,改编：黄一德,
72,ROI1,Col2,绘画：王仲清等,
72,ROI1,Col2,70年5月1版2次60开,
72,ROI1,Col2,印数：未详定价：0.11元,
72,ROI1,Col2,市场交流价：,
72,ROI1,Col2,9品：50元,
72,ROI1,Col2,10品：120元,
72,ROI1,Col3,刘胡兰,
72,ROI1,Col3,出版社：上海人民,
72,ROI1,Col3,改编：集体,
72,ROI1,Col3,绘画：俞理等,
72,ROI1,Col3,72年5月1版1次60开,
72,ROI1,Col3,印数：未详定价：0.13元,
72,ROI1,Col3,市场交流价：,
72,ROI1,Col3,9品：30元,
72,ROI1,Col3,10品：100元,
72,ROI1,Col4,夺枪记,
72,ROI1,Col4,出版社：江西人民,
72,ROI1,Col4,改编：吕锡炎,
72,ROI1,Col4,绘画：陈贡琳俞怡生等,
72,ROI1,Col4,75年10月1版1次60开,
72,ROI1,Col4,印数：60万定价：0.13元,
72,ROI1,Col4,市场交流价：,
72,ROI1,Col4,9品：10元,
72,ROI1,Col4,10品：20元,
72,ROI2,Col1,0,
72,ROI2,Col1,争夺,
72,ROI2,Col1,出版社：上海人民,
72,ROI2,Col1,改编：集体,
72,ROI2,Col1,绘画：赵仁年等,
72,ROI2,Col1,75年2月1版2次60开,
72,ROI2,Col1,印数：155万定价：0.10元,
72,ROI2,Col1,市场交流价：,
72,ROI2,Col1,9品：15元,
72,ROI2,Col1,10品：30元,
72,ROI2,Col2,阳光灿烂红旗艳,
72,ROI2,Col2,出版社：上海人民,
72,ROI2,Col2,改编：集体,
72,ROI2,Col2,绘画：集体,
72,ROI2,Col2,72年3月1版1次60开,
72,ROI2,Col2,印数：未详定价：0.08元,
72,ROI2,Col2,市场交流价：,
72,ROI2,Col2,9品：30元,
72,ROI2,Col2,10品：100元,
72,ROI2,Col3,党的好女儿一毕英兰,
72,ROI2,Col3,出版社：辽宁省新华书店,
72,ROI2,Col3,改编：汾飞,
72,ROI2,Col3,绘画：蒋仲兴,
72,ROI2,Col3,71年10月1版1次60开,
72,ROI2,Col3,印数：未详定价0.11元,
72,ROI2,Col3,市场交流价：,
72,ROI2,Col3,9品：60元,
72,ROI2,Col3,10品：150元,
72,ROI2,Col4,甘洒热血为人民,
72,ROI2,Col4,出版社：浙江人民美术,
72,ROI2,Col4,改编：集体,
72,ROI2,Col4,绘画：红宇,
72,ROI2,Col4,71年1月1版1次60开,
72,ROI2,Col4,印数：未详定价0.09元,
72,ROI2,Col4,市场交流价：,
72,ROI2,Col4,9品：60元,
72,ROI2,Col4,10品：150元,
73,ROI1,Col1,向阳院的故事,
73,ROI1,Col1,出版社：上海人民,
73,ROI1,Col1,改编：秦节,
73,ROI1,Col1,绘画：顾炳鑫,
73,ROI1,Col1,76年1月1版1次64开,
73,ROI1,Col1,印数：未详定价：0.14元,
73,ROI1,Col1,市场交流价：,
73,ROI1,Col1,9品：60元,
73,ROI1,Col1,10品：200元,
73,ROI1,Col2,向阳院的故事,
73,ROI1,Col2,出版社：安徽人民,
73,ROI1,Col2,改编：高梅义,
73,ROI1,Col2,绘画：肖玉磊何保全等,
73,ROI1,Col2,75年6月1版1次64开,
73,ROI1,Col2,印数：未详定价：0.17元,
73,ROI1,Col2,市场交流价：,
73,ROI1,Col2,9品：20元,
73,ROI1,Col2,10品：40元,
73,ROI1,Col3,机密图纸,
73,ROI1,Col3,出版社：天津人民美术,
73,ROI1,Col3,改编：周振天,
73,ROI1,Col3,绘画：侯树年刘胜利等,
73,ROI1,Col3,75年9月1版1次64开,
73,ROI1,Col3,印数：未详定价：0.20元,
73,ROI1,Col3,市场交流价：,
73,ROI1,Col3,9品：20元,
73,ROI1,Col3,10品：40元,
73,ROI1,Col4,机智的通信兵,
73,ROI1,Col4,出版社：广东人民,
73,ROI1,Col4,改编：集体,
73,ROI1,Col4,绘画：李洪渊广声等,
73,ROI1,Col4,73年8月1版1次64开,
73,ROI1,Col4,印数：50万定价：0.07元,
73,ROI1,Col4,市场交流价：,
73,ROI1,Col4,9品：10元,
73,ROI1,Col4,10品：20元,
73,ROI2,Col1,机警的孩子,
73,ROI2,Col1,出版社：上海人民,
73,ROI2,Col1,改编：集体,
73,ROI2,Col1,绘画：李铁生汪玉山等,
73,ROI2,Col1,73年6月1版1次60开,
73,ROI2,Col1,印数：100万定价：0.07元,
73,ROI2,Col1,市场交流价：,
73,ROI2,Col1,9品：20元,
73,ROI2,Col1,10品：50元,
73,ROI2,Col2,年四旺,
73,ROI2,Col2,出版社：浙江人民美术,
73,ROI2,Col2,改编：集体,
73,ROI2,Col2,绘画：集体,
73,ROI2,Col2,68年2月1版1次60开,
73,ROI2,Col2,印数：10万定价：0.08元,
73,ROI2,Col2,市场交流价：,
73,ROI2,Col2,9品：120元,
73,ROI2,Col2,10品：300元,
73,ROI2,Col3,双喜嫂,
73,ROI2,Col3,出版社：江苏人民,
73,ROI2,Col3,改编：集体,
73,ROI2,Col3,绘画：顾曾平,
73,ROI2,Col3,73年11月1版1次60开,
73,ROI2,Col3,印数：100万 定价：0.13元,
73,ROI2,Col3,市场交流价：,
73,ROI2,Col3,9品：20元,
73,ROI2,Col3,10品：40元,
73,ROI2,Col4,灯儿,
73,ROI2,Col4,出版社：上海人民,
73,ROI2,Col4,改编：吴文焕,
73,ROI2,Col4,绘画：陈云华,
73,ROI2,Col4,74年4月1版1次60开,
73,ROI2,Col4,印数：100万定价：0.09元,
73,ROI2,Col4,市场交流价：,
73,ROI2,Col4,9品：20元,
73,ROI2,Col4,10品：60元,
74,ROI1,Col1,先秦法家人物故事选,
74,ROI1,Col1,出版社：浙江人民,
74,ROI1,Col1,改编：集体,
74,ROI1,Col1,绘画：丁斌曾吴大成等,
74,ROI1,Col1,74年12月1版1次60开,
74,ROI1,Col1,印数：100万定价：0.10元,
74,ROI1,Col1,市场交流价：,
74,ROI1,Col1,9品：25元,
74,ROI1,Col1,10品：50元,
74,ROI1,Col2,竹园风云,
74,ROI1,Col2,出版社：浙江人民,
74,ROI1,Col2,改编：崔铭先,
74,ROI1,Col2,绘画：崔铭先车 进等,
74,ROI1,Col2,75年6月1版1次60开,
74,ROI1,Col2,印数：110万定价：0.11元,
74,ROI1,Col2,市场交流价：,
74,ROI1,Col2,9品：10元,
74,ROI1,Col2,10品：20元,
74,ROI1,Col3,在轮船上,
74,ROI1,Col3,出版社：上海人民,
74,ROI1,Col3,改编：秦节,
74,ROI1,Col3,绘画：集体,
74,ROI1,Col3,74年12月1版1次60开,
74,ROI1,Col3,印数：60万定价：0.07元,
74,ROI1,Col3,市场交流价：,
74,ROI1,Col3,9品：10元,
74,ROI1,Col3,10品：25元,
74,ROI1,Col4,连心扁担,
74,ROI1,Col4,出版社：河北人民,
74,ROI1,Col4,改编：集体,
74,ROI1,Col4,绘画：集体,
74,ROI1,Col4,76年2月1版1次64开,
74,ROI1,Col4,印数：30万定价：0.08元,
74,ROI1,Col4,市场交流价：,
74,ROI1,Col4,9品：25元,
74,ROI1,Col4,10品：45元,
74,ROI2,Col1,西门豹治业,
74,ROI2,Col1,出版社：上海人民,
74,ROI2,Col1,编文：受鸣沈舟,
74,ROI2,Col1,绘画：杨青华,
74,ROI2,Col1,75年10月1版1次64开,
74,ROI2,Col1,印数：未详定价：0.07元,
74,ROI2,Col1,市场交流价：,
74,ROI2,Col1,9品：20元,
74,ROI2,Col1,10品：40元,
74,ROI2,Col2,西门豹破除迷信,
74,ROI2,Col2,出版社：河北人民,
74,ROI2,Col2,改编：张参,
74,ROI2,Col2,绘画：王亦秋,
74,ROI2,Col2,75年1月1版1次64开,
74,ROI2,Col2,印数：130万定价：0.07元,
74,ROI2,Col2,市场交流价：,
74,ROI2,Col2,9品：40元,
74,ROI2,Col2,10品：80元,
74,ROI2,Col3,西门豹除巫,
74,ROI2,Col3,出版社：安徽人民,
74,ROI2,Col3,改编：王滋华,
74,ROI2,Col3,绘画：田乔,
74,ROI2,Col3,76年4月1版1次64开,
74,ROI2,Col3,印数：未详定价：0.07元,
74,ROI2,Col3,市场交流价：,
74,ROI2,Col3,9品：20元,
74,ROI2,Col3,10品：40元,
74,ROI2,Col4,初春的早晨,
74,ROI2,Col4,出版社：上海人民,
74,ROI2,Col4,改编：徐明福,
74,ROI2,Col4,绘画：集体,
74,ROI2,Col4,75年6月1版1次64开,
74,ROI2,Col4,印数：40万定价：0.09元,
74,ROI2,Col4,市场交流价：,
74,ROI2,Col4,9品：15元,
74,ROI2,Col4,10品：40元,
75,ROI1,Col1,壮丽青春,
75,ROI1,Col1,出版社：黑龙江人民,
75,ROI1,Col1,改编：集体,
75,ROI1,Col1,绘画：集体,
75,ROI1,Col1,72年9月1版1次60开,
75,ROI1,Col1,印数：未详定价：0.10元,
75,ROI1,Col1,市场交流价：,
75,ROI1,Col1,9品：40元,
75,ROI1,Col1,10品：100元,
75,ROI1,Col2,壮志压倒千重山,
75,ROI1,Col2,出版社：上海人民,
75,ROI1,Col2,改编：集体,
75,ROI1,Col2,绘画：集体,
75,ROI1,Col2,71年10月1版1次60开,
75,ROI1,Col2,印数：未详定价：0.08元,
75,ROI1,Col2,市场交流价：,
75,ROI1,Col2,9品：50元,
75,ROI1,Col2,10品：200元,
75,ROI1,Col3,血防线上,
75,ROI1,Col3,出版社：上海人民,
75,ROI1,Col3,改编：集体,
75,ROI1,Col3,绘画：徐有武,
75,ROI1,Col3,73年3月1版1次60开,
75,ROI1,Col3,印数：40万定价：0.10元,
75,ROI1,Col3,市场交流价：,
75,ROI1,Col3,9品：30元,
75,ROI1,Col3,10品：70元,
75,ROI1,Col4,0,
75,ROI1,Col4,老槐树的秘密,
75,ROI1,Col4,出版社：上海人民,
75,ROI1,Col4,改编：徐斌,
75,ROI1,Col4,绘画：陈光镒 盛亮贤等,
75,ROI1,Col4,76年10月1版1次64开,
75,ROI1,Col4,印数：未详定价：0.06元,
75,ROI1,Col4,市场交流价：,
75,ROI1,Col4,9品：15元,
75,ROI1,Col4,10品：30元,
75,ROI2,Col1,闯出为人民服务的广阔天地,
75,ROI2,Col1,出版社：上海人民,
75,ROI2,Col1,改编：集体,
75,ROI2,Col1,绘画：集体,
75,ROI2,Col1,71年6月1版1次60开,
75,ROI2,Col1,印数：未详定价：0.09元,
75,ROI2,Col1,市场交流价：,
75,ROI2,Col1,9品：40元,
75,ROI2,Col1,10品：120元,
75,ROI2,Col2,安全问题,
75,ROI2,Col2,出版社：人民美术,
75,ROI2,Col2,改编：集体,
75,ROI2,Col2,绘画：李世南,
75,ROI2,Col2,72年8月2版1次64开,
75,ROI2,Col2,印数：未详定价：0.12元,
75,ROI2,Col2,市场交流价：,
75,ROI2,Col2,9品：30元,
75,ROI2,Col2,10品：50元,
75,ROI2,Col3,共产主义小英雄,
75,ROI2,Col3,出版社：浙江人民,
75,ROI2,Col3,改编：集体,
75,ROI2,Col3,绘画：集体,
75,ROI2,Col3,70年7月1版1次60开,
75,ROI2,Col3,印数：未详定价：0.09元,
75,ROI2,Col3,市场交流价：,
75,ROI2,Col3,9品：80元,
75,ROI2,Col3,10品：200元,
75,ROI2,Col4,血泪的控诉,
75,ROI2,Col4,出版社：陕西人民,
75,ROI2,Col4,改编：集体,
75,ROI2,Col4,绘画：集体,
75,ROI2,Col4,75年7月1版1次64开,
75,ROI2,Col4,印数：35万定价：0.08元,
75,ROI2,Col4,市场交流价：,
75,ROI2,Col4,9品：15元,
75,ROI2,Col4,10品：30元,
76,ROI1,Col1,考试,
76,ROI1,Col1,出版社：湖北人民,
76,ROI1,Col1,改编：邵劲之,
76,ROI1,Col1,绘画：唐明松等,
76,ROI1,Col1,75年4月1版1次64开,
76,ROI1,Col1,印数：35万定价：0.08元,
76,ROI1,Col1,市场交流价：,
76,ROI1,Col1,9品：8元,
76,ROI1,Col1,10品：15元,
76,ROI1,Col2,纸条儿和纸条儿,
76,ROI1,Col2,出版社：江苏人民,
76,ROI1,Col2,改编：华士明,
76,ROI1,Col2,绘画：杨雨青,
76,ROI1,Col2,79年7月1版1次64开,
76,ROI1,Col2,印数：32万定价：0.09元,
76,ROI1,Col2,市场交流价：,
76,ROI1,Col2,9品：15元,
76,ROI1,Col2,10品：25元,
76,ROI1,Col3,纸条的故事,
76,ROI1,Col3,出版社：天津人民美术,
76,ROI1,Col3,改编：青野,
76,ROI1,Col3,绘画：季源业季津业,
76,ROI1,Col3,78年11月1版1次64开,
76,ROI1,Col3,印数：未详定价：0.10元,
76,ROI1,Col3,市场交流价：,
76,ROI1,Col3,9品：10元,
76,ROI1,Col3,10品：20元,
76,ROI1,Col4,纸条儿的秘密,
76,ROI1,Col4,出版社：辽宁美术,
76,ROI1,Col4,改编：洪云,
76,ROI1,Col4,绘画：李子纯,
76,ROI1,Col4,79年10月1版1次64开,
76,ROI1,Col4,印数：40万定价：0.11元,
76,ROI1,Col4,市场交流价：,
76,ROI1,Col4,9品：6元,
76,ROI1,Col4,10品：12元,
76,ROI2,Col1,李双双,
76,ROI2,Col1,出版社：上海人民,
76,ROI2,Col1,改编：陆仲坚,
76,ROI2,Col1,绘画：贺友直,
76,ROI2,Col1,77年12月1版1次64开,
76,ROI2,Col1,印数：未详定价：0.20元,
76,ROI2,Col1,市场交流价：,
76,ROI2,Col1,9品：120元,
76,ROI2,Col1,10品：300元,
76,ROI2,Col2,李大钊的故事,
76,ROI2,Col2,出版社：河北美术,
76,ROI2,Col2,改编：张建国,
76,ROI2,Col2,绘画：刘文甫乔文科,
76,ROI2,Col2,83年4月1版1次64开,
76,ROI2,Col2,印数：5.86万定价：0.14元,
76,ROI2,Col2,市场交流价：,
76,ROI2,Col2,9品：8元,
76,ROI2,Col2,10品：15元,
76,ROI2,Col3,壮别天涯,
76,ROI2,Col3,出版社：江苏美术,
76,ROI2,Col3,改编：路青,
76,ROI2,Col3,绘画：朱振庚,
76,ROI2,Col3,85年10月1版1次64开,
76,ROI2,Col3,印数：未详定价：0.24元,
76,ROI2,Col3,市场交流价：,
76,ROI2,Col3,9品：20元,
76,ROI2,Col3,10品：40元,
76,ROI2,Col4,红珊瑚腰刀,
76,ROI2,Col4,出版社：甘肃人民,
76,ROI2,Col4,改编：集体,
76,ROI2,Col4,绘画：李明强,
76,ROI2,Col4,73年9月1版3次60开,
76,ROI2,Col4,印数：70万定价：0.31元,
76,ROI2,Col4,市场交流价：,
76,ROI2,Col4,9品：30元,
76,ROI2,Col4,10品：60元,
77,ROI1,Col1,再见亲爱的祖国,
77,ROI1,Col1,出版社：福建人民,
77,ROI1,Col1,编文：李成荣,
77,ROI1,Col1,绘画：沈在召柯玲等,
77,ROI1,Col1,77年8月1版1次60开,
77,ROI1,Col1,印数：未详定价：0.16元,
77,ROI1,Col1,市场交流价：,
77,ROI1,Col1,9品：30元,
77,ROI1,Col1,10品：50元,
77,ROI1,Col2,红珊瑚,
77,ROI1,Col2,出版社：人民美术,
77,ROI1,Col2,改编：叶惠元,
77,ROI1,Col2,绘画：童介眉,
77,ROI1,Col2,83年2月2版4次64开,
77,ROI1,Col2,印数：42.2万定价：0.20元,
77,ROI1,Col2,市场交流价：,
77,ROI1,Col2,9品：20元,
77,ROI1,Col2,10品：50元,
77,ROI1,Col3,红红的雨花石,
77,ROI1,Col3,出版社：上海人民美术,
77,ROI1,Col3,改编：胡雁,
77,ROI1,Col3,绘画：邵劭,
77,ROI1,Col3,80年10月1版1次64开,
77,ROI1,Col3,印数：69万定价：0.16元,
77,ROI1,Col3,市场交流价：,
77,ROI1,Col3,9品：10元,
77,ROI1,Col3,10品：20元,
77,ROI1,Col4,红光礁夜战,
77,ROI1,Col4,出版社：上海人民,
77,ROI1,Col4,改编：郭盛林,
77,ROI1,Col4,绘画：瞿谷寒、杨火才,
77,ROI1,Col4,77年5月1版1次64开,
77,ROI1,Col4,印数：未详定价：0.12元,
77,ROI1,Col4,市场交流价：,
77,ROI1,Col4,9品：8元,
77,ROI1,Col4,10品：20元,
77,ROI2,Col1,红梅,
77,ROI2,Col1,出版社：人民,
77,ROI2,Col1,改编：张永透,
77,ROI2,Col1,绘画：李合文继明,
77,ROI2,Col1,75年6月1版1次60开,
77,ROI2,Col1,印数：未详定价：0.11元,
77,ROI2,Col1,市场交流价：,
77,ROI2,Col1,9品：20元,
77,ROI2,Col1,10品：30元,
77,ROI2,Col2,红旗谱(上下),
77,ROI2,Col2,出版社：上海人民,
77,ROI2,Col2,编文：赵继良,
77,ROI2,Col2,绘画：胡振宇,
77,ROI2,Col2,81年6月1版1次64开,
77,ROI2,Col2,印数：17万定价：0.35元,
77,ROI2,Col2,市场交流价：,
77,ROI2,Col2,9品：25元（全套）,
77,ROI2,Col2,10品：40元,
77,ROI2,Col3,红旗谱,
77,ROI2,Col3,出版社：河北人民,
77,ROI2,Col3,改编：尚羡智,
77,ROI2,Col3,绘画：王怀琪,
77,ROI2,Col3,81年6月1版1次64开,
77,ROI2,Col3,印数：23.1万定价：0.23元,
77,ROI2,Col3,市场交流价：,
77,ROI2,Col3,9品：60元,
77,ROI2,Col3,10品：100元,
77,ROI2,Col4,6 “老”游击队员,
77,ROI2,Col4,出版社：浙江人民,
77,ROI2,Col4,编文：赖平等,
77,ROI2,Col4,绘画：俞梦彦,
77,ROI2,Col4,72年5月1版2次60开,
77,ROI2,Col4,印数：未详定价：0.07元,
77,ROI2,Col4,市场交流价：,
77,ROI2,Col4,9品：20元,
77,ROI2,Col4,10品：40元,
78,ROI1,Col1,G 红嫂,
78,ROI1,Col1,出版社：上海人民美术,
78,ROI1,Col1,改编：蓝翔,
78,ROI1,Col1,绘画：钱贵荪,
78,ROI1,Col1,84年1月2版3次60开,
78,ROI1,Col1,印数：35.5万定价：0.14元,
78,ROI1,Col1,市场交流价：,
78,ROI1,Col1,9品：40元,
78,ROI1,Col1,10品：90元,
78,ROI1,Col2,西安事变,
78,ROI1,Col2,出版社：辽宁美术,
78,ROI1,Col2,改编：马启莱等,
78,ROI1,Col2,绘画：沈加蔚王兰,
78,ROI1,Col2,82年6月1版1次64开,
78,ROI1,Col2,印数：43.1万定价：0.24元,
78,ROI1,Col2,市场交流价：,
78,ROI1,Col2,9品：25元,
78,ROI1,Col2,10品：40元,
78,ROI1,Col3,西双版纳的故事,
78,ROI1,Col3,出版社：四川人民人民美术,
78,ROI1,Col3,改编：刘治贵等,
78,ROI1,Col3,绘画：白德松葛明艺,
78,ROI1,Col3,78年2月1版1次64开,
78,ROI1,Col3,印数：100万定价：0.16元,
78,ROI1,Col3,市场交流价：,
78,ROI1,Col3,9品：10元,
78,ROI1,Col3,10品：20元,
78,ROI1,Col4,西线轶事,
78,ROI1,Col4,出版社：上海人民美术,
78,ROI1,Col4,编文：吉国祥,
78,ROI1,Col4,绘画：赵文元,
78,ROI1,Col4,83年5月1版1次64开,
78,ROI1,Col4,印数：38万定价：0.16元,
78,ROI1,Col4,市场交流价：,
78,ROI1,Col4,9品：10元,
78,ROI1,Col4,10品：20元,
78,ROI2,Col1,夺印,
78,ROI2,Col1,出版社：人民美术,
78,ROI2,Col1,改编：蒋淑均,
78,ROI2,Col1,绘画：林锴,
78,ROI2,Col1,78年7月2版2次60开,
78,ROI2,Col1,印数：110万定价：0.19元,
78,ROI2,Col1,市场交流价：,
78,ROI2,Col1,9品：50元,
78,ROI2,Col1,10品：100元,
78,ROI2,Col2,夺印,
78,ROI2,Col2,出版社：上海人民美术,
78,ROI2,Col2,改编：黄奕如,
78,ROI2,Col2,绘画：徐进孙愚,
78,ROI2,Col2,77年11月1版1次64开,
78,ROI2,Col2,印数：未详定价：0.17元,
78,ROI2,Col2,市场交流价：,
78,ROI2,Col2,9品：50元,
78,ROI2,Col2,10品：150元,
78,ROI2,Col3,危急时刻,
78,ROI2,Col3,出版社：四川人民,
78,ROI2,Col3,改编：戴安常,
78,ROI2,Col3,绘画：周良知,
78,ROI2,Col3,83年4月1版1次64开,
78,ROI2,Col3,印数：31.2万 定价：0.11元,
78,ROI2,Col3,市场交流价：,
78,ROI2,Col3,9品：10元,
78,ROI2,Col3,10品：20元,
78,ROI2,Col4,许茂和他的女儿们（上下）,
78,ROI2,Col4,出版社：上海人民美术,
78,ROI2,Col4,改编：吴文焕,
78,ROI2,Col4,绘画：胡震国 王守中,
78,ROI2,Col4,83年9月1版1次64开,
78,ROI2,Col4,印数：6.2万定价：0.34元,
78,ROI2,Col4,市场交流价：,
78,ROI2,Col4,9品：30元（全套）,
78,ROI2,Col4,10品：60元,
79,ROI1,Col1,刑场婚礼,
79,ROI1,Col1,出版社：人民美术,
79,ROI1,Col1,编文：吴戈,
79,ROI1,Col1,绘画：乐涛,
79,ROI1,Col1,82年6月1版1次64开,
79,ROI1,Col1,印数：26万定价：0.25元,
79,ROI1,Col1,市场交流价：,
79,ROI1,Col1,9品：10元,
79,ROI1,Col1,10品：15元,
79,ROI1,Col2,刑场上的婚礼,
79,ROI1,Col2,出版社：上海人民美术,
79,ROI1,Col2,改编：丁国联,
79,ROI1,Col2,绘画：叶 雄,
79,ROI1,Col2,81年11月1版1次64开,
79,ROI1,Col2,印数：55万定价：0.18元,
79,ROI1,Col2,市场交流价：,
79,ROI1,Col2,9品：15元,
79,ROI1,Col2,10品：30元,
79,ROI1,Col3,地质之光,
79,ROI1,Col3,出版社：广东人民,
79,ROI1,Col3,改编：王计祥,
79,ROI1,Col3,绘画：陶穗洪,
79,ROI1,Col3,80年2月1版1次64开,
79,ROI1,Col3,印数：未详定价：0.13元,
79,ROI1,Col3,市场交流价：,
79,ROI1,Col3,9品：5元,
79,ROI1,Col3,10品：10元,
79,ROI1,Col4,地下航线,
79,ROI1,Col4,出版社：上海人民美术,
79,ROI1,Col4,改编：李政民,
79,ROI1,Col4,绘画：陈云华,
79,ROI1,Col4,84年1月1版1次64开,
79,ROI1,Col4,印数：86.5万定价：0.15元,
79,ROI1,Col4,市场交流价：,
79,ROI1,Col4,9品：35元,
79,ROI1,Col4,10品：80元,
79,ROI2,Col1,0,
79,ROI2,Col1,许凤,
79,ROI2,Col1,出版社：浙江人民,
79,ROI2,Col1,编文：集体,
79,ROI2,Col1,绘画：集体,
79,ROI2,Col1,79年4月1版2次60开,
79,ROI2,Col1,印数：未详定价：0.24元,
79,ROI2,Col1,市场交流价：,
79,ROI2,Col1,9品：80元,
79,ROI2,Col1,10品：200元,
79,ROI2,Col2,回民支队（上下）,
79,ROI2,Col2,出版社：河北美术,
79,ROI2,Col2,编文：刘树强,
79,ROI2,Col2,绘画：夏连雨陈洪亮,
79,ROI2,Col2,82年6月1版1次64开,
79,ROI2,Col2,印数：42万,
79,ROI2,Col2,市场交流价：,
79,ROI2,Col2,9品：25元,
79,ROI2,Col2,10品：40元,
79,ROI2,Col3,回民支队,
79,ROI2,Col3,出版社：天津人民美术,
79,ROI2,Col3,改编：黄若谷,
79,ROI2,Col3,绘画：景启民,
79,ROI2,Col3,79年3月1版1次60开,
79,ROI2,Col3,印数：40万定价：0.21元,
79,ROI2,Col3,市场交流价：,
79,ROI2,Col3,9品：40元,
79,ROI2,Col3,10品：80元,
79,ROI2,Col4,并蒂莲,
79,ROI2,Col4,出版社：人民美术,
79,ROI2,Col4,改编：王海燕,
79,ROI2,Col4,绘画：王可伟,
79,ROI2,Col4,85年7月1版1次64开,
79,ROI2,Col4,印数：5.7万定价：0.23元,
79,ROI2,Col4,市场交流价：,
79,ROI2,Col4,9品：8元,
79,ROI2,Col4,10品：15元,
80,ROI1,Col1,在和平的日子里,
80,ROI1,Col1,出版社：上海人民美术,
80,ROI1,Col1,改编：赵福昌,
80,ROI1,Col1,绘画：金立德,
80,ROI1,Col1,83年4月1版1次64开,
80,ROI1,Col1,印数：12万定价：0.25元,
80,ROI1,Col1,市场交流价：,
80,ROI1,Col1,9品：10元,
80,ROI1,Col1,10品：20元,
80,ROI1,Col2,在燃烧的大地上,
80,ROI1,Col2,出版社：天津人民美术,
80,ROI1,Col2,改编：刘耀祥,
80,ROI1,Col2,绘画：刘建平,
80,ROI1,Col2,78年9月1版1次64开,
80,ROI1,Col2,印数：未详定价：0.12元,
80,ROI1,Col2,市场交流价：,
80,ROI1,Col2,9品：10元,
80,ROI1,Col2,10品：20元,
80,ROI1,Col3,在没有航标的河流上,
80,ROI1,Col3,出版社：上海人民美术,
80,ROI1,Col3,改编：大鲁,
80,ROI1,Col3,绘画：殷恩光,
80,ROI1,Col3,83年9月1版1次64开,
80,ROI1,Col3,印数：11万定价：0.18元,
80,ROI1,Col3,市场交流价：,
80,ROI1,Col3,9品：8元,
80,ROI1,Col3,10品：15元,
80,ROI1,Col4,在大熊猫的故乡,
80,ROI1,Col4,出版社：上海人民美术,
80,ROI1,Col4,编文：袁林,
80,ROI1,Col4,绘画：李蔷生,
80,ROI1,Col4,79年5月1版1次64开,
80,ROI1,Col4,印数：30万定价：0.11元,
80,ROI1,Col4,市场交流价：,
80,ROI1,Col4,9品：15元,
80,ROI1,Col4,10品：30元,
80,ROI2,Col1,在彭总身边,
80,ROI2,Col1,出版社：人民美术,
80,ROI2,Col1,改编：丁可,
80,ROI2,Col1,绘画：童道容,
80,ROI2,Col1,85年3月1版1次60开,
80,ROI2,Col1,印数：4万定价：0.25元,
80,ROI2,Col1,市场交流价：,
80,ROI2,Col1,9品：40元,
80,ROI2,Col1,10品：60元,
80,ROI2,Col2,血染的爱,
80,ROI2,Col2,出版社：黑龙江美术,
80,ROI2,Col2,改编：白木,
80,ROI2,Col2,绘画：何绍教杨涤江等,
80,ROI2,Col2,85年1月1版1次64开,
80,ROI2,Col2,印数：22.19万定价：0.3元,
80,ROI2,Col2,市场交流价：,
80,ROI2,Col2,9品：10元,
80,ROI2,Col2,10品：15元,
80,ROI2,Col3,江边的故事,
80,ROI2,Col3,出版社：江苏美术,
80,ROI2,Col3,改编：士明,
80,ROI2,Col3,绘画：时卫平,
80,ROI2,Col3,84年12月1版1次64开,
80,ROI2,Col3,印数：31万定价：0.14元,
80,ROI2,Col3,市场交流价：,
80,ROI2,Col3,9品：20元,
80,ROI2,Col3,10品：40元,
80,ROI2,Col4,血染法卡山,
80,ROI2,Col4,出版社：人民美术,
80,ROI2,Col4,改编：时永福,
80,ROI2,Col4,绘画：陈玉先,
80,ROI2,Col4,82年6月1版1次64开,
80,ROI2,Col4,印数：106万定价：0.15元,
80,ROI2,Col4,市场交流价：,
80,ROI2,Col4,9品：10元,
80,ROI2,Col4,10品：20元,
81,ROI1,Col1,老二黑离婚,
81,ROI1,Col1,出版社：天津人民美术,
81,ROI1,Col1,改编：王春燕,
81,ROI1,Col1,绘画：张万夫周建夫,
81,ROI1,Col1,83年6月1版1次64开,
81,ROI1,Col1,印数：13.347万定价：0.12元,
81,ROI1,Col1,市场交流价：,
81,ROI1,Col1,9品：5元,
81,ROI1,Col1,10品：15元,
81,ROI1,Col2,老三姐,
81,ROI1,Col2,出版社：四川人民,
81,ROI1,Col2,改编：庄努,
81,ROI1,Col2,绘画：徐佳龙,
81,ROI1,Col2,84年11月1版1次64开,
81,ROI1,Col2,印数：12.8万定价：0.18元,
81,ROI1,Col2,市场交流价：,
81,ROI1,Col2,9品：5元,
81,ROI1,Col2,10品：15元,
81,ROI1,Col3,老山追匪,
81,ROI1,Col3,出版社：广西人民,
81,ROI1,Col3,改编：王志梧,
81,ROI1,Col3,绘画：刘文国李先志,
81,ROI1,Col3,79年3月1版1次64开,
81,ROI1,Col3,印数：35万定价：0.09元,
81,ROI1,Col3,市场交流价：,
81,ROI1,Col3,9品：5元,
81,ROI1,Col3,10品：10元,
81,ROI1,Col4,吉鸿昌,
81,ROI1,Col4,出版社：浙江人民美术,
81,ROI1,Col4,改编：石在,
81,ROI1,Col4,绘画：黄云松郑凯军,
81,ROI1,Col4,80年4月1版1次64开,
81,ROI1,Col4,印数：80万定价：0.21元,
81,ROI1,Col4,市场交流价：,
81,ROI1,Col4,9品：15元,
81,ROI1,Col4,10品：30元,
81,ROI2,Col1,江姐,
81,ROI2,Col1,出版社：天津人民美术,
81,ROI2,Col1,改编：火华金凤,
81,ROI2,Col1,绘画：胡博综,
81,ROI2,Col1,79年4月1版1次64开,
81,ROI2,Col1,印数：15万定价：0.15元,
81,ROI2,Col1,市场交流价：,
81,ROI2,Col1,9品：20元,
81,ROI2,Col1,10品：50元,
81,ROI2,Col2,江湾疑案,
81,ROI2,Col2,出版社：未来,
81,ROI2,Col2,改编：祝棠,
81,ROI2,Col2,绘画：施胜辰,
81,ROI2,Col2,85年8月1版1次64开,
81,ROI2,Col2,印数：35万定价：0.32元,
81,ROI2,Col2,市场交流价：,
81,ROI2,Col2,9品：3元,
81,ROI2,Col2,10品：5元,
81,ROI2,Col3,创业史（上下）,
81,ROI2,Col3,出版社：上海人民美术,
81,ROI2,Col3,改编：刘四成,
81,ROI2,Col3,绘画：庞先健,
81,ROI2,Col3,82年9月1版1次64开,
81,ROI2,Col3,印数：13万定价：0.34元,
81,ROI2,Col3,市场交流价：,
81,ROI2,Col3,9品：20元,
81,ROI2,Col3,10品：35元,
81,ROI2,Col4,阮氏丁香,
81,ROI2,Col4,出版社：天津人民美术,
81,ROI2,Col4,改编：孙逸文,
81,ROI2,Col4,绘画：乐明祥,
81,ROI2,Col4,84年3月1版1次64开,
81,ROI2,Col4,印数：17.59万定价：0.15元,
81,ROI2,Col4,市场交流价：,
81,ROI2,Col4,9品：4元,
81,ROI2,Col4,10品：8元,
82,ROI1,Col1,尖刀连,
82,ROI1,Col1,出版社：辽宁人民,
82,ROI1,Col1,改编：杨志远,
82,ROI1,Col1,绘画：李恩远,
82,ROI1,Col1,79年5月1版1次64开,
82,ROI1,Col1,印数：1.5万定价：0.14元,
82,ROI1,Col1,市场交流价：,
82,ROI1,Col1,9品：25元,
82,ROI1,Col1,10品：45元,
82,ROI1,Col2,决裂了的爱情,
82,ROI1,Col2,出版社：山东人民,
82,ROI1,Col2,改编：李日君等,
82,ROI1,Col2,绘画：王启民刘泽文,
82,ROI1,Col2,81年5月1版1次64开,
82,ROI1,Col2,印数：56万定价：0.14元,
82,ROI1,Col2,市场交流价：,
82,ROI1,Col2,9品：5元,
82,ROI1,Col2,10品：10元,
82,ROI1,Col3,进军九峰山,
82,ROI1,Col3,出版社：黑龙江人民,
82,ROI1,Col3,改编：孔临川,
82,ROI1,Col3,绘画：李希广孙明,
82,ROI1,Col3,80年1月1版1次64开,
82,ROI1,Col3,印数：27万定价0.14元,
82,ROI1,Col3,市场交流价：,
82,ROI1,Col3,9品：5元,
82,ROI1,Col3,10品：8元,
82,ROI1,Col4,寻找地下党,
82,ROI1,Col4,出版社：内蒙古人民,
82,ROI1,Col4,改编：王玉成等,
82,ROI1,Col4,绘画：刘宝平,
82,ROI1,Col4,83年9月1版1次64开,
82,ROI1,Col4,印数：14.1万定价：0.12元,
82,ROI1,Col4,市场交流价：,
82,ROI1,Col4,9品：4元,
82,ROI1,Col4,10品：6元,
82,ROI2,Col1,好医生铁木尔,
82,ROI2,Col1,出版社：青海人民,
82,ROI2,Col1,改编：梁瑞林,
82,ROI2,Col1,绘画：燕琳,
82,ROI2,Col1,86年1月1版1次64开,
82,ROI2,Col1,印数：0.3万 定价：0.30元,
82,ROI2,Col1,市场交流价：,
82,ROI2,Col1,9品：15元,
82,ROI2,Col1,10品：25元,
82,ROI2,Col2,巡道工,
82,ROI2,Col2,出版社：上海人民美术,
82,ROI2,Col2,改编：杨兆林,
82,ROI2,Col2,绘画：成立,
82,ROI2,Col2,78年4月1版1次64开,
82,ROI2,Col2,印数：未详定价：0.10元,
82,ROI2,Col2,市场交流价：,
82,ROI2,Col2,9品：8元,
82,ROI2,Col2,10品：20元,
82,ROI2,Col3,冲锋号,
82,ROI2,Col3,出版社：天津人民美术,
82,ROI2,Col3,改编：张中河,
82,ROI2,Col3,绘画：集体,
82,ROI2,Col3,77年7月1版1次64开,
82,ROI2,Col3,印数：未详定价：0.10元,
82,ROI2,Col3,市场交流价：,
82,ROI2,Col3,9品：8元,
82,ROI2,Col3,10品：15元,
82,ROI2,Col4,会说话的琴轴,
82,ROI2,Col4,出版社：人民美术,
82,ROI2,Col4,改编：刘一兵,
82,ROI2,Col4,绘画：韩书力,
82,ROI2,Col4,78年12月1版1次64开,
82,ROI2,Col4,印数：80万定价：0.13元,
82,ROI2,Col4,市场交流价：,
82,ROI2,Col4,9品：10元,
82,ROI2,Col4,10品：25元,
83,ROI1,Col1,安东卫连,
83,ROI1,Col1,出版社：辽宁人民,
83,ROI1,Col1,改编：集体,
83,ROI1,Col1,绘画：李人毅,
83,ROI1,Col1,73年8月1版1次64开,
83,ROI1,Col1,印数：140万定价：0.14元,
83,ROI1,Col1,市场交流价：,
83,ROI1,Col1,9品：15元,
83,ROI1,Col1,10品：30元,
83,ROI1,Col2,模范民兵营长孙天柱,
83,ROI1,Col2,出版社：陕西人民,
83,ROI1,Col2,改编：袁伟等,
83,ROI1,Col2,绘画：王西京于永锦,
83,ROI1,Col2,79年5月1版1次64开,
83,ROI1,Col2,印数：未详定价：0.15元,
83,ROI1,Col2,市场交流价：,
83,ROI1,Col2,9品：15元,
83,ROI1,Col2,10品：30元,
83,ROI1,Col3,百万富翁林汤元,
83,ROI1,Col3,出版社：重庆,
83,ROI1,Col3,改编：李果,
83,ROI1,Col3,绘画：王以时姚渝永等,
83,ROI1,Col3,83年1月1版1次64开,
83,ROI1,Col3,印数：29.9万定价：0.29元,
83,ROI1,Col3,市场交流价：,
83,ROI1,Col3,9品：8元,
83,ROI1,Col3,10品：15元,
83,ROI1,Col4,西沙行,
83,ROI1,Col4,出版社：天津人民美术,
83,ROI1,Col4,改编：李庆奎,
83,ROI1,Col4,绘画：黄云松,
83,ROI1,Col4,78年9月1版1次64开,
83,ROI1,Col4,印数：未详定价：0.22元,
83,ROI1,Col4,市场交流价：,
83,ROI1,Col4,9品：8元,
83,ROI1,Col4,10品：20元,
83,ROI2,Col1,向北方,
83,ROI2,Col1,出版社：上海人民美术,
83,ROI2,Col1,改编：杨根相,
83,ROI2,Col1,绘画：沈悌如,
83,ROI2,Col1,83年9月2版5次60开,
83,ROI2,Col1,印数：48.5万 定价：0.13元,
83,ROI2,Col1,市场交流价：,
83,ROI2,Col1,9品：12元,
83,ROI2,Col1,10品：20元,
83,ROI2,Col2,伪君子,
83,ROI2,Col2,出版社：人民美术,
83,ROI2,Col2,改编：任宝贤,
83,ROI2,Col2,绘画：孙愚,
83,ROI2,Col2,85年3月1版1次64开,
83,ROI2,Col2,印数：34万定价：0.15元,
83,ROI2,Col2,市场交流价：,
83,ROI2,Col2,9品：10元,
83,ROI2,Col2,10品：20元,
83,ROI2,Col3,伪君子,
83,ROI2,Col3,出版社：上海人民美术,
83,ROI2,Col3,改编：刘耀中,
83,ROI2,Col3,绘画：胡克文,
83,ROI2,Col3,84年8月1版1次64开,
83,ROI2,Col3,印数：22.9万定价：0.22元,
83,ROI2,Col3,市场交流价：,
83,ROI2,Col3,9品：15元,
83,ROI2,Col3,10品：40元,
83,ROI2,Col4,伪君子,
83,ROI2,Col4,出版社：江苏人民,
83,ROI2,Col4,改编：丁立平,
83,ROI2,Col4,绘画：聂秀功,
83,ROI2,Col4,82年8月1版1次64开,
83,ROI2,Col4,印数：29.3万定价：0.17元,
83,ROI2,Col4,市场交流价：,
83,ROI2,Col4,9品：8元,
83,ROI2,Col4,10品：15元,
84,ROI1,Col1,鞋匠的儿子一安徒生,
84,ROI1,Col1,出版社：辽宁美术,
84,ROI1,Col1,改编：王恩国,
84,ROI1,Col1,绘画：姚向东 袁殿民,
84,ROI1,Col1,81年11月1版1次64开,
84,ROI1,Col1,印数：21万定价：0.12元,
84,ROI1,Col1,市场交流价：,
84,ROI1,Col1,9品：5元,
84,ROI1,Col1,10品：10元,
84,ROI1,Col2,安徒生,
84,ROI1,Col2,出版社：上海人民美术,
84,ROI1,Col2,改编：陈积奖,
84,ROI1,Col2,绘画：谢 颖,
84,ROI1,Col2,81年11月1版1次64开,
84,ROI1,Col2,印数：26万定价：0.15元,
84,ROI1,Col2,市场交流价：,
84,ROI1,Col2,9品：8元,
84,ROI1,Col2,10品：15元,
84,ROI1,Col3,这里的黎明静悄悄,
84,ROI1,Col3,出版社：四川少年儿童,
84,ROI1,Col3,改编：华阳,
84,ROI1,Col3,绘画：马光剑刘学伦,
84,ROI1,Col3,84年5月1版1次64开,
84,ROI1,Col3,印数：未详定价：0.26元,
84,ROI1,Col3,市场交流价：,
84,ROI1,Col3,9品：10元,
84,ROI1,Col3,10品：20元,
84,ROI1,Col4,这里的黎明静悄悄,
84,ROI1,Col4,出版社：江苏美术,
84,ROI1,Col4,改编：浅草,
84,ROI1,Col4,绘画：雨中肖 田等,
84,ROI1,Col4,84年5月1版1次64开,
84,ROI1,Col4,印数：25.61万定价：0.42元,
84,ROI1,Col4,市场交流价：,
84,ROI1,Col4,9品：15元,
84,ROI1,Col4,10品：30元,
84,ROI2,Col1,老古玩店,
84,ROI2,Col1,出版社：人民美术,
84,ROI2,Col1,改编：刘志成,
84,ROI2,Col1,绘画：徐锡林,
84,ROI2,Col1,85年4月1版1次64开,
84,ROI2,Col1,印数：10万定价：0.41元,
84,ROI2,Col1,市场交流价：,
84,ROI2,Col1,9品：20元,
84,ROI2,Col1,10品：50元,
84,ROI2,Col2,老人与海,
84,ROI2,Col2,出版社：上海人民美术,
84,ROI2,Col2,改编：周元骏,
84,ROI2,Col2,绘画：雷德祖,
84,ROI2,Col2,84年10月1版1次64开,
84,ROI2,Col2,印数：17.3万定价：0.18元,
84,ROI2,Col2,市场交流价：,
84,ROI2,Col2,9品：30元,
84,ROI2,Col2,10品：60元,
84,ROI2,Col3,机器岛,
84,ROI2,Col3,出版社：岭南美术,
84,ROI2,Col3,改编：禾生,
84,ROI2,Col3,绘画：黄云松张昌洵,
84,ROI2,Col3,88年4月1版1次64开,
84,ROI2,Col3,印数：未详定价：0.51元,
84,ROI2,Col3,市场交流价：,
84,ROI2,Col3,9品：20元,
84,ROI2,Col3,10品：30元,
84,ROI2,Col4,机器岛,
84,ROI2,Col4,出版社：黑龙江科学技技术,
84,ROI2,Col4,改编：张晓峰,
84,ROI2,Col4,绘画：李木林李树基,
84,ROI2,Col4,83年3月1版1次64开,
84,ROI2,Col4,印数：6.7万定价：0.36元,
84,ROI2,Col4,市场交流价：,
84,ROI2,Col4,9品：15元,
84,ROI2,Col4,10品：25元,
85,ROI1,Col1,伊利亚特的故事（上）,
85,ROI1,Col1,出版社：人民美术,
85,ROI1,Col1,改编：徐涂,
85,ROI1,Col1,绘画：庞邦本等,
85,ROI1,Col1,84年6月1版1次60开,
85,ROI1,Col1,印数：17万定价：0.66元,
85,ROI1,Col2,伊利亚特的故事（下）,
85,ROI1,Col2,出版社：人民美术,
85,ROI1,Col2,改编：徐涂,
85,ROI1,Col2,绘画：庞邦本等,
85,ROI1,Col2,84年6月1版1次60开,
85,ROI1,Col2,印数：17万定价：0.66元,
85,ROI1,Col2,市场交流价：,
85,ROI1,Col2,9品：50元（全套）,
85,ROI1,Col2,10品：80元,
85,ROI1,Col3,危险的路(上),
85,ROI1,Col3,出版社：人民美术,
85,ROI1,Col3,改编：谷斯涌,
85,ROI1,Col3,绘画：徐锡林,
85,ROI1,Col3,87年11月1版1次64开,
85,ROI1,Col3,印数：2.2万定价：0.84元,
85,ROI1,Col4,危险的路（下),
85,ROI1,Col4,出版社：人民美术,
85,ROI1,Col4,改编：谷斯涌,
85,ROI1,Col4,绘画：徐锡林,
85,ROI1,Col4,87年11月1版1次64开,
85,ROI1,Col4,印数：2.2万定价：0.84元,
85,ROI1,Col4,市场交流价：,
85,ROI1,Col4,9品：60元（全套）,
85,ROI1,Col4,10品：100元,
85,ROI2,Col1,百万英镑,
85,ROI2,Col1,出版社：上海人民美术,
85,ROI2,Col1,改编：竺少华,
85,ROI2,Col1,绘画：殷光宇,
85,ROI2,Col1,82年2月1版1次64开,
85,ROI2,Col1,印数：45万定价：0.14元,
85,ROI2,Col1,市场交流价：,
85,ROI2,Col1,9品：15元,
85,ROI2,Col1,10品：30元,
85,ROI2,Col2,阴谋和爱情,
85,ROI2,Col2,出版社：上海人民美术,
85,ROI2,Col2,改编：大鲁,
85,ROI2,Col2,绘画：江云,
85,ROI2,Col2,83年9月1版1次64开,
85,ROI2,Col2,印数：36.5万定价：0.18元,
85,ROI2,Col2,市场交流价：,
85,ROI2,Col2,9品：8元,
85,ROI2,Col2,10品：15元,
85,ROI2,Col3,在金皇冠的阴影下,
85,ROI2,Col3,出版社：上海人民美术,
85,ROI2,Col3,改编：沈良其,
85,ROI2,Col3,绘画：费嘉,
85,ROI2,Col3,84年12月1版1次64开,
85,ROI2,Col3,印数：15.3万 定价：0.16元,
85,ROI2,Col3,市场交流价：,
85,ROI2,Col3,9品：10元,
85,ROI2,Col3,10品：20元,
85,ROI2,Col4,地球仍在转动,
85,ROI2,Col4,出版社：岭南美术,
85,ROI2,Col4,改编：张志光,
85,ROI2,Col4,绘画：洪白云等,
85,ROI2,Col4,82年10月1版1次64开,
85,ROI2,Col4,印数：9.4万定价：0.16元,
85,ROI2,Col4,市场交流价：,
85,ROI2,Col4,9品：10元,
85,ROI2,Col4,10品：20元,
86,ROI1,Col1,血与沙,
86,ROI1,Col1,出版社：人民美术,
86,ROI1,Col1,改编：任宝贤,
86,ROI1,Col1,绘画：汪晓曙,
86,ROI1,Col1,87年9月1版1次64开,
86,ROI1,Col1,印数：2.7万定价：0.65元,
86,ROI1,Col1,市场交流价：,
86,ROI1,Col1,9品：30元,
86,ROI1,Col1,10品：60元,
86,ROI1,Col2,邦斯舅舅,
86,ROI1,Col2,出版社：人民美术,
86,ROI1,Col2,改编：陆和荪,
86,ROI1,Col2,绘画：李坦克 李建群,
86,ROI1,Col2,85年4月1版1次64开,
86,ROI1,Col2,印数：6万定价：0.52元,
86,ROI1,Col2,市场交流价：,
86,ROI1,Col2,9品：15元,
86,ROI1,Col2,10品：30元,
86,ROI1,Col3,西西里计划,
86,ROI1,Col3,出版社：科学普及,
86,ROI1,Col3,改编：龙铭深,
86,ROI1,Col3,绘画：俞晓夫,
86,ROI1,Col3,84年12月1版1次64开,
86,ROI1,Col3,印数：未详定价：0.28元,
86,ROI1,Col3,市场交流价：,
86,ROI1,Col3,9品：5元,
86,ROI1,Col3,10品：10元,
86,ROI1,Col4,汤姆历险记,
86,ROI1,Col4,出版社：上海人民美术,
86,ROI1,Col4,改编：林莘,
86,ROI1,Col4,绘画：隋奇肖田,
86,ROI1,Col4,84年11月1版1次64开,
86,ROI1,Col4,印数：13.9万 定价：0.24元,
86,ROI1,Col4,市场交流价：,
86,ROI1,Col4,9品：5元,
86,ROI1,Col4,10品：12元,
86,ROI2,Col1,伦敦雾谜,
86,ROI2,Col1,出版社：江苏美术,
86,ROI2,Col1,改编：余荣,
86,ROI2,Col1,绘画：席耀良,
86,ROI2,Col1,85年2月1版1次64开,
86,ROI2,Col1,印数：16.952万定价：0.19元,
86,ROI2,Col1,市场交流价：,
86,ROI2,Col1,9品：5元,
86,ROI2,Col1,10品：10元,
86,ROI2,Col2,陈州放粮,
86,ROI2,Col2,出版社：漓江,
86,ROI2,Col2,改编：廖文,
86,ROI2,Col2,绘画：赵仁年罗希贤等,
86,ROI2,Col2,81年8月1版1次64开,
86,ROI2,Col2,印数：174万定价：0.17元,
86,ROI2,Col2,市场交流价：,
86,ROI2,Col2,9品：5元,
86,ROI2,Col2,10品：10元,
86,ROI2,Col3,陈三两,
86,ROI2,Col3,出版社：安徽美术,
86,ROI2,Col3,改编：沙铁军,
86,ROI2,Col3,绘画：童介眉,
86,ROI2,Col3,85年5月1版1次64开,
86,ROI2,Col3,印数：15.5万定价：0.28元,
86,ROI2,Col3,市场交流价：,
86,ROI2,Col3,9品：15元,
86,ROI2,Col3,10品：30元,
86,ROI2,Col4,李白,
86,ROI2,Col4,出版社：上海人民美术,
86,ROI2,Col4,改编：王国安,
86,ROI2,Col4,绘画：高适,
86,ROI2,Col4,79年2月1版1次64开,
86,ROI2,Col4,印数：90万定价：0.12元,
86,ROI2,Col4,市场交流价：,
86,ROI2,Col4,9品：10元,
86,ROI2,Col4,10品：25元,
87,ROI1,Col1,爱国志士辛弃疾,
87,ROI1,Col1,出版社：山东美术,
87,ROI1,Col1,改编：孙建中,
87,ROI1,Col1,绘画：于守万,
87,ROI1,Col1,84年1月1版2次64开,
87,ROI1,Col1,印数：7.5万定价：0.32元,
87,ROI1,Col1,市场交流价：,
87,ROI1,Col1,9品：5元,
87,ROI1,Col1,10品：8元,
87,ROI1,Col2,辛弃疾,
87,ROI1,Col2,出版社：河北美术,
87,ROI1,Col2,改编：张国信,
87,ROI1,Col2,绘画：吴泽浩,
87,ROI1,Col2,83年6月1版1次64开,
87,ROI1,Col2,印数：3.5万定价：0.20元,
87,ROI1,Col2,市场交流价：,
87,ROI1,Col2,9品：15元,
87,ROI1,Col2,10品：25元,
87,ROI1,Col3,辛弃疾,
87,ROI1,Col3,出版社：浙江人民美术,
87,ROI1,Col3,改编：于祥,
87,ROI1,Col3,绘画：盛元龙,
87,ROI1,Col3,81年5月1版1次64开,
87,ROI1,Col3,印数：35万定价：0.13元,
87,ROI1,Col3,市场交流价：,
87,ROI1,Col3,9品：8元,
87,ROI1,Col3,10品：15元,
87,ROI1,Col4,爱国词人辛弃疾,
87,ROI1,Col4,出版社：陕西人民美术,
87,ROI1,Col4,改编：陈云高,
87,ROI1,Col4,绘画：王鸿绪,
87,ROI1,Col4,81年12月1版1次64开,
87,ROI1,Col4,印数：13万定价：0.16元,
87,ROI1,Col4,市场交流价：,
87,ROI1,Col4,9品：10元,
87,ROI1,Col4,10品：20元,
87,ROI2,Col1,攻打紫竹林,
87,ROI2,Col1,出版社：天津人民美术,
87,ROI2,Col1,编文：崔锦等,
87,ROI2,Col1,绘画：董凤章,
87,ROI2,Col1,77年9月1版1次64开,
87,ROI2,Col1,印数：未祥定价：0.11元,
87,ROI2,Col1,市场交流价：,
87,ROI2,Col1,9品：15元,
87,ROI2,Col1,10品：40元,
87,ROI2,Col2,花轿传奇,
87,ROI2,Col2,出版社：江苏人民,
87,ROI2,Col2,改编：铙净植,
87,ROI2,Col2,绘画：刘国辉,
87,ROI2,Col2,83年12月1版1次64开,
87,ROI2,Col2,印数：41万定价：0.20元,
87,ROI2,Col2,市场交流价：,
87,ROI2,Col2,9品：4元,
87,ROI2,Col2,10品：10元,
87,ROI2,Col3,余赛花,
87,ROI2,Col3,出版社：江苏人民,
87,ROI2,Col3,改编：汪文光,
87,ROI2,Col3,绘画：罗盘何进,
87,ROI2,Col3,81年12月1版1次64开,
87,ROI2,Col3,印数：66.1万定价：0.19元,
87,ROI2,Col3,市场交流价：,
87,ROI2,Col3,9品：25元,
87,ROI2,Col3,10品：45元,
87,ROI2,Col4,余赛花 (上下),
87,ROI2,Col4,出版社：福建人民,
87,ROI2,Col4,改编：庄宏安,
87,ROI2,Col4,绘画：陈光镒陈宏兴,
87,ROI2,Col4,82年1月1版1次64开,
87,ROI2,Col4,印数：上册32.3万下册,
87,ROI2,Col4,15.7万定价0.44元,
87,ROI2,Col4,9品：80元,
87,ROI2,Col4,10品：140元,
87,FOOTNOTE,,,《爱国志士辛弃疾》山东美术，该书为《历史英雄人物故事》系列之一，另有《于谦》等多种
87,FOOTNOTE,,,*
87,FOOTNOTE,,,上册条贝
87,FOOTNOTE,,,商花
87,FOOTNOTE,,,下即难
88,ROI1,Col1,李秀成大战杭州,
88,ROI1,Col1,出版社：浙江人民美术,
88,ROI1,Col1,改编：张叶舟,
88,ROI1,Col1,绘画：永远,
88,ROI1,Col1,82年4月1版1次64开,
88,ROI1,Col1,印数：90万定价：0.22元,
88,ROI1,Col1,市场交流价：,
88,ROI1,Col1,9品：8元,
88,ROI1,Col1,10品：15元,
88,ROI1,Col2,李自成起义,
88,ROI1,Col2,出版社：人民美术,
88,ROI1,Col2,改编：任梅,
88,ROI1,Col2,绘画：任率英李世南等,
88,ROI1,Col2,77年9月1版1次64开,
88,ROI1,Col2,印数：150万定价：0.15元,
88,ROI1,Col2,市场交流价：,
88,ROI1,Col2,9品：20元,
88,ROI1,Col2,10品：40元,
88,ROI1,Col3,李白与杜甫,
88,ROI1,Col3,出版社：陕西人民美术,
88,ROI1,Col3,改编：褚福章等,
88,ROI1,Col3,绘画：高适,
88,ROI1,Col3,81年12月1版1次64开,
88,ROI1,Col3,印数：24.5万定价：0.20元,
88,ROI1,Col3,市场交流价：,
88,ROI1,Col3,9品：8元,
88,ROI1,Col3,10品：20元,
88,ROI1,Col4,李香君,
88,ROI1,Col4,出版社：辽宁美术,
88,ROI1,Col4,改编：于东方,
88,ROI1,Col4,绘画：王丽铭,
88,ROI1,Col4,83年6月1版1次64开,
88,ROI1,Col4,印数：18.1万定价：0.21元,
88,ROI1,Col4,市场交流价：,
88,ROI1,Col4,9品：10元,
88,ROI1,Col4,10品：20元,
88,ROI2,Col1,攻守同盟,
88,ROI2,Col1,出版社：吉林人民,
88,ROI2,Col1,改编：学之等,
88,ROI2,Col1,绘画：吕世荣等,
88,ROI2,Col1,82年4月1版1次64开,
88,ROI2,Col1,印数：7.913万定价：0.18元,
88,ROI2,Col1,市场交流价：,
88,ROI2,Col1,9品：8元,
88,ROI2,Col1,10品：15元,
88,ROI2,Col2,劳山道士,
88,ROI2,Col2,出版社：上海人民美术,
88,ROI2,Col2,改编：王安云,
88,ROI2,Col2,绘画：陈谷长,
88,ROI2,Col2,80年6月1版1次64开,
88,ROI2,Col2,印数：60万定价：0.07元,
88,ROI2,Col2,市场交流价：,
88,ROI2,Col2,9品：15元,
88,ROI2,Col2,10品：30元,
88,ROI2,Col3,张衡,
88,ROI2,Col3,出版社：上海人民美术,
88,ROI2,Col3,改编：金伯,
88,ROI2,Col3,绘画：叶 雄,
88,ROI2,Col3,81年2月1版1次64开,
88,ROI2,Col3,印数：31万定价：0.13元,
88,ROI2,Col3,市场交流价：,
88,ROI2,Col3,9品：10元,
88,ROI2,Col3,10品：20元,
88,ROI2,Col4,张飞审西瓜,
88,ROI2,Col4,出版社：少年儿童,
88,ROI2,Col4,改编：颜霞清,
88,ROI2,Col4,绘画：颜梅华,
88,ROI2,Col4,81年10月1版1次64开,
88,ROI2,Col4,印数：90万定价：0.09元,
88,ROI2,Col4,市场交流价：,
88,ROI2,Col4,9品：25元,
88,ROI2,Col4,10品：50元,
89,ROI1,Col1,邹忌和齐威王,
89,ROI1,Col1,出版社：江西人民,
89,ROI1,Col1,改编：王素一,
89,ROI1,Col1,绘画：占敏邓泰和,
89,ROI1,Col1,81年2月1版1次64开,
89,ROI1,Col1,印数：30万定价：0.12元,
89,ROI1,Col1,市场交流价：,
89,ROI1,Col1,9品：8元,
89,ROI1,Col1,10品：15元,
89,ROI1,Col2,武松,
89,ROI1,Col2,出版社：浙江人民美术,
89,ROI1,Col2,改编：郭中呈,
89,ROI1,Col2,绘画：钱贵荪,
89,ROI1,Col2,82年2月1版1次64开,
89,ROI1,Col2,印数：90万定价：0.23元,
89,ROI1,Col2,市场交流价：,
89,ROI1,Col2,9品：10元,
89,ROI1,Col2,10品：20元,
89,ROI1,Col3,张羽煮海,
89,ROI1,Col3,出版社：上海人民美术,
89,ROI1,Col3,改编：仓阳卿,
89,ROI1,Col3,绘画：徐余兴,
89,ROI1,Col3,85年4月1版1次64开,
89,ROI1,Col3,印数：29.4万定价：0.25元,
89,ROI1,Col3,市场交流价：,
89,ROI1,Col3,9品：20元,
89,ROI1,Col3,10品：40元,
89,ROI1,Col4,张生煮海,
89,ROI1,Col4,出版社：中国戏剧,
89,ROI1,Col4,改编：大麟,
89,ROI1,Col4,绘画：侯春洋王德亮,
89,ROI1,Col4,84年12月1版1次64开,
89,ROI1,Col4,印数：未详定价：0.13元,
89,ROI1,Col4,市场交流价：,
89,ROI1,Col4,9品：10元,
89,ROI1,Col4,10品：20元,
89,ROI2,Col1,张良智斗楚霸王,
89,ROI2,Col1,出版社：少年儿童,
89,ROI2,Col1,改编：鹤仙,
89,ROI2,Col1,绘画：金稼仿,
89,ROI2,Col1,84年11月1版1次64开,
89,ROI2,Col1,印数：38.5万定价：0.22元,
89,ROI2,Col1,市场交流价：,
89,ROI2,Col1,9品：10元,
89,ROI2,Col1,10品：20元,
89,ROI2,Col2,苏武,
89,ROI2,Col2,出版社：安徽人民,
89,ROI2,Col2,改编：朱长龄等,
89,ROI2,Col2,绘画：陈光华,
89,ROI2,Col2,82年5月1版1次64开,
89,ROI2,Col2,印数：未详定价：0.11元,
89,ROI2,Col2,市场交流价：,
89,ROI2,Col2,9品：30元,
89,ROI2,Col2,10品：50元,
89,ROI2,Col3,宋应星买书,
89,ROI2,Col3,出版社：江苏美术,
89,ROI2,Col3,改编：邵丽珍,
89,ROI2,Col3,绘画：邹越非,
89,ROI2,Col3,84年12月1版1次64开,
89,ROI2,Col3,印数：4.57万 定价：0.14元,
89,ROI2,Col3,市场交流价：,
89,ROI2,Col3,9品：10元,
89,ROI2,Col3,10品：20元,
89,ROI2,Col4,宋士杰,
89,ROI2,Col4,出版社：上海人民美术,
89,ROI2,Col4,改编：潘勤孟,
89,ROI2,Col4,绘画：姜建忠陈宁,
89,ROI2,Col4,80年11月1版1次64开,
89,ROI2,Col4,印数：135万定价：0.14元,
89,ROI2,Col4,市场交流价：,
89,ROI2,Col4,9品：10元,
89,ROI2,Col4,10品：20元,
90,ROI1,Col1,赤壁之战,
90,ROI1,Col1,出版社：吉林人民,
90,ROI1,Col1,改编：张少武,
90,ROI1,Col1,绘画：周申,
90,ROI1,Col1,82年9月1版1次64开,
90,ROI1,Col1,印数：10.391万定价：0.26元,
90,ROI1,Col1,市场交流价：,
90,ROI1,Col1,9品：5元,
90,ROI1,Col1,10品：10元,
90,ROI1,Col2,赤壁之战,
90,ROI1,Col2,出版社：黑龙江美术,
90,ROI1,Col2,改编：谢真,
90,ROI1,Col2,绘画：付朋志李济勇,
90,ROI1,Col2,85年4月1版1次64开,
90,ROI1,Col2,印数：2.67万定价：0.29元,
90,ROI1,Col2,市场交流价：,
90,ROI1,Col2,9品：10元,
90,ROI1,Col2,10品：15元,
90,ROI1,Col3,青面兽杨志,
90,ROI1,Col3,出版社：辽宁美术,
90,ROI1,Col3,改编：柏石山,
90,ROI1,Col3,绘画：盛鹤年,
90,ROI1,Col3,84年5月1版1次64开,
90,ROI1,Col3,印数：43.25万定价：0.22元,
90,ROI1,Col3,市场交流价：,
90,ROI1,Col3,9品：10元,
90,ROI1,Col3,10品：20元,
90,ROI1,Col4,杨贵妃之死,
90,ROI1,Col4,出版社：辽宁美术,
90,ROI1,Col4,改编：卞福顺,
90,ROI1,Col4,绘画：刘廷相,
90,ROI1,Col4,85年1月1版1次64开,
90,ROI1,Col4,印数：49.4万 定价：0.24元,
90,ROI1,Col4,市场交流价：,
90,ROI1,Col4,9品：12元,
90,ROI1,Col4,10品：25元,
90,ROI2,Col1,膠腐,
90,ROI2,Col1,杨文广,
90,ROI2,Col1,出版社：少年儿童,
90,ROI2,Col1,改编：陈文辉,
90,ROI2,Col1,绘画：窦世魁,
90,ROI2,Col1,83年10月1版1次64开,
90,ROI2,Col1,印数：87万定价：0.15元,
90,ROI2,Col1,市场交流价：,
90,ROI2,Col1,9品：5元,
90,ROI2,Col1,10品：15元,
90,ROI2,Col2,杨门女将,
90,ROI2,Col2,出版社：上海人民美术,
90,ROI2,Col2,改编：大鲁,
90,ROI2,Col2,绘画：王亦秋,
90,ROI2,Col2,79年3月2版5次64开,
90,ROI2,Col2,印数：104万 定价：0.13元,
90,ROI2,Col2,市场交流价：,
90,ROI2,Col2,9品：15元,
90,ROI2,Col2,10品：35元,
90,ROI2,Col3,杨幺义军,
90,ROI2,Col3,出版社：湖南美术,
90,ROI2,Col3,改编：胡本昱,
90,ROI2,Col3,绘画：宋定国,
90,ROI2,Col3,84年2月1版2次64开,
90,ROI2,Col3,印数：75.06万定价：0.16元,
90,ROI2,Col3,市场交流价：,
90,ROI2,Col3,9品：8元,
90,ROI2,Col3,10品：15元,
90,ROI2,Col4,肖显写匾,
90,ROI2,Col4,出版社：北京美术摄影,
90,ROI2,Col4,改编：郭述祖,
90,ROI2,Col4,绘画：李文斗,
90,ROI2,Col4,84年9月1版1次60开,
90,ROI2,Col4,印数：16.2万 定价：0.13元,
90,ROI2,Col4,市场交流价：,
90,ROI2,Col4,9品：10元,
90,ROI2,Col4,10品：20元,
91,ROI1,Col1,阿古登巴,
91,ROI1,Col1,出版社：陕西人民美术,
91,ROI1,Col1,改编：魏鸣泉,
91,ROI1,Col1,绘画：王东斌,
91,ROI1,Col1,83年3月1版1次64开,
91,ROI1,Col1,印数：5.1万定价：0.19元,
91,ROI1,Col1,市场交流价：,
91,ROI1,Col1,9品：8元,
91,ROI1,Col1,10品：15元,
91,ROI1,Col2,智盗丹药(上下),
91,ROI1,Col2,出版社：辽宁美术,
91,ROI1,Col2,改编：卞福顺,
91,ROI1,Col2,绘画：盛鹤年,
91,ROI1,Col2,85年9月1版1次64开,
91,ROI1,Col2,印数：12.767万定价：0.33元,
91,ROI1,Col2,市场交流价：,
91,ROI1,Col2,9品：30元（全套）,
91,ROI1,Col2,10品：50元,
91,ROI1,Col3,陈胜吴广起义,
91,ROI1,Col3,出版社：辽宁人民,
91,ROI1,Col3,改编：海滨,
91,ROI1,Col3,绘画：辛宽良邬野平,
91,ROI1,Col3,72年1版1次64开,
91,ROI1,Col3,印数：未祥,
91,ROI1,Col3,市场交流价：,
91,ROI1,Col3,9品：60元,
91,ROI1,Col3,10品：120元,
91,ROI1,Col4,陈绍光,
91,ROI1,Col4,出版社：四川人民,
91,ROI1,Col4,改编：集体,
91,ROI1,Col4,绘画：集体,
91,ROI1,Col4,74年3月1版1次60开,
91,ROI1,Col4,印数：未详定价：0.06元,
91,ROI1,Col4,市场交流价：,
91,ROI1,Col4,9品：70元,
91,ROI1,Col4,10品：150元,
91,ROI2,Col1,最新最美的人一陈菊女,
91,ROI2,Col1,出版社：江西省新华书店,
91,ROI2,Col1,改编：集体,
91,ROI2,Col1,绘画：集体,
91,ROI2,Col1,70年9月1版1次60开,
91,ROI2,Col1,印数：未详定价：0.07元,
91,ROI2,Col1,市场交流价：,
91,ROI2,Col1,9品：60元,
91,ROI2,Col1,10品：150元,
91,ROI2,Col2,陈波,
91,ROI2,Col2,出版社：江西省新华书店,
91,ROI2,Col2,改编：集体,
91,ROI2,Col2,绘画：集体,
91,ROI2,Col2,70年9月1版1次60开,
91,ROI2,Col2,印数：未详定价：0.14元,
91,ROI2,Col2,市场交流价：,
91,ROI2,Col2,9品：50元,
91,ROI2,Col2,10品：120元,
91,ROI2,Col3,陈玉成,
91,ROI2,Col3,出版社：辽宁人民,
91,ROI2,Col3,改编：李遵义,
91,ROI2,Col3,绘画：辛宽良,
91,ROI2,Col3,77年2月1版1次64开,
91,ROI2,Col3,印数：20万定价：0.20元,
91,ROI2,Col3,市场交流价：,
91,ROI2,Col3,9品：40元,
91,ROI2,Col3,10品：60元,
91,ROI2,Col4,陈玉成,
91,ROI2,Col4,出版社：上海人民,
91,ROI2,Col4,改编：董阳声,
91,ROI2,Col4,绘画：王亦秋,
91,ROI2,Col4,76年5月1版1次64开,
91,ROI2,Col4,印数：未详定价：0.15元,
91,ROI2,Col4,市场交流价：,
91,ROI2,Col4,9品：40元,
91,ROI2,Col4,10品：150元,
92,ROI1,Col1,张海涛,
92,ROI1,Col1,出版社：湖北人民,
92,ROI1,Col1,改编：集体,
92,ROI1,Col1,绘画：集体,
92,ROI1,Col1,72年6月1版1次60开,
92,ROI1,Col1,印数：未详定价：0.08元,
92,ROI1,Col1,市场交流价：,
92,ROI1,Col1,9品：30元,
92,ROI1,Col1,10品：80元,
92,ROI1,Col2,张勇的故事,
92,ROI1,Col2,出版社：天津人民美术,
92,ROI1,Col2,改编：邢凤藻,
92,ROI1,Col2,绘画：集体,
92,ROI1,Col2,71年1月1版1次60开,
92,ROI1,Col2,印数：未详定价：0.12元,
92,ROI1,Col2,市场交流价：,
92,ROI1,Col2,9品：30元,
92,ROI1,Col2,10品：100元,
92,ROI1,Col3,张勇的故事,
92,ROI1,Col3,出版社：辽宁人民,
92,ROI1,Col3,改编：张克明,
92,ROI1,Col3,绘画：秦永春,
92,ROI1,Col3,76年7月1版1次64开,
92,ROI1,Col3,印数：30万定价：0.11元,
92,ROI1,Col3,市场交流价：,
92,ROI1,Col3,9品：10元,
92,ROI1,Col3,10品：20元,
92,ROI1,Col4,阿福,
92,ROI1,Col4,出版社：黑龙江人民,
92,ROI1,Col4,改编：郑维庆,
92,ROI1,Col4,绘画：郭广业,
92,ROI1,Col4,73年11月1版1次64开,
92,ROI1,Col4,印数：12万定价：0.16元,
92,ROI1,Col4,市场交流价：,
92,ROI1,Col4,9品：10元,
92,ROI1,Col4,10品：15.元,
92,ROI2,Col1,阿福,
92,ROI2,Col1,出版社：河北人民,
92,ROI2,Col1,改编：王计祥,
92,ROI2,Col1,绘画：集体,
92,ROI2,Col1,72年8月1版1次60开,
92,ROI2,Col1,印数：未详定价：0.09元,
92,ROI2,Col1,市场交流价：,
92,ROI2,Col1,9品：25元,
92,ROI2,Col1,10品：60元,
92,ROI2,Col2,阿勇,
92,ROI2,Col2,出版社：江西人民,
92,ROI2,Col2,改编：褚明灿,
92,ROI2,Col2,绘画：陈水远,
92,ROI2,Col2,72年7月1版1次60开,
92,ROI2,Col2,印数：未详定价：0.08元,
92,ROI2,Col2,市场交流价：,
92,ROI2,Col2,9品：20元,
92,ROI2,Col2,10品：50元,
92,ROI2,Col3,阿芳,
92,ROI2,Col3,出版社：江苏人民,
92,ROI2,Col3,改编：集体,
92,ROI2,Col3,绘画：集体,
92,ROI2,Col3,73年6月1版2次60开,
92,ROI2,Col3,印数：未详定价：0.07元,
92,ROI2,Col3,市场交流价：,
92,ROI2,Col3,9品：25元,
92,ROI2,Col3,10品：50元,
92,ROI2,Col4,0 阿菊,
92,ROI2,Col4,出版社：江苏人民,
92,ROI2,Col4,改编：翁家杰等,
92,ROI2,Col4,绘画：杨雨青,
92,ROI2,Col4,76年2月1版1次60开,
92,ROI2,Col4,印数：40万定价：0.10元,
92,ROI2,Col4,市场交流价：,
92,ROI2,Col4,9品：15元,
92,ROI2,Col4,10品：25元,
93,ROI1,Col1,登高英雄杨连第,
93,ROI1,Col1,出版社：天津人民美术,
93,ROI1,Col1,改编：集体,
93,ROI1,Col1,绘画：集体,
93,ROI1,Col1,72年1版1次60开,
93,ROI1,Col1,印数：未详定价：0.11元,
93,ROI1,Col1,市场交流价：,
93,ROI1,Col1,9品：50元,
93,ROI1,Col1,10品：150元,
93,ROI1,Col2,杨健生,
93,ROI1,Col2,出版社：广东人民,
93,ROI1,Col2,改编：集体,
93,ROI1,Col2,绘画：集体,
93,ROI1,Col2,72年3月2版1次60开,
93,ROI1,Col2,印数：未详定价：0.12元,
93,ROI1,Col2,市场交流价：,
93,ROI1,Col2,9品：60元,
93,ROI1,Col2,10品：140元,
93,ROI1,Col3,杨荣科,
93,ROI1,Col3,出版社：云南人民,
93,ROI1,Col3,改编：集体,
93,ROI1,Col3,绘画：集体,
93,ROI1,Col3,72年4月1版1次60开,
93,ROI1,Col3,印数：8.05万定价：0.12元,
93,ROI1,Col3,市场交流价：,
93,ROI1,Col3,9品：60元,
93,ROI1,Col3,10品：200元,
93,ROI1,Col4,杨路的,
93,ROI1,Col4,出版社：河北人民,
93,ROI1,Col4,改编：集体,
93,ROI1,Col4,绘画：集体,
93,ROI1,Col4,72年4月1版1次60开,
93,ROI1,Col4,印数：未详定价：0.09元,
93,ROI1,Col4,市场交流价：,
93,ROI1,Col4,9品：50元,
93,ROI1,Col4,10品：120元,
93,ROI2,Col1,沙努林,
93,ROI2,Col1,出版社：上海人民,
93,ROI2,Col1,改编：王成荣,
93,ROI2,Col1,绘画：徐有武,
93,ROI2,Col1,73年11月1版1次60开,
93,ROI2,Col1,印数：200万定价：0.08元,
93,ROI2,Col1,市场交流价：,
93,ROI2,Col1,9品：15元,
93,ROI2,Col1,10品：40元,
93,ROI2,Col2,沙子岭机场,
93,ROI2,Col2,出版社：江西人民,
93,ROI2,Col2,改编：集体,
93,ROI2,Col2,绘画：集体,
93,ROI2,Col2,72年4月1版2次60开,
93,ROI2,Col2,印数：未详定价：0.09元,
93,ROI2,Col2,市场交流价：,
93,ROI2,Col2,9品：25元,
93,ROI2,Col2,10品：40元,
93,ROI2,Col3,找“乌金”,
93,ROI2,Col3,出版社：浙江人民,
93,ROI2,Col3,改编：求知,
93,ROI2,Col3,绘画：万其,
93,ROI2,Col3,73年3月1版1次60开,
93,ROI2,Col3,印数：20万定价：0.07元,
93,ROI2,Col3,市场交流价：,
93,ROI2,Col3,9品：15元,
93,ROI2,Col3,10品：25元,
93,ROI2,Col4,抗联小战士,
93,ROI2,Col4,出版社：天津人民美术,
93,ROI2,Col4,改编：集体,
93,ROI2,Col4,绘画：集体,
93,ROI2,Col4,72年1月1版1次60开,
93,ROI2,Col4,印数：未详定价：0.20元,
93,ROI2,Col4,市场交流价：,
93,ROI2,Col4,9品：80元,
93,ROI2,Col4,10品：200元,
94,ROI1,Col1,两只小孔雀,
94,ROI1,Col1,出版社：北京人民,
94,ROI1,Col1,改编：韩双东,
94,ROI1,Col1,绘画：高宝生,
94,ROI1,Col1,76年7月1版1次60开,
94,ROI1,Col1,印数：未详定价：0.09元,
94,ROI1,Col1,市场交流价：,
94,ROI1,Col1,9品：15元,
94,ROI1,Col1,10品：30元,
94,ROI1,Col2,两根小扁担,
94,ROI1,Col2,出版社：上海人民,
94,ROI1,Col2,改编：集体,
94,ROI1,Col2,绘画：刘旦宅,
94,ROI1,Col2,76年3月1版1次64开,
94,ROI1,Col2,印数：未详定价：0.06元,
94,ROI1,Col2,市场交流价：,
94,ROI1,Col2,9品：15元,
94,ROI1,Col2,10品：40元,
94,ROI1,Col3,把青春献给人民,
94,ROI1,Col3,出版社：江苏人民,
94,ROI1,Col3,改编：集体,
94,ROI1,Col3,绘画：集体,
94,ROI1,Col3,74年11月1版1次64开,
94,ROI1,Col3,印数：60万定价：0.12元,
94,ROI1,Col3,市场交流价：,
94,ROI1,Col3,9品：15元,
94,ROI1,Col3,10品：30元,
94,ROI1,Col4,杠杠民兵,
94,ROI1,Col4,出版社：北京人民,
94,ROI1,Col4,改编：王胜朝等,
94,ROI1,Col4,绘画：李忠良,
94,ROI1,Col4,76年9月1版1次60开,
94,ROI1,Col4,印数：未详定价：0.11元,
94,ROI1,Col4,市场交流价：,
94,ROI1,Col4,9品：20元,
94,ROI1,Col4,10品：40元,
94,ROI2,Col1,S 麦收的战斗,
94,ROI2,Col1,出版社：天津人民美术,
94,ROI2,Col1,改编：赵国瑞,
94,ROI2,Col1,绘画：张冰洁吴有训等,
94,ROI2,Col1,74年9月1版1次60开,
94,ROI2,Col1,印数：未详定价：0.09元,
94,ROI2,Col1,市场交流价：,
94,ROI2,Col1,9品：10元,
94,ROI2,Col1,10品：20元,
94,ROI2,Col2,麦种的故事,
94,ROI2,Col2,出版社：江西人民,
94,ROI2,Col2,改编：台益燕等,
94,ROI2,Col2,绘画：邵强,
94,ROI2,Col2,75年5月1版1次60开,
94,ROI2,Col2,印数：30万定价：0.12元,
94,ROI2,Col2,市场交流价：,
94,ROI2,Col2,9品：20元,
94,ROI2,Col2,10品：40元,
94,ROI2,Col3,把一生交给党安排,
94,ROI2,Col3,出版社：上海人民,
94,ROI2,Col3,改编：集体,
94,ROI2,Col3,绘画：集体,
94,ROI2,Col3,71年12月1版1次60开,
94,ROI2,Col3,印数：未详定价：0.08元,
94,ROI2,Col3,市场交流价：,
94,ROI2,Col3,9品：40元,
94,ROI2,Col3,10品：120元,
94,ROI2,Col4,沈秀芹,
94,ROI2,Col4,出版社：人民美术,
94,ROI2,Col4,改编：集体,
94,ROI2,Col4,绘画：集体,
94,ROI2,Col4,72年1月1版1次60开,
94,ROI2,Col4,印数：未详定价：0.15元,
94,ROI2,Col4,市场交流价：,
94,ROI2,Col4,9品：30元,
94,ROI2,Col4,10品：80元,
95,ROI1,Col1,友谊的乐章,
95,ROI1,Col1,出版社：上海人民,
95,ROI1,Col1,改编：集体,
95,ROI1,Col1,绘画：集体,
95,ROI1,Col1,72年12月1版2次60开,
95,ROI1,Col1,印数：70万定价：0.06元,
95,ROI1,Col1,市场交流价：,
95,ROI1,Col1,9品：25元,
95,ROI1,Col1,10品：50元,
95,ROI1,Col2,难忘的友谊,
95,ROI1,Col2,出版社：上海人民,
95,ROI1,Col2,改编：孟森耀,
95,ROI1,Col2,绘画：施大畏张培成,
95,ROI1,Col2,72年11月1版1次60开,
95,ROI1,Col2,印数：80万定价：0.05元,
95,ROI1,Col2,市场交流价：,
95,ROI1,Col2,9品：20元,
95,ROI1,Col2,10品：40元,
95,ROI1,Col3,身不离劳动心不离群众,
95,ROI1,Col3,出版社：浙江人民,
95,ROI1,Col3,改编：集体,
95,ROI1,Col3,绘画：集体,
95,ROI1,Col3,71年8月1版1次60开,
95,ROI1,Col3,印数：未详定价：0.08元,
95,ROI1,Col3,市场交流价：,
95,ROI1,Col3,9品：60元,
95,ROI1,Col3,10品：150元,
95,ROI1,Col4,身残志坚干革命,
95,ROI1,Col4,出版社：河北人民,
95,ROI1,Col4,改编：集体,
95,ROI1,Col4,绘画：集体,
95,ROI1,Col4,72年5月1版1次60开,
95,ROI1,Col4,印数：未详定价：0.11元,
95,ROI1,Col4,市场交流价：,
95,ROI1,Col4,9品：50元,
95,ROI1,Col4,10品：12元,
95,ROI2,Col1,纺织战歌,
95,ROI2,Col1,出版社：山东人民,
95,ROI2,Col1,编文：马曲超,
95,ROI2,Col1,绘画：周永生李志照等,
95,ROI2,Col1,75年7月1版1次64开,
95,ROI2,Col1,印数：30万定价：0.09元,
95,ROI2,Col1,市场交流价：,
95,ROI2,Col1,9品：20元,
95,ROI2,Col1,10品：30元,
95,ROI2,Col2,芦荡小英雄,
95,ROI2,Col2,出版社：上海人民,
95,ROI2,Col2,改编：陈梅鼎,
95,ROI2,Col2,绘画：范生福,
95,ROI2,Col2,74年2月1版1次60开,
95,ROI2,Col2,印数：200万定价：0.07元,
95,ROI2,Col2,市场交流价：,
95,ROI2,Col2,9品：20元,
95,ROI2,Col2,10品：50元,
95,ROI2,Col3,芦荡小英雄,
95,ROI2,Col3,出版社：天津人民美术,
95,ROI2,Col3,改编：焦玉峰,
95,ROI2,Col3,绘画：洪生李木,
95,ROI2,Col3,74年5月1版1次64开,
95,ROI2,Col3,印数：未详定价：0.09元,
95,ROI2,Col3,市场交流价：,
95,ROI2,Col3,9品：10元,
95,ROI2,Col3,10品：20元,
95,ROI2,Col4,抗丁洞,
95,ROI2,Col4,出版社：江西省新华书店,
95,ROI2,Col4,改编：集体,
95,ROI2,Col4,绘画：集体,
95,ROI2,Col4,70年12月1版1次60开,
95,ROI2,Col4,印数：20万定价：0.09元,
95,ROI2,Col4,市场交流价：,
95,ROI2,Col4,9品：100元,
95,ROI2,Col4,10品：250元,
96,ROI1,Col1,苏修间谍落网记,
96,ROI1,Col1,出版社：人民美术,
96,ROI1,Col1,改编：龚梅,
96,ROI1,Col1,绘画：龚 梅,
96,ROI1,Col1,75年4月1版1次60开,
96,ROI1,Col1,印数：100万定价：0.10元,
96,ROI1,Col1,市场交流价：,
96,ROI1,Col1,9品：30元,
96,ROI1,Col1,10品：60元,
96,ROI1,Col2,沙河破击战,
96,ROI1,Col2,出版社：河北人民,
96,ROI1,Col2,改编：阎涛,
96,ROI1,Col2,绘画：刘端李玉文等,
96,ROI1,Col2,74年3月1版1次60开,
96,ROI1,Col2,印数：115万定价：0.15元,
96,ROI1,Col2,市场交流价：,
96,ROI1,Col2,9品：25元,
96,ROI1,Col2,10品：60元,
96,ROI1,Col3,钢铁尖兵陆焕光,
96,ROI1,Col3,出版社：广东人民,
96,ROI1,Col3,改编：集体,
96,ROI1,Col3,绘画：集体,
96,ROI1,Col3,72年11月1版1次60开,
96,ROI1,Col3,印数：未详定价：0.13元,
96,ROI1,Col3,市场交流价：,
96,ROI1,Col3,9品：30元,
96,ROI1,Col3,10品：90元,
96,ROI1,Col4,我跟爷爷学打虎,
96,ROI1,Col4,出版社：福建人民,
96,ROI1,Col4,改编：沈在召,
96,ROI1,Col4,绘画：沈在召,
96,ROI1,Col4,73年4月1版1次60开,
96,ROI1,Col4,印数：10万定价：0.09元,
96,ROI1,Col4,市场交流价：,
96,ROI1,Col4,9品：20元,
96,ROI1,Col4,10品：50元,
96,ROI2,Col1,生死为革命,
96,ROI2,Col1,出版社：四川人民,
96,ROI2,Col1,改编：集体,
96,ROI2,Col1,绘画：集体,
96,ROI2,Col1,71年12月1版1次60开,
96,ROI2,Col1,印数：未详定价：0.15元,
96,ROI2,Col1,市场交流价：,
96,ROI2,Col1,9品：120元,
96,ROI2,Col1,10品：250元,
96,ROI2,Col2,鸡毛信,
96,ROI2,Col2,出版社：人民美术,
96,ROI2,Col2,改编：集体,
96,ROI2,Col2,绘画：刘继卣,
96,ROI2,Col2,71年11月2版2次60开,
96,ROI2,Col2,印数：未详定价：0.24元,
96,ROI2,Col2,市场交流价：,
96,ROI2,Col2,9品：80元,
96,ROI2,Col2,10品：200元,
96,ROI2,Col3,赤脚医生,
96,ROI2,Col3,出版社：上海人民,
96,ROI2,Col3,改编：集体,
96,ROI2,Col3,绘画：集体,
96,ROI2,Col3,70年11月1版1次60开,
96,ROI2,Col3,印数：未详定价：0.12元,
96,ROI2,Col3,市场交流价：,
96,ROI2,Col3,9品：50元,
96,ROI2,Col3,10品：150元,
96,ROI2,Col4,抢渡三关,
96,ROI2,Col4,出版社：上海人民,
96,ROI2,Col4,改编：集体,
96,ROI2,Col4,绘画：集体,
96,ROI2,Col4,73年7月1版1次60开,
96,ROI2,Col4,印数：40万定价：0.10元,
96,ROI2,Col4,市场交流价：,
96,ROI2,Col4,9品：20元,
96,ROI2,Col4,10品：30元,
97,ROI1,Col1,抓舌头,
97,ROI1,Col1,出版社：辽宁美术,
97,ROI1,Col1,改编：董国才,
97,ROI1,Col1,绘画：张宝贵,
97,ROI1,Col1,81年4月1版1次64开,
97,ROI1,Col1,印数：82万定价：0.23元,
97,ROI1,Col1,市场交流价：,
97,ROI1,Col1,9品：10元,
97,ROI1,Col1,10品：20.0元,
97,ROI1,Col2,抓舌头,
97,ROI1,Col2,出版社：吉林人民,
97,ROI1,Col2,改编：集体,
97,ROI1,Col2,绘画：集体,
97,ROI1,Col2,72年9月1版1次64开,
97,ROI1,Col2,印数：未详定价：0.14元,
97,ROI1,Col2,市场交流价：,
97,ROI1,Col2,9品：20元,
97,ROI1,Col2,10品：40元,
97,ROI1,Col3,抓舌头,
97,ROI1,Col3,出版社：吉林人民,
97,ROI1,Col3,改编：集体,
97,ROI1,Col3,绘画：集体,
97,ROI1,Col3,73年7月1版2次64开,
97,ROI1,Col3,印数：未详定价：0.14元,
97,ROI1,Col3,市场交流价：,
97,ROI1,Col3,9品：15元,
97,ROI1,Col3,10品：30元,
97,ROI1,Col4,投降派宋江,
97,ROI1,Col4,出版社：上海人民,
97,ROI1,Col4,改编：杨兆林等,
97,ROI1,Col4,绘画：赵宏本贺友直等,
97,ROI1,Col4,75年11月1版1次64开,
97,ROI1,Col4,印数：未详定价：0.12元,
97,ROI1,Col4,市场交流价：,
97,ROI1,Col4,9品：40元,
97,ROI1,Col4,10品：150元,
97,ROI2,Col1,斩王莽,
97,ROI2,Col1,出版社：天津人民美术,
97,ROI2,Col1,改编：朱未,
97,ROI2,Col1,绘画：戴宏海,
97,ROI2,Col1,75年12月1版1次64开,
97,ROI2,Col1,印数：未详定价：0.07元,
97,ROI2,Col1,市场交流价：,
97,ROI2,Col1,9品：10元,
97,ROI2,Col1,10品：20元,
97,ROI2,Col2,角弓传友谊,
97,ROI2,Col2,出版社：广东人民,
97,ROI2,Col2,改编：集体,
97,ROI2,Col2,绘画：陈树斌,
97,ROI2,Col2,73年8月1版1次64开,
97,ROI2,Col2,印数：27万定价：0.09元,
97,ROI2,Col2,市场交流价：,
97,ROI2,Col2,9品：25元,
97,ROI2,Col2,10品：40元,
97,ROI2,Col3,医疗队员之歌,
97,ROI2,Col3,出版社：上海人民,
97,ROI2,Col3,改编：李树荣,
97,ROI2,Col3,绘画：黎晓弟,
97,ROI2,Col3,76年11月1版1次64开,
97,ROI2,Col3,印数：未详定价：0.10元,
97,ROI2,Col3,市场交流价：,
97,ROI2,Col3,9品：15元,
97,ROI2,Col3,10品：25元,
97,ROI2,Col4,邹前方,
97,ROI2,Col4,出版社：贵州人民,
97,ROI2,Col4,改编：集体,
97,ROI2,Col4,绘画：集体,
97,ROI2,Col4,73年6月1版1次64开,
97,ROI2,Col4,印数：未详定价：0.13元,
97,ROI2,Col4,市场交流价：,
97,ROI2,Col4,9品：30元,
97,ROI2,Col4,10品：60元,
98,ROI1,Col1,陈毅的青少年时代,
98,ROI1,Col1,出版社：四川人民,
98,ROI1,Col1,改编：余继国,
98,ROI1,Col1,绘画：任兆祥,
98,ROI1,Col1,82年12月1版1次64开,
98,ROI1,Col1,印数：14.1万 定价：0.14元,
98,ROI1,Col1,市场交流价：,
98,ROI1,Col1,9品：15元,
98,ROI1,Col1,10品：25元,
98,ROI1,Col2,陈毅出山,
98,ROI1,Col2,出版社：辽宁美术,
98,ROI1,Col2,改编：鲁南,
98,ROI1,Col2,绘画：苗再新,
98,ROI1,Col2,82年4月1版1次64开,
98,ROI1,Col2,印数：40.1万定价：0.23元,
98,ROI1,Col2,市场交流价：,
98,ROI1,Col2,9品：8元,
98,ROI1,Col2,10品：15元,
98,ROI1,Col3,陈毅出山,
98,ROI1,Col3,出版社：黑龙江人民,
98,ROI1,Col3,改编：哈淑洁,
98,ROI1,Col3,绘画：王临友,
98,ROI1,Col3,82年5月1版1次64开,
98,ROI1,Col3,印数：52.15万定价：0.16元,
98,ROI1,Col3,市场交流价：,
98,ROI1,Col3,9品：5元,
98,ROI1,Col3,10品：10元,
98,ROI1,Col4,d,
98,ROI1,Col4,陈毅出山,
98,ROI1,Col4,出版社：人民美术,
98,ROI1,Col4,改编：郁声,
98,ROI1,Col4,绘画：雷德祖,
98,ROI1,Col4,81年5月1版1次64开,
98,ROI1,Col4,印数：63万定价：0.24元,
98,ROI1,Col4,市场交流价：,
98,ROI1,Col4,9品：20元,
98,ROI1,Col4,10品：50元,
98,ROI2,Col1,张玉良（上下）,
98,ROI2,Col1,出版社：福建美术,
98,ROI2,Col1,改编：石楠,
98,ROI2,Col1,绘画：王庆明甘正伦,
98,ROI2,Col1,85年9月1版1次64开,
98,ROI2,Col1,印数：5.698万定价：0.78元,
98,ROI2,Col1,市场交流价：,
98,ROI2,Col1,9品：20元（全套）,
98,ROI2,Col1,10品：30元,
98,ROI2,Col2,阿姨们的抗日故事,
98,ROI2,Col2,出版社：黑龙江人民,
98,ROI2,Col2,改编：许灏,
98,ROI2,Col2,绘画：李俊生聂维民等,
98,ROI2,Col2,73年1版1次64开,
98,ROI2,Col2,印数：未祥定价：0.42元,
98,ROI2,Col2,市场交流价：,
98,ROI2,Col2,9品：20元,
98,ROI2,Col2,10品：40元,
98,ROI2,Col3,我的前半生,
98,ROI2,Col3,出版社：长江文艺,
98,ROI2,Col3,改编：沙铁军,
98,ROI2,Col3,绘画：陈贻福李乃蔚等,
98,ROI2,Col3,82年5月1版1次64开,
98,ROI2,Col3,印数：70万定价：0.20元,
98,ROI2,Col3,市场交流价：,
98,ROI2,Col3,9品：20元,
98,ROI2,Col3,10品：30元,
98,ROI2,Col4,我这三十年,
98,ROI2,Col4,出版社：陕西人民美术,
98,ROI2,Col4,改编：枫坤,
98,ROI2,Col4,绘画：关庆留,
98,ROI2,Col4,85年2月1版1次64开,
98,ROI2,Col4,印数：45万定价：0.35元,
98,ROI2,Col4,市场交流价：,
98,ROI2,Col4,9品：5元,
98,ROI2,Col4,10品：10元,
99,ROI1,Col1,赤橙黄绿青蓝紫,
99,ROI1,Col1,出版社：人民美术,
99,ROI1,Col1,改编：丹叶,
99,ROI1,Col1,绘画：吴富佳蔡国栋,
99,ROI1,Col1,83年12月1版1次64开,
99,ROI1,Col1,印数：16万定价：0.19元,
99,ROI1,Col1,市场交流价：,
99,ROI1,Col1,9品：10元,
99,ROI1,Col1,10品：20元,
99,ROI1,Col2,赤橙黄绿青蓝紫,
99,ROI1,Col2,出版社：上海人民美术,
99,ROI1,Col2,改编：可蒙,
99,ROI1,Col2,绘画：汪观清,
99,ROI1,Col2,84年5月1版1次64开,
99,ROI1,Col2,印数：19.4万定价：0.26元,
99,ROI1,Col2,市场交流价：,
99,ROI1,Col2,9品：20元,
99,ROI1,Col2,10品：35元,
99,ROI1,Col3,赤橙黄绿青蓝紫,
99,ROI1,Col3,出版社：湖南美术,
99,ROI1,Col3,改编：林家骝,
99,ROI1,Col3,绘画：陈安民,
99,ROI1,Col3,84年2月1版1次64开,
99,ROI1,Col3,印数：8万定价：0.20元,
99,ROI1,Col3,市场交流价：,
99,ROI1,Col3,9品：20元,
99,ROI1,Col3,10品：45元,
99,ROI1,Col4,宋氏三姐妹（上下）,
99,ROI1,Col4,出版社：岭南美术,
99,ROI1,Col4,改编：林玉山,
99,ROI1,Col4,绘画：沈尧伊,
99,ROI1,Col4,88年2月1版1次64开,
99,ROI1,Col4,印数：未详定价：0.60元,
99,ROI1,Col4,市场交流价：,
99,ROI1,Col4,9品：60元（全套）,
99,ROI1,Col4,10品：100元,
99,ROI2,Col1,报春花,
99,ROI2,Col1,出版社：上海人民,
99,ROI2,Col1,改编：刘瑞良,
99,ROI2,Col1,绘画：陈心懋庞先健,
99,ROI2,Col1,77年4月1版1次64开,
99,ROI2,Col1,印数：未详定价：0.08元,
99,ROI2,Col1,市场交流价：,
99,ROI2,Col1,9品：8元,
99,ROI2,Col1,10品：15元,
99,ROI2,Col2,报春花,
99,ROI2,Col2,出版社：上海人民美术,
99,ROI2,Col2,改编：秦节,
99,ROI2,Col2,绘画：蔡超熊山子,
99,ROI2,Col2,82年11月1版1次64开,
99,ROI2,Col2,印数：17万定价：0.16元,
99,ROI2,Col2,市场交流价：,
99,ROI2,Col2,9品：10元,
99,ROI2,Col2,10品：20元,
99,ROI2,Col3,延安保卫战（上下）,
99,ROI2,Col3,出版社：辽宁美术,
99,ROI2,Col3,改编：王暾,
99,ROI2,Col3,绘画：李人毅,
99,ROI2,Col3,82年3月1版1次64开,
99,ROI2,Col3,印数：93.1万定价：0.50元,
99,ROI2,Col3,市场交流价：,
99,ROI2,Col3,9品：15元,
99,ROI2,Col3,10品：20元,
99,ROI2,Col4,延安保卫战（上下）,
99,ROI2,Col4,出版社：黑龙江人民,
99,ROI2,Col4,改编：陈贞明,
99,ROI2,Col4,绘画：于业广吕坷,
99,ROI2,Col4,83年5月1版1次64开,
99,ROI2,Col4,印数：11.09万定价：0.42元,
99,ROI2,Col4,市场交流价：,
99,ROI2,Col4,9品：20元,
99,ROI2,Col4,10品：45元,
100,ROI1,Col1,杨靖宇,
100,ROI1,Col1,出版社：黑龙江人民,
100,ROI1,Col1,改编：杨野,
100,ROI1,Col1,绘画：王劲涛 等,
100,ROI1,Col1,80年8月1版1次64开,
100,ROI1,Col1,印数：15.62万定价：0.14元,
100,ROI1,Col1,市场交流价：,
100,ROI1,Col1,9品：10元,
100,ROI1,Col1,10品：20元,
100,ROI1,Col2,杨靖宇,
100,ROI1,Col2,出版社：湖北人民,
100,ROI1,Col2,改编：王国忠,
100,ROI1,Col2,绘画：潘直亮,
100,ROI1,Col2,80年4月1版1次64开,
100,ROI1,Col2,印数：12万定价：0.22元,
100,ROI1,Col2,市场交流价：,
100,ROI1,Col2,9品：25元,
100,ROI1,Col2,10品：50元,
100,ROI1,Col3,咆哮的黑龙江,
100,ROI1,Col3,出版社：宁夏人民,
100,ROI1,Col3,改编：金正磐,
100,ROI1,Col3,绘画：叶 雄,
100,ROI1,Col3,82年6月1版2次64开,
100,ROI1,Col3,印数：47.15万定价：0.18元,
100,ROI1,Col3,市场交流价：,
100,ROI1,Col3,9品：40元,
100,ROI1,Col3,10品：90元,
100,ROI1,Col4,肖尔布拉克,
100,ROI1,Col4,出版社：上海人民美术,
100,ROI1,Col4,改编：石景麟,
100,ROI1,Col4,绘画：江云,
100,ROI1,Col4,83年12月1版1次64开,
100,ROI1,Col4,印数：18万定价：0.13元,
100,ROI1,Col4,市场交流价：,
100,ROI1,Col4,9品：8元,
100,ROI1,Col4,10品：15元,
100,ROI2,Col1,抗联小号手,
100,ROI2,Col1,出版社：吉林人民,
100,ROI2,Col1,改编：梁之,
100,ROI2,Col1,绘画：赵丁,
100,ROI2,Col1,84年7月1版1次64开,
100,ROI2,Col1,印数：44.9万定价：0.16元,
100,ROI2,Col1,市场交流价：,
100,ROI2,Col1,9品：8元,
100,ROI2,Col1,10品：12元,
100,ROI2,Col2,李兆麟将军,
100,ROI2,Col2,出版社：黑龙江美术,
100,ROI2,Col2,编文：傅杰,
100,ROI2,Col2,绘画：候国良,
100,ROI2,Col2,84年5月1版1次64开,
100,ROI2,Col2,印数：23.5万 定价：0.20元,
100,ROI2,Col2,市场交流价：,
100,ROI2,Col2,9品：15元,
100,ROI2,Col2,10品：30元,
100,ROI2,Col3,邹容,
100,ROI2,Col3,出版社：四川人民,
100,ROI2,Col3,改编：林林,
100,ROI2,Col3,绘画：施大畏等,
100,ROI2,Col3,83年8月1版1次64开,
100,ROI2,Col3,印数：4万定价：0.16元,
100,ROI2,Col3,市场交流价：,
100,ROI2,Col3,9品：10元,
100,ROI2,Col3,10品：15元,
100,ROI2,Col4,园丁之歌,
100,ROI2,Col4,出版社：上海人民,
100,ROI2,Col4,改编：顾延培等,
100,ROI2,Col4,绘画：徐有武韩敏 等,
100,ROI2,Col4,77年3月1版1次64开,
100,ROI2,Col4,印数：未详定价：0.09元,
100,ROI2,Col4,市场交流价：,
100,ROI2,Col4,9品：20元,
100,ROI2,Col4,10品：50元,
101,ROI1,Col1,花市,
101,ROI1,Col1,出版社：农村读物,
101,ROI1,Col1,改编：徐景,
101,ROI1,Col1,绘画：于绍文,
101,ROI1,Col1,84年10月1版1次64开,
101,ROI1,Col1,印数：未详定价：0.23元,
101,ROI1,Col1,市场交流价：,
101,ROI1,Col1,9品：10元,
101,ROI1,Col1,10品：20元,
101,ROI1,Col2,芙蓉镇,
101,ROI1,Col2,出版社：湖南美术,
101,ROI1,Col2,改编：张盛良,
101,ROI1,Col2,绘画：钟增亚,
101,ROI1,Col2,84年9月1版1次64开,
101,ROI1,Col2,印数：14.3万定价：0.28元,
101,ROI1,Col2,市场交流价：,
101,ROI1,Col2,9品：40元,
101,ROI1,Col2,10品：100元,
101,ROI1,Col3,阿娜尔罕,
101,ROI1,Col3,出版社：辽宁美术,
101,ROI1,Col3,改编：何泥,
101,ROI1,Col3,绘画：吴道云,
101,ROI1,Col3,79年8月1版1次64开,
101,ROI1,Col3,印数：30万定价：0.23元,
101,ROI1,Col3,市场交流价：,
101,ROI1,Col3,9品：20元,
101,ROI1,Col3,10品：40元,
101,ROI1,Col4,李宗仁归来,
101,ROI1,Col4,出版社：陕西人民美术,
101,ROI1,Col4,改编：赵岗,
101,ROI1,Col4,绘画：关庆留,
101,ROI1,Col4,81年9月1版1次64开,
101,ROI1,Col4,印数：43万 定价：0.19元,
101,ROI1,Col4,市场交流价：,
101,ROI1,Col4,9品：5元,
101,ROI1,Col4,10品：10元,
101,ROI2,Col1,收复雅克萨,
101,ROI2,Col1,出版社：浙江人民美术,
101,ROI2,Col1,改编：浅草,
101,ROI2,Col1,绘画：徐有武徐有刚,
101,ROI2,Col1,83年3月1版1次64开,
101,ROI2,Col1,印数：10万定价：0.18元,
101,ROI2,Col1,市场交流价：,
101,ROI2,Col1,9品：8元,
101,ROI2,Col1,10品：15元,
101,ROI2,Col2,优秀大学生张华,
101,ROI2,Col2,出版社：四川人民,
101,ROI2,Col2,改编：杨鸿举,
101,ROI2,Col2,绘画：曾胜利施易昌,
101,ROI2,Col2,83年10月1版1次64开,
101,ROI2,Col2,印数：3.4万定价：0.16元,
101,ROI2,Col2,市场交流价：,
101,ROI2,Col2,9品：15元,
101,ROI2,Col2,10品：30元,
101,ROI2,Col3,张华,
101,ROI2,Col3,出版社：长江文艺,
101,ROI2,Col3,改编：汪诚,
101,ROI2,Col3,绘画：秋阳等,
101,ROI2,Col3,83年5月1版1次64开,
101,ROI2,Col3,印数：8.9万定价：0.14元,
101,ROI2,Col3,市场交流价：,
101,ROI2,Col3,9品：15元,
101,ROI2,Col3,10品：30元,
101,ROI2,Col4,灵与肉,
101,ROI2,Col4,出版社：宁夏人民,
101,ROI2,Col4,改编：金正磐,
101,ROI2,Col4,绘画：西林敬平,
101,ROI2,Col4,83年10月1版1次64开,
101,ROI2,Col4,印数：4.8万定价：0.14元,
101,ROI2,Col4,市场交流价：,
101,ROI2,Col4,9品：20元,
101,ROI2,Col4,10品：30元,
102,ROI1,Col1,两个小八路,
102,ROI1,Col1,出版社：黑龙江人民,
102,ROI1,Col1,改编：刘福堂,
102,ROI1,Col1,绘画：魏凤才,
102,ROI1,Col1,79年6月1版1次64开,
102,ROI1,Col1,印数：28万定价：0.15元,
102,ROI1,Col1,市场交流价：,
102,ROI1,Col1,9品：8元,
102,ROI1,Col1,10品：15元,
102,ROI1,Col2,张志新,
102,ROI1,Col2,出版社：上海人民美术,
102,ROI1,Col2,改编：吴文焕,
102,ROI1,Col2,绘画：韩敏等,
102,ROI1,Col2,79年7月1版1次64开,
102,ROI1,Col2,印数：70万定价：0.11元,
102,ROI1,Col2,市场交流价：,
102,ROI1,Col2,9品：20元,
102,ROI1,Col2,10品：40元,
102,ROI1,Col3,两个红小兵,
102,ROI1,Col3,出版社：河南人民,
102,ROI1,Col3,改编：张玉生,
102,ROI1,Col3,绘画：段文斌,
102,ROI1,Col3,78年1月1版1次64开,
102,ROI1,Col3,印数：未详定价：0.07元,
102,ROI1,Col3,市场交流价：,
102,ROI1,Col3,9品：20元,
102,ROI1,Col3,10品：30元,
102,ROI1,Col4,芙瑞达,
102,ROI1,Col4,出版社：岭南美术,
102,ROI1,Col4,改编：蒋陈阡,
102,ROI1,Col4,绘画：蒋陈阡,
102,ROI1,Col4,81年3月1版1次64开,
102,ROI1,Col4,印数：未详定价：0.15元,
102,ROI1,Col4,市场交流价：,
102,ROI1,Col4,9品：5元,
102,ROI1,Col4,10品：10元,
102,ROI2,Col1,花丛中的大炮,
102,ROI2,Col1,出版社：人民音乐,
102,ROI2,Col1,改编：安诚信,
102,ROI2,Col1,绘画：黄英浩刘克敏,
102,ROI2,Col1,82年1月1版1次64开,
102,ROI2,Col1,印数：14.1万定价：0.13元,
102,ROI2,Col1,市场交流价：,
102,ROI2,Col1,9品：10元,
102,ROI2,Col1,10品：20元,
102,ROI2,Col2,两个小路特,
102,ROI2,Col2,出版社：上海人民美术,
102,ROI2,Col2,改编：林震浩,
102,ROI2,Col2,绘画：潘宝珠,
102,ROI2,Col2,84年11月1版1次64开,
102,ROI2,Col2,印数：17.8万定价：0.18元,
102,ROI2,Col2,市场交流价：,
102,ROI2,Col2,9品：8元,
102,ROI2,Col2,10品：15元,
102,ROI2,Col3,财迷心窃,
102,ROI2,Col3,出版社：山东美术,
102,ROI2,Col3,改编：王成君,
102,ROI2,Col3,绘画：王世芳马义兴,
102,ROI2,Col3,84年7月1版1次64开,
102,ROI2,Col3,印数：12.3万定价：0.14元,
102,ROI2,Col3,市场交流价：,
102,ROI2,Col3,9品：5元,
102,ROI2,Col3,10品：8元,
102,ROI2,Col4,汤姆·索亚历险记,
102,ROI2,Col4,出版社：江苏人民,
102,ROI2,Col4,改编：陈知义,
102,ROI2,Col4,绘画：徐海鸥,
102,ROI2,Col4,81年8月1版2次64开,
102,ROI2,Col4,印数：54万定价：0.15元,
102,ROI2,Col4,市场交流价：,
102,ROI2,Col4,9品：5元,
102,ROI2,Col4,10品：10元,
103,ROI1,Col1,苍海历险,
103,ROI1,Col1,出版社：黑龙江人民,
103,ROI1,Col1,改编：傅杰,
103,ROI1,Col1,绘画：丁世弼,
103,ROI1,Col1,81年12月1版1次64开,
103,ROI1,Col1,印数：21.6万定价：0.24元,
103,ROI1,Col1,市场交流价：,
103,ROI1,Col1,9品：10元,
103,ROI1,Col1,10品：25元,
103,ROI1,Col2,伽俐略,
103,ROI1,Col2,出版社：上海人民美术,
103,ROI1,Col2,改编：裘愉发,
103,ROI1,Col2,绘画：江云,
103,ROI1,Col2,80年2月1版1次64开,
103,ROI1,Col2,印数：20万定价：0.11元,
103,ROI1,Col2,市场交流价：,
103,ROI1,Col2,9品：10元,
103,ROI1,Col2,10品：20元,
103,ROI1,Col3,吝啬鬼,
103,ROI1,Col3,出版社：辽宁美术,
103,ROI1,Col3,改编：代学长虹,
103,ROI1,Col3,绘画：徐锡林,
103,ROI1,Col3,83年1月1版1次64开,
103,ROI1,Col3,印数：5.4万定价：0.26元,
103,ROI1,Col3,市场交流价：,
103,ROI1,Col3,9品：25元,
103,ROI1,Col3,10品：60元,
103,ROI1,Col4,吝啬鬼,
103,ROI1,Col4,出版社：上海人民美术,
103,ROI1,Col4,改编：李白英,
103,ROI1,Col4,绘画：胡克文,
103,ROI1,Col4,81年4月1版3次64开,
103,ROI1,Col4,印数：104万定价：0.15元,
103,ROI1,Col4,市场交流价：,
103,ROI1,Col4,9品：15元,
103,ROI1,Col4,10品：30元,
103,ROI2,Col1,孤岛历险记,
103,ROI2,Col1,出版社：少年儿童,
103,ROI2,Col1,改编：庄宏安,
103,ROI2,Col1,绘画：梁启德,
103,ROI2,Col1,83年2月1版1次64开,
103,ROI2,Col1,印数：22万定价：0.18元,
103,ROI2,Col1,市场交流价：,
103,ROI2,Col1,9品：5元,
103,ROI2,Col1,10品：10元,
103,ROI2,Col2,村姑小姐,
103,ROI2,Col2,出版社：辽宁美术,
103,ROI2,Col2,改编：韩幼文,
103,ROI2,Col2,绘画：刘国辉,
103,ROI2,Col2,84年11月1版1次64开,
103,ROI2,Col2,印数：22万定价：0.14元,
103,ROI2,Col2,市场交流价：,
103,ROI2,Col2,9品：15元,
103,ROI2,Col2,10品：30元,
103,ROI2,Col3,学校,
103,ROI2,Col3,出版社：上海人民美术,
103,ROI2,Col3,改编：吴瑞金,
103,ROI2,Col3,绘画：吴瑞龙,
103,ROI2,Col3,80年7月1版1次64开,
103,ROI2,Col3,印数：45万定价：0.23元,
103,ROI2,Col3,市场交流价：,
103,ROI2,Col3,9品：30元,
103,ROI2,Col3,10品：80元,
103,ROI2,Col4,阿里巴巴和四十大盗,
103,ROI2,Col4,出版社：北京,
103,ROI2,Col4,改编：张健,
103,ROI2,Col4,绘画：王惟震,
103,ROI2,Col4,80年8月1版1次60开,
103,ROI2,Col4,印数：未详定价：0.09元,
103,ROI2,Col4,市场交流价：,
103,ROI2,Col4,9品：8元,
103,ROI2,Col4,10品：15元,
104,ROI1,Col1,郑和下西洋（上）,
104,ROI1,Col1,出版社：云南人民,
104,ROI1,Col1,改编：葛金康,
104,ROI1,Col1,绘画：白露等,
104,ROI1,Col1,83年7月1版2次64开,
104,ROI1,Col1,印数：未详定价：0.42元,
104,ROI1,Col1,市场交流价：,
104,ROI1,Col1,9品：15元,
104,ROI1,Col1,10品：20元（全套）,
104,ROI1,Col2,郑和下西洋(下）,
104,ROI1,Col2,出版社：云南人民,
104,ROI1,Col2,改编：葛金康,
104,ROI1,Col2,绘画：白露,
104,ROI1,Col2,83年7月1版1次64开,
104,ROI1,Col3,郑和下西洋,
104,ROI1,Col3,出版社：上海人民美术,
104,ROI1,Col3,编文：刘莹,
104,ROI1,Col3,绘画：中流,
104,ROI1,Col3,83年1月1版1次64开,
104,ROI1,Col3,印数：11.5万定价：0.14元,
104,ROI1,Col3,市场交流价：,
104,ROI1,Col3,9品：40元,
104,ROI1,Col3,10品：100元,
104,ROI1,Col4,郑成功,
104,ROI1,Col4,出版社：岭南美术,
104,ROI1,Col4,改编：温福华,
104,ROI1,Col4,绘画：梁伟明 邓志刚,
104,ROI1,Col4,84年7月1版1次64开,
104,ROI1,Col4,印数：21.7万定价：0.23元,
104,ROI1,Col4,市场交流价：,
104,ROI1,Col4,9品：8.00元,
104,ROI1,Col4,10品：15.00元,
104,ROI2,Col1,郑成功收复台湾,
104,ROI2,Col1,出版社：陕西人民美术,
104,ROI2,Col1,改编：张国信,
104,ROI2,Col1,绘画：陈云华王重圭,
104,ROI2,Col1,81年11月1版1次64开,
104,ROI2,Col1,印数：20万定价：0.21元,
104,ROI2,Col1,市场交流价：,
104,ROI2,Col1,9品：20元,
104,ROI2,Col1,10品：50元,
104,ROI2,Col2,郑成功收复台湾,
104,ROI2,Col2,出版社：福建人民,
104,ROI2,Col2,改编：李鲁,
104,ROI2,Col2,绘画：吴景希,
104,ROI2,Col2,79年3月1版1次60开,
104,ROI2,Col2,印数：50万定价：0.15元,
104,ROI2,Col2,市场交流价：,
104,ROI2,Col2,9品：30元,
104,ROI2,Col2,10品：80元,
104,ROI2,Col3,松帕敏和嘎西娜,
104,ROI2,Col3,出版社：上海人民美术,
104,ROI2,Col3,改编：柳萱图,
104,ROI2,Col3,绘画：丁斌曾,
104,ROI2,Col3,83年1月1版1次64开,
104,ROI2,Col3,印数：22 定价：0.11元,
104,ROI2,Col3,市场交流价：,
104,ROI2,Col3,9品：20元,
104,ROI2,Col3,10品：60元,
104,ROI2,Col4,松赞干布,
104,ROI2,Col4,出版社：人民美术,
104,ROI2,Col4,改编：张崇婉,
104,ROI2,Col4,绘者：杨文仁,
104,ROI2,Col4,85年5月1版1次64开,
104,ROI2,Col4,印数：6万定价：0.28元,
104,ROI2,Col4,市场交流价：,
104,ROI2,Col4,9品：8元,
104,ROI2,Col4,10品：15元,
105,ROI1,Col1,钗头凤,
105,ROI1,Col1,出版社：人民美术,
105,ROI1,Col1,改编：何培新,
105,ROI1,Col1,绘画：孟庆江,
105,ROI1,Col1,82年1月1版1次64开,
105,ROI1,Col1,印数：100万 定价：0.08元,
105,ROI1,Col1,市场交流价：,
105,ROI1,Col1,9品：15元,
105,ROI1,Col1,10品：25元,
105,ROI1,Col2,钗头凤,
105,ROI1,Col2,出版社：吉林人民,
105,ROI1,Col2,编文：郝幼权,
105,ROI1,Col2,绘画：丹赤,
105,ROI1,Col2,82年11月1版1次64开,
105,ROI1,Col2,印数：15.7万定价：0.19元,
105,ROI1,Col2,市场交流价：,
105,ROI1,Col2,9品：15元,
105,ROI1,Col2,10品：25元,
105,ROI1,Col3,钗头凤,
105,ROI1,Col3,出版社：黑龙江人民,
105,ROI1,Col3,改编：吴玉京,
105,ROI1,Col3,绘画：费声福,
105,ROI1,Col3,83年3月1版1次64开,
105,ROI1,Col3,印数：10万定价：0.23元,
105,ROI1,Col3,市场交流价：,
105,ROI1,Col3,9品：20元,
105,ROI1,Col3,10品：40元,
105,ROI1,Col4,春秋配,
105,ROI1,Col4,出版社：辽宁美术,
105,ROI1,Col4,改编：高炼,
105,ROI1,Col4,绘画：刘廷相,
105,ROI1,Col4,81年10月1版1次64开,
105,ROI1,Col4,印数：90万定价：0.18元,
105,ROI1,Col4,市场交流价：,
105,ROI1,Col4,9品：20元,
105,ROI1,Col4,10品：40元,
105,ROI2,Col1,宝莲灯,
105,ROI2,Col1,出版社：四川人民,
105,ROI2,Col1,改编：张雨,
105,ROI2,Col1,绘画：赵映炯吴绪经,
105,ROI2,Col1,80年7月1版1次60开,
105,ROI2,Col1,印数：100万定价：0.16元,
105,ROI2,Col1,市场交流价：,
105,ROI2,Col1,9品：10元,
105,ROI2,Col1,10品：20元,
105,ROI2,Col2,宝船,
105,ROI2,Col2,出版社：天津人民美术,
105,ROI2,Col2,改编：励艺夫,
105,ROI2,Col2,绘画：于化鲤,
105,ROI2,Col2,81年2月1版1次60开,
105,ROI2,Col2,印数：16.6万定价：0.11元,
105,ROI2,Col2,市场交流价：,
105,ROI2,Col2,9品：20元,
105,ROI2,Col2,10品：50元,
105,ROI2,Col3,屈原,
105,ROI2,Col3,出版社：上海人民美术,
105,ROI2,Col3,改编：董子畏,
105,ROI2,Col3,绘画：刘旦宅,
105,ROI2,Col3,79年6月2版2次60开,
105,ROI2,Col3,印数：50.1万定价：0.14元,
105,ROI2,Col3,市场交流价：,
105,ROI2,Col3,9品：50元,
105,ROI2,Col3,10品：120元,
105,ROI2,Col4,泪美人,
105,ROI2,Col4,出版社：人民美术,
105,ROI2,Col4,改编：鲁俪,
105,ROI2,Col4,绘画：徐恒瑜,
105,ROI2,Col4,85年6月1版1次60开,
105,ROI2,Col4,印数：23万定价：0.39元,
105,ROI2,Col4,市场交流价：,
105,ROI2,Col4,9品：10元,
105,ROI2,Col4,10品：25元,
106,ROI1,Col1,周处除害,
106,ROI1,Col1,出版社：湖南少年儿童,
106,ROI1,Col1,编文：徐鹰,
106,ROI1,Col1,绘画：施忠平,
106,ROI1,Col1,84年1月1版1次64开,
106,ROI1,Col1,印数：8.8万定价：0.20元,
106,ROI1,Col1,市场交流价：,
106,ROI1,Col1,9品：5元,
106,ROI1,Col1,10品：10元,
106,ROI1,Col2,周处除害,
106,ROI1,Col2,出版社：人民美术,
106,ROI1,Col2,编者：邵劭,
106,ROI1,Col2,绘画：邵劭,
106,ROI1,Col2,85年1月1版1次64开,
106,ROI1,Col2,印数：11万定价：0.21元,
106,ROI1,Col2,市场交流价：,
106,ROI1,Col2,9品：10元,
106,ROI1,Col2,10品：20元,
106,ROI1,Col3,周处改过,
106,ROI1,Col3,出版社：四川人民,
106,ROI1,Col3,改编：林泉,
106,ROI1,Col3,绘画：李福金,
106,ROI1,Col3,83年10月1版1次64开,
106,ROI1,Col3,印数：10.6万定价：0.14元,
106,ROI1,Col3,市场交流价：,
106,ROI1,Col3,9品：8元,
106,ROI1,Col3,10品：20元,
106,ROI1,Col4,周处除三害,
106,ROI1,Col4,出版社：宁夏人民,
106,ROI1,Col4,编文：王素一,
106,ROI1,Col4,绘画：卢汶刘斌昆,
106,ROI1,Col4,82年6月1版2次64开,
106,ROI1,Col4,印数：20万定价：0.11元,
106,ROI1,Col4,市场交流价：,
106,ROI1,Col4,9品：8元,
106,ROI1,Col4,10品：15元,
106,ROI2,Col1,除三害,
106,ROI2,Col1,出版社：少年儿童,
106,ROI2,Col1,改编：晨光,
106,ROI2,Col1,绘画：戴敦邦戴红倩,
106,ROI2,Col1,84年5月1版1次64开,
106,ROI2,Col1,印数：36万定价：0.17元,
106,ROI2,Col1,市场交流价：,
106,ROI2,Col1,9品：10元,
106,ROI2,Col1,10品：30元,
106,ROI2,Col2,周三畏挂冠,
106,ROI2,Col2,出版社：浙江人民美术,
106,ROI2,Col2,编者：赵闻庆,
106,ROI2,Col2,绘画：戴宏海,
106,ROI2,Col2,84年2月1版1次64开,
106,ROI2,Col2,印数：32万定价：0.16元,
106,ROI2,Col2,市场交流价：,
106,ROI2,Col2,9品：10元,
106,ROI2,Col2,10品：20元,
106,ROI2,Col3,罗成,
106,ROI2,Col3,出版社：湖南少年儿童,
106,ROI2,Col3,改编：郑远明,
106,ROI2,Col3,绘画：金茗韦琦,
106,ROI2,Col3,83年4月1版1次64开,
106,ROI2,Col3,印数：42万定价：0.18元,
106,ROI2,Col3,市场交流价：,
106,ROI2,Col3,9品：8元,
106,ROI2,Col3,10品：15元,
106,ROI2,Col4,罗成,
106,ROI2,Col4,出版社：吉林人民,
106,ROI2,Col4,改编：刘丁辰,
106,ROI2,Col4,绘画：金鉴,
106,ROI2,Col4,83年11月1版1次64开,
106,ROI2,Col4,印数：33.1万定价：0.19元,
106,ROI2,Col4,市场交流价：,
106,ROI2,Col4,9品：5元,
106,ROI2,Col4,10品：10元,
107,ROI1,Col1,虎丘恋,
107,ROI1,Col1,出版社：江苏人民,
107,ROI1,Col1,改编：范芸,
107,ROI1,Col1,绘画：韩和平何进,
107,ROI1,Col1,82年8月1版1次64开,
107,ROI1,Col1,印数：32万定价：0.11元,
107,ROI1,Col1,市场交流价：,
107,ROI1,Col1,9品：25元,
107,ROI1,Col1,10品：50元,
107,ROI1,Col2,岳飞,
107,ROI1,Col2,出版社：甘肃人民,
107,ROI1,Col2,改编：王家达,
107,ROI1,Col2,绘画：叶毓中,
107,ROI1,Col2,83年9月1版1次64开,
107,ROI1,Col2,印数：3.9万定价：0.21元,
107,ROI1,Col2,市场交流价：,
107,ROI1,Col2,9品：25元,
107,ROI1,Col2,10品：50元,
107,ROI1,Col3,岳飞,
107,ROI1,Col3,出版社：岭南美术,
107,ROI1,Col3,改编：陶静波,
107,ROI1,Col3,绘画：许旭奎扬航,
107,ROI1,Col3,82年6月1版1次64开,
107,ROI1,Col3,印数：未详定价：0.32元,
107,ROI1,Col3,市场交流价：,
107,ROI1,Col3,9品：8元,
107,ROI1,Col3,10品：15元,
107,ROI1,Col4,岳飞(上下),
107,ROI1,Col4,出版社：浙江人民美术,
107,ROI1,Col4,改编：汪涛,
107,ROI1,Col4,绘画：施大畏韩硕,
107,ROI1,Col4,82年2月1版1次64开,
107,ROI1,Col4,印数：80万定价：036元,
107,ROI1,Col4,市场交流价：,
107,ROI1,Col4,9品：25元,
107,ROI1,Col4,10品：40元,
107,ROI2,Col1,岳飞(上下),
107,ROI2,Col1,出版社：吉林人民,
107,ROI2,Col1,编文：育柏,
107,ROI2,Col1,绘画：陈曦光,
107,ROI2,Col1,82年7月1版1次64开,
107,ROI2,Col1,印数：45.1万定价：0.40元,
107,ROI2,Col1,市场交流价：,
107,ROI2,Col1,9品：20元,
107,ROI2,Col1,10品：35元,
107,ROI2,Col2,岳飞大战金兀术,
107,ROI2,Col2,出版社：黑龙江人民,
107,ROI2,Col2,改编：吴一声,
107,ROI2,Col2,绘画：于骏治卢汶,
107,ROI2,Col2,82年9月1版1次64开,
107,ROI2,Col2,印数：64.4万定价：0.23元,
107,ROI2,Col2,市场交流价：,
107,ROI2,Col2,9品：5元,
107,ROI2,Col2,10品：10元,
107,ROI2,Col3,岳云,
107,ROI2,Col3,出版社：河北美术,
107,ROI2,Col3,改编：孙中晓,
107,ROI2,Col3,绘画：窦世魁 窦世伟,
107,ROI2,Col3,85年4月1版1次64开,
107,ROI2,Col3,印数：37.3万定价：0.34元,
107,ROI2,Col3,市场交流价：,
107,ROI2,Col3,9品：15元,
107,ROI2,Col3,10品：25元,
107,ROI2,Col4,岳雷,
107,ROI2,Col4,出版社：河北美术,
107,ROI2,Col4,改编：罗波,
107,ROI2,Col4,绘画：项维仁,
107,ROI2,Col4,85年4月1版1次64开,
107,ROI2,Col4,印数：34.6万定价：0.34元,
107,ROI2,Col4,市场交流价：,
107,ROI2,Col4,9品：15元,
107,ROI2,Col4,10品：25元,
108,ROI1,Col1,林则徐,
108,ROI1,Col1,出版社：天津人民美术,
108,ROI1,Col1,编者：杨犀,
108,ROI1,Col1,绘画：王企玫,
108,ROI1,Col1,79年5月1版2次60开,
108,ROI1,Col1,印数：70万定价：0.15元,
108,ROI1,Col1,市场交流价：,
108,ROI1,Col1,9品：30元,
108,ROI1,Col1,10品：80元,
108,ROI1,Col2,林则徐禁烟,
108,ROI1,Col2,出版社：福建人民,
108,ROI1,Col2,改编：朱羽,
108,ROI1,Col2,绘画：陈光镒,
108,ROI1,Col2,78年5月1版1次60开,
108,ROI1,Col2,印数：未详定价：0.21元,
108,ROI1,Col2,市场交流价：,
108,ROI1,Col2,9品：100元,
108,ROI1,Col2,10品：300元,
108,ROI1,Col3,林则徐,
108,ROI1,Col3,出版社：人民美术,
108,ROI1,Col3,编者：沈基宇,
108,ROI1,Col3,绘画：朱光玉,
108,ROI1,Col3,83年2月2版4次64开,
108,ROI1,Col3,印数：41万定价：0.19元,
108,ROI1,Col3,市场交流价：,
108,ROI1,Col3,9品：15元,
108,ROI1,Col3,10品：35元,
108,ROI1,Col4,林启容,
108,ROI1,Col4,出版社：江西人民,
108,ROI1,Col4,编文：沈国我,
108,ROI1,Col4,绘画：吕建陶黄本贵,
108,ROI1,Col4,81年4月1版1次64开,
108,ROI1,Col4,印数：40万定价：0.18元,
108,ROI1,Col4,市场交流价：,
108,ROI1,Col4,9品：8元,
108,ROI1,Col4,10品：15元,
108,ROI2,Col1,郑板桥卖画,
108,ROI2,Col1,出版社：岭南美术,
108,ROI2,Col1,编者：王才编王爱红,
108,ROI2,Col1,绘画：于水吴声,
108,ROI2,Col1,84年1月1版1次64开,
108,ROI2,Col1,印数：26.2万定价：0.23元,
108,ROI2,Col1,市场交流价：,
108,ROI2,Col1,9品：15元,
108,ROI2,Col1,10品：25元,
108,ROI2,Col2,郑板桥卖画,
108,ROI2,Col2,出版社：江苏美术,
108,ROI2,Col2,改编：黄淑成,
108,ROI2,Col2,绘画：顾宝新,
108,ROI2,Col2,84年10月1版1次64开,
108,ROI2,Col2,印数：15.3万定价：0.20元,
108,ROI2,Col2,市场交流价：,
108,ROI2,Col2,9品：15元,
108,ROI2,Col2,10品：30元,
108,ROI2,Col3,明末英雄张苍水,
108,ROI2,Col3,出版社：浙江人民美术,
108,ROI2,Col3,改编：李光濯潘国钧,
108,ROI2,Col3,绘画：傅伯星 来汶阳,
108,ROI2,Col3,81年6月1版1次64开,
108,ROI2,Col3,印数：55万定价：0.18元,
108,ROI2,Col3,市场交流价：,
108,ROI2,Col3,9品：10元,
108,ROI2,Col3,10品：20元,
108,ROI2,Col4,昆阳之战,
108,ROI2,Col4,出版社：湖北人民,
108,ROI2,Col4,编文：徐章瑞,
108,ROI2,Col4,绘画：潘仁勇,
108,ROI2,Col4,78年8月1版1次60开,
108,ROI2,Col4,印数：未详定价：0.12元,
108,ROI2,Col4,市场交流价：,
108,ROI2,Col4,9品：20元,
108,ROI2,Col4,10品：40元,
109,ROI1,Col1,美丽的娘阿莎,
109,ROI1,Col1,出版社：广西人民,
109,ROI1,Col1,编文：成皿,
109,ROI1,Col1,绘画：雷务武,
109,ROI1,Col1,84年1月1版1次64开,
109,ROI1,Col1,印数：23.3万定价：0.12元,
109,ROI1,Col1,市场交流价：,
109,ROI1,Col1,9品：10元,
109,ROI1,Col1,10品：25元,
109,ROI1,Col2,送马,
109,ROI1,Col2,出版社：河南人民,
109,ROI1,Col2,改编：候彦彬,
109,ROI1,Col2,绘画：白春堂等,
109,ROI1,Col2,74年2月1版2次64开,
109,ROI1,Col2,印数：64万定价：0.08元,
109,ROI1,Col2,市场交流价：,
109,ROI1,Col2,9品：5元,
109,ROI1,Col2,10品：15元,
109,ROI1,Col3,孤胆英雄,
109,ROI1,Col3,出版社：上海人民美术,
109,ROI1,Col3,改编：赵吉南,
109,ROI1,Col3,绘画：罗希贤庞先健,
109,ROI1,Col3,79年6月1版1次64开,
109,ROI1,Col3,印数：80万定价：0.09元,
109,ROI1,Col3,市场交流价：,
109,ROI1,Col3,9品：8元,
109,ROI1,Col3,10品：15元,
109,ROI1,Col4,鱼鹰来归,
109,ROI1,Col4,出版社：上海人民美术,
109,ROI1,Col4,改编：杨根相,
109,ROI1,Col4,绘画：张品操,
109,ROI1,Col4,78年6月1版1次64开,
109,ROI1,Col4,印数：未详定价：0.11元,
109,ROI1,Col4,市场交流价：,
109,ROI1,Col4,9品：10元,
109,ROI1,Col4,10品：25元,
109,ROI2,Col1,金岭风云,
109,ROI2,Col1,出版社：江西人民,
109,ROI2,Col1,编文：邱恒聪,
109,ROI2,Col1,绘画：肖赛明,
109,ROI2,Col1,74年10月1版1次60开,
109,ROI2,Col1,印数：70万定价：0.19元,
109,ROI2,Col1,市场交流价：,
109,ROI2,Col1,9品：20元,
109,ROI2,Col1,10品：40元,
109,ROI2,Col2,金训华,
109,ROI2,Col2,出版社：上海市出版革命组,
109,ROI2,Col2,改编：集体,
109,ROI2,Col2,绘画：集体,
109,ROI2,Col2,70年5月1版2次60开,
109,ROI2,Col2,印数：未详定价：0.07元,
109,ROI2,Col2,市场交流价：,
109,ROI2,Col2,9品：150元,
109,ROI2,Col2,10品：300元,
109,ROI2,Col3,金凤,
109,ROI2,Col3,出版社：广东人民,
109,ROI2,Col3,改编：孔捷生,
109,ROI2,Col3,绘画：宋飞,
109,ROI2,Col3,75年3月1版1次60开,
109,ROI2,Col3,印数：未详定价：0.10元,
109,ROI2,Col3,市场交流价：,
109,ROI2,Col3,9品：15元,
109,ROI2,Col3,10品：25元,
109,ROI2,Col4,实践出真知,
109,ROI2,Col4,出版社：湖北人民,
109,ROI2,Col4,改编：集体,
109,ROI2,Col4,绘画：集体,
109,ROI2,Col4,72年3月1版1次60开,
109,ROI2,Col4,印数：未详定价：0.11元,
109,ROI2,Col4,市场交流价：,
109,ROI2,Col4,9品：100元,
109,ROI2,Col4,10品：200元,
110,ROI1,Col1,英雄小八路,
110,ROI1,Col1,出版社：上海人民,
110,ROI1,Col1,改编：集体,
110,ROI1,Col1,绘画：顾炳鑫,
110,ROI1,Col1,73年12月1版1次60开,
110,ROI1,Col1,印数：150万定价：0.12元,
110,ROI1,Col1,市场交流价：,
110,ROI1,Col1,9品：50元,
110,ROI1,Col1,10品：150元,
110,ROI1,Col2,英雄五少年,
110,ROI1,Col2,出版社：江西省新华书店,
110,ROI1,Col2,改编：集体,
110,ROI1,Col2,绘画：集体,
110,ROI1,Col2,70年6月1版2次60开,
110,ROI1,Col2,印数：32万定价：0.10元,
110,ROI1,Col2,市场交流价：,
110,ROI1,Col2,9品：40元,
110,ROI1,Col2,10品：100元,
110,ROI1,Col3,英雄母女,
110,ROI1,Col3,出版社：浙江人民,
110,ROI1,Col3,改编：劳峡,
110,ROI1,Col3,绘画：新工,
110,ROI1,Col3,70年7月1版1次60开,
110,ROI1,Col3,印数：未详定价：0.05元,
110,ROI1,Col3,市场交流价：,
110,ROI1,Col3,9品：30元,
110,ROI1,Col3,10品：50元,
110,ROI1,Col4,英勇不屈,
110,ROI1,Col4,出版社：广东人民,
110,ROI1,Col4,改编：集体,
110,ROI1,Col4,绘画：集体,
110,ROI1,Col4,72年8月1版1次60开,
110,ROI1,Col4,印数：未详定价：0.09元,
110,ROI1,Col4,市场交流价：,
110,ROI1,Col4,9品：20元,
110,ROI1,Col4,10品：40元,
110,ROI2,Col1,英雄的南堡人,
110,ROI2,Col1,出版社：浙江人民,
110,ROI2,Col1,改编：黄镇中,
110,ROI2,Col1,绘画：黄镇中,
110,ROI2,Col1,72年4月1版1次60开,
110,ROI2,Col1,印数：未详定价：0.14元,
110,ROI2,Col1,市场交流价：,
110,ROI2,Col1,9品：50元,
110,ROI2,Col1,10品：150元,
110,ROI2,Col2,英雄的南堡人,
110,ROI2,Col2,出版社：人民美术,
110,ROI2,Col2,改编：黄镇中,
110,ROI2,Col2,绘画：黄镇中,
110,ROI2,Col2,72年8月1版1次64开,
110,ROI2,Col2,印数：未详定价：0.13元,
110,ROI2,Col2,市场交流价：,
110,ROI2,Col2,9品：40元,
110,ROI2,Col2,10品：100元,
110,ROI2,Col3,英雄尖兵,
110,ROI2,Col3,出版社：安徽人民,
110,ROI2,Col3,编文：集体,
110,ROI2,Col3,绘画：集体,
110,ROI2,Col3,73年7月1版1次60开,
110,ROI2,Col3,印数：未详定价：0.08元,
110,ROI2,Col3,市场交流价：,
110,ROI2,Col3,9品：40元,
110,ROI2,Col3,10品：80元,
110,ROI2,Col4,英勇杀敌,
110,ROI2,Col4,出版社：人民美术,
110,ROI2,Col4,改编：集体,
110,ROI2,Col4,绘画：高宝生等,
110,ROI2,Col4,72年9月1版1次64开,
110,ROI2,Col4,印数：未详定价：0.08元,
110,ROI2,Col4,市场交流价：,
110,ROI2,Col4,9品：15元,
110,ROI2,Col4,10品：30元,
111,ROI1,Col1,虎口夺粮,
111,ROI1,Col1,出版社：江苏人民,
111,ROI1,Col1,编文：集体,
111,ROI1,Col1,绘画：集体,
111,ROI1,Col1,73年2月1版1次60开,
111,ROI1,Col1,印数：45万定价：0.09元,
111,ROI1,Col1,市场交流价：,
111,ROI1,Col1,9品：10元,
111,ROI1,Col1,10品：25元,
111,ROI1,Col2,虎穴夺棉,
111,ROI1,Col2,出版社：江苏人民,
111,ROI1,Col2,改编：集体 0,
111,ROI1,Col2,绘画：沈启鹏汤继民,
111,ROI1,Col2,73年11月1版1次60开,
111,ROI1,Col2,印数：100万定价：0.12元,
111,ROI1,Col2,市场交流价：,
111,ROI1,Col2,9品：15元,
111,ROI1,Col2,10品：40元,
111,ROI1,Col3,虎口拔牙,
111,ROI1,Col3,出版社：山东人民,
111,ROI1,Col3,编者：集体,
111,ROI1,Col3,绘画：集体,
111,ROI1,Col3,73年3月1版1次60开,
111,ROI1,Col3,印数：65万定价：0.09元,
111,ROI1,Col3,市场交流价：,
111,ROI1,Col3,9品：25元,
111,ROI1,Col3,10品：60元,
111,ROI1,Col4,虎头崖上捉鬼记,
111,ROI1,Col4,出版社：浙江人民,
111,ROI1,Col4,编文：顾汉昌,
111,ROI1,Col4,绘画：邵国兴,
111,ROI1,Col4,78年1月1版1次60开,
111,ROI1,Col4,印数：未详定价：0.11元,
111,ROI1,Col4,市场交流价：,
111,ROI1,Col4,9品：20元,
111,ROI1,Col4,10品：40元,
111,ROI2,Col1,虎山擒敌,
111,ROI2,Col1,出版社：河北人民,
111,ROI2,Col1,编文：张存杰,
111,ROI2,Col1,绘画：张增木,
111,ROI2,Col1,75年11月1版1次64开,
111,ROI2,Col1,印数：70万定价：0.11元,
111,ROI2,Col1,市场交流价：,
111,ROI2,Col1,9品：5元,
111,ROI2,Col1,10品：10元,
111,ROI2,Col2,金色的大雁,
111,ROI2,Col2,出版社：甘肃人民,
111,ROI2,Col2,改编：集体,
111,ROI2,Col2,绘画：集体,
111,ROI2,Col2,73年9月1版1次60开,
111,ROI2,Col2,印数：29.9万定价：0.10元,
111,ROI2,Col2,市场交流价：,
111,ROI2,Col2,9品：80元,
111,ROI2,Col2,10品：200元,
111,ROI2,Col3,奇袭,
111,ROI2,Col3,出版社：浙江人民,
111,ROI2,Col3,改编：王文宾,
111,ROI2,Col3,绘画：黄镇中等,
111,ROI2,Col3,73年9月1版1次60开,
111,ROI2,Col3,印数：30万定价：0.14元,
111,ROI2,Col3,市场交流价：,
111,ROI2,Col3,9品：100元,
111,ROI2,Col3,10品：300元,
111,ROI2,Col4,奇怪的火光,
111,ROI2,Col4,出版社：山东人民,
111,ROI2,Col4,编文：杨新民,
111,ROI2,Col4,绘画：纪传勤李益年,
111,ROI2,Col4,73年11月1版1次60开,
111,ROI2,Col4,印数：100万定价：0.10元,
111,ROI2,Col4,市场交流价：,
111,ROI2,Col4,9品：15元,
111,ROI2,Col4,10品：30元,
112,ROI1,Col1,矿工血恨,
112,ROI1,Col1,出版社：黑龙江人民,
112,ROI1,Col1,改编：集体,
112,ROI1,Col1,绘画：集体,
112,ROI1,Col1,71年10月1版1次60开,
112,ROI1,Col1,印数：未详定价：0.12元,
112,ROI1,Col1,市场交流价：,
112,ROI1,Col1,9品：50元,
112,ROI1,Col1,10品：150元,
112,ROI1,Col2,矿工血恨,
112,ROI1,Col2,出版社：黑龙江人民,
112,ROI1,Col2,改编：集体,
112,ROI1,Col2,绘画：集体,
112,ROI1,Col2,70年10月1版1次60开,
112,ROI1,Col2,印数：100万定价：0.12元,
112,ROI1,Col2,市场交流价：,
112,ROI1,Col2,9品：80元,
112,ROI1,Col2,10品：180元,
112,ROI1,Col3,弧光闪闪,
112,ROI1,Col3,出版社：广东人民,
112,ROI1,Col3,改编：王文锦,
112,ROI1,Col3,绘画：詹忠效,
112,ROI1,Col3,74年8月1版1次60开,
112,ROI1,Col3,印数：未详定价：0.12元,
112,ROI1,Col3,市场交流价：,
112,ROI1,Col3,9品：60元,
112,ROI1,Col3,10品：100元,
112,ROI1,Col4,放学以后,
112,ROI1,Col4,出版社：福建人民,
112,ROI1,Col4,改编：集体,
112,ROI1,Col4,绘画：集体,
112,ROI1,Col4,73年2月1版1次60开,
112,ROI1,Col4,印数：6万定价：0.08元,
112,ROI1,Col4,市场交流价：,
112,ROI1,Col4,9品：20元,
112,ROI1,Col4,10品：50元,
112,ROI2,Col1,京江怒涛,
112,ROI2,Col1,出版社：人民美术,
112,ROI2,Col1,改编：集体,
112,ROI2,Col1,绘画：集体,
112,ROI2,Col1,73年9月1版1次64开,
112,ROI2,Col1,印数：100万定价：0.08元,
112,ROI2,Col1,市场交流价：,
112,ROI2,Col1,9品：15元,
112,ROI2,Col1,10品：25元,
112,ROI2,Col2,京江怒涛,
112,ROI2,Col2,出版社：江苏人民,
112,ROI2,Col2,改编：集体,
112,ROI2,Col2,绘画：胡博综 王孟奇,
112,ROI2,Col2,74年1月1版1次60开,
112,ROI2,Col2,印数：80万定价：0.11元,
112,ROI2,Col2,市场交流价：,
112,ROI2,Col2,9品：30元,
112,ROI2,Col2,10品：70元,
112,ROI2,Col3,京江怒涛,
112,ROI2,Col3,出版社：上海人民,
112,ROI2,Col3,改编：陈梅鼎,
112,ROI2,Col3,绘画：宋治平,
112,ROI2,Col3,74年4月1版1次60开,
112,ROI2,Col3,印数：100万定价：0.09元,
112,ROI2,Col3,市场交流价：,
112,ROI2,Col3,9品：20元,
112,ROI2,Col3,10品：40元,
112,ROI2,Col4,京江怒涛,
112,ROI2,Col4,出版社：辽宁人民,
112,ROI2,Col4,改编：刘维仁,
112,ROI2,Col4,绘画：尚士爵张国才,
112,ROI2,Col4,75年4月1版1次64开,
112,ROI2,Col4,印数：30万定价：0.09元,
112,ROI2,Col4,市场交流价：,
112,ROI2,Col4,9品：10元,
112,ROI2,Col4,10品：20元,
113,ROI1,Col1,青春火花,
113,ROI1,Col1,出版社：上海人民,
113,ROI1,Col1,编文：集体,
113,ROI1,Col1,绘画：集体,
113,ROI1,Col1,72年7月1版1次60开,
113,ROI1,Col1,印数：未详定价：0.14元,
113,ROI1,Col1,市场交流价：,
113,ROI1,Col1,9品：40元,
113,ROI1,Col1,10品：120元,
113,ROI1,Col2,春青火花,
113,ROI1,Col2,出版社：上海人民,
113,ROI1,Col2,改编：集体,
113,ROI1,Col2,绘画：集体,
113,ROI1,Col2,74年6月1版3次60开,
113,ROI1,Col2,印数：180万定价：0.14元,
113,ROI1,Col2,市场交流价：,
113,ROI1,Col2,9品：30元,
113,ROI1,Col2,10品：80元,
113,ROI1,Col3,青春似火,
113,ROI1,Col3,出版社：辽宁人民,
113,ROI1,Col3,编文：张文阁,
113,ROI1,Col3,绘画：殷金玉李青,
113,ROI1,Col3,73年7月1版1次64开,
113,ROI1,Col3,印数：30万定价：0.08元,
113,ROI1,Col3,市场交流价：,
113,ROI1,Col3,9品：10元,
113,ROI1,Col3,10品：20元,
113,ROI1,Col4,送鱼,
113,ROI1,Col4,出版社：天津人民美术,
113,ROI1,Col4,改编：王良莹,
113,ROI1,Col4,绘画：徐有武,
113,ROI1,Col4,74年12月1版1次64开,
113,ROI1,Col4,印数：未详定价：0.10元,
113,ROI1,Col4,市场交流价：,
113,ROI1,Col4,9品：8元,
113,ROI1,Col4,10品：20元,
113,ROI2,Col1,拔敌旗,
113,ROI2,Col1,出版社：上海人民,
113,ROI2,Col1,改编：集体,
113,ROI2,Col1,绘画：陈云华,
113,ROI2,Col1,73年8月1版1次60开,
113,ROI2,Col1,印数：100万定价：0.10元,
113,ROI2,Col1,市场交流价：,
113,ROI2,Col1,9品：20元,
113,ROI2,Col1,10品：40元,
113,ROI2,Col2,拔钉子,
113,ROI2,Col2,出版社：山东人民,
113,ROI2,Col2,改编：集体,
113,ROI2,Col2,绘画：集体,
113,ROI2,Col2,73年12月1版1次60开,
113,ROI2,Col2,印数：20万定价：0.09元,
113,ROI2,Col2,市场交流价：,
113,ROI2,Col2,9品：15元,
113,ROI2,Col2,10品：25元,
113,ROI2,Col3,夜宿土豆村,
113,ROI2,Col3,出版社：浙江人民,
113,ROI2,Col3,改编：集体,
113,ROI2,Col3,绘画：王建,
113,ROI2,Col3,72年3月1版1次60开,
113,ROI2,Col3,印数：未详定价：0.07元,
113,ROI2,Col3,市场交流价：,
113,ROI2,Col3,9品：10元,
113,ROI2,Col3,10品：30元,
113,ROI2,Col4,夜袭白马山,
113,ROI2,Col4,出版社：浙江人民,
113,ROI2,Col4,改编：邓泰和,
113,ROI2,Col4,绘画：邓泰和,
113,ROI2,Col4,71年12月1版1次60开,
113,ROI2,Col4,印数：未详定价：0.08元,
113,ROI2,Col4,市场交流价：,
113,ROI2,Col4,9品：15元,
113,ROI2,Col4,10品：25元,
114,ROI1,Col1,追踪,
114,ROI1,Col1,出版社：江苏人民,
114,ROI1,Col1,改编：吕习明,
114,ROI1,Col1,绘画：王孟奇,
114,ROI1,Col1,75年2月1版1次60开,
114,ROI1,Col1,印数：75万定价：0.12元,
114,ROI1,Col1,市场交流价：,
114,ROI1,Col1,9品：10元,
114,ROI1,Col1,10品：25元,
114,ROI1,Col2,追踪,
114,ROI1,Col2,出版社：内蒙古人民,
114,ROI1,Col2,改编：蔺鸿儒,
114,ROI1,Col2,绘画：阎文科,
114,ROI1,Col2,74年9月1版1次64开,
114,ROI1,Col2,印数：100万定价：0.08元,
114,ROI1,Col2,市场交流价：,
114,ROI1,Col2,9品：8元,
114,ROI1,Col2,10品：15元,
114,ROI1,Col3,枫树湾,
114,ROI1,Col3,出版社：人民美术,
114,ROI1,Col3,改编：集体,
114,ROI1,Col3,绘画：集体,
114,ROI1,Col3,76年12月1版1次64开,
114,ROI1,Col3,印数：103万定价：0.23元,
114,ROI1,Col3,市场交流价：,
114,ROI1,Col3,9品：30元,
114,ROI1,Col3,10品：80元,
114,ROI1,Col4,房东大娘,
114,ROI1,Col4,出版社：上海人民,
114,ROI1,Col4,改编：竺少华,
114,ROI1,Col4,绘画：毛震耀 俞晓夫,
114,ROI1,Col4,73年11月1版1次60开,
114,ROI1,Col4,印数：80万定价：0.06元,
114,ROI1,Col4,市场交流价：,
114,ROI1,Col4,9品：20元,
114,ROI1,Col4,10品：60元,
114,ROI2,Col1,鱼水亭,
114,ROI2,Col1,出版社：江西人民,
114,ROI2,Col1,编文：邱恒聪,
114,ROI2,Col1,绘画：黄席珍汤云鹤,
114,ROI2,Col1,74年12月1版1次60开,
114,ROI2,Col1,印数：100万定价：0.13元,
114,ROI2,Col1,市场交流价：,
114,ROI2,Col1,9品：20元,
114,ROI2,Col1,10品：40元,
114,ROI2,Col2,废品堆上闹革命,
114,ROI2,Col2,出版社：云南人民,
114,ROI2,Col2,改编：集体,
114,ROI2,Col2,绘画：集体,
114,ROI2,Col2,71年12月1版1次60开,
114,ROI2,Col2,印数：5万定价：0.12元,
114,ROI2,Col2,市场交流价：,
114,ROI2,Col2,9品：50元,
114,ROI2,Col2,10品：150元,
114,ROI2,Col3,油田劲松,
114,ROI2,Col3,出版社：上海人民,
114,ROI2,Col3,改编：集体,
114,ROI2,Col3,绘画：集体,
114,ROI2,Col3,73年2月1版1次60开,
114,ROI2,Col3,印数：40万定价：0.14元,
114,ROI2,Col3,市场交流价：,
114,ROI2,Col3,9品：25元,
114,ROI2,Col3,10品：60元,
114,ROI2,Col4,O 牧鸭姑娘,
114,ROI2,Col4,出版社：山东人民,
114,ROI2,Col4,改编：王仲山,
114,ROI2,Col4,绘画：赵明程,
114,ROI2,Col4,73年8月1版1次60开,
114,ROI2,Col4,印数：60万定价：0.07元,
114,ROI2,Col4,市场交流价：,
114,ROI2,Col4,9品：10元,
114,ROI2,Col4,10品：20元,
115,ROI1,Col1,顶天立地,
115,ROI1,Col1,出版社：江苏人民,
115,ROI1,Col1,编文：集体,
115,ROI1,Col1,绘画：集体,
115,ROI1,Col1,73年5月1版1次60开,
115,ROI1,Col1,印数：70万定价：0.10元,
115,ROI1,Col1,市场交流价：,
115,ROI1,Col1,9品：15元,
115,ROI1,Col1,10品：25元,
115,ROI1,Col2,松树战,
115,ROI1,Col2,出版社：湖南人民,
115,ROI1,Col2,改编：李自由,
115,ROI1,Col2,绘画：殷本崇李如生,
115,ROI1,Col2,75年1月1版4次60开,
115,ROI1,Col2,印数：163万定价：0.09元,
115,ROI1,Col2,市场交流价：,
115,ROI1,Col2,9品：10元,
115,ROI1,Col2,10品：20元,
115,ROI1,Col3,林红和伙伴,
115,ROI1,Col3,出版社：人民美术,
115,ROI1,Col3,改编：集体,
115,ROI1,Col3,绘画：林锴,
115,ROI1,Col3,71年9月2版1次60开,
115,ROI1,Col3,印数：未详定价：0.11元,
115,ROI1,Col3,市场交流价：,
115,ROI1,Col3,9品：30元,
115,ROI1,Col3,10品：80元,
115,ROI1,Col4,迷惑人的鱼塘,
115,ROI1,Col4,出版社：人民美术,
115,ROI1,Col4,改编：刘谦,
115,ROI1,Col4,绘画：陈志谦 王绍基,
115,ROI1,Col4,74年7月1版1次64开,
115,ROI1,Col4,印数：150万定价：0.10元,
115,ROI1,Col4,市场交流价：,
115,ROI1,Col4,9品：10元,
115,ROI1,Col4,10品：15元,
115,ROI2,Col1,幸福鱼,
115,ROI2,Col1,出版社：浙江人民,
115,ROI2,Col1,改编：肖仁舒,
115,ROI2,Col1,绘画：张品操,
115,ROI2,Col1,75年5月1版1次60开,
115,ROI2,Col1,印数：30万定价：0.07元,
115,ROI2,Col1,市场交流价：,
115,ROI2,Col1,9品：40元,
115,ROI2,Col1,10品：80元,
115,ROI2,Col2,炮打“一只虎”,
115,ROI2,Col2,出版社：天津人民美术,
115,ROI2,Col2,改编：小戈,
115,ROI2,Col2,绘画：戴仁,
115,ROI2,Col2,73年12月1版1次64开,
115,ROI2,Col2,印数：未详定价：0.09元,
115,ROI2,Col2,市场交流价：,
115,ROI2,Col2,9品：15元,
115,ROI2,Col2,10品：25元,
115,ROI2,Col3,盲童喜见红太阳,
115,ROI2,Col3,出版社：人民美术,
115,ROI2,Col3,编者：李振清,
115,ROI2,Col3,绘画：韩征南,
115,ROI2,Col3,75年4月1版1次64开,
115,ROI2,Col3,印数：100万定价：0.11元,
115,ROI2,Col3,市场交流价：,
115,ROI2,Col3,9品：15元,
115,ROI2,Col3,10品：30元,
115,ROI2,Col4,奔向延安,
115,ROI2,Col4,出版社：湖北人民,
115,ROI2,Col4,编文：彭振梁,
115,ROI2,Col4,绘画：程翔,
115,ROI2,Col4,80年6月1版1次64开,
115,ROI2,Col4,印数：8万定价：0.16元,
115,ROI2,Col4,市场交流价：,
115,ROI2,Col4,9品：15元,
115,ROI2,Col4,10品：20元,
116,ROI1,Col1,国境线上,
116,ROI1,Col1,出版社：上海人民,
116,ROI1,Col1,改编：林萱,
116,ROI1,Col1,绘画：倪绍勇等,
116,ROI1,Col1,74年9月1版1次60开,
116,ROI1,Col1,印数：100万定价：0.06元,
116,ROI1,Col1,市场交流价：,
116,ROI1,Col1,9品：15元,
116,ROI1,Col1,10品：50元,
116,ROI1,Col2,国境线上,
116,ROI1,Col2,出版社：人民美术,
116,ROI1,Col2,改编：胡海润,
116,ROI1,Col2,绘画：徐芒耀,
116,ROI1,Col2,76年10月1版1次64开,
116,ROI1,Col2,印数：120万定价：0.09元,
116,ROI1,Col2,市场交流价：,
116,ROI1,Col2,9品：6元,
116,ROI1,Col2,10品：15元,
116,ROI1,Col3,国境线上,
116,ROI1,Col3,出版社：辽宁人民,
116,ROI1,Col3,改编：杨云庆,
116,ROI1,Col3,绘画：李俊琪,
116,ROI1,Col3,77年12月1版1次64开,
116,ROI1,Col3,印数：30万定价：0.11元,
116,ROI1,Col3,市场交流价：,
116,ROI1,Col3,9品：10元,
116,ROI1,Col3,10品：20元,
116,ROI1,Col4,国境线上,
116,ROI1,Col4,出版社：山东人民,
116,ROI1,Col4,改编：尚青,
116,ROI1,Col4,绘画：窦世魁,
116,ROI1,Col4,74年9月1版1次60开,
116,ROI1,Col4,印数：110万定价：0.11元,
116,ROI1,Col4,市场交流价：,
116,ROI1,Col4,9品：20元,
116,ROI1,Col4,10品：50元,
116,ROI2,Col1,送车记,
116,ROI2,Col1,出版社：天津人民,
116,ROI2,Col1,改编：朱铁民,
116,ROI2,Col1,绘画：朱帆王又文,
116,ROI2,Col1,77年4月1版1次60开,
116,ROI2,Col1,印数：未详定价：0.10元,
116,ROI2,Col1,市场交流价：,
116,ROI2,Col1,9品：10元,
116,ROI2,Col1,10品：20元,
116,ROI2,Col2,学军和他的小伙伴,
116,ROI2,Col2,出版社：山东人民,
116,ROI2,Col2,编文：魏树海,
116,ROI2,Col2,绘画：王世芳,
116,ROI2,Col2,74年12月1版1次60开,
116,ROI2,Col2,印数：50万定价：0.10元,
116,ROI2,Col2,市场交流价：,
116,ROI2,Col2,9品：10元,
116,ROI2,Col2,10品：20元,
116,ROI2,Col3,青石山上,
116,ROI2,Col3,出版社：江苏人民,
116,ROI2,Col3,编文：许凤仪,
116,ROI2,Col3,绘画：鞠伏强,
116,ROI2,Col3,72年5月1版1次60开,
116,ROI2,Col3,印数：未详定价：0.10元,
116,ROI2,Col3,市场交流价：,
116,ROI2,Col3,9品：元,
116,ROI2,Col3,10品：元,
116,ROI2,Col4,单刀司令,
116,ROI2,Col4,出版社：吉林人民,
116,ROI2,Col4,编文：吴未,
116,ROI2,Col4,绘画：徐德元,
116,ROI2,Col4,83年8月1版1次64开,
116,ROI2,Col4,印数：41.6万定价：0.26元,
116,ROI2,Col4,市场交流价：,
116,ROI2,Col4,9品：10元,
116,ROI2,Col4,10品：25元,
117,ROI1,Col1,虎穴买药,
117,ROI1,Col1,出版社：河北美术,
117,ROI1,Col1,编文：李志寅,
117,ROI1,Col1,绘画：李丰田,
117,ROI1,Col1,85年8月1版1次64开,
117,ROI1,Col1,印数：18.08万定价：0.23元,
117,ROI1,Col1,市场交流价：,
117,ROI1,Col1,9品：5元,
117,ROI1,Col1,10品：10元,
117,ROI1,Col2,虎口取药,
117,ROI1,Col2,出版社：浙江人民美术,
117,ROI1,Col2,改编：汪涛,
117,ROI1,Col2,绘画：雷德祖,
117,ROI1,Col2,81年10月1版1次64开,
117,ROI1,Col2,印数：100万定价：0.22元,
117,ROI1,Col2,市场交流价：,
117,ROI1,Col2,9品：15元,
117,ROI1,Col2,10品：25元,
117,ROI1,Col3,虎穴英雄,
117,ROI1,Col3,出版社：明天,
117,ROI1,Col3,编文：望岳,
117,ROI1,Col3,绘画：张国维,
117,ROI1,Col3,85年10月1版1次64开,
117,ROI1,Col3,印数：16.2万定价：0.31元,
117,ROI1,Col3,市场交流价：,
117,ROI1,Col3,9品：3元,
117,ROI1,Col3,10品：5元,
117,ROI1,Col4,革命家庭,
117,ROI1,Col4,出版社：辽宁美术,
117,ROI1,Col4,改编：钟志坚,
117,ROI1,Col4,绘画：韩和平端木勇,
117,ROI1,Col4,79年11月1版1次64开,
117,ROI1,Col4,印数：10万定价：0.22元,
117,ROI1,Col4,市场交流价：,
117,ROI1,Col4,9品：80元,
117,ROI1,Col4,10品：150元,
117,ROI2,Col1,周兰嫂,
117,ROI2,Col1,出版社：人民美术,
117,ROI2,Col1,编者：周调,
117,ROI2,Col1,绘画：周道银,
117,ROI2,Col1,80年9月1版1次64开,
117,ROI2,Col1,印数：74万定价：0.17元,
117,ROI2,Col1,市场交流价：,
117,ROI2,Col1,9品：20元,
117,ROI2,Col1,10品：40元,
117,ROI2,Col2,周恩来同志在梅园新村,
117,ROI2,Col2,出版社：上海人民美术,
117,ROI2,Col2,编文：李光羽,
117,ROI2,Col2,绘画：韩和平罗盘等,
117,ROI2,Col2,79年8月1版1次64开,
117,ROI2,Col2,印数：24万定价：0.18元,
117,ROI2,Col2,市场交流价：,
117,ROI2,Col2,9品：30元,
117,ROI2,Col2,10品：80元,
117,ROI2,Col3,忠烈千秋,
117,ROI2,Col3,出版社：江苏人民,
117,ROI2,Col3,改编：李荣标,
117,ROI2,Col3,绘画：雨青等,
117,ROI2,Col3,82年11月1版1次64开,
117,ROI2,Col3,印数：40万定价：0.21元,
117,ROI2,Col3,市场交流价：,
117,ROI2,Col3,9品：8元,
117,ROI2,Col3,10品：15元,
117,ROI2,Col4,忠贞之心,
117,ROI2,Col4,出版社：天津人民美术,
117,ROI2,Col4,改编：李子明,
117,ROI2,Col4,绘画：雷德祖,
117,ROI2,Col4,81年9月1版1次64开,
117,ROI2,Col4,印数：11.9万定价：0.10,
117,ROI2,Col4,市场交流价：,
117,ROI2,Col4,9品：20元,
117,ROI2,Col4,10品：40元,
118,ROI1,Col1,草原激战,
118,ROI1,Col1,出版社：辽宁美术,
118,ROI1,Col1,改编：刘建华徐景,
118,ROI1,Col1,绘者：徐景杜连仁,
118,ROI1,Col1,83年8月1版1次64开,
118,ROI1,Col1,印数：40万定价：0.26元,
118,ROI1,Col1,市场交流价：,
118,ROI1,Col1,9品：15元,
118,ROI1,Col1,10品：25元,
118,ROI1,Col2,草原雏鹰,
118,ROI1,Col2,出版社：人民美术,
118,ROI1,Col2,编文：杨际萱,
118,ROI1,Col2,绘画：许勇等,
118,ROI1,Col2,85年2月1版1次64开,
118,ROI1,Col2,印数：21万定价：0.27元,
118,ROI1,Col2,市场交流价：,
118,ROI1,Col2,9品：10元,
118,ROI1,Col2,10品：20元,
118,ROI1,Col3,草原歼匪,
118,ROI1,Col3,出版社：黑龙江人民,
118,ROI1,Col3,改编：何昕,
118,ROI1,Col3,绘画：张鸿飞韩丽娟,
118,ROI1,Col3,82年12月1版1次64开,
118,ROI1,Col3,印数：34.2万定价：0.26元,
118,ROI1,Col3,市场交流价：,
118,ROI1,Col3,9品：5元,
118,ROI1,Col3,10品：10元,
118,ROI1,Col4,苦海恩仇,
118,ROI1,Col4,出版社：天津人民美术,
118,ROI1,Col4,改编：定兴,
118,ROI1,Col4,绘画：陈晋容,
118,ROI1,Col4,85年6月1版1次64开,
118,ROI1,Col4,印数：18.26万定价：0.42元,
118,ROI1,Col4,市场交流价：,
118,ROI1,Col4,9品：10元,
118,ROI1,Col4,10品：25元,
118,ROI2,Col1,苗岭风雷,
118,ROI2,Col1,出版社：天津人民美术,
118,ROI2,Col1,编文：吴秀英,
118,ROI2,Col1,绘画：徐有武张培础,
118,ROI2,Col1,79年4月1版1次64开,
118,ROI2,Col1,印数：10万定价：0.14元,
118,ROI2,Col1,市场交流价：,
118,ROI2,Col1,9品：20元,
118,ROI2,Col1,10品：40元,
118,ROI2,Col2,苗岭苍松,
118,ROI2,Col2,出版社：贵州人民,
118,ROI2,Col2,编者：集体,
118,ROI2,Col2,绘者：高先贵陈丁生,
118,ROI2,Col2,82年10月1版1次64开,
118,ROI2,Col2,印数：6.05万定价：0.10元,
118,ROI2,Col2,市场交流价：,
118,ROI2,Col2,9品：5元,
118,ROI2,Col2,10品：10元,
118,ROI2,Col3,冼星海在巴黎,
118,ROI2,Col3,出版社：上海人民美术,
118,ROI2,Col3,改编：甘礼乐,
118,ROI2,Col3,绘画：沈绍伦,
118,ROI2,Col3,83年5月1版1次64开,
118,ROI2,Col3,印数：7.8万定价：0.15元,
118,ROI2,Col3,市场交流价：,
118,ROI2,Col3,9品：10元,
118,ROI2,Col3,10品：20元,
118,ROI2,Col4,洗星海,
118,ROI2,Col4,出版社：人民美术,
118,ROI2,Col4,编者：肖斌华,
118,ROI2,Col4,绘画：童道容,
118,ROI2,Col4,82年3月1版1次64开,
118,ROI2,Col4,印数：16万定价：0.15元,
118,ROI2,Col4,市场交流价：,
118,ROI2,Col4,9品：15元,
118,ROI2,Col4,10品：25元,
119,ROI1,Col1,林海添翠,
119,ROI1,Col1,出版社：黑龙江人民,
119,ROI1,Col1,改编：集体,
119,ROI1,Col1,绘画：集体,
119,ROI1,Col1,77年5月1版1次64开,
119,ROI1,Col1,印数：20万定价：0.09元,
119,ROI1,Col1,市场交流价：,
119,ROI1,Col1,9品：5元,
119,ROI1,Col1,10品：15元,
119,ROI1,Col2,林海剿匪记,
119,ROI1,Col2,出版社：黑龙江人民,
119,ROI1,Col2,改编：傅杰,
119,ROI1,Col2,绘画：潘衡生,
119,ROI1,Col2,80年9月1版1次64开,
119,ROI1,Col2,印数：23.62万定价：0.19元,
119,ROI1,Col2,市场交流价：,
119,ROI1,Col2,9品：25元,
119,ROI1,Col2,10品：50元,
119,ROI1,Col3,林道静,
119,ROI1,Col3,出版社：长江文艺,
119,ROI1,Col3,改编：沙铁军,
119,ROI1,Col3,绘画：关景宇赵宝林,
119,ROI1,Col3,82年11月1版1次64开,
119,ROI1,Col3,印数：12.4万定价：0.32元,
119,ROI1,Col3,市场交流价：,
119,ROI1,Col3,9品：25元,
119,ROI1,Col3,10品：50元,
119,ROI1,Col4,英雄小信使,
119,ROI1,Col4,出版社：江苏人民,
119,ROI1,Col4,改编：肖坚富陆苇,
119,ROI1,Col4,绘画：钱大经,
119,ROI1,Col4,83年2月1版1次64开,
119,ROI1,Col4,印数：24.58万定价：0.11元,
119,ROI1,Col4,市场交流价：,
119,ROI1,Col4,9品：8元,
119,ROI1,Col4,10品：15元,
119,ROI2,Col1,欧阳海,
119,ROI2,Col1,出版社：人民美术,
119,ROI2,Col1,编者：窦洪振,
119,ROI2,Col1,绘画：许全群刘白鸿,
119,ROI2,Col1,79年9月1版1次64开,
119,ROI2,Col1,印数：80万定价：0.10元,
119,ROI2,Col1,市场交流价：,
119,ROI2,Col1,9品：20元,
119,ROI2,Col1,10品：50元,
119,ROI2,Col2,欧阳海,
119,ROI2,Col2,出版社：湖南人民,
119,ROI2,Col2,改编：集体,
119,ROI2,Col2,绘画：邓立衍彭本人等,
119,ROI2,Col2,79年2月1版1次64开,
119,ROI2,Col2,印数：13万定价：0.11元,
119,ROI2,Col2,市场交流价：,
119,ROI2,Col2,9品：30元,
119,ROI2,Col2,10品：80元,
119,ROI2,Col3,姑苏春,
119,ROI2,Col3,出版社：辽宁美术,
119,ROI2,Col3,改编：芮衡之,
119,ROI2,Col3,绘画：丁德邻,
119,ROI2,Col3,82年6月1版1次64开,
119,ROI2,Col3,印数：55.1万定价：0.24元,
119,ROI2,Col3,市场交流价：,
119,ROI2,Col3,9品：8元,
119,ROI2,Col3,10品：15元,
119,ROI2,Col4,姑苏春,
119,ROI2,Col4,出版社：江苏人民,
119,ROI2,Col4,编者：张宝蔚,
119,ROI2,Col4,绘画：张宝蔚,
119,ROI2,Col4,80年7月1版1次64开,
119,ROI2,Col4,印数：12万定价：0.20元,
119,ROI2,Col4,市场交流价：,
119,ROI2,Col4,9品：5元,
119,ROI2,Col4,10品：10元,
120,ROI1,Col1,金唇树,
120,ROI1,Col1,出版社：北京,
120,ROI1,Col1,改编：陈春荣,
120,ROI1,Col1,绘画：徐荣杲关乃平,
120,ROI1,Col1,79年5月1版1次60开,
120,ROI1,Col1,印数：未详定价：0.09元,
120,ROI1,Col1,市场交流价：,
120,ROI1,Col1,9品：20元,
120,ROI1,Col1,10品：40元,
120,ROI1,Col2,金方昌,
120,ROI1,Col2,出版社：人民美术,
120,ROI1,Col2,编者：朱华堂龙海顺,
120,ROI1,Col2,绘画：张永太,
120,ROI1,Col2,85年2月1版1次64开,
120,ROI1,Col2,印数：30万定价：0.16元,
120,ROI1,Col2,市场交流价：,
120,ROI1,Col2,9品：5元,
120,ROI1,Col2,10品：10元,
120,ROI1,Col3,金珍儿,
120,ROI1,Col3,出版社：四川人民,
120,ROI1,Col3,改编：张树勤,
120,ROI1,Col3,绘画：张增木,
120,ROI1,Col3,84年2月1版1次64开,
120,ROI1,Col3,印数：14.6万定价：0.11元,
120,ROI1,Col3,市场交流价：,
120,ROI1,Col3,9品：5元,
120,ROI1,Col3,10品：10元,
120,ROI1,Col4,河西村的歌声,
120,ROI1,Col4,出版社：人民美术,
120,ROI1,Col4,改编：高远,
120,ROI1,Col4,绘画：贾德江,
120,ROI1,Col4,84年10月1版1次64开,
120,ROI1,Col4,印数：11万定价：0.24元,
120,ROI1,Col4,市场交流价：,
120,ROI1,Col4,9品：8元,
120,ROI1,Col4,10品：15元,
120,ROI2,Col1,追踪,
120,ROI2,Col1,出版社：吉林人民,
120,ROI2,Col1,改编：郭红兵,
120,ROI2,Col1,绘画：刘凤山,
120,ROI2,Col1,85年4月1版1次64开,
120,ROI2,Col1,印数：80.41万定价：0.30元,
120,ROI2,Col1,市场交流价：,
120,ROI2,Col1,9品：8元,
120,ROI2,Col1,10品：15元,
120,ROI2,Col2,追捕“二王”,
120,ROI2,Col2,出版社：岭南美术,
120,ROI2,Col2,编者：孙锦常,
120,ROI2,Col2,绘画：陶穗洪骆耀棠,
120,ROI2,Col2,84年12月1版1次64开,
120,ROI2,Col2,印数：未详定价：0.27元,
120,ROI2,Col2,市场交流价：,
120,ROI2,Col2,9品：5元,
120,ROI2,Col2,10品：10元,
120,ROI2,Col3,追穷寇,
120,ROI2,Col3,出版社：黑龙江人民,
120,ROI2,Col3,改编：孟宪钧陈双,
120,ROI2,Col3,绘画：阴衍珊孙达明,
120,ROI2,Col3,77年2月1版1次64开,
120,ROI2,Col3,印数：70万定价：0.11元,
120,ROI2,Col3,市场交流价：,
120,ROI2,Col3,9品：5元,
120,ROI2,Col3,10品：10元,
120,ROI2,Col4,征途(上,
120,ROI2,Col4,出版社：黑龙江人民,
120,ROI2,Col4,改编：集体,
120,ROI2,Col4,绘画：集体,
120,ROI2,Col4,75年10月1版1次64开,
120,ROI2,Col4,印数：100万 定价：0.13元,
120,ROI2,Col4,市场交流价：,
120,ROI2,Col4,9品：10元,
120,ROI2,Col4,10品：20元,
121,ROI1,Col1,青春之歌(上下),
121,ROI1,Col1,出版社：河北美术,
121,ROI1,Col1,改编：庚西等,
121,ROI1,Col1,绘画：谢志高等,
121,ROI1,Col1,84年12月1版1次64开,
121,ROI1,Col1,印数：29.65万定价：0.26元,
121,ROI1,Col1,市场交流价：,
121,ROI1,Col1,9品：40元,
121,ROI1,Col1,10品：60元,
121,ROI1,Col2,拉骆驼的女人,
121,ROI1,Col2,出版社：福建人民,
121,ROI1,Col2,改编：柯宝鸿,
121,ROI1,Col2,绘画：柯宝鸿,
121,ROI1,Col2,83年12月1版1次64开,
121,ROI1,Col2,印数：10.2万定价：0.19元,
121,ROI1,Col2,市场交流价：,
121,ROI1,Col2,9品：10元,
121,ROI1,Col2,10品：20元,
121,ROI1,Col3,佩剑将军,
121,ROI1,Col3,出版社：河北美术,
121,ROI1,Col3,改编：祥文,
121,ROI1,Col3,绘画：梁占岩纪京宁,
121,ROI1,Col3,86年5月1版1次64开,
121,ROI1,Col3,印数：1万定价：0.47元,
121,ROI1,Col3,市场交流价：,
121,ROI1,Col3,9品：25元,
121,ROI1,Col3,10品：40元,
121,ROI1,Col4,周游世界(上下),
121,ROI1,Col4,出版社：人民体育,
121,ROI1,Col4,改编：雪梦,
121,ROI1,Col4,绘画：潘衡生,
121,ROI1,Col4,84年11月1版1次64开,
121,ROI1,Col4,印数：未详定价：0.29元,
121,ROI1,Col4,市场交流价：,
121,ROI1,Col4,9品：40元（全套）,
121,ROI1,Col4,10品：80元,
121,ROI2,Col1,2,
121,ROI2,Col1,金沙江畔,
121,ROI2,Col1,出版社：上海人民美术,
121,ROI2,Col1,改编：杨湛霖,
121,ROI2,Col1,绘画：费龙翔,
121,ROI2,Col1,83年10月2版3次64开,
121,ROI2,Col1,印数：63.5万 定价：0.20元,
121,ROI2,Col1,市场交流价：,
121,ROI2,Col1,9品：120元,
121,ROI2,Col1,10品：250元,
121,ROI2,Col2,怕水的鸭子,
121,ROI2,Col2,出版社：上海人民美术,
121,ROI2,Col2,改编：吴之,
121,ROI2,Col2,绘画：毛震耀 1,
121,ROI2,Col2,85年3月1版1次64开,
121,ROI2,Col2,印数：5.3万定价：0.20元,
121,ROI2,Col2,市场交流价：,
121,ROI2,Col2,9品：15元,
121,ROI2,Col2,10品：25元,
121,ROI2,Col3,武工队员红,
121,ROI2,Col3,出版社：辽宁美术,
121,ROI2,Col3,改编：吴时学,
121,ROI2,Col3,绘画：肖天智,
121,ROI2,Col3,85年4月1版2次64开,
121,ROI2,Col3,印数：101.8万定价：0.20元,
121,ROI2,Col3,市场交流价：,
121,ROI2,Col3,9品：5元,
121,ROI2,Col3,10品：10元,
121,ROI2,Col4,拦江锁,
121,ROI2,Col4,出版社：云南人民,
121,ROI2,Col4,改编：聪聪,
121,ROI2,Col4,绘画：杨智,
121,ROI2,Col4,83年5月1版1次64开,
121,ROI2,Col4,印数：未详定价：0.10元,
121,ROI2,Col4,市场交流价：,
121,ROI2,Col4,9品：5元,
121,ROI2,Col4,10品：10元,
122,ROI1,Col1,欧也妮·葛朗台,
122,ROI1,Col1,出版社：江苏人民,
122,ROI1,Col1,改编：王素一等,
122,ROI1,Col1,绘画：励国仪,
122,ROI1,Col1,82年5月1版1次64开,
122,ROI1,Col1,印数：23.1万 定价：0.16元,
122,ROI1,Col1,市场交流价：,
122,ROI1,Col1,9品：15元,
122,ROI1,Col1,10品：25元,
122,ROI1,Col2,欧也妮·葛朗台,
122,ROI1,Col2,出版社：四川人民,
122,ROI1,Col2,改编：徐礼娴,
122,ROI1,Col2,绘画：苏正刚,
122,ROI1,Col2,84年3月1版1次64开,
122,ROI1,Col2,印数：16.34万定价：0.37元,
122,ROI1,Col2,市场交流价：,
122,ROI1,Col2,9品：30元,
122,ROI1,Col2,10品：50元,
122,ROI1,Col3,欧也妮·葛朗台,
122,ROI1,Col3,出版社：人民美术,
122,ROI1,Col3,改编：路南,
122,ROI1,Col3,绘画：汪晓曙,
122,ROI1,Col3,83年3月1版1次64开,
122,ROI1,Col3,印数：21万定价：0.22元,
122,ROI1,Col3,市场交流价：,
122,ROI1,Col3,9品：20元,
122,ROI1,Col3,10品：40元,
122,ROI1,Col4,逃亡者,
122,ROI1,Col4,出版社：江苏人民,
122,ROI1,Col4,改编：葛胆贻,
122,ROI1,Col4,绘画：叶坚铭,
122,ROI1,Col4,81年1月1版1次64开,
122,ROI1,Col4,印数：35万定价：0.10元,
122,ROI1,Col4,市场交流价：,
122,ROI1,Col4,9品：15元,
122,ROI1,Col4,10品：25元,
122,ROI2,Col1,逃亡者,
122,ROI2,Col1,出版社：福建人民,
122,ROI2,Col1,改编：艾莓,
122,ROI2,Col1,绘画：鸿海,
122,ROI2,Col1,80年9月1版1次64开,
122,ROI2,Col1,印数：32万定价：0.12元,
122,ROI2,Col1,市场交流价：,
122,ROI2,Col1,9品：8元,
122,ROI2,Col1,10品：15元,
122,ROI2,Col2,逃亡者,
122,ROI2,Col2,出版社：河北美术,
122,ROI2,Col2,改编：竺乾华等,
122,ROI2,Col2,绘画：隋奇,
122,ROI2,Col2,82年7月1版1次64开,
122,ROI2,Col2,印数：50万定价：0.12元,
122,ROI2,Col2,市场交流价：,
122,ROI2,Col2,9品：10元,
122,ROI2,Col2,10品：20元,
122,ROI2,Col3,逃亡者,
122,ROI2,Col3,出版社：人民美术,
122,ROI2,Col3,改编：立德,
122,ROI2,Col3,绘画：俞晓夫,
122,ROI2,Col3,81年12月1版1次64开,
122,ROI2,Col3,印数：64万定价：0.14元,
122,ROI2,Col3,市场交流价：,
122,ROI2,Col3,9品：8元,
122,ROI2,Col3,10品：15元,
122,ROI2,Col4,逃亡者,
122,ROI2,Col4,出版社：黑龙江人民,
122,ROI2,Col4,改编：艾梅尔,
122,ROI2,Col4,绘画：王希弟等,
122,ROI2,Col4,83年10月1版1次64开,
122,ROI2,Col4,印数：11.85万定价：0.14元,
122,ROI2,Col4,市场交流价：,
122,ROI2,Col4,9品：5元,
122,ROI2,Col4,10品：15元,
123,ROI1,Col1,罗密欧与朱丽叶,
123,ROI1,Col1,出版社：人民美术,
123,ROI1,Col1,改编：达加,
123,ROI1,Col1,绘画：徐锡林,
123,ROI1,Col1,82年9月1版1次64开,
123,ROI1,Col1,印数：18万定价：0.14元,
123,ROI1,Col1,市场交流价：,
123,ROI1,Col1,9品：20元,
123,ROI1,Col1,10品：50元,
123,ROI1,Col2,罗密欧与朱丽叶,
123,ROI1,Col2,出版社：中国戏剧,
123,ROI1,Col2,改编：李迪,
123,ROI1,Col2,绘画：华其敏,
123,ROI1,Col2,81年9月1版1次64开,
123,ROI1,Col2,印数：未详定价：0.14元,
123,ROI1,Col2,市场交流价：,
123,ROI1,Col2,9品：5元,
123,ROI1,Col2,10品：10元,
123,ROI1,Col3,复活（上下）,
123,ROI1,Col3,出版社：辽宁美术,
123,ROI1,Col3,改编：李遵义,
123,ROI1,Col3,绘画：胡克礼恽南平,
123,ROI1,Col3,81年4月1版1次64开,
123,ROI1,Col3,印数：39.75万定价：0.19元,
123,ROI1,Col3,市场交流价：,
123,ROI1,Col3,9品：25元（全套）,
123,ROI1,Col3,10品：30元,
123,ROI1,Col4,非洲遇险记,
123,ROI1,Col4,出版社：福建人民,
123,ROI1,Col4,改编：邱国华,
123,ROI1,Col4,绘画：杨思陶,
123,ROI1,Col4,82年1月1版1次64开,
123,ROI1,Col4,印数：15万定价：0.19元,
123,ROI1,Col4,市场交流价：,
123,ROI1,Col4,9品：15元,
123,ROI1,Col4,10品：30元,
123,ROI2,Col1,卓别麟,
123,ROI2,Col1,出版社：上海人民美术,
123,ROI2,Col1,改编：缪德彰,
123,ROI2,Col1,绘画：江云,
123,ROI2,Col1,80年11月1版1次64开,
123,ROI2,Col1,印数：100万定价：0.15元,
123,ROI2,Col1,市场交流价：,
123,ROI2,Col1,9品：15元,
123,ROI2,Col1,10品：30元,
123,ROI2,Col2,卓娅,
123,ROI2,Col2,出版社：上海人民美术,
123,ROI2,Col2,改编：范若由,
123,ROI2,Col2,绘画：蒋宝鸿,
123,ROI2,Col2,83年8月1版1次64开,
123,ROI2,Col2,印数：15.5万 定价：0.23元,
123,ROI2,Col2,市场交流价：,
123,ROI2,Col2,9品：10元,
123,ROI2,Col2,10品：20元,
123,ROI2,Col3,卓娅,
123,ROI2,Col3,出版社：辽宁美术,
123,ROI2,Col3,改编：庄宏安,
123,ROI2,Col3,绘画：沈建国刘忠臣,
123,ROI2,Col3,82年7月1版1次64开,
123,ROI2,Col3,印数：45.1万 定价：0.20元,
123,ROI2,Col3,市场交流价：,
123,ROI2,Col3,9品：5元,
123,ROI2,Col3,10品：10元,
123,ROI2,Col4,金发艾斯南,
123,ROI2,Col4,出版社：河北美术,
123,ROI2,Col4,改编：张秋菊,
123,ROI2,Col4,绘画：韩 伍 黄英洁,
123,ROI2,Col4,85年8月1版1次64开,
123,ROI2,Col4,印数：17.03万定价：0.28元,
123,ROI2,Col4,市场交流价：,
123,ROI2,Col4,9品：5元,
123,ROI2,Col4,10品：15元,
124,ROI1,Col1,神秘岛(上),
124,ROI1,Col1,出版社：浙江人民美术,
124,ROI1,Col1,改编：黄云松等,
124,ROI1,Col1,绘画：黄云松,
124,ROI1,Col1,81年6月1版1次64开,
124,ROI1,Col2,神秘岛(下),
124,ROI1,Col2,出版社：浙江人民美术,
124,ROI1,Col2,改编：黄云松等,
124,ROI1,Col2,绘画：黄云松,
124,ROI1,Col2,81年6月1版1次64开,
124,ROI1,Col2,印数：55万定价：0.22元,
124,ROI1,Col2,市场交流价：,
124,ROI1,Col2,9品：40元（全套）,
124,ROI1,Col2,10品：120元,
124,ROI1,Col3,神秘岛,
124,ROI1,Col3,出版社：黑龙江科学技术,
124,ROI1,Col3,改编：张丽生,
124,ROI1,Col3,绘画：白素兰等,
124,ROI1,Col3,83年5月1版1次64开,
124,ROI1,Col3,印数：5万定价：0.32元,
124,ROI1,Col3,市场交流价：,
124,ROI1,Col3,9品：20元,
124,ROI1,Col3,10品：30元,
124,ROI1,Col4,神秘岛(上中下),
124,ROI1,Col4,出版社：辽宁美术,
124,ROI1,Col4,改编：卞福顺,
124,ROI1,Col4,绘画：孙愚等,
124,ROI1,Col4,83年9月1版1次64开,
124,ROI1,Col4,印数：9.8万,
124,ROI1,Col4,市场交流价：,
124,ROI1,Col4,9品：80元（全套）,
124,ROI1,Col4,10品：150元,
124,ROI2,Col1,神秘岛,
124,ROI2,Col1,出版社：湖南少年儿童,
124,ROI2,Col1,改编：卜一狄,
124,ROI2,Col1,绘画：秦龙,
124,ROI2,Col1,84年5月1版1次64开,
124,ROI2,Col1,印数：6.8万定价：0.21元,
124,ROI2,Col1,市场交流价：,
124,ROI2,Col1,9品：20元,
124,ROI2,Col1,10品：30元,
124,ROI2,Col2,迷雾案,
124,ROI2,Col2,出版社：浙江人民美术,
124,ROI2,Col2,改编：晨钟等,
124,ROI2,Col2,绘画：雷德祖,
124,ROI2,Col2,81年4月1版1次64开,
124,ROI2,Col2,印数：100万定价：0.21元,
124,ROI2,Col2,市场交流价：,
124,ROI2,Col2,9品：15元,
124,ROI2,Col2,10品：30元,
124,ROI2,Col3,迷雾园奇案,
124,ROI2,Col3,出版社：新疆人民,
124,ROI2,Col3,改编：王素一等,
124,ROI2,Col3,绘画：杨逸麟等,
124,ROI2,Col3,85年7月1版1次64开,
124,ROI2,Col3,印数：17.13万 定价：0.27元,
124,ROI2,Col3,市场交流价：,
124,ROI2,Col3,9品：10元,
124,ROI2,Col3,10品：20元,
124,ROI2,Col4,命运,
124,ROI2,Col4,出版社：人民音乐,
124,ROI2,Col4,改编：冯立三,
124,ROI2,Col4,绘画：杨劲松等,
124,ROI2,Col4,82年1月1版1次64开,
124,ROI2,Col4,印数：25.15万定价：0.16元,
124,ROI2,Col4,市场交流价：,
124,ROI2,Col4,9品：10元,
124,ROI2,Col4,10品：15元,
124,FOOTNOTE,,,《神秘岛》辽美版，中、下分册远少于上册。
124,FOOTNOTE,,,*
125,ROI1,Col1,表,
125,ROI1,Col1,2,
125,ROI1,Col1,出版社：人民美术,
125,ROI1,Col1,改编：董青冬,
125,ROI1,Col1,绘画：华三川,
125,ROI1,Col1,80年11月1版1次60开,
125,ROI1,Col1,印数：78万定价：0.11元,
125,ROI1,Col1,市场交流价：,
125,ROI1,Col1,9品：20元,
125,ROI1,Col1,10品：40元,
125,ROI1,Col2,表,
125,ROI1,Col2,出版社：上海人民美术,
125,ROI1,Col2,改编：董耀根,
125,ROI1,Col2,绘画：隋奇,
125,ROI1,Col2,81年5月1版1次64开,
125,ROI1,Col2,印数：45万定价：0.13元,
125,ROI1,Col2,市场交流价：,
125,ROI1,Col2,9品：5元,
125,ROI1,Col2,10品：10元,
125,ROI1,Col3,雨滴项链,
125,ROI1,Col3,出版社：江苏少年儿童,
125,ROI1,Col3,改编：李学中等,
125,ROI1,Col3,绘画：董晓明,
125,ROI1,Col3,85年3月1版1次64开,
125,ROI1,Col3,印数：23.275万定价：0.21元,
125,ROI1,Col3,市场交流价：,
125,ROI1,Col3,9品：5元,
125,ROI1,Col3,10品：10元,
125,ROI1,Col4,法官与刽子手,
125,ROI1,Col4,出版社：四川人民,
125,ROI1,Col4,改编：龙懋勤,
125,ROI1,Col4,绘画：何昌林,
125,ROI1,Col4,80年8月1版1次60开,
125,ROI1,Col4,印数：88.5万 定价：0.15元,
125,ROI1,Col4,市场交流价：,
125,ROI1,Col4,9品：8元,
125,ROI1,Col4,10品：15元,
125,ROI2,Col1,欧仁·鲍狄埃,
125,ROI2,Col1,出版社：吉林人民,
125,ROI2,Col1,改编：集体,
125,ROI2,Col1,绘画：集体,
125,ROI2,Col1,72年4月1版1次60开,
125,ROI2,Col1,印数：未详定价：0.14元,
125,ROI2,Col1,市场交流价：,
125,ROI2,Col1,9品：15元,
125,ROI2,Col1,10品：35元,
125,ROI2,Col2,苦难的芳汀,
125,ROI2,Col2,出版社：上海人民美术,
125,ROI2,Col2,改编：钱志清,
125,ROI2,Col2,绘画：许金国等,
125,ROI2,Col2,85年1月1版1次64开,
125,ROI2,Col2,印数：16.8万定价：0.30元,
125,ROI2,Col2,市场交流价：,
125,ROI2,Col2,9品：8元,
125,ROI2,Col2,10品：15元,
125,ROI2,Col3,狭路相逢,
125,ROI2,Col3,出版社：安徽美术,
125,ROI2,Col3,改编：挹华,
125,ROI2,Col3,绘画：罗屏,
125,ROI2,Col3,85年5月1版1次64开,
125,ROI2,Col3,印数：13.5万 定价：0.19元,
125,ROI2,Col3,市场交流价：,
125,ROI2,Col3,9品：5元,
125,ROI2,Col3,10品：10元,
125,ROI2,Col4,拇指姑娘,
125,ROI2,Col4,出版社：北京,
125,ROI2,Col4,改编：沙铁军,
125,ROI2,Col4,绘画：姜成安等,
125,ROI2,Col4,81年8月1版1次60开,
125,ROI2,Col4,印数：未详定价：0.11元,
125,ROI2,Col4,市场交流价：,
125,ROI2,Col4,9品：5元,
125,ROI2,Col4,10品：10元,
126,ROI1,Col1,刽子手,
126,ROI1,Col1,出版社：江苏美术,
126,ROI1,Col1,改编：吴炳伟,
126,ROI1,Col1,绘画：袁真,
126,ROI1,Col1,84年3月1版1次64开,
126,ROI1,Col1,印数：17.1万定价：0.11元,
126,ROI1,Col1,市场交流价：,
126,ROI1,Col1,9品：5元,
126,ROI1,Col1,10品：10元,
126,ROI1,Col2,罗马之夜,
126,ROI1,Col2,出版社：江苏人民,
126,ROI1,Col2,改编：安利,
126,ROI1,Col2,绘画：杨春华等,
126,ROI1,Col2,85年12月1版1次64开,
126,ROI1,Col2,印数：9.7万定价：0.32元,
126,ROI1,Col2,市场交流价：,
126,ROI1,Col2,9品：5元,
126,ROI1,Col2,10品：10元,
126,ROI1,Col3,居里夫人,
126,ROI1,Col3,出版社：吉林人民,
126,ROI1,Col3,改编：曹积三,
126,ROI1,Col3,绘画：李肇宏,
126,ROI1,Col3,79年10月1版1次64开,
126,ROI1,Col3,印数：15.3万定价：0.15元,
126,ROI1,Col3,市场交流价：,
126,ROI1,Col3,9品：10元,
126,ROI1,Col3,10品：20元,
126,ROI1,Col4,孤星血泪,
126,ROI1,Col4,出版社：长江文艺,
126,ROI1,Col4,改编：蔡其铮,
126,ROI1,Col4,绘画：周翔,
126,ROI1,Col4,83年11月1版1次64开,
126,ROI1,Col4,印数：8.1万定价：0.18元,
126,ROI1,Col4,市场交流价：,
126,ROI1,Col4,9品：10元,
126,ROI1,Col4,10品：25元,
126,ROI2,Col1,战争恶魔,
126,ROI2,Col1,出版社：广西人民,
126,ROI2,Col1,改编：绕翠岚,
126,ROI2,Col1,绘画：雷德祖,
126,ROI2,Col1,84年8月1版1次64开,
126,ROI2,Col1,印数：41万定价：0.17元,
126,ROI2,Col1,市场交流价：,
126,ROI2,Col1,9品：10元,
126,ROI2,Col1,10品：20.0元,
126,ROI2,Col2,胜利大逃亡,
126,ROI2,Col2,出版社：少年儿童,
126,ROI2,Col2,改编：季一德,
126,ROI2,Col2,绘画：雷德祖,
126,ROI2,Col2,85年5月1版1次64开,
126,ROI2,Col2,印数：15.5万定价：0.28元,
126,ROI2,Col2,市场交流价：,
126,ROI2,Col2,9品：15元,
126,ROI2,Col2,10品：25.00元,
126,ROI2,Col3,驿站长之死,
126,ROI2,Col3,出版社：辽宁美术,
126,ROI2,Col3,改编：于义,
126,ROI2,Col3,绘画：刘国辉,
126,ROI2,Col3,83年3月1版1次64开,
126,ROI2,Col3,印数：12.9万定价：0.13元,
126,ROI2,Col3,市场交流价：,
126,ROI2,Col3,9品：15元,
126,ROI2,Col3,10品：35元,
126,ROI2,Col4,驿站长,
126,ROI2,Col4,出版社：上海人民美术,
126,ROI2,Col4,改编：甘礼乐,
126,ROI2,Col4,绘画：蒋宝鸿,
126,ROI2,Col4,80年7月1版1次64开,
126,ROI2,Col4,印数：10万定价：0.10元,
126,ROI2,Col4,市场交流价：,
126,ROI2,Col4,9品：15元,
126,ROI2,Col4,10品：30元,
127,ROI1,Col1,泪泉,
127,ROI1,Col1,出版社：花城,
127,ROI1,Col1,改编：杨遐琪,
127,ROI1,Col1,绘画：蒙复旦等,
127,ROI1,Col1,84年4月1版1次64开,
127,ROI1,Col1,印数：未详定价：0.20元,
127,ROI1,Col1,市场交流价：,
127,ROI1,Col1,9品：5元,
127,ROI1,Col1,10品：10元,
127,ROI1,Col2,威尼斯商人,
127,ROI1,Col2,出版社：人民美术,
127,ROI1,Col2,改编：林石,
127,ROI1,Col2,绘画：方瑶民,
127,ROI1,Col2,82年8月1版1次64开,
127,ROI1,Col2,印数：12万定价：0.17元,
127,ROI1,Col2,市场交流价：,
127,ROI1,Col2,9品：20元,
127,ROI1,Col2,10品：30元,
127,ROI1,Col3,音乐家莫扎特,
127,ROI1,Col3,出版社：人民美术,
127,ROI1,Col3,改编：舒君,
127,ROI1,Col3,绘画：于绍文,
127,ROI1,Col3,82年9月1版1次64开,
127,ROI1,Col3,印数：10万定价：0.07元,
127,ROI1,Col3,市场交流价：,
127,ROI1,Col3,9品：15元,
127,ROI1,Col3,10品：20元,
127,ROI1,Col4,昭君出塞,
127,ROI1,Col4,出版社：黑龙江人民,
127,ROI1,Col4,改编：犀利,
127,ROI1,Col4,绘画：李玉杰,
127,ROI1,Col4,83年1月1版1次64开,
127,ROI1,Col4,印数：7.56万 定价：0.25元,
127,ROI1,Col4,市场交流价：,
127,ROI1,Col4,9品：5元,
127,ROI1,Col4,10品：10元,
127,ROI2,Col1,哪吒,
127,ROI2,Col1,出版社：广西人民,
127,ROI2,Col1,改编：李延柱等,
127,ROI2,Col1,绘画：宋剑锋,
127,ROI2,Col1,83年6月1版1次64开,
127,ROI2,Col1,印数：13.3万 定价：0.10元,
127,ROI2,Col1,市场交流价：,
127,ROI2,Col1,9品：10元,
127,ROI2,Col1,10品：25元,
127,ROI2,Col2,哪吒成材记,
127,ROI2,Col2,出版社：中国戏剧,
127,ROI2,Col2,改编：管正美,
127,ROI2,Col2,绘画：费声福,
127,ROI2,Col2,83年3月1版1次64开,
127,ROI2,Col2,印数：未详定价：0.23元,
127,ROI2,Col2,市场交流价：,
127,ROI2,Col2,9品：30元,
127,ROI2,Col2,10品：60元,
127,ROI2,Col3,荆轲刺秦,
127,ROI2,Col3,出版社：福建人民,
127,ROI2,Col3,改编：丁犁,
127,ROI2,Col3,绘画：王井,
127,ROI2,Col3,81年7月1版1次64开,
127,ROI2,Col3,印数：32.04万 定价：0.13元,
127,ROI2,Col3,市场交流价：,
127,ROI2,Col3,9品：15元,
127,ROI2,Col3,10品：25元,
127,ROI2,Col4,荆钗记,
127,ROI2,Col4,出版社：岭南美术,
127,ROI2,Col4,改编：石崎等,
127,ROI2,Col4,绘画：卢延光,
127,ROI2,Col4,83年11月1版1次64开,
127,ROI2,Col4,印数：36.62万 定价：0.18元,
127,ROI2,Col4,市场交流价：,
127,ROI2,Col4,9品：15元,
127,ROI2,Col4,10品：30元,
128,ROI1,Col1,胆剑篇(上),
128,ROI1,Col1,出版社：辽宁美术,
128,ROI1,Col1,改编：徐景,
128,ROI1,Col1,绘画：朱光玉,
128,ROI1,Col1,81年12月1版2次64开,
128,ROI1,Col1,印数：27万定价：0.18元,
128,ROI1,Col2,胆剑篇（下）,
128,ROI1,Col2,出版社：辽宁美术,
128,ROI1,Col2,改编：徐景,
128,ROI1,Col2,绘画：朱光玉,
128,ROI1,Col2,81年12月1版2次64开,
128,ROI1,Col2,印数：27万定价：0.24元,
128,ROI1,Col2,市场交流价：,
128,ROI1,Col2,9品：60元（全套）,
128,ROI1,Col2,10品：100元,
128,ROI1,Col3,胆剑篇,
128,ROI1,Col3,出版社：江苏人民,
128,ROI1,Col3,改编：汪澄,
128,ROI1,Col3,绘画：宗静草等,
128,ROI1,Col3,80年8月1版1次64开,
128,ROI1,Col3,印数：10万定价：0.18元,
128,ROI1,Col3,市场交流价：,
128,ROI1,Col3,9品：100元,
128,ROI1,Col3,10品：200元,
128,ROI1,Col4,荀灌娘,
128,ROI1,Col4,出版社：河北美术,
128,ROI1,Col4,改编：唐开础,
128,ROI1,Col4,绘画：钱笑呆,
128,ROI1,Col4,82年7月1版2次64开,
128,ROI1,Col4,印数：33.4万定价：0.12元,
128,ROI1,Col4,市场交流价：,
128,ROI1,Col4,9品：70元,
128,ROI1,Col4,10品：120元,
128,ROI2,Col1,神秘的琴声,
128,ROI2,Col1,出版社：人民音乐,
128,ROI2,Col1,改编：刘玉山,
128,ROI2,Col1,绘画：孟庆江等,
128,ROI2,Col1,82年1月1版1次64开,
128,ROI2,Col1,印数：20.15万 定价：0.22元,
128,ROI2,Col1,市场交流价：,
128,ROI2,Col1,9品：5元,
128,ROI2,Col1,10品：15元,
128,ROI2,Col2,将相和,
128,ROI2,Col2,出版社：辽宁美术,
128,ROI2,Col2,改编：张叶舟,
128,ROI2,Col2,绘画：陈全胜,
128,ROI2,Col2,80年9月1版1次64开,
128,ROI2,Col2,印数：83万定价：0.19元,
128,ROI2,Col2,市场交流价：,
128,ROI2,Col2,9品：10元,
128,ROI2,Col2,10品：20元,
128,ROI2,Col3,将相和,
128,ROI2,Col3,出版社：宝文堂书店,
128,ROI2,Col3,改编：郁生,
128,ROI2,Col3,绘画：何宁,
128,ROI2,Col3,80年10月1版1次60开,
128,ROI2,Col3,印数：未详定价：0.12元,
128,ROI2,Col3,市场交流价：,
128,ROI2,Col3,9品：5元,
128,ROI2,Col3,10品：10元,
128,ROI2,Col4,响铃公主,
128,ROI2,Col4,出版社：黑龙江人民,
128,ROI2,Col4,改编：邓会光,
128,ROI2,Col4,绘画：季源业等,
128,ROI2,Col4,83年12月1版1次64开,
128,ROI2,Col4,印数：17.25万 定价：0.28元,
128,ROI2,Col4,市场交流价：,
128,ROI2,Col4,9品：15元,
128,ROI2,Col4,10品：25元,
129,ROI1,Col1,春草闯堂,
129,ROI1,Col1,出版社：福建人民,
129,ROI1,Col1,改编：陈仁,
129,ROI1,Col1,绘画：宗静风等,
129,ROI1,Col1,80年4月1版2次60开,
129,ROI1,Col1,印数：80万定价：0.15元,
129,ROI1,Col1,市场交流价：,
129,ROI1,Col1,9品：20元,
129,ROI1,Col1,10品：45元,
129,ROI1,Col2,春草闯堂,
129,ROI1,Col2,出版社：上海人民美术,
129,ROI1,Col2,改编：徐晓平,
129,ROI1,Col2,绘画：徐晓平,
129,ROI1,Col2,80年11月1版1次64开,
129,ROI1,Col2,印数：140万定价：0.14元,
129,ROI1,Col2,市场交流价：,
129,ROI1,Col2,9品：10元,
129,ROI1,Col2,10品：20元,
129,ROI1,Col3,春香传,
129,ROI1,Col3,出版社：辽宁美术,
129,ROI1,Col3,改编：徐少伯,
129,ROI1,Col3,绘画：李成勋等,
129,ROI1,Col3,80年2月1版1次64开,
129,ROI1,Col3,印数：50万定价：0.20元,
129,ROI1,Col3,市场交流价：,
129,ROI1,Col3,9品：40元,
129,ROI1,Col3,10品：80元,
129,ROI1,Col4,挖参遇仙记,
129,ROI1,Col4,出版社：河北美术,
129,ROI1,Col4,改编：智涌,
129,ROI1,Col4,绘画：李燕华等,
129,ROI1,Col4,85年8月1版1次64开,
129,ROI1,Col4,印数：15.25万定价：0.34元,
129,ROI1,Col4,市场交流价：,
129,ROI1,Col4,9品：5元,
129,ROI1,Col4,10品：10元,
129,ROI2,Col1,柳毅传书,
129,ROI2,Col1,出版社：湖南人民,
129,ROI2,Col1,改编：朱力士,
129,ROI2,Col1,绘画：陈白一等,
129,ROI2,Col1,82年1月1版1次60开,
129,ROI2,Col1,印数：40.1万 定价：0.14元,
129,ROI2,Col1,市场交流价：,
129,ROI2,Col1,9品：50元,
129,ROI2,Col1,10品：100元,
129,ROI2,Col2,柳毅传书,
129,ROI2,Col2,出版社：中州书画社,
129,ROI2,Col2,改编：韩玉中,
129,ROI2,Col2,绘画：曹天舒,
129,ROI2,Col2,81年9月1版1次64开,
129,ROI2,Col2,印数：75.2万 定价：0.14元,
129,ROI2,Col2,市场交流价：,
129,ROI2,Col2,9品：10元,
129,ROI2,Col2,10品：20元,
129,ROI2,Col3,柳玉娘,
129,ROI2,Col3,6,
129,ROI2,Col3,出版社：上海人民美术,
129,ROI2,Col3,改编：陈茂兹,
129,ROI2,Col3,绘画：罗枫,
129,ROI2,Col3,85年6月1版1次64开,
129,ROI2,Col3,印数：25.5万 定价：0.37元,
129,ROI2,Col3,市场交流价：,
129,ROI2,Col3,9品：5元,
129,ROI2,Col3,10品：10元,
129,ROI2,Col4,*炼印,
129,ROI2,Col4,出版社：福建人民,
129,ROI2,Col4,改编：徐应源,
129,ROI2,Col4,绘画：高适,
129,ROI2,Col4,81年8月1版1次64开,
129,ROI2,Col4,样书,
129,ROI2,Col4,市场交流价：,
129,ROI2,Col4,9品：10元,
129,ROI2,Col4,10品：20元,
129,FOOTNOTE,,,成交价不高
129,FOOTNOTE,,,《炼印》
129,FOOTNOTE,,,目前市场上见到的
129,FOOTNOTE,,,为出版样书
129,FOOTNOTE,,,有一定量。
129,FOOTNOTE,,,坚64开本
130,ROI1,Col1,秋翁遇仙记,
130,ROI1,Col1,出版社：上海人民美术,
130,ROI1,Col1,改编：吴添汗等,
130,ROI1,Col1,绘画：笑雨,
130,ROI1,Col1,82年10月1版1次64开,
130,ROI1,Col1,印数：19万定价：0.09元,
130,ROI1,Col1,市场交流价：,
130,ROI1,Col1,9品：15元,
130,ROI1,Col1,10品：25元,
130,ROI1,Col2,秋翁遇仙记,
130,ROI1,Col2,出版社：岭南美术,
130,ROI1,Col2,改编：金浪,
130,ROI1,Col2,绘画：邹莉,
130,ROI1,Col2,81年8月1版1次64开,
130,ROI1,Col2,印数：未详 定价：0.16元,
130,ROI1,Col2,市场交流价：,
130,ROI1,Col2,9品：8元,
130,ROI1,Col2,10品：15元,
130,ROI1,Col3,洛阳令,
130,ROI1,Col3,出版社：河南人民,
130,ROI1,Col3,改编：路继贤,
130,ROI1,Col3,绘画：熊孔成,
130,ROI1,Col3,81年4月1版1次64开,
130,ROI1,Col3,印数：未详 定价：0.17元,
130,ROI1,Col3,市场交流价：,
130,ROI1,Col3,9品：5元,
130,ROI1,Col3,10品：10元,
130,ROI1,Col4,贻顺哥烛蒂,
130,ROI1,Col4,出版社：福建人民,
130,ROI1,Col4,改编：江世庸,
130,ROI1,Col4,绘画：苏田等,
130,ROI1,Col4,81年8月1版1次64开,
130,ROI1,Col4,印数：36.2万定价：0.18元,
130,ROI1,Col4,市场交流价：,
130,ROI1,Col4,9品：10元,
130,ROI1,Col4,10品：15元,
130,ROI2,Col1,怒捣大成殿,
130,ROI2,Col1,出版社：河北人民,
130,ROI2,Col1,改编：肖一,
130,ROI2,Col1,绘画：刘汉宗,
130,ROI2,Col1,75年5月1版1次64开,
130,ROI2,Col1,印数：120万定价：0.08元,
130,ROI2,Col1,市场交流价：,
130,ROI2,Col1,9品：30元,
130,ROI2,Col1,10品：80元,
130,ROI2,Col2,怒捣大成殿,
130,ROI2,Col2,出版社：上海人民,
130,ROI2,Col2,改编：任羽,
130,ROI2,Col2,绘画：陈光镒,
130,ROI2,Col2,75年11月1版1次64开,
130,ROI2,Col2,印数：未详定价：0.07元,
130,ROI2,Col2,市场交流价：,
130,ROI2,Col2,9品：30元,
130,ROI2,Col2,10品：60元,
130,ROI2,Col3,怒捣大成殿,
130,ROI2,Col3,出版社：吉林人民,
130,ROI2,Col3,改编：辛占福,
130,ROI2,Col3,绘画：甘雨辰朱松年,
130,ROI2,Col3,75年11月1版1次64开,
130,ROI2,Col3,印数：未详定价：0.10元,
130,ROI2,Col3,市场交流价：,
130,ROI2,Col3,9品：35元,
130,ROI2,Col3,10品：70元,
130,ROI2,Col4,虹南作战史,
130,ROI2,Col4,出版社：上海人民,
130,ROI2,Col4,编文：集体,
130,ROI2,Col4,绘画：集体,
130,ROI2,Col4,76年9月1版1次64开,
130,ROI2,Col4,印数：未祥定价：0.12元,
130,ROI2,Col4,市场交流价：,
130,ROI2,Col4,9品：80元（全套二册）,
130,ROI2,Col4,10品：150元,
130,FOOTNOTE,,,*《虹南作战史》全套两册，上册为60开，下册64开。
131,ROI1,Col1,带响的弓箭,
131,ROI1,Col1,出版社：江苏人民,
131,ROI1,Col1,改编：吴继平,
131,ROI1,Col1,绘画：吴继平,
131,ROI1,Col1,74年7月1版1次64开,
131,ROI1,Col1,印数：70万定价：0.12元,
131,ROI1,Col1,市场交流价：,
131,ROI1,Col1,9品：10元,
131,ROI1,Col1,10品：30元,
131,ROI1,Col2,带响的弓箭,
131,ROI1,Col2,出版社：上海人民,
131,ROI1,Col2,改编：金坚等,
131,ROI1,Col2,绘画：吴大成,
131,ROI1,Col2,74年11月1版1次64开,
131,ROI1,Col2,印数：60万定价：0.12元,
131,ROI1,Col2,市场交流价：,
131,ROI1,Col2,9品：10元,
131,ROI1,Col2,10品：30元,
131,ROI1,Col3,带响的弓箭,
131,ROI1,Col3,出版社：天津人民美术,
131,ROI1,Col3,改编：张登魁,
131,ROI1,Col3,绘画：王方廉等,
131,ROI1,Col3,74年4月1版1次64开,
131,ROI1,Col3,印数：未详定价：0.15元,
131,ROI1,Col3,市场交流价：,
131,ROI1,Col3,9品：10元,
131,ROI1,Col3,10品：20元,
131,ROI1,Col4,带响的弓箭,
131,ROI1,Col4,出版社：浙江人民,
131,ROI1,Col4,改编：集体,
131,ROI1,Col4,绘画：钱贵荪,
131,ROI1,Col4,74年9月1版1次60开,
131,ROI1,Col4,印数：50万定价：0.11元,
131,ROI1,Col4,市场交流价：,
131,ROI1,Col4,9品：15元,
131,ROI1,Col4,10品：40元,
131,ROI2,Col1,带响的弓箭,
131,ROI2,Col1,出版社：北京人民,
131,ROI2,Col1,改编：集体,
131,ROI2,Col1,绘画：集体,
131,ROI2,Col1,74年3月1版3次60开,
131,ROI2,Col1,印数：未祥定价：0.11元,
131,ROI2,Col1,市场交流价：,
131,ROI2,Col1,9品：20元,
131,ROI2,Col1,10品：40元,
131,ROI2,Col2,南海激浪,
131,ROI2,Col2,出版社：吉林人民,
131,ROI2,Col2,改编：李遵义,
131,ROI2,Col2,绘画：刘根生等,
131,ROI2,Col2,73年9月1版1次64开,
131,ROI2,Col2,印数：55万定价：0.15元,
131,ROI2,Col2,市场交流价：,
131,ROI2,Col2,9品：25元,
131,ROI2,Col2,10品：40元,
131,ROI2,Col3,南海渔工,
131,ROI2,Col3,出版社：广东人民,
131,ROI2,Col3,改编：集体,
131,ROI2,Col3,绘画：单柏钦等,
131,ROI2,Col3,74年1月1版2次64开,
131,ROI2,Col3,印数：40万定价：0.07元,
131,ROI2,Col3,市场交流价：,
131,ROI2,Col3,9品：20元,
131,ROI2,Col3,10品：30元,
131,ROI2,Col4,继续革命谱新歌,
131,ROI2,Col4,出版社：上海人民,
131,ROI2,Col4,改编：集体,
131,ROI2,Col4,绘画：集体,
131,ROI2,Col4,71年2月1版1次60开,
131,ROI2,Col4,印数：未详定价：0.10元,
131,ROI2,Col4,市场交流价：,
131,ROI2,Col4,9品：30元,
131,ROI2,Col4,10品：120元,
131,FOOTNOTE,,,《带响的弓箭》唯有江苏版的封面，少年箭指方向与其它版本相反。
131,FOOTNOTE,,,*
132,ROI1,Col1,战斗在322高地,
132,ROI1,Col1,出版社：河北人民,
132,ROI1,Col1,改编：王晓光,
132,ROI1,Col1,绘画：振宇,
132,ROI1,Col1,73年11月1版1次60开,
132,ROI1,Col1,印数：50万定价：0.14元,
132,ROI1,Col1,市场交流价：,
132,ROI1,Col1,9品：10元,
132,ROI1,Col1,10品：20元,
132,ROI1,Col2,战斗英雄王庆容,
132,ROI1,Col2,出版社：四川人民,
132,ROI1,Col2,改编：集体,
132,ROI1,Col2,绘画：集体,
132,ROI1,Col2,74年4月1版1次60开,
132,ROI1,Col2,印数：未祥定价：0.11元,
132,ROI1,Col2,市场交流价：,
132,ROI1,Col2,9品：60元,
132,ROI1,Col2,10品：120元,
132,ROI1,Col3,战斗英雄任常伦,
132,ROI1,Col3,出版社：山东人民,
132,ROI1,Col3,改编：集体,
132,ROI1,Col3,绘画：集体,
132,ROI1,Col3,73年8月1版1次60开,
132,ROI1,Col3,印数：90万定价：0.10元,
132,ROI1,Col3,市场交流价：,
132,ROI1,Col3,9品：10元,
132,ROI1,Col3,10品：15元,
132,ROI1,Col4,战斗在北部湾上,
132,ROI1,Col4,出版社：上海人民,
132,ROI1,Col4,改编：集体,
132,ROI1,Col4,绘画：集体,
132,ROI1,Col4,72年1月1版2次60开,
132,ROI1,Col4,印数：未详定价：0.09元,
132,ROI1,Col4,市场交流价：,
132,ROI1,Col4,9品：30元,
132,ROI1,Col4,10品：100元,
132,ROI2,Col1,战马驰骋,
132,ROI2,Col1,出版社：人民美术,
132,ROI2,Col1,改编：周东爱,
132,ROI2,Col1,绘画：沈尧伊,
132,ROI2,Col1,73年2月1版1次64开,
132,ROI2,Col1,印数：未详定价：0.07元,
132,ROI2,Col1,市场交流价：,
132,ROI2,Col1,9品：10元,
132,ROI2,Col1,10品：25元,
132,ROI2,Col2,战地红缨 (上),
132,ROI2,Col2,出版社：天津人民美术,
132,ROI2,Col2,改编：杨云庆,
132,ROI2,Col2,绘画：李俊琪,
132,ROI2,Col2,75年10月1版1次64开,
132,ROI2,Col2,印数：未详定价：0.17元,
132,ROI2,Col2,市场交流价：,
132,ROI2,Col2,9品：8元,
132,ROI2,Col2,10品：15元,
132,ROI2,Col3,战地红缨 (下),
132,ROI2,Col3,出版社：天津人民美术,
132,ROI2,Col3,改编：杨云庆,
132,ROI2,Col3,绘画：李俊琪,
132,ROI2,Col3,78年9月1版1次64开,
132,ROI2,Col3,印数：未详定价：0.17元,
132,ROI2,Col3,市场交流价：,
132,ROI2,Col3,9品：20元,
132,ROI2,Col3,10品：50元,
132,ROI2,Col4,战斗在红石岭上,
132,ROI2,Col4,出版社：广东人民,
132,ROI2,Col4,改编：集体,
132,ROI2,Col4,绘画：集体,
132,ROI2,Col4,73年2月1版1次60开,
132,ROI2,Col4,印数：未详定价：0.09元,
132,ROI2,Col4,市场交流价：,
132,ROI2,Col4,9品：30元,
132,ROI2,Col4,10品：80元,
132,FOOTNOTE,,,C
132,FOOTNOTE,,,上册名贝
132,FOOTNOTE,,,小红业
133,ROI1,Col1,钢蛋和虎英,
133,ROI1,Col1,出版社山东人民,
133,ROI1,Col1,改编：集体,
133,ROI1,Col1,绘画：贺传永,
133,ROI1,Col1,73年9月1版1次60开,
133,ROI1,Col1,印数：50万定价：0.09元,
133,ROI1,Col1,市场交流价：,
133,ROI1,Col1,9品：25元,
133,ROI1,Col1,10品：50元,
133,ROI1,Col2,钢铁联防队,
133,ROI1,Col2,出版社：江苏人民,
133,ROI1,Col2,改编：集体,
133,ROI1,Col2,绘画：集国体,
133,ROI1,Col2,73年7月1版1次60开,
133,ROI1,Col2,印数：40万定价：0.10元,
133,ROI1,Col2,市场交流价：,
133,ROI1,Col2,9品：20元,
133,ROI1,Col2,10品：45元,
133,ROI1,Col3,草原歼匪（上）,
133,ROI1,Col3,出版社：甘肃人民,
133,ROI1,Col3,改编：集体,
133,ROI1,Col3,绘画：苏明郭文涛,
133,ROI1,Col3,79年8月1版1次60开,
133,ROI1,Col3,印数15.34万 定价：0.18元,
133,ROI1,Col3,市场交流价：,
133,ROI1,Col3,9品：60元,
133,ROI1,Col3,10品：120元,
133,ROI1,Col4,泰山压顶不弯腰,
133,ROI1,Col4,出版社：浙江人民美术,
133,ROI1,Col4,改编：集体,
133,ROI1,Col4,绘画：集体,
133,ROI1,Col4,70年9月1版1次60开,
133,ROI1,Col4,印数：未祥定价：0.07元,
133,ROI1,Col4,市场交流价：,
133,ROI1,Col4,9品：5元,
133,ROI1,Col4,10品：15元,
133,ROI2,Col1,革命战旗扛到底,
133,ROI2,Col1,出版社：辽宁人民,
133,ROI2,Col1,改编：集体,
133,ROI2,Col1,绘画：集体,
133,ROI2,Col1,72年2月1版1次60开,
133,ROI2,Col1,印数：未详定价：0.11元,
133,ROI2,Col1,市场交流价：,
133,ROI2,Col1,9品：40元,
133,ROI2,Col1,10品：120元,
133,ROI2,Col2,革命英雄故事,
133,ROI2,Col2,出版社：浙江人民,
133,ROI2,Col2,改编：集体,
133,ROI2,Col2,绘画：集体,
133,ROI2,Col2,71年4月1版1次60开,
133,ROI2,Col2,印数：未详定价：0.08元,
133,ROI2,Col2,市场交流价：,
133,ROI2,Col2,9品：50元,
133,ROI2,Col2,10品：100元,
133,ROI2,Col3,“爱民模范”赵尔春,
133,ROI2,Col3,出版社：上海出版革命组,
133,ROI2,Col3,改编：集体,
133,ROI2,Col3,绘画：集体,
133,ROI2,Col3,70年5月1版1次60开,
133,ROI2,Col3,印数：未详定价：0.11元,
133,ROI2,Col3,市场交流价：,
133,ROI2,Col3,9品：25元,
133,ROI2,Col3,10品：120元,
133,ROI2,Col4,草湾战歌,
133,ROI2,Col4,出版社：江西省新华书店,
133,ROI2,Col4,改编：集体,
133,ROI2,Col4,绘画：集体,
133,ROI2,Col4,70年8月1版1次60开,
133,ROI2,Col4,印数：未详定价：0.07元,
133,ROI2,Col4,市场交流价：,
133,ROI2,Col4,9品：80元,
133,ROI2,Col4,10品：180元,
134,ROI1,Col1,星火日夜食品商店,
134,ROI1,Col1,出版社：上海人民,
134,ROI1,Col1,改编：集体,
134,ROI1,Col1,绘画：集体,
134,ROI1,Col1,72年9月1版1次60开,
134,ROI1,Col1,印数：未详定价：0.10元,
134,ROI1,Col1,市场交流价：,
134,ROI1,Col1,9品：25元,
134,ROI1,Col1,10品：100元,
134,ROI1,Col2,“模范共青团员”胡业桃,
134,ROI1,Col2,出版社：上海人民,
134,ROI1,Col2,改编：集体,
134,ROI1,Col2,绘画：集体,
134,ROI1,Col2,71年3月1版1次60开,
134,ROI1,Col2,印数：未详定价：0.09元,
134,ROI1,Col2,市场交流价：,
134,ROI1,Col2,9品：60元,
134,ROI1,Col2,10品：150元,
134,ROI1,Col3,“模范共青团员”胡业桃,
134,ROI1,Col3,出版社：人民美术,
134,ROI1,Col3,改编：集体,
134,ROI1,Col3,绘画：集体,
134,ROI1,Col3,71年8月1版1次60开,
134,ROI1,Col3,印数：未详定价：0.15元,
134,ROI1,Col3,市场交流价：,
134,ROI1,Col3,9品：50元,
134,ROI1,Col3,10品：150元,
134,ROI1,Col4,珍宝岛英雄赞,
134,ROI1,Col4,出版社：上海市出版革命组,
134,ROI1,Col4,改编：集体,
134,ROI1,Col4,绘画：集体,
134,ROI1,Col4,70年8月1版1次60开,
134,ROI1,Col4,印数：未详定价：0.10元,
134,ROI1,Col4,市场交流价：,
134,ROI1,Col4,9品：40元,
134,ROI1,Col4,10品：200元,
134,ROI2,Col1,勇敢机智打豺狼,
134,ROI2,Col1,出版社：上海人民,
134,ROI2,Col1,改编：董耀根,
134,ROI2,Col1,绘画：李绍然,
134,ROI2,Col1,72年12月1版1次60开,
134,ROI2,Col1,印数：60万定价：0.09元,
134,ROI2,Col1,市场交流价：,
134,ROI2,Col1,9品：20元,
134,ROI2,Col1,10品：40元,
134,ROI2,Col2,南瓜生蛋的秘密,
134,ROI2,Col2,出版社：上海人民,
134,ROI2,Col2,改编：陈斌,
134,ROI2,Col2,绘画：倪绍勇等,
134,ROI2,Col2,73年5月1版1次60开,
134,ROI2,Col2,印数：100万定价：0.09元,
134,ROI2,Col2,市场交流价：,
134,ROI2,Col2,9品：15元,
134,ROI2,Col2,10品：40元,
134,ROI2,Col3,南瓜生蛋的秘密,
134,ROI2,Col3,出版社：江西人民,
134,ROI2,Col3,改编：集体,
134,ROI2,Col3,绘画：集体,
134,ROI2,Col3,74年8月1版1次60开,
134,ROI2,Col3,印数：30万定价：0.14元,
134,ROI2,Col3,市场交流价：,
134,ROI2,Col3,9品：150元,
134,ROI2,Col3,10品：35元,
134,ROI2,Col4,南征北战,
134,ROI2,Col4,出版社：上海人民,
134,ROI2,Col4,改编：集体,
134,ROI2,Col4,绘画：集体,
134,ROI2,Col4,71年12月1版1次60开,
134,ROI2,Col4,印数：未详定价：0.16元,
134,ROI2,Col4,市场交流价：,
134,ROI2,Col4,9品：60元,
134,ROI2,Col4,10品：250元,
135,ROI1,Col1,春暖播种的时候,
135,ROI1,Col1,出版社：天津人民美术,
135,ROI1,Col1,改编：谢健民,
135,ROI1,Col1,绘画：季源业等,
135,ROI1,Col1,74年2月1版1次60开,
135,ROI1,Col1,印数：未详定价：0.13元,
135,ROI1,Col1,市场交流价：,
135,ROI1,Col1,9品：25元,
135,ROI1,Col1,10品：60元,
135,ROI1,Col2,春苗(上),
135,ROI1,Col2,出版社：上海人民,
135,ROI1,Col2,改编：浦增华等,
135,ROI1,Col2,绘画：集体,
135,ROI1,Col2,75年11月1版1次64开,
135,ROI1,Col2,印数：未详定价：0.09元,
135,ROI1,Col2,市场交流价：,
135,ROI1,Col2,9品：25元,
135,ROI1,Col2,10品：50元,
135,ROI1,Col3,逮熊,
135,ROI1,Col3,出版社：黑龙江人民,
135,ROI1,Col3,改编：徐贵礼,
135,ROI1,Col3,绘画：刘川田等,
135,ROI1,Col3,75年8月1版1次64开,
135,ROI1,Col3,印数：50万定价：0.08元,
135,ROI1,Col3,市场交流价：,
135,ROI1,Col3,9品：15元,
135,ROI1,Col3,10品：30元,
135,ROI1,Col4,逮熊,
135,ROI1,Col4,出版社：上海人民,
135,ROI1,Col4,改编：邢莱廷,
135,ROI1,Col4,绘画：冒怀苏,
135,ROI1,Col4,76年1月1版1次64开,
135,ROI1,Col4,印数：未详定价：0.06元,
135,ROI1,Col4,市场交流价：,
135,ROI1,Col4,9品：10元,
135,ROI1,Col4,10品：20元,
135,ROI2,Col1,柿子红了,
135,ROI2,Col1,出版社：上海人民,
135,ROI2,Col1,改编：白克强,
135,ROI2,Col1,绘画：周光中,
135,ROI2,Col1,74年12月1版1次60开,
135,ROI2,Col1,印数：80万定价：0.07元,
135,ROI2,Col1,市场交流价：,
135,ROI2,Col1,9品：20元,
135,ROI2,Col1,10品：40元,
135,ROI2,Col2,种子,
135,ROI2,Col2,出版社：北京人民,
135,ROI2,Col2,改编：张寿山,
135,ROI2,Col2,绘画：兆钟伟徐荣杲,
135,ROI2,Col2,77年2月1版1次60开,
135,ROI2,Col2,印数：未详定价：0.09元,
135,ROI2,Col2,市场交流价：,
135,ROI2,Col2,9品：20元,
135,ROI2,Col2,10品：35元,
135,ROI2,Col3,南方怒火,
135,ROI2,Col3,出版社：人民美术,
135,ROI2,Col3,改编：集体,
135,ROI2,Col3,绘画：集体,
135,ROI2,Col3,71年11月2版2次60开,
135,ROI2,Col3,印数：未详定价：0.12元,
135,ROI2,Col3,市场交流价：,
135,ROI2,Col3,9品：35元,
135,ROI2,Col3,10品：70元,
135,ROI2,Col4,南岭路上,
135,ROI2,Col4,出版社：广东人民,
135,ROI2,Col4,改编：集体,
135,ROI2,Col4,绘画：黄文庆等,
135,ROI2,Col4,75年2月1版1次60开,
135,ROI2,Col4,印数：未详定价：0.08元,
135,ROI2,Col4,市场交流价：,
135,ROI2,Col4,9品：20元,
135,ROI2,Col4,10品：40元,
135,FOOTNOTE,,,《春苗》仅出版上册。
135,FOOTNOTE,,,*
136,ROI1,Col1,神奇的烟雾,
136,ROI1,Col1,出版社：上海人民,
136,ROI1,Col1,改编：王成荣,
136,ROI1,Col1,绘画：邹越非,
136,ROI1,Col1,73年7月1版1次60开,
136,ROI1,Col1,印数：150万 定价：0.06元,
136,ROI1,Col1,市场交流价：,
136,ROI1,Col1,9品：20元,
136,ROI1,Col1,10品：45元,
136,ROI1,Col2,洪秀全砸孔牌,
136,ROI1,Col2,出版社：山东人民,
136,ROI1,Col2,改编：王成人等,
136,ROI1,Col2,绘画：宋仁贤等,
136,ROI1,Col2,75年7月1版1次60开,
136,ROI1,Col2,印数：20万定价：0.08元,
136,ROI1,Col2,市场交流价：,
136,ROI1,Col2,9品：15元,
136,ROI1,Col2,10品：35元,
136,ROI1,Col3,将军河歼敌记,
136,ROI1,Col3,出版社：浙江人民,
136,ROI1,Col3,改编：胡霜,
136,ROI1,Col3,绘画：张为民,
136,ROI1,Col3,76年7月1版1次60开,
136,ROI1,Col3,印数：40万定价：0.11元,
136,ROI1,Col3,市场交流价：,
136,ROI1,Col3,9品：10元,
136,ROI1,Col3,10品：25元,
136,ROI1,Col4,顺化怒火,
136,ROI1,Col4,出版社：广东人民,
136,ROI1,Col4,改编：集体,
136,ROI1,Col4,绘画：王藩耀,
136,ROI1,Col4,72年12月1版2次60开,
136,ROI1,Col4,印数：未详定价：0.10元,
136,ROI1,Col4,市场交流价：,
136,ROI1,Col4,9品：20元,
136,ROI1,Col4,10品：40元,
136,ROI2,Col1,活愚公,
136,ROI2,Col1,出版社：上海人民,
136,ROI2,Col1,改编：庄宏安,
136,ROI2,Col1,绘画：王仲清,
136,ROI2,Col1,73年9月1版1次60开,
136,ROI2,Col1,印数：80万定价：0.09元,
136,ROI2,Col1,市场交流价：,
136,ROI2,Col1,9品：25元,
136,ROI2,Col1,10品：80元,
136,ROI2,Col2,造船工人志气高,
136,ROI2,Col2,出版社：上海人民,
136,ROI2,Col2,改编：集体,
136,ROI2,Col2,绘画：集体,
136,ROI2,Col2,71年4月1版1次60开,
136,ROI2,Col2,印数：未详定价：0.10元,
136,ROI2,Col2,市场交流价：,
136,ROI2,Col2,9品：40元,
136,ROI2,Col2,10品：180元,
136,ROI2,Col3,泰山劲松,
136,ROI2,Col3,出版社：人民美术,
136,ROI2,Col3,改编：集体,
136,ROI2,Col3,绘画：集体,
136,ROI2,Col3,72年5月2版1次60开,
136,ROI2,Col3,印数：未详定价：0.10元,
136,ROI2,Col3,市场交流价：,
136,ROI2,Col3,9品：25元,
136,ROI2,Col3,10品：80元,
136,ROI2,Col4,映山红,
136,ROI2,Col4,出版社：广东人民,
136,ROI2,Col4,改编：集体,
136,ROI2,Col4,绘画：邓子敬等,
136,ROI2,Col4,75年6月1版1次60开,
136,ROI2,Col4,印数：未详定价：0.12元,
136,ROI2,Col4,市场交流价：,
136,ROI2,Col4,9品：25元,
136,ROI2,Col4,10品：50元,
137,ROI1,Col1,钟泮芳,
137,ROI1,Col1,出版社：广东人民,
137,ROI1,Col1,改编：刘启端,
137,ROI1,Col1,绘画：刘启端,
137,ROI1,Col1,76年2月1版1次60开,
137,ROI1,Col1,印数：未详定价：0.07元,
137,ROI1,Col1,市场交流价：,
137,ROI1,Col1,9品：30元,
137,ROI1,Col1,10品：60元,
137,ROI1,Col2,剑门山区大寨花,
137,ROI1,Col2,出版社：四川人民,
137,ROI1,Col2,改编：集体,
137,ROI1,Col2,绘画：集体,
137,ROI1,Col2,72年3月1版1次60开,
137,ROI1,Col2,印数：未详定价：0.12元,
137,ROI1,Col2,市场交流价：,
137,ROI1,Col2,9品：60元,
137,ROI1,Col2,10品：200元,
137,ROI1,Col3,威震爷台山,
137,ROI1,Col3,出版社：人民美术,
137,ROI1,Col3,编者：陆岩石,
137,ROI1,Col3,绘画：西民,
137,ROI1,Col3,74年2月1版1次64开,
137,ROI1,Col3,印数：400万定价：0.10元,
137,ROI1,Col3,市场交流价：,
137,ROI1,Col3,9品：8元,
137,ROI1,Col3,10品：20元,
137,ROI1,Col4,种子金灿灿,
137,ROI1,Col4,出版社：天津人民,
137,ROI1,Col4,改编：李葆青,
137,ROI1,Col4,绘画：邓二龙翁文忠,
137,ROI1,Col4,75年4月1版1次64开,
137,ROI1,Col4,印数：未详定价：0.09元,
137,ROI1,Col4,市场交流价：,
137,ROI1,Col4,9品：8元,
137,ROI1,Col4,10品：20元,
137,ROI2,Col1,剑,
137,ROI2,Col1,出版社：江西人民,
137,ROI2,Col1,改编：杨佩瑾,
137,ROI2,Col1,绘画：黄席珍,
137,ROI2,Col1,76年3月1版1次60开,
137,ROI2,Col1,印数：50万定价：0.20元,
137,ROI2,Col1,市场交流价：,
137,ROI2,Col1,9品：8元,
137,ROI2,Col1,10品：15元,
137,ROI2,Col2,柳下跖怒斥“盗丘”,
137,ROI2,Col2,出版社：浙江人民,
137,ROI2,Col2,改编：集体,
137,ROI2,Col2,绘画：集体,
137,ROI2,Col2,74年8月1版1次60开,
137,ROI2,Col2,印数：12万定价：0.18元,
137,ROI2,Col2,市场交流价：,
137,ROI2,Col2,9品：30元,
137,ROI2,Col2,10品：80元,
137,ROI2,Col3,保卫延安（上下）,
137,ROI2,Col3,出版社：浙江人民美术,
137,ROI2,Col3,改编：范成璋,
137,ROI2,Col3,绘画：雷德祖雷似祖,
137,ROI2,Col3,84年7月1版1次64开,
137,ROI2,Col3,印数：18万定价：0.23元,
137,ROI2,Col3,市场交流价：,
137,ROI2,Col3,9品：80元,
137,ROI2,Col3,10品：150元,
137,ROI2,Col4,2,
137,ROI2,Col4,保卫延安（上下）,
137,ROI2,Col4,出版社：人民美术,
137,ROI2,Col4,改编：冯复加,
137,ROI2,Col4,绘画：候德钊赵建明,
137,ROI2,Col4,82年11月1版1次64开,
137,ROI2,Col4,印数：50万定价：0.22元,
137,ROI2,Col4,市场交流价：,
137,ROI2,Col4,9品：25元,
137,ROI2,Col4,10品：40元,
138,ROI1,Col1,赵一曼,
138,ROI1,Col1,出版社：四川少年儿童,
138,ROI1,Col1,改编：廖洁,
138,ROI1,Col1,绘画：雷贞恕,
138,ROI1,Col1,82年7月1版1次64开,
138,ROI1,Col1,印数：28.06万 定价：0.12元,
138,ROI1,Col1,市场交流价：,
138,ROI1,Col1,9品：10元,
138,ROI1,Col1,10品：15元,
138,ROI1,Col2,赵一曼,
138,ROI1,Col2,出版社：吉林美术,
138,ROI1,Col2,改编：北辰,
138,ROI1,Col2,绘画：姚洪斌,
138,ROI1,Col2,85年3月1版1次64开,
138,ROI1,Col2,印数：5.58万定价：0.30元,
138,ROI1,Col2,市场交流价：,
138,ROI1,Col2,9品：20元,
138,ROI1,Col2,10品：35元,
138,ROI1,Col3,赵春娥,
138,ROI1,Col3,出版社：中州书画社,
138,ROI1,Col3,改编：张若愚,
138,ROI1,Col3,绘画：段文斌,
138,ROI1,Col3,82年11月1版1次64开,
138,ROI1,Col3,印数：6.7万定价：0.18元,
138,ROI1,Col3,市场交流价：,
138,ROI1,Col3,9品：15.元,
138,ROI1,Col3,10品：30元,
138,ROI1,Col4,赵春娥,
138,ROI1,Col4,出版社：上海人民美术,
138,ROI1,Col4,改编：李景宏等,
138,ROI1,Col4,绘画：胡若军 管齐骏,
138,ROI1,Col4,82年12月1版1次64开,
138,ROI1,Col4,印数：6.5万定价：0.16元,
138,ROI1,Col4,市场交流价：,
138,ROI1,Col4,9品：20元,
138,ROI1,Col4,10品：30元,
138,ROI2,Col1,骆驼祥子,
138,ROI2,Col1,出版社：上海人民美术,
138,ROI2,Col1,改编：吴文焕,
138,ROI2,Col1,绘画：毛震耀,
138,ROI2,Col1,84年4月1版1次64开,
138,ROI2,Col1,印数：9.2万定价：0.32元,
138,ROI2,Col1,市场交流价：,
138,ROI2,Col1,9品：40元,
138,ROI2,Col1,10品：80元,
138,ROI2,Col2,骆驼祥子,
138,ROI2,Col2,出版社：天津人民美术,
138,ROI2,Col2,改编：小戈,
138,ROI2,Col2,绘画：关景宇赵宝林,
138,ROI2,Col2,82年9月1版1次64开,
138,ROI2,Col2,印数：25.1万定价：0.21元,
138,ROI2,Col2,市场交流价：,
138,ROI2,Col2,9品：25元,
138,ROI2,Col2,10品：40元,
138,ROI2,Col3,骆驼祥子,
138,ROI2,Col3,出版社：辽宁美术,
138,ROI2,Col3,改编：陈述,
138,ROI2,Col3,绘画：孙大钧,
138,ROI2,Col3,82年4月1版1次64开,
138,ROI2,Col3,印数：40.1万定价：0.23元,
138,ROI2,Col3,市场交流价：,
138,ROI2,Col3,9品：15元,
138,ROI2,Col3,10品：20元,
138,ROI2,Col4,城头就义,
138,ROI2,Col4,出版社：内蒙古人民,
138,ROI2,Col4,改编：羽新,
138,ROI2,Col4,绘画：陈北,
138,ROI2,Col4,84年10月1版1次64开,
138,ROI2,Col4,印数：19.1万定价：0.14元,
138,ROI2,Col4,市场交流价：,
138,ROI2,Col4,9品：5元,
138,ROI2,Col4,10品：10元,
139,ROI1,Col1,秋瑾,
139,ROI1,Col1,出版社：人民美术,
139,ROI1,Col1,改编：吴戈,
139,ROI1,Col1,绘画：吴山明刘国辉,
139,ROI1,Col1,80年4月1版1次60开,
139,ROI1,Col1,印数：63万定价：0.25元,
139,ROI1,Col1,市场交流价：,
139,ROI1,Col1,9品：40元,
139,ROI1,Col1,10品：80元,
139,ROI1,Col2,秋瑾,
139,ROI1,Col2,出版社：江苏人民,
139,ROI1,Col2,改编：培绪等,
139,ROI1,Col2,绘画：郭荣,
139,ROI1,Col2,79年2月1版1次64开,
139,ROI1,Col2,印数：40万定价：0.12元,
139,ROI1,Col2,市场交流价：,
139,ROI1,Col2,9品：15元,
139,ROI1,Col2,10品：25元,
139,ROI1,Col3,秋瑾,
139,ROI1,Col3,出版社：辽宁美术,
139,ROI1,Col3,改编：集体,
139,ROI1,Col3,绘画：高适,
139,ROI1,Col3,80年1版1次64开,
139,ROI1,Col3,印数：10万,
139,ROI1,Col3,市场交流价：,
139,ROI1,Col3,9品：50元,
139,ROI1,Col3,10品：100元,
139,ROI1,Col4,祝福,
139,ROI1,Col4,出版社：人民美术,
139,ROI1,Col4,改编：集体,
139,ROI1,Col4,绘画：永祥,
139,ROI1,Col4,74年3月1版1次60开,
139,ROI1,Col4,印数：200万定价：0.10元,
139,ROI1,Col4,市场交流价：,
139,ROI1,Col4,9品：10元,
139,ROI1,Col4,10品：20元,
139,ROI2,Col1,洪湖赤卫队,
139,ROI2,Col1,出版社：辽宁人民,
139,ROI2,Col1,改编：高援,
139,ROI2,Col1,绘画：张景祥,
139,ROI2,Col1,77年12月1版1次64开,
139,ROI2,Col1,印数：20万定价：0.20元,
139,ROI2,Col1,市场交流价：,
139,ROI2,Col1,9品：80元,
139,ROI2,Col1,10品：150元,
139,ROI2,Col2,洪湖赤卫队,
139,ROI2,Col2,出版社：人民美术,
139,ROI2,Col2,改编：何溶,
139,ROI2,Col2,绘画：曹小强等,
139,ROI2,Col2,78年2月1版1次64开,
139,ROI2,Col2,印数：50万定价：0.14元,
139,ROI2,Col2,市场交流价：,
139,ROI2,Col2,9品：15元,
139,ROI2,Col2,10品：20元,
139,ROI2,Col3,洪湖风云,
139,ROI2,Col3,出版社：辽宁美术,
139,ROI2,Col3,改编：石景林,
139,ROI2,Col3,绘画：柏芳景,
139,ROI2,Col3,80年6月1版1次64开,
139,ROI2,Col3,印数：12万定价：0.16元,
139,ROI2,Col3,市场交流价：,
139,ROI2,Col3,9品：5元,
139,ROI2,Col3,10品：15元,
139,ROI2,Col4,洪湖风云,
139,ROI2,Col4,出版社：辽宁美术,
139,ROI2,Col4,改编：石景林,
139,ROI2,Col4,绘画：柏芳景,
139,ROI2,Col4,82年12月1版2次64开,
139,ROI2,Col4,印数：25.75万 定价：0.16元,
139,ROI2,Col4,市场交流价：,
139,ROI2,Col4,9品：5元,
139,ROI2,Col4,10品：10元,
140,ROI1,Col1,贺龙在湘鄂西,
140,ROI1,Col1,出版社：上海人民美术,
140,ROI1,Col1,改编：李晴,
140,ROI1,Col1,绘画：曾晓浒等,
140,ROI1,Col1,82年4月1版2次64开,
140,ROI1,Col1,印数：100万定价：0.16元,
140,ROI1,Col1,市场交流价：,
140,ROI1,Col1,9品：20元,
140,ROI1,Col1,10品：35元,
140,ROI1,Col2,怒火,
140,ROI1,Col2,出版社：黑龙江人民,
140,ROI1,Col2,改编：段剑秋等,
140,ROI1,Col2,绘画：黄万才,
140,ROI1,Col2,77年5月1版1次64开,
140,ROI1,Col2,印数：25万定价：0.10元,
140,ROI1,Col2,市场交流价：,
140,ROI1,Col2,9品：10元,
140,ROI1,Col2,10品：20元,
140,ROI1,Col3,怒火,
140,ROI1,Col3,出版社：天津人民美术,
140,ROI1,Col3,改编：笃才,
140,ROI1,Col3,绘画：吕景富,
140,ROI1,Col3,77年9月1版2次64开,
140,ROI1,Col3,印数：未详定价：0.11元,
140,ROI1,Col3,市场交流价：,
140,ROI1,Col3,9品：8元,
140,ROI1,Col3,10品：15元,
140,ROI1,Col4,皇姑屯事件前后,
140,ROI1,Col4,出版社：广西人民,
140,ROI1,Col4,改编：赵吉南,
140,ROI1,Col4,绘画：卢恺等,
140,ROI1,Col4,88年3月1版1次64开,
140,ROI1,Col4,印数：2.07万定价：0.65元,
140,ROI1,Col4,市场交流价：,
140,ROI1,Col4,9品：8元,
140,ROI1,Col4,10品：15元,
140,ROI2,Col1,0,
140,ROI2,Col1,革命母亲夏娘娘,
140,ROI2,Col1,出版社：人民美术,
140,ROI2,Col1,改编：黄钢,
140,ROI2,Col1,绘画：马海方,
140,ROI2,Col1,85年2月1版1次60开,
140,ROI2,Col1,印数：14.2万定价：0.28元,
140,ROI2,Col1,市场交流价：,
140,ROI2,Col1,9品：15元,
140,ROI2,Col1,10品：25元,
140,ROI2,Col2,故人,
140,ROI2,Col2,出版社：广西人民,
140,ROI2,Col2,改编：陈多等,
140,ROI2,Col2,绘画：雷德祖,
140,ROI2,Col2,83年8月1版1次64开,
140,ROI2,Col2,印数：4.6万定价：0.15元,
140,ROI2,Col2,市场交流价：,
140,ROI2,Col2,9品：20元,
140,ROI2,Col2,10品：30元,
140,ROI2,Col3,神医传奇,
140,ROI2,Col3,出版社：安徽美术,
140,ROI2,Col3,改编：江珑,
140,ROI2,Col3,绘画：王美芳等,
140,ROI2,Col3,85年8月1版1次64开,
140,ROI2,Col3,印数：5万定价：0.43元,
140,ROI2,Col3,市场交流价：,
140,ROI2,Col3,9品：8元,
140,ROI2,Col3,10品：20元,
140,ROI2,Col4,草上飞,
140,ROI2,Col4,出版社：上海人民美术,
140,ROI2,Col4,改编：思佳,
140,ROI2,Col4,绘画：罗盘,
140,ROI2,Col4,83年12月2版17次60开,
140,ROI2,Col4,印数：101.5万定价：0.12元,
140,ROI2,Col4,市场交流价：,
140,ROI2,Col4,9品：70元,
140,ROI2,Col4,10品：150元,
141,ROI1,Col1,战俘,
141,ROI1,Col1,出版社：天津人民美术,
141,ROI1,Col1,改编：高殿春,
141,ROI1,Col1,绘画：陈水远,
141,ROI1,Col1,83年3月1版1次64开,
141,ROI1,Col1,印数：22万定价：0.14元,
141,ROI1,Col1,市场交流价：,
141,ROI1,Col1,9品：5元,
141,ROI1,Col1,10品：10元,
141,ROI1,Col2,战火中的少年,
141,ROI1,Col2,出版社：福建人民,
141,ROI1,Col2,改编：郑子铭,
141,ROI1,Col2,绘画：李舒云俞梦彦,
141,ROI1,Col2,80年6月1版1次64开,
141,ROI1,Col2,印数：23.43万定价0.10元,
141,ROI1,Col2,市场交流价：,
141,ROI1,Col2,9品：8元,
141,ROI1,Col2,10品：15元,
141,ROI1,Col3,战上海,
141,ROI1,Col3,出版社：上海人民美术,
141,ROI1,Col3,改编：林凯新,
141,ROI1,Col3,绘画：罗盘,
141,ROI1,Col3,78年10月2版8次64开,
141,ROI1,Col3,印数：131万定价0.19元,
141,ROI1,Col3,市场交流价：,
141,ROI1,Col3,9品：120元,
141,ROI1,Col3,10品：250元,
141,ROI1,Col4,战斗在东方(上下),
141,ROI1,Col4,出版社：安徽人民,
141,ROI1,Col4,改编：汪茂永何维球,
141,ROI1,Col4,绘画：吴凯丁新媛,
141,ROI1,Col4,83年7月1版1次64开,
141,ROI1,Col4,印数：未详定价0.42元,
141,ROI1,Col4,市场交流价：,
141,ROI1,Col4,9品：18元,
141,ROI1,Col4,10品：25元,
141,ROI2,Col1,战斗在敌人心脏里,
141,ROI2,Col1,出版社：上海人民美术,
141,ROI2,Col1,改编：范若由,
141,ROI2,Col1,绘画：金奎,
141,ROI2,Col1,80年12月1版1次64开,
141,ROI2,Col1,印数：111万定价：0.18元,
141,ROI2,Col1,市场交流价：,
141,ROI2,Col1,9品：10元,
141,ROI2,Col1,10品：25元,
141,ROI2,Col2,耍狮人传奇,
141,ROI2,Col2,出版社：青海人民,
141,ROI2,Col2,改编：栾惠民,
141,ROI2,Col2,绘画：蔺宝钢,
141,ROI2,Col2,86年5月1版1次64开,
141,ROI2,Col2,印数：7460定价：0.30元,
141,ROI2,Col2,市场交流价：,
141,ROI2,Col2,9品：10元,
141,ROI2,Col2,10品：20元,
141,ROI2,Col3,战火催春(上下),
141,ROI2,Col3,出版社：江苏人民,
141,ROI2,Col3,改编：孙家玉,
141,ROI2,Col3,绘画：张宝蔚,
141,ROI2,Col3,78年11月1版1次64开,
141,ROI2,Col3,印数：未详定价：0.18元,
141,ROI2,Col3,市场交流价：,
141,ROI2,Col3,9品：20元（全套）,
141,ROI2,Col3,10品：50元,
141,ROI2,Col4,C 战火中的青春,
141,ROI2,Col4,出版社：上海人民美术,
141,ROI2,Col4,改编：庄宏安,
141,ROI2,Col4,绘画：罗兴,
141,ROI2,Col4,84年1月2版5次60开,
141,ROI2,Col4,印数：79万定价：0.20元,
141,ROI2,Col4,市场交流价：,
141,ROI2,Col4,9品：60元,
141,ROI2,Col4,10品：120元,
142,ROI1,Col1,春蚕,
142,ROI1,Col1,出版社：上海人民美术,
142,ROI1,Col1,改编：吴侬,
142,ROI1,Col1,绘画：韩和平,
142,ROI1,Col1,84年8月1版1次64开,
142,ROI1,Col1,印数：10.1万定价：0.17元,
142,ROI1,Col1,市场交流价：,
142,ROI1,Col1,9品：40元,
142,ROI1,Col1,10品：90元,
142,ROI1,Col2,钢铁边防线,
142,ROI1,Col2,出版社：辽宁人民,
142,ROI1,Col2,改编：刘维仁,
142,ROI1,Col2,绘画：何振浮张永新等,
142,ROI1,Col2,77年8月1版1次64开,
142,ROI1,Col2,印数：30万定价：0.09元,
142,ROI1,Col2,市场交流价：,
142,ROI1,Col2,9品：5元,
142,ROI1,Col2,10品：15元,
142,ROI1,Col3,窃国大盗,
142,ROI1,Col3,出版社：河北美术,
142,ROI1,Col3,改编：贾秉恒,
142,ROI1,Col3,绘画：王征,
142,ROI1,Col3,84年7月1版1次64开,
142,ROI1,Col3,印数：21.3万定价：0.24元,
142,ROI1,Col3,市场交流价：,
142,ROI1,Col3,9品：15元,
142,ROI1,Col3,10品：25元,
142,ROI1,Col4,通向延安的路,
142,ROI1,Col4,出版社：上海人民美术,
142,ROI1,Col4,改编：陈梅鼎,
142,ROI1,Col4,绘画：王纯言,
142,ROI1,Col4,80年7月1版1次64开,
142,ROI1,Col4,印数：25万定价：0.11元,
142,ROI1,Col4,市场交流价：,
142,ROI1,Col4,9品：15元,
142,ROI1,Col4,10品：25元,
142,ROI2,Col1,豹子湾战斗,
142,ROI2,Col1,出版社：辽宁美术,
142,ROI2,Col1,改编：刘维仁,
142,ROI2,Col1,绘画：李宁远,
142,ROI2,Col1,80年3月1版1次64开,
142,ROI2,Col1,印数：9万定价：0.21元,
142,ROI2,Col1,市场交流价：,
142,ROI2,Col1,9品：30元,
142,ROI2,Col1,10品：60元,
142,ROI2,Col2,恽代英,
142,ROI2,Col2,出版社：四川少年,
142,ROI2,Col2,改编：翼然童仆,
142,ROI2,Col2,绘画：章亦,
142,ROI2,Col2,85年6月1版1次64开,
142,ROI2,Col2,印数：2.14万定价：0.30元,
142,ROI2,Col2,市场交流价：,
142,ROI2,Col2,9品：20元,
142,ROI2,Col2,10品：30元,
142,ROI2,Col3,耍猴阿虎,
142,ROI2,Col3,出版社：湖北美术,
142,ROI2,Col3,改编：林明远李松安,
142,ROI2,Col3,绘画：孙恩道,
142,ROI2,Col3,84年11月1版1次64开,
142,ROI2,Col3,印数：27.05万定价：0.32元,
142,ROI2,Col3,市场交流价：,
142,ROI2,Col3,9品：15元,
142,ROI2,Col3,10品：25元,
142,ROI2,Col4,哑巴伙计,
142,ROI2,Col4,出版社：上海人民美术,
142,ROI2,Col4,改编：杰锋,
142,ROI2,Col4,绘画：张品操,
142,ROI2,Col4,79年5月1版1次64开,
142,ROI2,Col4,印数.：50万定价：0.15元,
142,ROI2,Col4,市场交流价：,
142,ROI2,Col4,9品：15元,
142,ROI2,Col4,10品：30元,
143,ROI1,Col1,枯木逢春,
143,ROI1,Col1,出版社：上海人民美术,
143,ROI1,Col1,改编：田衣,
143,ROI1,Col1,绘画：盛亮贤,
143,ROI1,Col1,78年4月2版7次64开,
143,ROI1,Col1,印数：未详定价：0.17元,
143,ROI1,Col1,市场交流价：,
143,ROI1,Col1,9品：60元,
143,ROI1,Col1,10品：150元,
143,ROI1,Col2,柯棣华大夫,
143,ROI1,Col2,出版社：上海人民美术,
143,ROI1,Col2,改编：赵吉南,
143,ROI1,Col2,绘画：余家乐,
143,ROI1,Col2,82年12月1版1次64开,
143,ROI1,Col2,印数：6.3万定价：0.16元,
143,ROI1,Col2,市场交流价：,
143,ROI1,Col2,9品：15元,
143,ROI1,Col2,10品：30元,
143,ROI1,Col3,诱敌计,
143,ROI1,Col3,出版社：河北美术,
143,ROI1,Col3,改编：王瑞华,
143,ROI1,Col3,绘画：查加伍,
143,ROI1,Col3,85年5月1版1次64开,
143,ROI1,Col3,印数：22.4万定价：0.17元,
143,ROI1,Col3,市场交流价：,
143,ROI1,Col3,9品：15元,
143,ROI1,Col3,10品：25元,
143,ROI1,Col4,春来牵牛,
143,ROI1,Col4,出版社：江苏人民,
143,ROI1,Col4,改编：汪宜蕾,
143,ROI1,Col4,绘画：叶坚铭 徐传鑫,
143,ROI1,Col4,79年4月1版1次64开,
143,ROI1,Col4,印数：30万定价：0.10元,
143,ROI1,Col4,市场交流价：,
143,ROI1,Col4,9品：10元,
143,ROI1,Col4,10品：20元,
143,ROI2,Col1,荒岛擒魔记,
143,ROI2,Col1,出版社：少年儿童,
143,ROI2,Col1,改编：晨光,
143,ROI2,Col1,绘画：雷德祖,
143,ROI2,Col1,82年2月1版1次64开,
143,ROI2,Col1,印数：125万定价：0.13元,
143,ROI2,Col1,市场交流价：,
143,ROI2,Col1,9品：10元,
143,ROI2,Col1,10品：25元,
143,ROI2,Col2,荒野的呼唤,
143,ROI2,Col2,出版社：浙江少年儿童,
143,ROI2,Col2,改编：浅草易寒,
143,ROI2,Col2,绘画：黄云松张昌洵,
143,ROI2,Col2,85年1月1版1次64开,
143,ROI2,Col2,印数：9.53万定价：0.14元,
143,ROI2,Col2,市场交流价：,
143,ROI2,Col2,9品：15元,
143,ROI2,Col2,10品：25元,
143,ROI2,Col3,贵妇还乡,
143,ROI2,Col3,出版社：辽宁美术,
143,ROI2,Col3,改编：任宝贤,
143,ROI2,Col3,绘画：高燕,
143,ROI2,Col3,85年9月1版1次64开,
143,ROI2,Col3,印数：32.63万定价：0.28元,
143,ROI2,Col3,市场交流价：,
143,ROI2,Col3,9品：10元,
143,ROI2,Col3,10品：20元,
143,ROI2,Col4,贵妇还乡,
143,ROI2,Col4,出版社：江苏美术,
143,ROI2,Col4,改编：方文,
143,ROI2,Col4,绘画：叶家斌,
143,ROI2,Col4,84年1月1版1次64开,
143,ROI2,Col4,印数：15.81万定价：0.11元,
143,ROI2,Col4,市场交流价：,
143,ROI2,Col4,9品：10元,
143,ROI2,Col4,10品：15元,
144,ROI1,Col1,茶花女（上下）,
144,ROI1,Col1,出版社：上海人民美术,
144,ROI1,Col1,改编：李白英等,
144,ROI1,Col1,绘画：陈俭,
144,ROI1,Col1,80年6月1版1次64开,
144,ROI1,Col1,印数：30万定价：0.58元,
144,ROI1,Col1,市场交流价：,
144,ROI1,Col1,9品：20元（全套）,
144,ROI1,Col1,10品：30元,
144,ROI1,Col2,玛格丽特,
144,ROI1,Col2,出版社：江西人民,
144,ROI1,Col2,改编：志枚,
144,ROI1,Col2,绘画：蔡超等,
144,ROI1,Col2,81年8月1版1次64开,
144,ROI1,Col2,印数：25万定价：0.18元,
144,ROI1,Col2,市场交流价：,
144,ROI1,Col2,9品：10元,
144,ROI1,Col2,10品：20元,
144,ROI1,Col3,茶花女,
144,ROI1,Col3,出版社：浙江人民美术,
144,ROI1,Col3,改编：白虹,
144,ROI1,Col3,绘画：高燕,
144,ROI1,Col3,83年11月1版1次64开,
144,ROI1,Col3,印数：12万定价：0.17元,
144,ROI1,Col3,市场交流价：,
144,ROI1,Col3,9品：15元,
144,ROI1,Col3,10品：25元,
144,ROI1,Col4,茶花女,
144,ROI1,Col4,出版社：岭南美术,
144,ROI1,Col4,改编：徐礼娴,
144,ROI1,Col4,绘画：刘惠汉等,
144,ROI1,Col4,83年4月1版1次64开,
144,ROI1,Col4,印数：31万定价：0.27元,
144,ROI1,Col4,市场交流价：,
144,ROI1,Col4,9品：8元,
144,ROI1,Col4,10品：15元,
144,ROI2,Col1,冒名顶替 (上下),
144,ROI2,Col1,出版社：辽宁美术,
144,ROI2,Col1,改编：柏立,
144,ROI2,Col1,绘画：胡克礼恽南平,
144,ROI2,Col1,85年7月1版1次64开,
144,ROI2,Col1,印数：20.1万定价：0.37元,
144,ROI2,Col1,市场交流价：,
144,ROI2,Col1,9品：20元（全套）,
144,ROI2,Col1,10品：30元,
144,ROI2,Col2,哈姆莱特,
144,ROI2,Col2,出版社：辽宁美术,
144,ROI2,Col2,改编：张月华,
144,ROI2,Col2,绘画：李皓,
144,ROI2,Col2,85年3月1版1次64开,
144,ROI2,Col2,印数：10.2万定价：0.43元,
144,ROI2,Col2,市场交流价：,
144,ROI2,Col2,9品：20元,
144,ROI2,Col2,10品：40元,
144,ROI2,Col3,钦差大臣,
144,ROI2,Col3,出版社：浙江人民美术,
144,ROI2,Col3,改编：陆和荪,
144,ROI2,Col3,绘画：胡振宇,
144,ROI2,Col3,81年9月1版1次64开,
144,ROI2,Col3,印数：75 定价：0.15元,
144,ROI2,Col3,市场交流价：,
144,ROI2,Col3,9品：8元,
144,ROI2,Col3,10品：15元,
144,ROI2,Col4,钦差大臣,
144,ROI2,Col4,出版社：湖北人民,
144,ROI2,Col4,改编：黄建中,
144,ROI2,Col4,绘者：王书朋,
144,ROI2,Col4,81年11月1版1次64开,
144,ROI2,Col4,印数：24.67万 定价：0.23元,
144,ROI2,Col4,市场交流价：,
144,ROI2,Col4,9品：15元,
144,ROI2,Col4,10品：30元,
145,ROI1,Col1,哥伦布,
145,ROI1,Col1,出版社：海洋,
145,ROI1,Col1,改编：李德恩,
145,ROI1,Col1,绘画：不详,
145,ROI1,Col1,83年3月1版1次64开,
145,ROI1,Col1,印数：未详定价：0.29元,
145,ROI1,Col1,市场交流价：,
145,ROI1,Col1,9品：6元,
145,ROI1,Col1,10品：10元,
145,ROI1,Col2,贵族迷,
145,ROI1,Col2,出版社：江苏美术,
145,ROI1,Col2,改编：丁立平,
145,ROI1,Col2,绘画：聂磊秀公,
145,ROI1,Col2,84年5月1版1次64开,
145,ROI1,Col2,印数：18.73万定价：0.23元,
145,ROI1,Col2,市场交流价：,
145,ROI1,Col2,9品：8元,
145,ROI1,Col2,10品：12元,
145,ROI1,Col3,钢铁是怎样炼成的,
145,ROI1,Col3,出版社：人民美术,
145,ROI1,Col3,改编：王素,
145,ROI1,Col3,绘画：毅进,
145,ROI1,Col3,72年6月1版1次60开,
145,ROI1,Col3,印数：未详定价：0.22元,
145,ROI1,Col3,市场交流价：,
145,ROI1,Col3,9品：30元（全套二册）,
145,ROI1,Col3,10品：60元,
145,ROI1,Col4,神猎手,
145,ROI1,Col4,出版社：福建人民,
145,ROI1,Col4,改编：浅草,
145,ROI1,Col4,绘画：黄云松,
145,ROI1,Col4,81年5月1版1次64开,
145,ROI1,Col4,印数：31.34万定价：0.13元,
145,ROI1,Col4,市场交流价：,
145,ROI1,Col4,9品：10元,
145,ROI1,Col4,10品：15元,
145,ROI2,Col1,柯楚别依,
145,ROI2,Col1,出版社：上海人民美术,
145,ROI2,Col1,改编：庄宏安,
145,ROI2,Col1,绘画：罗兴,
145,ROI2,Col1,84年3月2版1次60开,
145,ROI2,Col1,印数：28.9万定价：0.36元,
145,ROI2,Col1,市场交流价：,
145,ROI2,Col1,9品：80元,
145,ROI2,Col1,10品：150元,
145,ROI2,Col2,看不见的战线,
145,ROI2,Col2,出版社：黑龙江人民,
145,ROI2,Col2,改编：红铁,
145,ROI2,Col2,绘画：杨秀昆 杨松杰,
145,ROI2,Col2,73年3月1版1次60开,
145,ROI2,Col2,印数：未详定价：0.18元,
145,ROI2,Col2,市场交流价：,
145,ROI2,Col2,9品：60元,
145,ROI2,Col2,10品：150元,
145,ROI2,Col3,22 酒醉之后，他就抱着歪脖子树感叹。,
145,ROI2,Col3,徐九经判案,
145,ROI2,Col3,出版社：岭南美术,
145,ROI2,Col3,改编：谢锡光,
145,ROI2,Col3,绘画：黄文庆,
145,ROI2,Col3,83年1月1版1次64开,
145,ROI2,Col3,印数：10.9万定价：0.21元,
145,ROI2,Col3,市场交流价：,
145,ROI2,Col3,9品：6元,
145,ROI2,Col3,10品：12元,
145,ROI2,Col4,徐九经升官记,
145,ROI2,Col4,出版社：宁夏人民美术,
145,ROI2,Col4,改编：王素一,
145,ROI2,Col4,绘画：张新国,
145,ROI2,Col4,82年6月1版1次64开,
145,ROI2,Col4,印数：45.65万定价：0.15元,
145,ROI2,Col4,市场交流价：,
145,ROI2,Col4,9品：10元,
145,ROI2,Col4,10品：15元,
146,ROI1,Col1,秦王李世民,
146,ROI1,Col1,出版社：湖南美术,
146,ROI1,Col1,改编：春夫,
146,ROI1,Col1,绘画：方隆昌,
146,ROI1,Col1,84年2月1版1次64开,
146,ROI1,Col1,印数：19.7万定价：0.25元,
146,ROI1,Col1,市场交流价：,
146,ROI1,Col1,9品：8元,
146,ROI1,Col1,10品：15元,
146,ROI1,Col2,唐太宗,
146,ROI1,Col2,出版社：上海人民美术,
146,ROI1,Col2,改编：白东轩等,
146,ROI1,Col2,绘画：项维仁,
146,ROI1,Col2,79年6月1版1次60开,
146,ROI1,Col2,印数：50万定价：0.17元,
146,ROI1,Col2,市场交流价：,
146,ROI1,Col2,9品：40元,
146,ROI1,Col2,10品：120元,
146,ROI1,Col3,唐公主和亲,
146,ROI1,Col3,出版社：湖南美术,
146,ROI1,Col3,改编：邬和镒,
146,ROI1,Col3,绘画：方楚雄等,
146,ROI1,Col3,81年10月1版1次64开,
146,ROI1,Col3,印数：60万定价：0.13元,
146,ROI1,Col3,市场交流价：,
146,ROI1,Col3,9品：8元,
146,ROI1,Col3,10品：15元,
146,ROI1,Col4,唐赛儿,
146,ROI1,Col4,出版社：长江文艺,
146,ROI1,Col4,改编：秦翎,
146,ROI1,Col4,绘画：李立,
146,ROI1,Col4,83年10月1版1次64开,
146,ROI1,Col4,印数：27.9万定价：0.13元,
146,ROI1,Col4,市场交流价：,
146,ROI1,Col4,9品：8元,
146,ROI1,Col4,10品：15元,
146,ROI2,Col1,海瑞,
146,ROI2,Col1,出版社：江苏人民,
146,ROI2,Col1,改编：沈为宁,
146,ROI2,Col1,绘画：刘芸生,
146,ROI2,Col1,80年3月1版1次64开,
146,ROI2,Col1,印数：30万定价：0.15元,
146,ROI2,Col1,市场交流价：,
146,ROI2,Col1,9品：15元,
146,ROI2,Col1,10品：25元,
146,ROI2,Col2,海瑞罢官,
146,ROI2,Col2,出版社：吉林人民,
146,ROI2,Col2,改编：李遵义,
146,ROI2,Col2,绘画：吴景田,
146,ROI2,Col2,80年8月1版1次64开,
146,ROI2,Col2,印数：31.026万定价：0.11元,
146,ROI2,Col2,市场交流价：,
146,ROI2,Col2,9品：10元,
146,ROI2,Col2,10品：18元,
146,ROI2,Col3,海瑞巧办胡公子,
146,ROI2,Col3,出版社：江苏人民,
146,ROI2,Col3,改编：许凤仪,
146,ROI2,Col3,绘画：郭荣,
146,ROI2,Col3,82年8月1版1次64开,
146,ROI2,Col3,印数：43.1万定价：0.11元,
146,ROI2,Col3,市场交流价：,
146,ROI2,Col3,9品：5元,
146,ROI2,Col3,10品：12元,
146,ROI2,Col4,海仙花,
146,ROI2,Col4,出版社：科学普及广州分社,
146,ROI2,Col4,改编：陈涛,
146,ROI2,Col4,绘画：蚁美谐等,
146,ROI2,Col4,85年3月1版1次64开,
146,ROI2,Col4,印数：未详 定价：0.18,
146,ROI2,Col4,元,
146,ROI2,Col4,市场交流价：,
146,ROI2,Col4,9品：5元,
146,FOOTNOTE,,,10品：10元
146,FOOTNOTE,,,在“套书”部分只有全绍
147,ROI1,Col1,秦皇入海,
147,ROI1,Col1,出版社：海洋,
147,ROI1,Col1,改编：旭风,
147,ROI1,Col1,绘画：侯长春,
147,ROI1,Col1,85年1月1版1次64开,
147,ROI1,Col1,印数：未详定价：0.15元,
147,ROI1,Col1,市场交流价：,
147,ROI1,Col1,9品：5元,
147,ROI1,Col1,10品：10元,
147,ROI1,Col2,秦王斩荆轲,
147,ROI1,Col2,出版社：河北人民,
147,ROI1,Col2,改编：何钟文,
147,ROI1,Col2,绘画：雷金池,
147,ROI1,Col2,76年2月1版1次64开,
147,ROI1,Col2,印数：43万定价：0.09元,
147,ROI1,Col2,市场交流价：,
147,ROI1,Col2,9品：35元,
147,ROI1,Col2,10品：60元,
147,ROI1,Col3,钱塘血案,
147,ROI1,Col3,出版社：河北美术,
147,ROI1,Col3,改编：羡智,
147,ROI1,Col3,绘画：辛鹤江,
147,ROI1,Col3,85年12月1版1次64开,
147,ROI1,Col3,印数：8.3万定价：0.32元,
147,ROI1,Col3,市场交流价：,
147,ROI1,Col3,9品：10元,
147,ROI1,Col3,10品：20元,
147,ROI1,Col4,晁错削藩,
147,ROI1,Col4,出版社：上海人民,
147,ROI1,Col4,改编：李光羽,
147,ROI1,Col4,绘画：徐正平凌涛,
147,ROI1,Col4,76年4月1版1次64开,
147,ROI1,Col4,印数：未详定价：0.10元,
147,ROI1,Col4,市场交流价：,
147,ROI1,Col4,9品：10元,
147,ROI1,Col4,10品：25元,
147,ROI2,Col1,鸳鸯剑,
147,ROI2,Col1,出版社：天津人民美术,
147,ROI2,Col1,改编：洪毅,
147,ROI2,Col1,绘画：颜梅华,
147,ROI2,Col1,85年7月1版1次64开,
147,ROI2,Col1,印数：18.16万定价：0.33元,
147,ROI2,Col1,市场交流价：,
147,ROI2,Col1,9品：30元,
147,ROI2,Col1,10品：80元,
147,ROI2,Col2,恩与仇,
147,ROI2,Col2,出版社：上海人民美术,
147,ROI2,Col2,改编：刘抒,
147,ROI2,Col2,绘画：卢延光,
147,ROI2,Col2,83年3月1版1次64开,
147,ROI2,Col2,印数：37万定价：0.14元,
147,ROI2,Col2,市场交流价：,
147,ROI2,Col2,9品：10元,
147,ROI2,Col2,10品：20元,
147,ROI2,Col3,剑,
147,ROI2,Col3,出版社：河南美术,
147,ROI2,Col3,改编：李莉梁益谦,
147,ROI2,Col3,绘画：李新华,
147,ROI2,Col3,85年10月1版1次64开,
147,ROI2,Col3,印数：2.3万定价：0.22元,
147,ROI2,Col3,市场交流价：,
147,ROI2,Col3,9品：40元,
147,ROI2,Col3,10品：80元,
147,ROI2,Col4,珠还合浦,
147,ROI2,Col4,出版社：广西人民,
147,ROI2,Col4,改编：陈培栋,
147,ROI2,Col4,绘画：邓二龙,
147,ROI2,Col4,80年8月1版1次64开,
147,ROI2,Col4,印数：8万定价：0.13元,
147,ROI2,Col4,市场交流价：,
147,ROI2,Col4,9品：10元,
147,ROI2,Col4,10品：20元,
148,ROI1,Col1,出版社：人民美术,
148,ROI1,Col1,改编：黄钟,
148,ROI1,Col1,绘画：苏正刚 2,
148,ROI1,Col1,82年7月1版1次60开,
148,ROI1,Col1,印数：15万定价：0.19元,
148,ROI1,Col1,市场交流价：,
148,ROI1,Col1,9品：20元,
148,ROI1,Col1,10品：40元,
148,ROI1,Col2,真假瓷观音,
148,ROI1,Col2,出版社：江苏人民,
148,ROI1,Col2,改编：叶庆瑞,
148,ROI1,Col2,绘画：卢延光,
148,ROI1,Col2,82年12月1版1次64开,
148,ROI1,Col2,印数：17.28万定价：0.13元,
148,ROI1,Col2,市场交流价：,
148,ROI1,Col2,9品：5.00元,
148,ROI1,Col2,10品：10.00元,
148,ROI1,Col3,梁山伯与祝英台,
148,ROI1,Col3,出版社：人民美术,
148,ROI1,Col3,改编：司徒佩,
148,ROI1,Col3,绘画：王叔晖,
148,ROI1,Col3,81年2月2版2次60开,
148,ROI1,Col3,印数：152万 定价：0.15元,
148,ROI1,Col3,市场交流价：,
148,ROI1,Col3,9品：60元,
148,ROI1,Col3,10品：150元,
148,ROI1,Col4,高文举,
148,ROI1,Col4,出版社：福建人民,
148,ROI1,Col4,改编：知希,
148,ROI1,Col4,绘画：陈丹旭,
148,ROI1,Col4,81年2月1版1次64开,
148,ROI1,Col4,印数：32.04万定价：0.10元,
148,ROI1,Col4,市场交流价：,
148,ROI1,Col4,9品：25元,
148,ROI1,Col4,10品：40元,
148,ROI2,Col1,铁道卫兵,
148,ROI2,Col1,出版社：四川人民,
148,ROI2,Col1,改编：集体,
148,ROI2,Col1,绘画：集体,
148,ROI2,Col1,73年11月1版1次60开,
148,ROI2,Col1,印数：未详定价：0.12元,
148,ROI2,Col1,市场交流价：,
148,ROI2,Col1,9品：30元,
148,ROI2,Col1,10品：50元,
148,ROI2,Col2,难忘的战斗(上下),
148,ROI2,Col2,出版社：上海人民,
148,ROI2,Col2,改编：竺少华,
148,ROI2,Col2,绘画：罗希贤,
148,ROI2,Col2,77年10月1版1次64开,
148,ROI2,Col2,印数：未详定价：0.27元,
148,ROI2,Col2,市场交流价：,
148,ROI2,Col2,9品：30元（全套）,
148,ROI2,Col2,10品：60元,
148,ROI2,Col3,难忘的战斗(上),
148,ROI2,Col3,出版社：黑龙江人民,
148,ROI2,Col3,改编：杨一峰肖仁,
148,ROI2,Col3,绘画：孙福林王恒玉,
148,ROI2,Col3,79年1月1版1次64开,
148,ROI2,Col3,印数：28万定价：0.14元,
148,ROI2,Col4,难忘的战斗(下),
148,ROI2,Col4,出版社：黑龙江人民,
148,ROI2,Col4,改编：杨一峰邓会光,
148,ROI2,Col4,绘画：孙福林王桓玉,
148,ROI2,Col4,79年6月1版1次64开,
148,ROI2,Col4,印数：25万定价：0.12元,
148,ROI2,Col4,市场交流价：,
148,ROI2,Col4,9品：80元（全套）,
148,ROI2,Col4,10品：120元,
149,ROI1,Col1,海英,
149,ROI1,Col1,出版社：广东人民,
149,ROI1,Col1,改编：集体,
149,ROI1,Col1,绘画：集体,
149,ROI1,Col1,73年5月1版2次60开,
149,ROI1,Col1,印数：40万定价：0.15元,
149,ROI1,Col1,市场交流价：,
149,ROI1,Col1,9品：15元,
149,ROI1,Col1,10品：30元,
149,ROI1,Col2,6 海英,
149,ROI1,Col2,出版社：人民美术,
149,ROI1,Col2,改编：朱海文,
149,ROI1,Col2,绘画：林宏基等,
149,ROI1,Col2,75年2月1版1次64开,
149,ROI1,Col2,印数：100万定价：0.14元,
149,ROI1,Col2,市场交流价：,
149,ROI1,Col2,9品：10元,
149,ROI1,Col2,10品：20元,
149,ROI1,Col3,海花,
149,ROI1,Col3,出版社：辽宁人民,
149,ROI1,Col3,改编：卞福顺,
149,ROI1,Col3,绘画：李俊琪,
149,ROI1,Col3,75年1月1版1次64开,
149,ROI1,Col3,印数：90万定价：0.14元,
149,ROI1,Col3,市场交流价：,
149,ROI1,Col3,9品：10元,
149,ROI1,Col3,10品：20元,
149,ROI1,Col4,海花,
149,ROI1,Col4,出版社：北京人民,
149,ROI1,Col4,改编：刘谦,
149,ROI1,Col4,绘画：集体,
149,ROI1,Col4,74年4月1版1次60开,
149,ROI1,Col4,印数：未详定价：0.13元,
149,ROI1,Col4,市场交流价：,
149,ROI1,Col4,9品：15元,
149,ROI1,Col4,10品：30元,
149,ROI2,Col1,海菊,
149,ROI2,Col1,出版社：浙江人民,
149,ROI2,Col1,改编：陈曦,
149,ROI2,Col1,绘画：周瑞文张潮,
149,ROI2,Col1,75年4月1版1次60开,
149,ROI2,Col1,印数：65万定价：0.08元,
149,ROI2,Col1,市场交流价：,
149,ROI2,Col1,9品：20元,
149,ROI2,Col1,10品：30元,
149,ROI2,Col2,6、,
149,ROI2,Col2,彩色的田野,
149,ROI2,Col2,出版社：浙江人民,
149,ROI2,Col2,改编：陈曦,
149,ROI2,Col2,绘画：沈加蔚等,
149,ROI2,Col2,75年5月1版1次60开,
149,ROI2,Col2,印数：20万定价：0.08元,
149,ROI2,Col2,市场交流价：,
149,ROI2,Col2,9品：10元,
149,ROI2,Col2,10品：20元,
149,ROI2,Col3,“优秀工宣队员”徐松宝,
149,ROI2,Col3,出版社：上海市出版革命组,
149,ROI2,Col3,改编：集体,
149,ROI2,Col3,绘画：集体,
149,ROI2,Col3,70年5月1版1次60开,
149,ROI2,Col3,印数：未详定价：0.13元,
149,ROI2,Col3,市场交流价：,
149,ROI2,Col3,9品：40元,
149,ROI2,Col3,10品：100元,
149,ROI2,Col4,换靴记,
149,ROI2,Col4,出版社：山东人民,
149,ROI2,Col4,改编：朱春湖,
149,ROI2,Col4,绘画：姜之中,
149,ROI2,Col4,75年1月1版1次60开,
149,ROI2,Col4,印数：70万定价：0.09元,
149,ROI2,Col4,市场交流价：,
149,ROI2,Col4,9品：10元,
149,ROI2,Col4,10品：20元,
150,ROI1,Col1,海防线上,
150,ROI1,Col1,出版社：江西人民,
150,ROI1,Col1,改编：王城伟,
150,ROI1,Col1,绘画：徐有武,
150,ROI1,Col1,73年8月1版1次60开,
150,ROI1,Col1,印数：50万 定价：0.25元,
150,ROI1,Col1,市场交流价：,
150,ROI1,Col1,9品：45元,
150,ROI1,Col1,10品：100元,
150,ROI1,Col2,海防线上,
150,ROI1,Col2,出版社：天津人民美术,
150,ROI1,Col2,改编：辛刚,
150,ROI1,Col2,绘画：车永仁,
150,ROI1,Col2,73年9月1版1次64开,
150,ROI1,Col2,印数：未详定价：0.17元,
150,ROI1,Col2,市场交流价：,
150,ROI1,Col2,9品：20元,
150,ROI1,Col2,10品：40元,
150,ROI1,Col3,海姑娘,
150,ROI1,Col3,出版社：人民美术,
150,ROI1,Col3,改编：曼玲,
150,ROI1,Col3,绘画：孟庆江,
150,ROI1,Col3,75年5月1版1次64开,
150,ROI1,Col3,印数：100万定价：0.10元,
150,ROI1,Col3,市场交流价：,
150,ROI1,Col3,9品：10元,
150,ROI1,Col3,10品：20元,
150,ROI1,Col4,海螺,
150,ROI1,Col4,出版社：山东人民,
150,ROI1,Col4,改编：肖文,
150,ROI1,Col4,绘画：王启明,
150,ROI1,Col4,73年5月1版1次60开,
150,ROI1,Col4,印数：53万定价：0.12元,
150,ROI1,Col4,市场交流价：,
150,ROI1,Col4,9品：20元,
150,ROI1,Col4,10品：60元,
150,ROI2,Col1,0 海滩擒敌,
150,ROI2,Col1,出版社：山东人民,
150,ROI2,Col1,改编：王维孟王恒展,
150,ROI2,Col1,绘画：蒲慧华,
150,ROI2,Col1,75年4月1版1次60开,
150,ROI2,Col1,印数：60万定价：0.09元,
150,ROI2,Col1,市场交流价：,
150,ROI2,Col1,9品：15元,
150,ROI2,Col1,10品：30元,
150,ROI2,Col2,海上擒敌,
150,ROI2,Col2,出版社：广东人民,
150,ROI2,Col2,改编：集体,
150,ROI2,Col2,绘画：陈汉中,
150,ROI2,Col2,73年9月1版1次64开,
150,ROI2,Col2,印数：50万定价：0.08元,
150,ROI2,Col2,市场交流价：,
150,ROI2,Col2,9品：10元,
150,ROI2,Col2,10品：20元,
150,ROI2,Col3,海上铁拳,
150,ROI2,Col3,出版社：天津人民美术,
150,ROI2,Col3,改编：张鸣,
150,ROI2,Col3,绘画：迎捷,
150,ROI2,Col3,76年6月1版1次64开,
150,ROI2,Col3,印数：未详定价：0.10元,
150,ROI2,Col3,市场交流价：,
150,ROI2,Col3,9品：5元,
150,ROI2,Col3,10品：15元,
150,ROI2,Col4,海岛哨兵,
150,ROI2,Col4,出版社：上海人民,
150,ROI2,Col4,改编：集体,
150,ROI2,Col4,绘画：集体,
150,ROI2,Col4,74年1月1版1次60开,
150,ROI2,Col4,印数：200万 定价：0.08元,
150,ROI2,Col4,市场交流价：,
150,ROI2,Col4,9品：15元,
150,ROI2,Col4,10品：40元,
151,ROI1,Col1,海滨新一代,
151,ROI1,Col1,出版社：上海人民,
151,ROI1,Col1,改编：集体,
151,ROI1,Col1,绘画：集体,
151,ROI1,Col1,74年12月1版1次60开,
151,ROI1,Col1,印数：80万定价：0.09元,
151,ROI1,Col1,市场交流价：,
151,ROI1,Col1,9品：20元,
151,ROI1,Col1,10品：40元,
151,ROI1,Col2,鸭绿江畔,
151,ROI1,Col2,出版社：上海人民,
151,ROI1,Col2,改编：集体,
151,ROI1,Col2,绘画：集体,
151,ROI1,Col2,73年3月1版1次60开,
151,ROI1,Col2,印数：150万定价：0.10元,
151,ROI1,Col2,市场交流价：,
151,ROI1,Col2,9品：15元,
151,ROI1,Col2,10品：30元,
151,ROI1,Col3,海岛女民兵,
151,ROI1,Col3,出版社：四川人民,
151,ROI1,Col3,改编：吴兆清,
151,ROI1,Col3,绘画：赵瑞椿,
151,ROI1,Col3,76年8月1版1次64开,
151,ROI1,Col3,印数：18.5万 定价：0.18元,
151,ROI1,Col3,市场交流价：,
151,ROI1,Col3,9品：25元,
151,ROI1,Col3,10品：50元,
151,ROI1,Col4,海的女儿,
151,ROI1,Col4,出版社：上海人民,
151,ROI1,Col4,改编：张晓冰,
151,ROI1,Col4,绘画：瞿谷寒,
151,ROI1,Col4,75年5月1版1次60开,
151,ROI1,Col4,印数：50万定价：0.07元,
151,ROI1,Col4,市场交流价：,
151,ROI1,Col4,9品：20元,
151,ROI1,Col4,10品：50元,
151,ROI2,Col1,捕鱼时节,
151,ROI2,Col1,出版社：人民美术,
151,ROI2,Col1,改编：卢伟,
151,ROI2,Col1,绘画：刘苹等,
151,ROI2,Col1,76年2月1版1次64开,
151,ROI2,Col1,印数：100万定价：0.11元,
151,ROI2,Col1,市场交流价：,
151,ROI2,Col1,9品：5元,
151,ROI2,Col1,10品：10元,
151,ROI2,Col2,捕象记,
151,ROI2,Col2,出版社：浙江人民,
151,ROI2,Col2,改编：刘瑞康,
151,ROI2,Col2,绘画：钱贵荪,
151,ROI2,Col2,72年10月1版1次60开,
151,ROI2,Col2,印数：未详定价：0.07元,
151,ROI2,Col2,市场交流价：,
151,ROI2,Col2,9品：10元,
151,ROI2,Col2,10品：30元,
151,ROI2,Col3,捕蛇记,
151,ROI2,Col3,出版社：天津人民美术,
151,ROI2,Col3,改编：张欣之,
151,ROI2,Col3,绘画：集体,
151,ROI2,Col3,75年7月1版1次64开,
151,ROI2,Col3,印数：未详定价：0.11元,
151,ROI2,Col3,市场交流价：,
151,ROI2,Col3,9品：8元,
151,ROI2,Col3,10品：15元,
151,ROI2,Col4,捕蛇记,
151,ROI2,Col4,出版社：浙江人民,
151,ROI2,Col4,改编：胡霜,
151,ROI2,Col4,绘画：长缨,
151,ROI2,Col4,75年3月1版1次60开,
151,ROI2,Col4,印数：110万定价：0.08元,
151,ROI2,Col4,市场交流价：,
151,ROI2,Col4,9品：8元,
151,ROI2,Col4,10品：15元,
152,ROI1,Col1,捉蟹,
152,ROI1,Col1,出版社：福建人民,
152,ROI1,Col1,改编：沈在召,
152,ROI1,Col1,绘画：沈在召,
152,ROI1,Col1,75年6月1版1次60开,
152,ROI1,Col1,印数：未详定价：0.08元,
152,ROI1,Col1,市场交流价：,
152,ROI1,Col1,9品：15元,
152,ROI1,Col1,10品：25元,
152,ROI1,Col2,捉蟹,
152,ROI1,Col2,出版社：黑龙江人民,
152,ROI1,Col2,改编：邹向前,
152,ROI1,Col2,绘画：张寿文,
152,ROI1,Col2,75年5月1版1次64开,
152,ROI1,Col2,印数：50万定价：0.08元,
152,ROI1,Col2,市场交流价：,
152,ROI1,Col2,9品：15元,
152,ROI1,Col2,10品：50元,
152,ROI1,Col3,家业,
152,ROI1,Col3,出版社：江苏人民,
152,ROI1,Col3,改编：胡舜庆,
152,ROI1,Col3,绘画：刘芸生,
152,ROI1,Col3,75年11月1版1次64开,
152,ROI1,Col3,印数：45万定价：0.08元,
152,ROI1,Col3,市场交流价：,
152,ROI1,Col3,9品：5元,
152,ROI1,Col3,10品：15元,
152,ROI1,Col4,家乡新貌,
152,ROI1,Col4,出版社：辽宁人民,
152,ROI1,Col4,改编：集体,
152,ROI1,Col4,绘画：集体,
152,ROI1,Col4,72年3月1版1次60开,
152,ROI1,Col4,印数：未详定价：0.10元,
152,ROI1,Col4,市场交流价：,
152,ROI1,Col4,9品：15元,
152,ROI1,Col4,10品：30元,
152,ROI2,Col1,盐场烈焰,
152,ROI2,Col1,出版社：四川人民,
152,ROI2,Col1,改编：周原邓遂夫,
152,ROI2,Col1,绘画：石美鼎李奔,
152,ROI2,Col1,76年5月1版2次60开,
152,ROI2,Col1,印数：未详定价：0.15元,
152,ROI2,Col1,市场交流价：,
152,ROI2,Col1,9品：20元,
152,ROI2,Col1,10品：40元,
152,ROI2,Col2,盐滩怒火,
152,ROI2,Col2,出版社：天津人民美术,
152,ROI2,Col2,改编：张金荣等,
152,ROI2,Col2,绘画：傅洪生等,
152,ROI2,Col2,74年3月1版2次64开,
152,ROI2,Col2,印数：未详定价：0.14元,
152,ROI2,Col2,市场交流价：,
152,ROI2,Col2,9品：15元,
152,ROI2,Col2,10品：50元,
152,ROI2,Col3,航标灯,
152,ROI2,Col3,出版社：辽宁人民,
152,ROI2,Col3,改编：张国栋,
152,ROI2,Col3,绘画：齐林家,
152,ROI2,Col3,74年12月1版1次60开,
152,ROI2,Col3,印数：120万定价：0.08元,
152,ROI2,Col3,市场交流价：,
152,ROI2,Col3,9品：10元,
152,ROI2,Col3,10品：20元,
152,ROI2,Col4,航标灯下的战斗,
152,ROI2,Col4,出版社：天津人民美术,
152,ROI2,Col4,改编：定兴,
152,ROI2,Col4,绘画：刘世铎,
152,ROI2,Col4,74年4月1版1次64开,
152,ROI2,Col4,印数：未详定价：0.09元,
152,ROI2,Col4,市场交流价：,
152,ROI2,Col4,9品：8元,
152,ROI2,Col4,10品：20元,
153,ROI1,Col1,铁虎,
153,ROI1,Col1,出版社：江苏人民,
153,ROI1,Col1,改编：徐晓平,
153,ROI1,Col1,绘画：徐晓平,
153,ROI1,Col1,75年11月1版1次60开,
153,ROI1,Col1,印数：60万 定价：0.09元,
153,ROI1,Col1,市场交流价：,
153,ROI1,Col1,9品：25元,
153,ROI1,Col1,10品：50元,
153,ROI1,Col2,铁坝中队,
153,ROI1,Col2,出版社：江苏人民,
153,ROI1,Col2,改编：集体,
153,ROI1,Col2,绘画：胡博综 王孟奇,
153,ROI1,Col2,73年5月1版1次60开,
153,ROI1,Col2,印数：70万定价：0.09元,
153,ROI1,Col2,市场交流价：,
153,ROI1,Col2,9品：15元,
153,ROI1,Col2,10品：35元,
153,ROI1,Col3,铁姑娘大战红石崖,
153,ROI1,Col3,出版社：辽宁人民,
153,ROI1,Col3,改编：集体,
153,ROI1,Col3,绘画：集体,
153,ROI1,Col3,76年4月1版1次60开,
153,ROI1,Col3,印数：未详定价：0.33元,
153,ROI1,Col3,市场交流价：,
153,ROI1,Col3,9品：30元,
153,ROI1,Col3,10品：120元,
153,ROI1,Col4,铁腿红心,
153,ROI1,Col4,出版社：河南人民,
153,ROI1,Col4,改编：集体,
153,ROI1,Col4,绘画：集体,
153,ROI1,Col4,74年2月1版2次64开,
153,ROI1,Col4,印数：86.5万定价：0.17元,
153,ROI1,Col4,市场交流价：,
153,ROI1,Col4,9品：10元,
153,ROI1,Col4,10品：25元,
153,ROI2,Col1,铁娃和小白鸽,
153,ROI2,Col1,出版社：山东人民,
153,ROI2,Col1,编文：孙宝林,
153,ROI2,Col1,绘画：周申,
153,ROI2,Col1,75年1月1版1次64开,
153,ROI2,Col1,印数：120万定价：0.07元,
153,ROI2,Col1,市场交流价：,
153,ROI2,Col1,9品：20元,
153,ROI2,Col1,10品：40元,
153,ROI2,Col2,烈火红心,
153,ROI2,Col2,出版社：湖北人民,
153,ROI2,Col2,编文：豫军宣,
153,ROI2,Col2,绘画：豫军宣（简称）,
153,ROI2,Col2,69年1月1版1次60开,
153,ROI2,Col2,印数：未详定价：0.20元,
153,ROI2,Col2,市场交流价：,
153,ROI2,Col2,9品：400元,
153,ROI2,Col2,10品：1200元,
153,ROI2,Col3,铃声响了,
153,ROI2,Col3,出版社：广东人民,
153,ROI2,Col3,改编：胡国年,
153,ROI2,Col3,绘画：林树煦等,
153,ROI2,Col3,75年2月1版1次60开,
153,ROI2,Col3,印数：未详定价：0.14元,
153,ROI2,Col3,市场交流价：,
153,ROI2,Col3,9品：10元,
153,ROI2,Col3,10品：20元,
153,ROI2,Col4,浪花渡,
153,ROI2,Col4,出版社：辽宁人民,
153,ROI2,Col4,改编：新果,
153,ROI2,Col4,绘画：李学琮,
153,ROI2,Col4,76年12月1版1次64开,
153,ROI2,Col4,印数：30万定价：0.09元,
153,ROI2,Col4,市场交流价：,
153,ROI2,Col4,9品：5元,
153,ROI2,Col4,10品：10元,
154,ROI1,Col1,烟楼的秘密,
154,ROI1,Col1,出版社：江西人民,
154,ROI1,Col1,改编：胡细生,
154,ROI1,Col1,绘画：集体,
154,ROI1,Col1,73年11月1版1次60开,
154,ROI1,Col1,印数：25万定价：0.11元,
154,ROI1,Col1,市场交流价：,
154,ROI1,Col1,9品：15元,
154,ROI1,Col1,10品：30元,
154,ROI1,Col2,爱民模范连,
154,ROI1,Col2,出版社：广西人民,
154,ROI1,Col2,改编：钟国民,
154,ROI1,Col2,绘画：苏泽猷吴乙坚,
154,ROI1,Col2,73年11月1版2次60开,
154,ROI1,Col2,印数：58.3万定价：0.10元,
154,ROI1,Col2,市场交流价：,
154,ROI1,Col2,9品：40元,
154,ROI1,Col2,10品：110元,
154,ROI1,Col3,绿杨林里,
154,ROI1,Col3,出版社：北京人民,
154,ROI1,Col3,改编：靳丛张东九,
154,ROI1,Col3,绘画：耿玉昆,
154,ROI1,Col3,76年9月1版1次60开,
154,ROI1,Col3,印数：未详定价：0.09元,
154,ROI1,Col3,市场交流价：,
154,ROI1,Col3,9品：15元,
154,ROI1,Col3,10品：25元,
154,ROI1,Col4,砸孔牌,
154,ROI1,Col4,出版社：四川人民,
154,ROI1,Col4,改编：程获希,
154,ROI1,Col4,绘画：张文忠,
154,ROI1,Col4,75年5月1版1次60开,
154,ROI1,Col4,印数：未详定价：0.07元,
154,ROI1,Col4,市场交流价：,
154,ROI1,Col4,9品：25元,
154,ROI1,Col4,10品：80元,
154,ROI2,Col1,家奴恨,
154,ROI2,Col1,出版社：江西人民,
154,ROI2,Col1,改编：朱礼生等,
154,ROI2,Col1,绘画：吕建陶,
154,ROI2,Col1,73年12月1版1次60开,
154,ROI2,Col1,印数：20万定价：0.12元,
154,ROI2,Col1,市场交流价：,
154,ROI2,Col1,9品：20元,
154,ROI2,Col1,10品：45元,
154,ROI2,Col2,胸怀朝阳战凌洪,
154,ROI2,Col2,出版社：山东人民,
154,ROI2,Col2,编文：集体,
154,ROI2,Col2,绘画：集体,
154,ROI2,Col2,71年12月1版1次60开,
154,ROI2,Col2,印数：未详,
154,ROI2,Col2,市场交流价：,
154,ROI2,Col2,9品：120元,
154,ROI2,Col2,10品：300元,
154,ROI2,Col3,胸怀朝阳战恶浪,
154,ROI2,Col3,出版社：天津人民美术,
154,ROI2,Col3,改编：集体,
154,ROI2,Col3,绘画：集体,
154,ROI2,Col3,71年6月1版1次60开,
154,ROI2,Col3,印数：未详定价：0.08元,
154,ROI2,Col3,市场交流价：,
154,ROI2,Col3,9品：50元,
154,ROI2,Col3,10品：150元,
154,ROI2,Col4,胸怀朝阳永向前,
154,ROI2,Col4,出版社：上海人民,
154,ROI2,Col4,改编：集体,
154,ROI2,Col4,绘画：集体,
154,ROI2,Col4,71年5月1版1次60开,
154,ROI2,Col4,印数：未详定价：0.07元,
154,ROI2,Col4,市场交流价：,
154,ROI2,Col4,9品：40元,
154,ROI2,Col4,10品：100元,
155,ROI1,Col1,消息树,
155,ROI1,Col1,出版社：上海人民,
155,ROI1,Col1,编文：集体,
155,ROI1,Col1,绘画：陈光镒,
155,ROI1,Col1,70年12月1版3次60开,
155,ROI1,Col1,印数：未详定价：0.07元,
155,ROI1,Col1,市场交流价：,
155,ROI1,Col1,9品：30元,
155,ROI1,Col1,10品：80元,
155,ROI1,Col2,恩玛蒂奶奶,
155,ROI1,Col2,出版社：上海人民,
155,ROI1,Col2,编文：张立俊,
155,ROI1,Col2,绘画：施大畏,
155,ROI1,Col2,73年11月1版4次60开,
155,ROI1,Col2,印数：120万定价：0.06元,
155,ROI1,Col2,市场交流价：,
155,ROI1,Col2,9品：15元,
155,ROI1,Col2,10品：30元,
155,ROI1,Col3,唐官信,
155,ROI1,Col3,出版社：浙江人民,
155,ROI1,Col3,改编：集体,
155,ROI1,Col3,绘画：集体,
155,ROI1,Col3,70年3月1版1次60开,
155,ROI1,Col3,印数：9万定价：0.13元,
155,ROI1,Col3,市场交流价：,
155,ROI1,Col3,9品：180元,
155,ROI1,Col3,10品：350元,
155,ROI1,Col4,剥开“孔圣人”的画皮,
155,ROI1,Col4,出版社：人民美术,
155,ROI1,Col4,改编：集体,
155,ROI1,Col4,绘画：集体,
155,ROI1,Col4,74年2月1版1次60开,
155,ROI1,Col4,印数：100万定价：0.10元,
155,ROI1,Col4,市场交流价：,
155,ROI1,Col4,9品：60元,
155,ROI1,Col4,10品：150元,
155,ROI2,Col1,秦始皇,
155,ROI2,Col1,出版社：上海人民,
155,ROI2,Col1,改编：本社,
155,ROI2,Col1,绘画：戴敦邦,
155,ROI2,Col1,74年12月1版1次60开,
155,ROI2,Col1,印数：80万定价：0.12元,
155,ROI2,Col1,市场交流价：,
155,ROI2,Col1,9品：30元,
155,ROI2,Col1,10品：120元,
155,ROI2,Col2,破雾飞腾,
155,ROI2,Col2,出版社：人民美术,
155,ROI2,Col2,改编：集体,
155,ROI2,Col2,绘画：集体,
155,ROI2,Col2,76年2月1版1次64开,
155,ROI2,Col2,印数：100万定价：0.09元,
155,ROI2,Col2,市场交流价：,
155,ROI2,Col2,9品：5元,
155,ROI2,Col2,10品：15元,
155,ROI2,Col3,高凤英,
155,ROI2,Col3,出版社：江苏人民,
155,ROI2,Col3,改编：胡希文夏荫祖,
155,ROI2,Col3,绘画：张裕元王开亮,
155,ROI2,Col3,75年7月1版1次64开,
155,ROI2,Col3,印数：60万定价：0.13元,
155,ROI2,Col3,市场交流价：,
155,ROI2,Col3,9品：5元,
155,ROI2,Col3,10品：15元,
155,ROI2,Col4,“绿旋风”新传,
155,ROI2,Col4,出版社：上海人民,
155,ROI2,Col4,改编：杜银林,
155,ROI2,Col4,绘画：邓泰和张景祥,
155,ROI2,Col4,75年5月1版1次64开,
155,ROI2,Col4,印数：40万定价：0.09元,
155,ROI2,Col4,市场交流价：,
155,ROI2,Col4,9品：15元,
155,ROI2,Col4,10品：25元,
156,ROI1,Col1,班卡伏击战,
156,ROI1,Col1,出版社：云南人民,
156,ROI1,Col1,改编：集体,
156,ROI1,Col1,绘画：集体,
156,ROI1,Col1,75年9月1版1次60开,
156,ROI1,Col1,印数：20.06万定价：0.14元,
156,ROI1,Col1,市场交流价：,
156,ROI1,Col1,9品：10元,
156,ROI1,Col1,10品：20元,
156,ROI1,Col2,桑弘羊舌战群儒,
156,ROI1,Col2,出版社：黑龙江人民,
156,ROI1,Col2,改编：刘文华,
156,ROI1,Col2,绘画：孙福林乔长义,
156,ROI1,Col2,76年4月1版1次64开,
156,ROI1,Col2,印数：40万定价：0.07元,
156,ROI1,Col2,市场交流价：,
156,ROI1,Col2,9品：35元,
156,ROI1,Col2,10品：60元,
156,ROI1,Col3,烈火红桥,
156,ROI1,Col3,出版社：黑龙江人民,
156,ROI1,Col3,改编：高铁林邹向前,
156,ROI1,Col3,绘画：集体,
156,ROI1,Col3,75年11月1版1次64开,
156,ROI1,Col3,印数：50万定价：0.14元,
156,ROI1,Col3,市场交流价：,
156,ROI1,Col3,9品：8元,
156,ROI1,Col3,10品：15元,
156,ROI1,Col4,谍报员,
156,ROI1,Col4,出版社：湖南美术,
156,ROI1,Col4,改编：取火,
156,ROI1,Col4,绘画：陈安民,
156,ROI1,Col4,85年1月1版1次64开,
156,ROI1,Col4,印数：59.5万 定价：0.28元,
156,ROI1,Col4,市场交流价：,
156,ROI1,Col4,9品：5元,
156,ROI1,Col4,10品：10元,
156,ROI2,Col1,谁是十八号,
156,ROI2,Col1,出版社：辽宁美术,
156,ROI2,Col1,改编：张克明,
156,ROI2,Col1,绘画：张友,
156,ROI2,Col1,79年11月1版1次64开,
156,ROI2,Col1,印数：20万定价：0.16元,
156,ROI2,Col1,市场交流价：,
156,ROI2,Col1,9品：5元,
156,ROI2,Col1,10品：10元,
156,ROI2,Col2,谁是“螳螂”？,
156,ROI2,Col2,出版社：上海人民美术,
156,ROI2,Col2,改编：吉国祥,
156,ROI2,Col2,绘画：冯正梁许枚,
156,ROI2,Col2,84年8月1版1次64开,
156,ROI2,Col2,印数：61.5万定价：0.25元,
156,ROI2,Col2,市场交流价：,
156,ROI2,Col2,9品：8元,
156,ROI2,Col2,10品：15元,
156,ROI2,Col3,特殊的任务,
156,ROI2,Col3,出版社：天津人民美术,
156,ROI2,Col3,改编：薛炎文,
156,ROI2,Col3,绘画：群山,
156,ROI2,Col3,83年6月1版1次64开,
156,ROI2,Col3,印数：45.6万定价：0.19元,
156,ROI2,Col3,市场交流价：,
156,ROI2,Col3,9品：10元,
156,ROI2,Col3,10品：20元,
156,ROI2,Col4,爱情从这里开始,
156,ROI2,Col4,出版社：辽宁美术,
156,ROI2,Col4,改编：高援,
156,ROI2,Col4,绘画：王大鹏,
156,ROI2,Col4,84年1月1版1次64开,
156,ROI2,Col4,印数：20.45万定价：0.17元,
156,ROI2,Col4,市场交流价：,
156,ROI2,Col4,9品：5元,
156,ROI2,Col4,10品：10元,
157,ROI1,Col1,海青连长,
157,ROI1,Col1,出版社：上海人民,
157,ROI1,Col1,改编：余方德,
157,ROI1,Col1,绘画：集体,
157,ROI1,Col1,77年4月1版1次64开,
157,ROI1,Col1,印数：未详定价：0.08元,
157,ROI1,Col1,市场交流价：,
157,ROI1,Col1,9品：8元,
157,ROI1,Col1,10品：15元,
157,ROI1,Col2,海上血战,
157,ROI1,Col2,出版社：辽宁美术,
157,ROI1,Col2,改编：王照运,
157,ROI1,Col2,绘画：李人毅,
157,ROI1,Col2,83年5月1版1次64开,
157,ROI1,Col2,印数：67.7万 定价：0.18元,
157,ROI1,Col2,市场交流价：,
157,ROI1,Col2,9品：8元,
157,ROI1,Col2,10品：15元,
157,ROI1,Col3,海防小民兵,
157,ROI1,Col3,出版社：上海人民美术,
157,ROI1,Col3,改编：张晓冰,
157,ROI1,Col3,绘画：胡克礼,
157,ROI1,Col3,78年9月1版1次64开,
157,ROI1,Col3,印数：未详 定价：0.15元,
157,ROI1,Col3,市场交流价：,
157,ROI1,Col3,9品：20元,
157,ROI1,Col3,10品：40元,
157,ROI1,Col4,海上擒敌,
157,ROI1,Col4,出版社：辽宁人民,
157,ROI1,Col4,改编：高履中,
157,ROI1,Col4,绘画：林钧相,
157,ROI1,Col4,78年1月1版1次64开,
157,ROI1,Col4,印数：30万定价：0.11元,
157,ROI1,Col4,市场交流价：,
157,ROI1,Col4,9品：15元,
157,ROI1,Col4,10品：30元,
157,ROI2,Col1,格玛,
157,ROI2,Col1,出版社：天津人民美术,
157,ROI2,Col1,改编：王承华,
157,ROI2,Col1,绘画：王又文,
157,ROI2,Col1,78年5月1版1次64开,
157,ROI2,Col1,印数：未详定价：0.10元,
157,ROI2,Col1,市场交流价：,
157,ROI2,Col1,9品：10元,
157,ROI2,Col1,10品：20元,
157,ROI2,Col2,草莽,
157,ROI2,Col2,出版社：湖南美术,
157,ROI2,Col2,改编：古月,
157,ROI2,Col2,绘画：陈安民,
157,ROI2,Col2,85年7月1版1次64开,
157,ROI2,Col2,印数：19.76万定价：0.28元,
157,ROI2,Col2,市场交流价：,
157,ROI2,Col2,9品：5元,
157,ROI2,Col2,10品：10元,
157,ROI2,Col3,荷叶雷,
157,ROI2,Col3,出版社：黑龙江人民,
157,ROI2,Col3,改编：李遵义,
157,ROI2,Col3,绘画：王景祥,
157,ROI2,Col3,79年3月1版1次64开,
157,ROI2,Col3,印数：27万0.09元,
157,ROI2,Col3,市场交流价：,
157,ROI2,Col3,9品：10元,
157,ROI2,Col3,10品：25元,
157,ROI2,Col4,出版社：人民美术,
157,ROI2,Col4,改编：于秀溪,
157,ROI2,Col4,绘画：马程,
157,ROI2,Col4,80年2月1版1次64开,
157,ROI2,Col4,印数：98万定价：0.18元,
157,ROI2,Col4,市场交流价：,
157,ROI2,Col4,9品：25元,
157,ROI2,Col4,10品：45元,
158,ROI1,Col1,桥隆飙(上下),
158,ROI1,Col1,出版社：天津人民美术,
158,ROI1,Col1,改编：韩秀岚,
158,ROI1,Col1,绘者：季源业季津业,
158,ROI1,Col1,83年3月1版2次64开,
158,ROI1,Col1,印数：39.1万定价：0.42元,
158,ROI1,Col1,市场交流价：,
158,ROI1,Col1,9品：30元（全套）,
158,ROI1,Col1,10品：45元,
158,ROI1,Col2,桥隆飙(上下),
158,ROI1,Col2,出版社：上海人民美术,
158,ROI1,Col2,改编：李大发,
158,ROI1,Col2,绘画：安希健,
158,ROI1,Col2,83年4月1版1次64开,
158,ROI1,Col2,印数：21万定价：0.38元,
158,ROI1,Col2,市场交流价：,
158,ROI1,Col2,9品：30元（全套）,
158,ROI1,Col2,10品：60元,
158,ROI1,Col3,桥隆飙,
158,ROI1,Col3,出版社：人民美术,
158,ROI1,Col3,改编：江晖,
158,ROI1,Col3,绘画：王启民等,
158,ROI1,Col3,82年11月1版1次64开,
158,ROI1,Col3,印数：40万定价：0.29元,
158,ROI1,Col3,市场交流价：,
158,ROI1,Col3,9品：15元,
158,ROI1,Col3,10品：30元,
158,ROI1,Col4,飙字军,
158,ROI1,Col4,出版社：黑龙江人民,
158,ROI1,Col4,改编：年青山,
158,ROI1,Col4,绘画：杨秀坤,
158,ROI1,Col4,84年6月1版1次64开,
158,ROI1,Col4,印数：14.2万定价：0.29元,
158,ROI1,Col4,市场交流价：,
158,ROI1,Col4,9品：10元,
158,ROI1,Col4,10品：20元,
158,ROI2,Col1,狂飙支队(上下),
158,ROI2,Col1,出版社：辽宁美术,
158,ROI2,Col1,编文：佟文焕,
158,ROI2,Col1,绘画：张鸿飞韩丽娟,
158,ROI2,Col1,85年1月1版1次64开,
158,ROI2,Col1,印数：58.9万定价：0.58元,
158,ROI2,Col1,市场交流价：,
158,ROI2,Col1,9品：18元（全套）,
158,ROI2,Col1,10品：25元,
158,ROI2,Col2,胶东奇军（上下),
158,ROI2,Col2,出版社：吉林人民,
158,ROI2,Col2,编者：白木,
158,ROI2,Col2,绘者：刘宝仲张成久,
158,ROI2,Col2,84年10月1版1次64开,
158,ROI2,Col2,印数：78万定价：0.44元,
158,ROI2,Col2,市场交流价：,
158,ROI2,Col2,9品：10元（全套）,
158,ROI2,Col2,10品：15元,
158,ROI2,Col3,爱情的位置,
158,ROI2,Col3,出版社：上海人民美术,
158,ROI2,Col3,改编：叶惠元,
158,ROI2,Col3,绘者：殷恩光,
158,ROI2,Col3,80年4月1版1次64开,
158,ROI2,Col3,印数：50万定价：0.10元,
158,ROI2,Col3,市场交流价：,
158,ROI2,Col3,9品：35元,
158,ROI2,Col3,10品：60元,
158,ROI2,Col4,爱情的位置,
158,ROI2,Col4,出版社：人民美术,
158,ROI2,Col4,改编：吴可,
158,ROI2,Col4,绘者：沈尧伊,
158,ROI2,Col4,79年12月1版1次64开,
158,ROI2,Col4,印数：87万定价：0.11元,
158,ROI2,Col4,市场交流价：,
158,ROI2,Col4,9品：8元,
158,ROI2,Col4,10品：15元,
159,ROI1,Col1,恐怖的森林,
159,ROI1,Col1,出版社：湖南美术,
159,ROI1,Col1,改编：沈在召,
159,ROI1,Col1,绘画：沈在召,
159,ROI1,Col1,83年10月1版1次64开,
159,ROI1,Col1,印数：27.3万定价：0.16元,
159,ROI1,Col1,市场交流价：,
159,ROI1,Col1,9品：10元,
159,ROI1,Col1,10品：20元,
159,ROI1,Col2,恐怖的森林,
159,ROI1,Col2,出版社：江苏美术,
159,ROI1,Col2,改编：李久洪,
159,ROI1,Col2,绘画：李久洪裘国骥,
159,ROI1,Col2,84年2月1版1次64开,
159,ROI1,Col2,印数：20.79万定价：0.23元,
159,ROI1,Col2,市场交流价：,
159,ROI1,Col2,9品：15元,
159,ROI1,Col2,10品：25元,
159,ROI1,Col3,恐怖的森林,
159,ROI1,Col3,出版社：浙江人民美术,
159,ROI1,Col3,改编：何培新,
159,ROI1,Col3,绘画：刘秉贤,
159,ROI1,Col3,84年12月1版1次64开,
159,ROI1,Col3,印数：26万定价：0.33元,
159,ROI1,Col3,市场交流价：,
159,ROI1,Col3,9品：8元,
159,ROI1,Col3,10品：15元,
159,ROI1,Col4,在恐怖的森林里,
159,ROI1,Col4,出版社：河北美术,
159,ROI1,Col4,改编：希华青青,
159,ROI1,Col4,绘画：朱维明,
159,ROI1,Col4,83年6月1版1次64开,
159,ROI1,Col4,印数：19.9万定价：0.18元,
159,ROI1,Col4,市场交流价：,
159,ROI1,Col4,9品：10元,
159,ROI1,Col4,10品：20元,
159,ROI2,Col1,铁山妹,
159,ROI2,Col1,出版社：湖北人民,
159,ROI2,Col1,编者：刘显栋,
159,ROI2,Col1,绘画：方隆昌,
159,ROI2,Col1,77年5月1版1次64开,
159,ROI2,Col1,印数：未详定价：0.09元,
159,ROI2,Col1,市场交流价：,
159,ROI2,Col1,9品：8元,
159,ROI2,Col1,10品：15元,
159,ROI2,Col2,铁骑(上下),
159,ROI2,Col2,出版社：内蒙古人民,
159,ROI2,Col2,改编：张书良等,
159,ROI2,Col2,绘画：杨刚卢风歧,
159,ROI2,Col2,76年9月1版1次64开,
159,ROI2,Col2,印数：15万定价：0.30元,
159,ROI2,Col2,市场交流价：,
159,ROI2,Col2,9品：25元（全套）,
159,ROI2,Col2,10品：40元,
159,ROI2,Col3,浦江红侠传,
159,ROI2,Col3,出版社：上海人民美术,
159,ROI2,Col3,改编：沈深,
159,ROI2,Col3,绘画：陈云华等,
159,ROI2,Col3,84年8月1版3次64开,
159,ROI2,Col3,印数：161万定价：0.22元,
159,ROI2,Col3,市场交流价：,
159,ROI2,Col3,9品：5元,
159,ROI2,Col3,10品：15元,
159,ROI2,Col4,浦江红侠传,
159,ROI2,Col4,出版社：江苏人民,
159,ROI2,Col4,改编：基石,
159,ROI2,Col4,绘画：孙庆国施琦平,
159,ROI2,Col4,82年7月1版1次64开,
159,ROI2,Col4,印数：48.4万定价：0.29元,
159,ROI2,Col4,市场交流价：,
159,ROI2,Col4,9品：15元,
159,ROI2,Col4,10品：30元,
160,ROI1,Col1,高山下的花环,
160,ROI1,Col1,出版社：山西人民,
160,ROI1,Col1,改编：梅文,
160,ROI1,Col1,绘画：陈军,
160,ROI1,Col1,84年3月1版1次64开,
160,ROI1,Col1,印数：3.3万 定价：0.23元,
160,ROI1,Col1,市场交流价：,
160,ROI1,Col1,9品：15元,
160,ROI1,Col1,10品：25元,
160,ROI1,Col2,高山下的花环,
160,ROI1,Col2,出版社：辽宁美术,
160,ROI1,Col2,改编：陈国荣,
160,ROI1,Col2,绘画：顾莲塘许勇,
160,ROI1,Col2,83年4月1版4次64开,
160,ROI1,Col2,印数：68.5万定价：0.23元,
160,ROI1,Col2,市场交流价：,
160,ROI1,Col2,9品：20元,
160,ROI1,Col2,10品：35元,
160,ROI1,Col2,",",
160,ROI1,Col3,花环,
160,ROI1,Col3,出版社：陕西人民美术,
160,ROI1,Col3,改编：韩双东,
160,ROI1,Col3,绘画：关庆留,
160,ROI1,Col3,83年12月1版1次64开,
160,ROI1,Col3,印数：9万定价：0.19元,
160,ROI1,Col3,市场交流价：,
160,ROI1,Col3,9品：35元,
160,ROI1,Col3,10品：70元,
160,ROI1,Col4,高山下的花环,
160,ROI1,Col4,出版社：山东人民美术,
160,ROI1,Col4,改编：王成喜,
160,ROI1,Col4,绘画：白仁海等,
160,ROI1,Col4,83年8月1版1次64开,
160,ROI1,Col4,印数：11.45万定价：0.21元,
160,ROI1,Col4,市场交流价：,
160,ROI1,Col4,9品：20元,
160,ROI1,Col4,10品：40元,
160,ROI2,Col1,高山下的花环,
160,ROI2,Col1,出版社：河北美术,
160,ROI2,Col1,改编：于秀溪,
160,ROI2,Col1,绘画：王晋泰,
160,ROI2,Col1,84年8月1版1次64开,
160,ROI2,Col1,印数：17.7万 定价：0.28元,
160,ROI2,Col1,市场交流价：,
160,ROI2,Col1,9品：20元,
160,ROI2,Col1,10品：40元,
160,ROI2,Col2,高山下的花环,
160,ROI2,Col2,出版社：湖南美术,
160,ROI2,Col2,改编：陈列,
160,ROI2,Col2,绘画：钟开天,
160,ROI2,Col2,83年8月1版1次64开,
160,ROI2,Col2,印数：25.2万定价：0.22元,
160,ROI2,Col2,市场交流价：,
160,ROI2,Col2,9品：20元,
160,ROI2,Col2,10品：40元,
160,ROI2,Col3,骨肉情,
160,ROI2,Col3,出版社：浙江人民,
160,ROI2,Col3,改编：许胤丰,
160,ROI2,Col3,绘画：盛元龙,
160,ROI2,Col3,79年7月1版1次64开,
160,ROI2,Col3,印数：7.5万定价：0.12元,
160,ROI2,Col3,市场交流价：,
160,ROI2,Col3,9品：10元,
160,ROI2,Col3,10品：20元,
160,ROI2,Col4,夏明翰,
160,ROI2,Col4,出版社：湖南美术,
160,ROI2,Col4,改编：蒋昭艺,
160,ROI2,Col4,绘画：吴国威,
160,ROI2,Col4,84年10月1版1次64开,
160,ROI2,Col4,印数：8.3万定价：0.20元,
160,ROI2,Col4,市场交流价：,
160,ROI2,Col4,9品：15元,
160,ROI2,Col4,10品：20元,
160,FOOTNOTE,,,《高山下的花环》版本较多。除本书已选登外，尚有广西版，雷德祖绘、人美版，刘永凯绘、广东版，王国经绘。
161,ROI1,Col1,晋阳秋（上）,
161,ROI1,Col1,出版社：山西人民,
161,ROI1,Col1,改编：李大发,
161,ROI1,Col1,绘画：傅琳柴山林,
161,ROI1,Col1,82年12月1版1次64开,
161,ROI1,Col1,印数：24.26万定价：0.18元,
161,ROI1,Col1,市场交流价：,
161,ROI1,Col1,9品：10元,
161,ROI1,Col1,10品：15元,
161,ROI1,Col2,晋阳秋（下）,
161,ROI1,Col2,出版社：山西人民,
161,ROI1,Col2,改编：李大发,
161,ROI1,Col2,绘画：傅琳柴山林,
161,ROI1,Col2,83年8月1版1次64开,
161,ROI1,Col2,印数：10.67万定价：0.18元,
161,ROI1,Col2,市场交流价：,
161,ROI1,Col2,9品：25元,
161,ROI1,Col2,10品：40元,
161,ROI1,Col3,原野,
161,ROI1,Col3,出版社：辽宁美术,
161,ROI1,Col3,改编：庄宏安,
161,ROI1,Col3,绘画：赵奇,
161,ROI1,Col3,85年4月1版1次64开,
161,ROI1,Col3,印数：24.44万定价：0.37元,
161,ROI1,Col3,市场交流价：,
161,ROI1,Col3,9品：10元,
161,ROI1,Col3,10品：15元,
161,ROI1,Col4,倪焕之,
161,ROI1,Col4,出版社：上海人民美术,
161,ROI1,Col4,改编：李白英,
161,ROI1,Col4,绘画：盛增祥,
161,ROI1,Col4,82年8月1版1次64开,
161,ROI1,Col4,印数：22万定价：0.27元,
161,ROI1,Col4,市场交流价：,
161,ROI1,Col4,9品：25元,
161,ROI1,Col4,10品：50元,
161,ROI2,Col1,钻天峰(上下),
161,ROI2,Col1,出版社：人民美术,
161,ROI2,Col1,编者：刘英杰,
161,ROI2,Col1,绘画：李杰梅边,
161,ROI2,Col1,82年3月1版1次64开,
161,ROI2,Col1,印数：100万定价：0.16元,
161,ROI2,Col1,市场交流价：,
161,ROI2,Col1,9品：40元（全套）,
161,ROI2,Col1,10品：60元,
161,ROI2,Col2,顾正红,
161,ROI2,Col2,出版社：上海人民美术,
161,ROI2,Col2,编文：戚未全,
161,ROI2,Col2,绘者：毛震耀,
161,ROI2,Col2,82年10月1版1次64开,
161,ROI2,Col2,印数：18万定价：0.08元,
161,ROI2,Col2,市场交流价：,
161,ROI2,Col2,9品：10元,
161,ROI2,Col2,10品：20元,
161,ROI2,Col3,秤的故事,
161,ROI2,Col3,出版社：辽宁人民,
161,ROI2,Col3,改编：苏继明等,
161,ROI2,Col3,绘画：高家明等,
161,ROI2,Col3,78年4月1版1次64开,
161,ROI2,Col3,印数：25.05万定价：0.09元,
161,ROI2,Col3,市场交流价：,
161,ROI2,Col3,9品：8元,
161,ROI2,Col3,10品：15元,
161,ROI2,Col4,疾风,
161,ROI2,Col4,出版社：江苏人民,
161,ROI2,Col4,改编：朱安平,
161,ROI2,Col4,绘画：秀公晓雁,
161,ROI2,Col4,77年8月1版1次64开,
161,ROI2,Col4,印数：未详定价：0.14元,
161,ROI2,Col4,市场交流价：,
161,ROI2,Col4,9品：15元,
161,ROI2,Col4,10品：25元,
162,ROI1,Col1,起宏图,
162,ROI1,Col1,出版社：上海人民,
162,ROI1,Col1,改编：杨芷芳,
162,ROI1,Col1,绘画：唐西林等,
162,ROI1,Col1,77年7月1版1次64开,
162,ROI1,Col1,印数：未详定价：0.07元,
162,ROI1,Col1,市场交流价：,
162,ROI1,Col1,9品：15元,
162,ROI1,Col1,10品：25元,
162,ROI1,Col2,铁壁岛,
162,ROI1,Col2,出版社：上海人民美术,
162,ROI1,Col2,改编：徐明灿,
162,ROI1,Col2,绘画：叶雄,
162,ROI1,Col2,78年7月1版1次64开,
162,ROI1,Col2,印数：未详定价：0.16元,
162,ROI1,Col2,市场交流价：,
162,ROI1,Col2,9品：20元,
162,ROI1,Col2,10品：35元,
162,ROI1,Col3,敌后侦察,
162,ROI1,Col3,出版社：浙江人民美术,
162,ROI1,Col3,改编：竺乾华,
162,ROI1,Col3,绘画：丁世弼,
162,ROI1,Col3,82年9月1版1次64开,
162,ROI1,Col3,印数：65万定价：0.21元,
162,ROI1,Col3,市场交流价：,
162,ROI1,Col3,9品：10元,
162,ROI1,Col3,10品：15元,
162,ROI1,Col4,党费,
162,ROI1,Col4,出版社：上海人民美术,
162,ROI1,Col4,改编：成莫愁,
162,ROI1,Col4,绘画：桑麟康,
162,ROI1,Col4,79年7月1版1次64开,
162,ROI1,Col4,印数：30万定价：0.08元,
162,ROI1,Col4,市场交流价：,
162,ROI1,Col4,9品：8元,
162,ROI1,Col4,10品：15元,
162,ROI2,Col1,夏伯阳,
162,ROI2,Col1,出版社：江苏人民,
162,ROI2,Col1,编文：孙剑影孙剑鸣,
162,ROI2,Col1,绘画：章文熙孙为国,
162,ROI2,Col1,79年5月1版1次64开,
162,ROI2,Col1,印数：40万定价：0.17元,
162,ROI2,Col1,市场交流价：,
162,ROI2,Col1,9品：20元,
162,ROI2,Col1,10品：40元,
162,ROI2,Col2,夏伯阳,
162,ROI2,Col2,出版社：上海人民美术,
162,ROI2,Col2,改编：文文,
162,ROI2,Col2,绘画：罗 兴,
162,ROI2,Col2,79年2月2版1次64开,
162,ROI2,Col2,印数：63万定价：0.18元,
162,ROI2,Col2,市场交流价：,
162,ROI2,Col2,9品：50元,
162,ROI2,Col2,10品：100元,
162,ROI2,Col3,夏倍上校,
162,ROI2,Col3,出版社：辽宁美术,
162,ROI2,Col3,改编：甘礼乐,
162,ROI2,Col3,绘画：徐芝耀 晓烨,
162,ROI2,Col3,84年3月1版1次64开,
162,ROI2,Col3,印数：21万定价：0.25元,
162,ROI2,Col3,市场交流价：,
162,ROI2,Col3,9品：5元,
162,ROI2,Col3,10品：15元,
162,ROI2,Col4,真假新娘,
162,ROI2,Col4,出版社：广西人民,
162,ROI2,Col4,改编：吴光文长关,
162,ROI2,Col4,绘画：韦文峰 2,
162,ROI2,Col4,83年7月1版1次64开,
162,ROI2,Col4,印数：30.65万定价：0.14元,
162,ROI2,Col4,市场交流价：,
162,ROI2,Col4,9品：5元,
162,ROI2,Col4,10品：10元,
163,ROI1,Col1,流浪儿,
163,ROI1,Col1,出版社：上海人民美术,
163,ROI1,Col1,改编：吴其柔,
163,ROI1,Col1,绘画：韩伍,
163,ROI1,Col1,84年3月1版1次60开,
163,ROI1,Col1,印数：17.4万定价：0.26元,
163,ROI1,Col1,市场交流价：,
163,ROI1,Col1,9品：30元,
163,ROI1,Col1,10品：60元,
163,ROI1,Col2,流浪儿,
163,ROI1,Col2,出版社：人民美术,
163,ROI1,Col2,改编：姚启洪,
163,ROI1,Col2,绘画：梁平波,
163,ROI1,Col2,81年12月1版1次64开,
163,ROI1,Col2,印数：73万定价：0.15元,
163,ROI1,Col2,市场交流价：,
163,ROI1,Col2,9品：8元,
163,ROI1,Col2,10品：15元,
163,ROI1,Col3,埃米尔捕盗记,
163,ROI1,Col3,出版社：辽宁美术,
163,ROI1,Col3,改编：辛果,
163,ROI1,Col3,绘画：李冠国,
163,ROI1,Col3,82年6月1版2次64开,
163,ROI1,Col3,印数：19.7万定价：0.31元,
163,ROI1,Col3,市场交流价：,
163,ROI1,Col3,9品：8元,
163,ROI1,Col3,10品：15元,
163,ROI1,Col4,黑珍珠球王贝利,
163,ROI1,Col4,出版社：四川人民,
163,ROI1,Col4,编文：黄振惇李叔均等,
163,ROI1,Col4,绘画：古月等,
163,ROI1,Col4,81年11月1版1次64开,
163,ROI1,Col4,印数：25万定价：0.11元,
163,ROI1,Col4,市场交流价：,
163,ROI1,Col4,9品：10元,
163,ROI1,Col4,10品：20元,
163,ROI2,Col1,高龙巴（上下）,
163,ROI2,Col1,出版社：上海人民美术,
163,ROI2,Col1,改编：劳有林裴高,
163,ROI2,Col1,绘画：胡志荣等,
163,ROI2,Col1,90年6月1版1次64开,
163,ROI2,Col1,印数：0.32万定价：1.48元,
163,ROI2,Col1,市场交流价：,
163,ROI2,Col1,9品：50元（全套）,
163,ROI2,Col1,10品：80元,
163,ROI2,Col2,爱丽丝梦游奇境记,
163,ROI2,Col2,出版社：上海人民美术,
163,ROI2,Col2,改编：蔡体荣,
163,ROI2,Col2,绘画：庄根生,
163,ROI2,Col2,84年11月1版1次64开,
163,ROI2,Col2,印数：20.4万定价：0.30元,
163,ROI2,Col2,市场交流价：,
163,ROI2,Col2,9品：10元,
163,ROI2,Col2,10品：15元,
163,ROI2,Col3,唐·吉诃德,
163,ROI2,Col3,出版社：四川人民,
163,ROI2,Col3,改编：力行,
163,ROI2,Col3,绘画：雷时圣等,
163,ROI2,Col3,83年5月1版1次64开,
163,ROI2,Col3,印数：20.28万定价：0.17元,
163,ROI2,Col3,市场交流价：,
163,ROI2,Col3,9品：15元,
163,ROI2,Col3,10品：25元,
163,ROI2,Col4,高尔基教养院,
163,ROI2,Col4,出版社：江苏人民,
163,ROI2,Col4,:毛永煌,
163,ROI2,Col4,绘画：永成,
163,ROI2,Col4,83年10月1版1次64开,
163,ROI2,Col4,印数：2.95万定价：0.19元,
163,ROI2,Col4,市场交流价：,
163,ROI2,Col4,9品：10元,
163,ROI2,Col4,10品：20元,
164,ROI1,Col1,“海怪”之谜,
164,ROI1,Col1,出版社：人民美术,
164,ROI1,Col1,改编：胡源,
164,ROI1,Col1,绘画：毛文彪、吴海燕,
164,ROI1,Col1,84年10月1版1次60开,
164,ROI1,Col1,印数：29万定价：0.42元,
164,ROI1,Col1,市场交流价：,
164,ROI1,Col1,9品：10元,
164,ROI1,Col1,10品：15元,
164,ROI1,Col2,海底两万里(上),
164,ROI1,Col2,出版社：辽宁美术,
164,ROI1,Col2,改编：何泥,
164,ROI1,Col2,绘画：孙愚,
164,ROI1,Col2,81年6月1版1次64开,
164,ROI1,Col2,印数：45万定价：0.19元,
164,ROI1,Col2,市场交流价：,
164,ROI1,Col2,9品：10元,
164,ROI1,Col2,10品：20元,
164,ROI1,Col3,海底两万里(中),
164,ROI1,Col3,出版社：辽宁美术,
164,ROI1,Col3,改编：何泥,
164,ROI1,Col3,绘画：孙愚,
164,ROI1,Col3,82年10月1版1次64开,
164,ROI1,Col3,印数：12.1万定价：0.17元,
164,ROI1,Col3,市场交流价：,
164,ROI1,Col3,9品：25元,
164,ROI1,Col3,10品：45元,
164,ROI1,Col4,海底两万里(下),
164,ROI1,Col4,出版社：辽宁美术,
164,ROI1,Col4,改编：何泥,
164,ROI1,Col4,绘画：孙愚,
164,ROI1,Col4,84年7月1版1次64开,
164,ROI1,Col4,印数：6.507万定价：0.22元,
164,ROI1,Col4,市场交流价：,
164,ROI1,Col4,9品：25元,
164,ROI1,Col4,10品：55元,
164,ROI2,Col1,海底两万里(上下）,
164,ROI2,Col1,出版社：天津人民美术,
164,ROI2,Col1,改编：卞福顺,
164,ROI2,Col1,绘画：黄云松,
164,ROI2,Col1,81年9月1版1次64开,
164,ROI2,Col1,印数：20万定价：0.36元,
164,ROI2,Col1,市场交流价：,
164,ROI2,Col1,9品：35元（全套）,
164,ROI2,Col1,10品：60元,
164,ROI2,Col2,海的女儿,
164,ROI2,Col2,出版社：广西人民,
164,ROI2,Col2,编著：（丹）安徒生,
164,ROI2,Col2,绘画：翁文忠邓二龙,
164,ROI2,Col2,81年6月1版1次64开,
164,ROI2,Col2,印数：64万定价：0.11元,
164,ROI2,Col2,市场交流价：,
164,ROI2,Col2,9品：15元,
164,ROI2,Col2,10品：30元,
164,ROI2,Col3,海底城的国王,
164,ROI2,Col3,出版社：浙江人民美术,
164,ROI2,Col3,改编：茅永,
164,ROI2,Col3,绘画：孙愚,
164,ROI2,Col3,84年7月1版1次64开,
164,ROI2,Col3,印数：20.5万定价：0.20元,
164,ROI2,Col3,市场交流价：,
164,ROI2,Col3,9品：8元,
164,ROI2,Col3,10品：15元,
164,ROI2,Col4,海底奇观,
164,ROI2,Col4,出版社：河北美术,
164,ROI2,Col4,改编：徐英杰,
164,ROI2,Col4,绘者：王双贵,
164,ROI2,Col4,83年11月1版1次64开,
164,ROI2,Col4,印数：6.5万定价：0.18元,
164,ROI2,Col4,市场交流价：,
164,ROI2,Col4,9品：8元,
164,ROI2,Col4,10品：15元,
164,FOOTNOTE,,,《“海怪”之谜》与《海底两万里》为同一题材。
165,ROI1,Col1,绿野仙踪,
165,ROI1,Col1,出版社：岭南美术,
165,ROI1,Col1,改编：胡羽中,
165,ROI1,Col1,绘画：刘露薇,
165,ROI1,Col1,87年4月1版1次64开,
165,ROI1,Col1,印数：未详 定价：0.37元,
165,ROI1,Col1,市场交流价：,
165,ROI1,Col1,9品：10元,
165,ROI1,Col1,10品：20元,
165,ROI1,Col2,0 绿野仙踪,
165,ROI1,Col2,出版社：上海人民美术,
165,ROI1,Col2,改编：虞伟民,
165,ROI1,Col2,绘画：潘宝珠,
165,ROI1,Col2,80年11月1版1次64开,
165,ROI1,Col2,印数：70万定价：0.12元,
165,ROI1,Col2,市场交流价：,
165,ROI1,Col2,9品：15元,
165,ROI1,Col2,10品：30元,
165,ROI1,Col3,绿野仙踪,
165,ROI1,Col3,出版社：人民美术,
165,ROI1,Col3,改编：白玉,
165,ROI1,Col3,绘画：徐锡林,
165,ROI1,Col3,81年9月1版1次64开,
165,ROI1,Col3,印数：49万定价：0.10元,
165,ROI1,Col3,市场交流价：,
165,ROI1,Col3,9品：10元,
165,ROI1,Col3,10品：18元,
165,ROI1,Col4,绿野仙踪,
165,ROI1,Col4,出版社：天津人民美术,
165,ROI1,Col4,改编：毛亮英,
165,ROI1,Col4,绘画：高宝生,
165,ROI1,Col4,82年3月1版1次64开,
165,ROI1,Col4,印数：38.1万定价：0.16元,
165,ROI1,Col4,市场交流价：,
165,ROI1,Col4,9品：15元,
165,ROI1,Col4,10品：30元,
165,ROI2,Col1,绿野仙踪,
165,ROI2,Col1,出版社：人民美术,
165,ROI2,Col1,改编：王海平,
165,ROI2,Col1,绘画：徐锡林,
165,ROI2,Col1,87年3月1版1次64开,
165,ROI2,Col1,印数：3万,
165,ROI2,Col1,市场交流价：,
165,ROI2,Col1,9品：30元（全套）,
165,ROI2,Col1,10品：60元,
165,ROI2,Col2,多萝茜,
165,ROI2,Col2,出版社：湖南少年儿童,
165,ROI2,Col2,改编：武修敬,
165,ROI2,Col2,绘画：徐中益,
165,ROI2,Col2,83年11月1版1次64开,
165,ROI2,Col2,印数：6.1万定价：0.20元,
165,ROI2,Col2,市场交流价：,
165,ROI2,Col2,9品：15元,
165,ROI2,Col2,10品：35元,
165,ROI2,Col3,航行曰记的秘密,
165,ROI2,Col3,出版社：人民美术,
165,ROI2,Col3,改编：王志冲,
165,ROI2,Col3,绘画：孙永印,
165,ROI2,Col3,85年11月1版1次64开,
165,ROI2,Col3,印数：10万定价：0.27元,
165,ROI2,Col3,市场交流价：,
165,ROI2,Col3,9品：8元,
165,ROI2,Col3,10品：20元,
165,ROI2,Col4,铁流,
165,ROI2,Col4,出版社：浙江人民美术,
165,ROI2,Col4,改编：水清,
165,ROI2,Col4,绘画：梁启德,
165,ROI2,Col4,84年2月1版1次64开,
165,ROI2,Col4,印数：27万定价：0.19元,
165,ROI2,Col4,市场交流价：,
165,ROI2,Col4,9品：20元,
165,ROI2,Col4,10品：35元,
166,ROI1,Col1,高老头,
166,ROI1,Col1,出版社：江苏人民,
166,ROI1,Col1,改编：丁立平,
166,ROI1,Col1,绘画：秀公聂磊,
166,ROI1,Col1,82年6月1版1次64开,
166,ROI1,Col1,印数：28.6万定价：0.19元,
166,ROI1,Col1,市场交流价：,
166,ROI1,Col1,9品：15元,
166,ROI1,Col1,10品：25元,
166,ROI1,Col2,高老头,
166,ROI1,Col2,出版社：上海人民美术,
166,ROI1,Col2,改编：王成荣,
166,ROI1,Col2,绘画：方昉陈纪仁,
166,ROI1,Col2,82年12月1版1次64开,
166,ROI1,Col2,印数：26万定价：0.29元,
166,ROI1,Col2,市场交流价：,
166,ROI1,Col2,9品：20元,
166,ROI1,Col2,10品：40元,
166,ROI1,Col3,笑面人,
166,ROI1,Col3,出版社：人民美术,
166,ROI1,Col3,改编：任宝贤,
166,ROI1,Col3,绘画：张定华,
166,ROI1,Col3,85年5月1版1次64开 .,
166,ROI1,Col3,印数：14.5万定价：0.53元,
166,ROI1,Col3,市场交流价：,
166,ROI1,Col3,9品：30元,
166,ROI1,Col3,10品：60元,
166,ROI1,Col4,笑面人,
166,ROI1,Col4,出版社：浙江人民美术,
166,ROI1,Col4,改编：陆和荪,
166,ROI1,Col4,绘画：梁平波,
166,ROI1,Col4,84年8月1版1次64开,
166,ROI1,Col4,印数：24万定价：0.30元,
166,ROI1,Col4,市场交流价：,
166,ROI1,Col4,9品：20元,
166,ROI1,Col4,10品：40元,
166,ROI2,Col1,恶魔导演的战争,
166,ROI2,Col1,出版社：中国文联,
166,ROI2,Col1,改编：徐涂,
166,ROI2,Col1,绘画：陈军,
166,ROI2,Col1,84年12月1版1次64开,
166,ROI2,Col1,印数：未详定价：0.33元,
166,ROI2,Col1,市场交流价：,
166,ROI2,Col1,9品：5元,
166,ROI2,Col1,10品：10元,
166,ROI2,Col2,恶魔导演的战争,
166,ROI2,Col2,出版社：昆仑,
166,ROI2,Col2,改编：王颖,
166,ROI2,Col2,绘画：孙荣山黄少玲,
166,ROI2,Col2,85年7月1版1次64开,
166,ROI2,Col2,印数：未详 定价：0.30元,
166,ROI2,Col2,市场交流价：,
166,ROI2,Col2,9品：10元,
166,ROI2,Col2,10品：20元,
166,ROI2,Col3,爱美丽雅,
166,ROI2,Col3,出版社：上海人民美术,
166,ROI2,Col3,改编：孙加瑞,
166,ROI2,Col3,绘画：胡克文,
166,ROI2,Col3,84年1月2版3次60开,
166,ROI2,Col3,印数：39.5万定价：0.18元,
166,ROI2,Col3,市场交流价：,
166,ROI2,Col3,9品：20元,
166,ROI2,Col3,10品：40元,
166,ROI2,Col4,哥仑布,
166,ROI2,Col4,出版社：浙江人民美术,
166,ROI2,Col4,编文：胡霜,
166,ROI2,Col4,绘画：黄云松,
166,ROI2,Col4,80年1月1版1次64开,
166,ROI2,Col4,印数：40万 定价：0.15元,
166,ROI2,Col4,市场交流价：,
166,ROI2,Col4,9品：15元,
166,ROI2,Col4,10品：30元,
167,ROI1,Col1,淀宝潭,
167,ROI1,Col1,出版社：福建人民,
167,ROI1,Col1,编文：听涛,
167,ROI1,Col1,绘画：陈光镒,
167,ROI1,Col1,80年2月1版1次64开,
167,ROI1,Col1,印数：50万定价：0.09元,
167,ROI1,Col1,市场交流价：,
167,ROI1,Col1,9品：30元,
167,ROI1,Col1,10品：60元,
167,ROI1,Col2,断肠悲歌,
167,ROI1,Col2,出版社：浙江人民美术,
167,ROI1,Col2,编文：项冰如,
167,ROI1,Col2,绘画：匈棣 (徐有武),
167,ROI1,Col2,88年7月1版1次64开,
167,ROI1,Col2,印数：3.42万定价：0.38元,
167,ROI1,Col2,市场交流价：,
167,ROI1,Col2,9品：8元,
167,ROI1,Col2,10品：15元,
167,ROI1,Col3,梅女,
167,ROI1,Col3,出版社：陕西人民美术,
167,ROI1,Col3,改编：褚福章,
167,ROI1,Col3,绘画：赵仁年等,
167,ROI1,Col3,82年3月1版1次64开,
167,ROI1,Col3,印数：56万定价：0.23元,
167,ROI1,Col3,市场交流价：,
167,ROI1,Col3,9品：8元,
167,ROI1,Col3,10品：15元,
167,ROI1,Col4,笛仙,
167,ROI1,Col4,出版社：人民音乐,
167,ROI1,Col4,改编：陈长慧,
167,ROI1,Col4,绘画：叶毓中,
167,ROI1,Col4,83年4月1版1次64开,
167,ROI1,Col4,印数：23.9万定价：0.13元,
167,ROI1,Col4,市场交流价：,
167,ROI1,Col4,9品：25元,
167,ROI1,Col4,10品：60元,
167,ROI2,Col1,黄头郎,
167,ROI2,Col1,出版社：宁夏人民,
167,ROI2,Col1,改编：廉俊生,
167,ROI2,Col1,绘画：张新国卢新东,
167,ROI2,Col1,83年4月1版1次64开,
167,ROI2,Col1,印数：4.73万定价：0.10元,
167,ROI2,Col1,市场交流价：,
167,ROI2,Col1,9品：20元,
167,ROI2,Col1,10品：40元,
167,ROI2,Col2,深宫刺帝,
167,ROI2,Col2,出版社：江苏美术,
167,ROI2,Col2,编文：汪佩琴于水,
167,ROI2,Col2,绘画：于玄于水,
167,ROI2,Col2,86年2月1版1次64开,
167,ROI2,Col2,印数：4.54万定价：0.46元,
167,ROI2,Col2,市场交流价：,
167,ROI2,Col2,9品：10元,
167,ROI2,Col2,10品：20元,
167,ROI2,Col3,梨花狱,
167,ROI2,Col3,出版社：浙江人民美术,
167,ROI2,Col3,改编：王杰夫孔尧其,
167,ROI2,Col3,绘画：陆华陈敏,
167,ROI2,Col3,85年6月1版1次64开,
167,ROI2,Col3,印数：22万定价：0.27元,
167,ROI2,Col3,市场交流价：,
167,ROI2,Col3,9品：15元,
167,ROI2,Col3,10品：25元,
167,ROI2,Col4,望夫石,
167,ROI2,Col4,出版社：湖南美术,
167,ROI2,Col4,改编：李华章胡运枝,
167,ROI2,Col4,绘画：汪国新,
167,ROI2,Col4,83年6月1版1次64开,
167,ROI2,Col4,印数：10.2万定价：0.12元,
167,ROI2,Col4,市场交流价：,
167,ROI2,Col4,9品：8元,
167,ROI2,Col4,10品：15元,
168,ROI1,Col1,逼上梁山,
168,ROI1,Col1,出版社：浙江人民美术,
168,ROI1,Col1,改编：胡霜,
168,ROI1,Col1,绘画：孙昌茵,
168,ROI1,Col1,80年1月1版1次64开,
168,ROI1,Col1,印数：40万定价：0.15元,
168,ROI1,Col1,市场交流价：,
168,ROI1,Col1,9品：15元,
168,ROI1,Col1,10品：25元,
168,ROI1,Col2,逼上梁山,
168,ROI1,Col2,出版社：黑龙江人民,
168,ROI1,Col2,改编：章霖,
168,ROI1,Col2,绘画：阴衍江,
168,ROI1,Col2,80年3月1版1次64开,
168,ROI1,Col2,印数：32万定价：0.14元,
168,ROI1,Col2,市场交流价：,
168,ROI1,Col2,9品：15元,
168,ROI1,Col2,10品：30元,
168,ROI1,Col3,逼上梁山,
168,ROI1,Col3,出版社：辽宁美术,
168,ROI1,Col3,改编：鲁南,
168,ROI1,Col3,绘画：郑新羽,
168,ROI1,Col3,81年3月1版1次64开,
168,ROI1,Col3,印数：37.5万定价：0.22元,
168,ROI1,Col3,市场交流价：,
168,ROI1,Col3,9品：10元,
168,ROI1,Col3,10品：15元,
168,ROI1,Col4,逼上梁山,
168,ROI1,Col4,出版社：人民美术,
168,ROI1,Col4,改编：黄钟王希平,
168,ROI1,Col4,绘画：任率英等,
168,ROI1,Col4,80年6月1版2次64开,
168,ROI1,Col4,印数：368万定价：0.13元,
168,ROI1,Col4,市场交流价：,
168,ROI1,Col4,9品：20元,
168,ROI1,Col4,10品：50元,
168,ROI2,Col1,黄巢起义,
168,ROI2,Col1,出版社：浙江人民美术,
168,ROI2,Col1,改编：郁茹,
168,ROI2,Col1,绘画：徐有武,
168,ROI2,Col1,84年6月1版1次64开,
168,ROI2,Col1,印数：20.5万定价：0.25元,
168,ROI2,Col1,市场交流价：,
168,ROI2,Col1,9品：25元,
168,ROI2,Col1,10品：50元,
168,ROI2,Col2,黄巢起义,
168,ROI2,Col2,出版社：上海人民美术,
168,ROI2,Col2,编文：陆达人,
168,ROI2,Col2,绘画：颜梅华,
168,ROI2,Col2,80年3月1版1次64开,
168,ROI2,Col2,印数：60万定价：0.16元,
168,ROI2,Col2,市场交流价：,
168,ROI2,Col2,9品：40元,
168,ROI2,Col2,10品：80元,
168,ROI2,Col3,黄巾起义,
168,ROI2,Col3,出版社：河北美术,
168,ROI2,Col3,改编：尚羡智,
168,ROI2,Col3,绘画：黄大华崔君沛,
168,ROI2,Col3,83年9月1版1次64开,
168,ROI2,Col3,印数：4.5万定价：0.16元,
168,ROI2,Col3,市场交流价：,
168,ROI2,Col3,9品：25元,
168,ROI2,Col3,10品：50元,
168,ROI2,Col4,黄巾起义,
168,ROI2,Col4,出版社：上海人民美术,
168,ROI2,Col4,编文：冯元魁浦增元,
168,ROI2,Col4,绘画：王亦秋庞先健,
168,ROI2,Col4,78年4月1版1次64开,
168,ROI2,Col4,印数：未详定价：0.15元,
168,ROI2,Col4,市场交流价：,
168,ROI2,Col4,9品：30元,
168,ROI2,Col4,10品：60元,
169,ROI1,Col1,黄道周与洪承畴,
169,ROI1,Col1,出版社：福建人民,
169,ROI1,Col1,编文：孙英龙翟卡,
169,ROI1,Col1,绘画：陈光镒,
169,ROI1,Col1,81年2月1版1次64开,
169,ROI1,Col1,印数：16.93万定价：0.11元,
169,ROI1,Col1,市场交流价：,
169,ROI1,Col1,9品：25元,
169,ROI1,Col1,10品：50元,
169,ROI1,Col2,猪八戒新传(上下),
169,ROI1,Col2,出版社：江苏人民,
169,ROI1,Col2,改编：章淑萍张红兵,
169,ROI1,Col2,绘画：杨晓晖,
169,ROI1,Col2,79年11月1版1次64开,
169,ROI1,Col2,印数：30万定价：0.28元,
169,ROI1,Col2,市场交流价：,
169,ROI1,Col2,9品：40元（全套）,
169,ROI1,Col2,10品：60元,
169,ROI1,Col3,0 猪八戒吃西瓜,
169,ROI1,Col3,出版社：上海人民美术,
169,ROI1,Col3,编文：包蕾,
169,ROI1,Col3,绘画：邓柯,
169,ROI1,Col3,79年2月1版1次64开,
169,ROI1,Col3,印数：80万定价：0.11元,
169,ROI1,Col3,市场交流价：,
169,ROI1,Col3,9品：15元,
169,ROI1,Col3,10品：30元,
169,ROI1,Col4,猪八戒探山,
169,ROI1,Col4,出版社：湖南人民,
169,ROI1,Col4,改编：曾凡益,
169,ROI1,Col4,绘画：陈白一等,
169,ROI1,Col4,80年3月1版1次64开,
169,ROI1,Col4,印数：：110万定价：0.13元,
169,ROI1,Col4,市场交流价：,
169,ROI1,Col4,9品：15元,
169,ROI1,Col4,10品：30元,
169,ROI2,Col1,渔岛怒潮(上下),
169,ROI2,Col1,出版社：人民美术,
169,ROI2,Col1,改编：王仲,
169,ROI2,Col1,绘画：杨文仁丁宁原,
169,ROI2,Col1,83年2月1版2次60开,
169,ROI2,Col1,印数：27万定价：0.56元,
169,ROI2,Col1,市场交流价：,
169,ROI2,Col1,9品：20元（全套）,
169,ROI2,Col1,10品：30元,
169,ROI2,Col2,B,
169,ROI2,Col2,渔岛怒潮 (上下),
169,ROI2,Col2,出版社：江西人民,
169,ROI2,Col2,改编：王树华,
169,ROI2,Col2,绘画：丁世弼,
169,ROI2,Col2,73年7月1版1次60开,
169,ROI2,Col2,印数：50万定价：0.38元,
169,ROI2,Col2,市场交流价：,
169,ROI2,Col2,9品：100元（全套）,
169,ROI2,Col2,10品：250元,
169,ROI2,Col3,6,
169,ROI2,Col3,渔岛之子,
169,ROI2,Col3,出版社：人民美术,
169,ROI2,Col3,改编：刘鉴星索,
169,ROI2,Col3,绘画：钱贵荪,
169,ROI2,Col3,72年9月3版3次60开,
169,ROI2,Col3,印数：未详定价：0.18元,
169,ROI2,Col3,市场交流价：,
169,ROI2,Col3,9品：45元,
169,ROI2,Col3,10品：120元,
169,ROI2,Col4,2 渔钩阵,
169,ROI2,Col4,0,
169,ROI2,Col4,出版社：山东人民,
169,ROI2,Col4,编文：王仲山,
169,ROI2,Col4,绘画：赵明程,
169,ROI2,Col4,73年2月1版1次60开,
169,ROI2,Col4,印数：60万定价：0.11元,
169,ROI2,Col4,市场交流价：,
169,ROI2,Col4,9品：20元,
169,ROI2,Col4,10品：40元,
170,ROI1,Col1,排弹英雄,
170,ROI1,Col1,出版社：吉林人民,
170,ROI1,Col1,改编：李遵义,
170,ROI1,Col1,绘画：杨乐天,
170,ROI1,Col1,74年2月1版1次64开,
170,ROI1,Col1,印数：100万定价：0.11元,
170,ROI1,Col1,市场交流价：,
170,ROI1,Col1,9品：5元,
170,ROI1,Col1,10品：10元,
170,ROI1,Col2,第一线上,
170,ROI1,Col2,出版社：上海人民,
170,ROI1,Col2,编文：庄大伟,
170,ROI1,Col2,绘画：杨秉良,
170,ROI1,Col2,76年4月1版1次64开,
170,ROI1,Col2,印数：未详定价：0.07元,
170,ROI1,Col2,市场交流价：,
170,ROI1,Col2,9品：8元,
170,ROI1,Col2,10品：15元,
170,ROI1,Col3,第三把钥匙,
170,ROI1,Col3,出版社：山东人民,
170,ROI1,Col3,编文：王兆山,
170,ROI1,Col3,绘画：高天祥等,
170,ROI1,Col3,75年12月1版1次60开,
170,ROI1,Col3,印数：30万定价：0.09元,
170,ROI1,Col3,市场交流价：,
170,ROI1,Col3,9品：25元,
170,ROI1,Col3,10品：40元,
170,ROI1,Col4,惊涛烈火,
170,ROI1,Col4,出版社：黑龙江人民,
170,ROI1,Col4,改编：集体,
170,ROI1,Col4,绘画：集体,
170,ROI1,Col4,73年5月1版1次64开,
170,ROI1,Col4,印数：20万定价：0.12元,
170,ROI1,Col4,市场交流价：,
170,ROI1,Col4,9品：15元,
170,ROI1,Col4,10品：25元,
170,ROI2,Col1,推钢姑娘,
170,ROI2,Col1,出版社：上海人民,
170,ROI2,Col1,改编：集体,
170,ROI2,Col1,绘画：集体,
170,ROI2,Col1,75年9月1版1次64开,
170,ROI2,Col1,印数：未详定价：0.10元,
170,ROI2,Col1,市场交流价：,
170,ROI2,Col1,9品：8元,
170,ROI2,Col1,10品：15元,
170,ROI2,Col2,鹿鸣翠谷,
170,ROI2,Col2,出版社：辽宁人民,
170,ROI2,Col2,改编：张顺国,
170,ROI2,Col2,绘画：杨春生,
170,ROI2,Col2,75年4月1版1次64开,
170,ROI2,Col2,印数：30万定价：0.10元,
170,ROI2,Col2,市场交流价：,
170,ROI2,Col2,9品：10元,
170,ROI2,Col2,10品：25元,
170,ROI2,Col3,脚印,
170,ROI2,Col3,出版社：黑龙江人民,
170,ROI2,Col3,改编：王佩家,
170,ROI2,Col3,绘画：向群等,
170,ROI2,Col3,74年1月1版1次64开,
170,ROI2,Col3,印数：28万定价：0.15元,
170,ROI2,Col3,市场交流价：,
170,ROI2,Col3,9品：8元,
170,ROI2,Col3,10品：20元,
170,ROI2,Col4,淮北大寨花,
170,ROI2,Col4,出版社：江苏、人民美术,
170,ROI2,Col4,改编：集体,
170,ROI2,Col4,绘画：集体,
170,ROI2,Col4,77年6月1版1次64开,
170,ROI2,Col4,印数：94万定价：0.16元,
170,ROI2,Col4,市场交流价：,
170,ROI2,Col4,9品：10元,
170,ROI2,Col4,10品：20元,
171,ROI1,Col1,银沙滩(上),
171,ROI1,Col1,出版社：天津人民美术,
171,ROI1,Col1,编文：集体,
171,ROI1,Col1,绘画：集体,
171,ROI1,Col1,75年6月1版1次60开,
171,ROI1,Col1,印数：未详 定价：0.17元,
171,ROI1,Col2,银沙滩(下),
171,ROI1,Col2,出版社：天津人民美术,
171,ROI1,Col2,改编：集体,
171,ROI1,Col2,绘画：集体,
171,ROI1,Col2,77年12月1版1次60开,
171,ROI1,Col2,印数：未详定价：0.19元,
171,ROI1,Col2,市场交流价：,
171,ROI1,Col2,9品：60元（全套）,
171,ROI1,Col2,10品：120元,
171,ROI1,Col3,银鹰播雨绿草原,
171,ROI1,Col3,出版社：内蒙古人民,
171,ROI1,Col3,编者：李殿忠邢安夫,
171,ROI1,Col3,绘画：李殿忠邢安夫,
171,ROI1,Col3,75年11月1版1次64开,
171,ROI1,Col3,印数：46.万定价：0.11元,
171,ROI1,Col3,市场交流价：,
171,ROI1,Col3,9品：20元,
171,ROI1,Col3,10品：40元,
171,ROI1,Col4,“爱民模范”盛习友,
171,ROI1,Col4,出版社：人民美术,
171,ROI1,Col4,改编：集体,
171,ROI1,Col4,绘画：集体,
171,ROI1,Col4,72年11月1版1次64开,
171,ROI1,Col4,印数：未详定价：0.11元,
171,ROI1,Col4,市场交流价：,
171,ROI1,Col4,9品：30元,
171,ROI1,Col4,10品：60元,
171,ROI2,Col1,黄山青松映丹心,
171,ROI2,Col1,出版社：上海人民,
171,ROI2,Col1,编文：集体,
171,ROI2,Col1,绘画：集体,
171,ROI2,Col1,71年9月1版1次60开,
171,ROI2,Col1,印数：未详定价：0.08元,
171,ROI2,Col1,市场交流价：,
171,ROI2,Col1,9品：40元,
171,ROI2,Col1,10品：150元,
171,ROI2,Col2,烽火少年,
171,ROI2,Col2,出版社：黑龙江人民,
171,ROI2,Col2,改编：杨明生,
171,ROI2,Col2,绘画：吕景富,
171,ROI2,Col2,74年10月1版1次64开,
171,ROI2,Col2,印数：80万定价：0.08元,
171,ROI2,Col2,市场交流价：,
171,ROI2,Col2,9品：15元,
171,ROI2,Col2,10品：25元,
171,ROI2,Col3,烽火少年,
171,ROI2,Col3,出版社：甘肃人民,
171,ROI2,Col3,改编：赵万堂,
171,ROI2,Col3,绘画：陈兴华,
171,ROI2,Col3,73年12月1版1次60开,
171,ROI2,Col3,印数：45万定价：0.11元,
171,ROI2,Col3,市场交流价：,
171,ROI2,Col3,9品：15元,
171,ROI2,Col3,10品：30元,
171,ROI2,Col4,烽火少年,
171,ROI2,Col4,出版社：人民美术,
171,ROI2,Col4,改编：高水然,
171,ROI2,Col4,绘画：关景宇赵宝林,
171,ROI2,Col4,74年7月1版1次64开,
171,ROI2,Col4,印数：250万定价：0.08元,
171,ROI2,Col4,市场交流价：,
171,ROI2,Col4,9品：8元,
171,ROI2,Col4,10品：15元,
171,FOOTNOTE,,,下册较上册少见。
171,FOOTNOTE,,,《银沙滩》
172,ROI1,Col1,雪山擒敌,
172,ROI1,Col1,出版社：天津人民美术,
172,ROI1,Col1,编文：朱松,
172,ROI1,Col1,绘画：韩书力等,
172,ROI1,Col1,75年7月1版1次60开,
172,ROI1,Col1,印数：未详定价：0.09元,
172,ROI1,Col1,市场交流价：,
172,ROI1,Col1,9品：25元,
172,ROI1,Col1,10品：50元,
172,ROI1,Col2,雪莲,
172,ROI1,Col2,出版社：浙江人民,
172,ROI1,Col2,改编：徐萌,
172,ROI1,Col2,绘画：吴永良,
172,ROI1,Col2,73年3月1版1次60开,
172,ROI1,Col2,印数：30万定价：0.07元,
172,ROI1,Col2,市场交流价：,
172,ROI1,Col2,9品：15元,
172,ROI1,Col2,10品：40元,
172,ROI1,Col3,雪夜融冰,
172,ROI1,Col3,出版社：上海人民,
172,ROI1,Col3,改编：集体,
172,ROI1,Col3,绘画：集体,
172,ROI1,Col3,72年8月2版1次60开,
172,ROI1,Col3,印数：未详定价：0.09元,
172,ROI1,Col3,市场交流价：,
172,ROI1,Col3,9品：15元,
172,ROI1,Col3,10品：40元,
172,ROI1,Col4,斯库台三英雄,
172,ROI1,Col4,出版社：广东人民,
172,ROI1,Col4,改编：集体,
172,ROI1,Col4,绘画：叶家斌,
172,ROI1,Col4,73年8月1版1次60开,
172,ROI1,Col4,印数：40万定价：0.07元,
172,ROI1,Col4,市场交流价：,
172,ROI1,Col4,9品：10元,
172,ROI1,Col4,10品：20元,
172,ROI2,Col1,0,
172,ROI2,Col1,商鞅变法,
172,ROI2,Col1,出版社：上海人民,
172,ROI2,Col1,改编：佩君,
172,ROI2,Col1,绘画：赵宏本,
172,ROI2,Col1,76年3月1版1次64开,
172,ROI2,Col1,印数：未详定价：0.09元,
172,ROI2,Col1,市场交流价：,
172,ROI2,Col1,9品：25元,
172,ROI2,Col1,10品：50元,
172,ROI2,Col2,淀上飞兵,
172,ROI2,Col2,出版社：上海人民,
172,ROI2,Col2,改编：费敏璋,
172,ROI2,Col2,绘画：韩和平,
172,ROI2,Col2,75年8月1版1次64开,
172,ROI2,Col2,印数：未详定价：0.11元,
172,ROI2,Col2,市场交流价：,
172,ROI2,Col2,9品：15元,
172,ROI2,Col2,10品：30元,
172,ROI2,Col3,6,
172,ROI2,Col3,船舱秘密,
172,ROI2,Col3,出版社：浙江人民,
172,ROI2,Col3,改编：郑朝,
172,ROI2,Col3,绘画：魏德俊李忠民,
172,ROI2,Col3,76年4月1版1次60开,
172,ROI2,Col3,印数：未详定价：0.08元,
172,ROI2,Col3,市场交流价：,
172,ROI2,Col3,9品：8元,
172,ROI2,Col3,10品：15元,
172,ROI2,Col4,密码的故事,
172,ROI2,Col4,出版社：浙江人民,
172,ROI2,Col4,改编：徐达,
172,ROI2,Col4,绘画：徐达,
172,ROI2,Col4,74年1月1版1次60开,
172,ROI2,Col4,印数：100万定价：0.08元,
172,ROI2,Col4,市场交流价：,
172,ROI2,Col4,9品：8元,
172,ROI2,Col4,10品：15元,
173,ROI1,Col1,黄河滩上血泪仇,
173,ROI1,Col1,出版社：河南人民,
173,ROI1,Col1,编文：集体,
173,ROI1,Col1,绘画：集体,
173,ROI1,Col1,72年5月2版1次60开,
173,ROI1,Col1,印数：未详定价：0.16元,
173,ROI1,Col1,市场交流价：,
173,ROI1,Col1,9品：30元,
173,ROI1,Col1,10品：80元,
173,ROI1,Col2,深山歼敌(上下）,
173,ROI1,Col2,出版社：湖北人民,
173,ROI1,Col2,改编：集体,
173,ROI1,Col2,绘画：集体,
173,ROI1,Col2,73年9月1版1次60开,
173,ROI1,Col2,印数：115万定价：0.26元,
173,ROI1,Col2,市场交流价：,
173,ROI1,Col2,9品：60元（全套）,
173,ROI1,Col2,10品：120元,
173,ROI1,Col3,深厚的友谊,
173,ROI1,Col3,出版社：上海人民,
173,ROI1,Col3,编文：集体,
173,ROI1,Col3,绘画：杨英镖,
173,ROI1,Col3,72年10月2版1次60开,
173,ROI1,Col3,印数：100万 定价：0.10元,
173,ROI1,Col3,市场交流价：,
173,ROI1,Col3,9品：25元,
173,ROI1,Col3,10品：70元,
173,ROI1,Col4,深山擒敌,
173,ROI1,Col4,出版社：福建人民,
173,ROI1,Col4,编文：黄铁强,
173,ROI1,Col4,绘画：刘昌华黄铁强,
173,ROI1,Col4,75年4月1版1次60开,
173,ROI1,Col4,印数：未详定价：0.13元,
173,ROI1,Col4,市场交流价：,
173,ROI1,Col4,9品：15元,
173,ROI1,Col4,10品：25元,
173,ROI2,Col1,深山打虎,
173,ROI2,Col1,出版社：福建人民,
173,ROI2,Col1,编文：集体,
173,ROI2,Col1,绘画：集体,
173,ROI2,Col1,73年2月1版1次60开,
173,ROI2,Col1,印数：25万定价：0.09元,
173,ROI2,Col1,市场交流价：,
173,ROI2,Col1,9品：15元,
173,ROI2,Col1,10品：30元,
173,ROI2,Col2,深山猎狐,
173,ROI2,Col2,出版社：上海人民,
173,ROI2,Col2,改编：陈关龙,
173,ROI2,Col2,绘画：汪绚秋,
173,ROI2,Col2,76年3月1版1次64开,
173,ROI2,Col2,印数：未详定价：0.08元,
173,ROI2,Col2,市场交流价：,
173,ROI2,Col2,9品：10元,
173,ROI2,Col2,10品：20元,
173,ROI2,Col3,B 盘查哨,
173,ROI2,Col3,出版社：浙江人民,
173,ROI2,Col3,改编：曾成金,
173,ROI2,Col3,绘画：曾成金,
173,ROI2,Col3,73年11月1版1次60开,
173,ROI2,Col3,印数：40万定价：0.07元,
173,ROI2,Col3,市场交流价：,
173,ROI2,Col3,9品：8元,
173,ROI2,Col3,10品：20元,
173,ROI2,Col4,G,
173,ROI2,Col4,骑白骏马的人,
173,ROI2,Col4,出版社：上海人民,
173,ROI2,Col4,改编：石凯,
173,ROI2,Col4,绘画：罗兴,
173,ROI2,Col4,73年1月1版1次60开,
173,ROI2,Col4,印数：50万定价：0.10元,
173,ROI2,Col4,市场交流价：,
173,ROI2,Col4,9品：25元,
173,ROI2,Col4,10品：80元,
174,ROI1,Col1,银球传友谊,
174,ROI1,Col1,出版社：上海人民,
174,ROI1,Col1,编文：潘国祥,
174,ROI1,Col1,绘画：孙愚,
174,ROI1,Col1,74年2月1版1次60开,
174,ROI1,Col1,印数：60万定价：0.06元,
174,ROI1,Col1,市场交流价：,
174,ROI1,Col1,9品：20元,
174,ROI1,Col1,10品：40元,
174,ROI1,Col2,盛林法,
174,ROI1,Col2,出版社：上海市出版革命组,
174,ROI1,Col2,改编：集体,
174,ROI1,Col2,绘画：集体,
174,ROI1,Col2,70年9月1版1次60开,
174,ROI1,Col2,印数：未详定价：0.07元,
174,ROI1,Col2,市场交流价：,
174,ROI1,Col2,9品：50元,
174,ROI1,Col2,10品：150元,
174,ROI1,Col3,龚二,
174,ROI1,Col3,出版社：江苏人民,
174,ROI1,Col3,改编：集体,
174,ROI1,Col3,绘画：集体,
174,ROI1,Col3,72年5月1版1次60开,
174,ROI1,Col3,印数：未详定价：0.08元,
174,ROI1,Col3,市场交流价：,
174,ROI1,Col3,9品：60元,
174,ROI1,Col3,10品：150元,
174,ROI1,Col4,黄明道,
174,ROI1,Col4,出版社：广东人民,
174,ROI1,Col4,改编：集体,
174,ROI1,Col4,绘画：集体,
174,ROI1,Col4,72年8月1版1次60开,
174,ROI1,Col4,印数：未详定价：0.09元,
174,ROI1,Col4,市场交流价：,
174,ROI1,Col4,9品：80元,
174,ROI1,Col4,10品：150元,
174,ROI2,Col1,做工农业大发展的促进派,
174,ROI2,Col1,出版社：吉林人民,
174,ROI2,Col1,编文：集体,
174,ROI2,Col1,绘画：集体,
174,ROI2,Col1,71年2月1版1次60开,
174,ROI2,Col1,印数：未详定价：0.13元,
174,ROI2,Col1,市场交流价：,
174,ROI2,Col1,9品：150元,
174,ROI2,Col1,10品：400元,
174,ROI2,Col2,野心家吕后,
174,ROI2,Col2,出版社：人民美术,
174,ROI2,Col2,编者：任梅,
174,ROI2,Col2,绘画：任率英于学俭等,
174,ROI2,Col2,77年4月1版1次60开,
174,ROI2,Col2,印数：100万 定价：0.05元,
174,ROI2,Col2,市场交流价：,
174,ROI2,Col2,9品：50元,
174,ROI2,Col2,10品：120元,
174,ROI2,Col3,淮海大战(上下),
174,ROI2,Col3,出版社：安徽美术,
174,ROI2,Col3,改编：沙铁军,
174,ROI2,Col3,绘画：王其钧高洪啸,
174,ROI2,Col3,85年2月1版1次64开,
174,ROI2,Col3,印数：未详定价：0.62元,
174,ROI2,Col3,市场交流价：,
174,ROI2,Col3,9品：30元（全套）,
174,ROI2,Col3,10品：50元,
174,ROI2,Col4,烽火孤儿（上下),
174,ROI2,Col4,出版社：黑龙江美术,
174,ROI2,Col4,改编：杨野,
174,ROI2,Col4,绘画：李俊生等,
174,ROI2,Col4,85年5月1版1次64开,
174,ROI2,Col4,印数：16.73万定价：0.72元,
174,ROI2,Col4,市场交流价：,
174,ROI2,Col4,9品：10元（全套）,
174,ROI2,Col4,10品：15元,
175,ROI1,Col1,第二次握手,
175,ROI1,Col1,出版社：陕西人民美术,
175,ROI1,Col1,改编：赵剑,
175,ROI1,Col1,绘画：关庆留,
175,ROI1,Col1,80年6月1版1次64开,
175,ROI1,Col1,印数：24.5万定价：0.21元,
175,ROI1,Col1,市场交流价：,
175,ROI1,Col1,9品：30元,
175,ROI1,Col1,10品：60元,
175,ROI1,Col2,第二次握手（上下),
175,ROI1,Col2,出版社：湖南美术,
175,ROI1,Col2,改编：丁楠,
175,ROI1,Col2,绘画：贺安成冯椒生,
175,ROI1,Col2,81年9月1版1次64开,
175,ROI1,Col2,印数：20万定价：0.25元,
175,ROI1,Col2,市场交流价：,
175,ROI1,Col2,9品：40元（全套）,
175,ROI1,Col2,10品：70元,
175,ROI1,Col3,第二次握手,
175,ROI1,Col3,出版社：辽宁美术,
175,ROI1,Col3,改编：高援,
175,ROI1,Col3,绘画：景启民,
175,ROI1,Col3,81年6月1版1次64开,
175,ROI1,Col3,印数：40万定价：0.17元,
175,ROI1,Col3,市场交流价：,
175,ROI1,Col3,9品：25元,
175,ROI1,Col3,10品：50元,
175,ROI1,Col4,第二次握手,
175,ROI1,Col4,出版社：天津人民美术,
175,ROI1,Col4,改编：广夏谕李硕儒,
175,ROI1,Col4,绘画：沈尧伊,
175,ROI1,Col4,80年9月1版1次64开,
175,ROI1,Col4,印数：5万定价：0.18元,
175,ROI1,Col4,市场交流价：,
175,ROI1,Col4,9品：45元,
175,ROI1,Col4,10品：100元,
175,ROI2,Col1,第二次握手,
175,ROI2,Col1,出版社：上海人民美术,
175,ROI2,Col1,改编：罗杰锋,
175,ROI2,Col1,绘画：孙愚范生福,
175,ROI2,Col1,79年12月1版1次64开,
175,ROI2,Col1,印数：100万定价：0.17元,
175,ROI2,Col1,市场交流价：,
175,ROI2,Col1,9品：15元,
175,ROI2,Col1,10品：30元,
175,ROI2,Col2,第二次握手,
175,ROI2,Col2,出版社：黑龙江人民,
175,ROI2,Col2,改编：楠林。,
175,ROI2,Col2,绘画：陈宜明等,
175,ROI2,Col2,81年12月1版1次40开,
175,ROI2,Col2,印数：9.35万定价：0.35元,
175,ROI2,Col2,市场交流价：,
175,ROI2,Col2,9品：60元,
175,ROI2,Col2,10品：90元,
175,ROI2,Col3,接班,
175,ROI2,Col3,出版社：上海人民,
175,ROI2,Col3,改编：程斌,
175,ROI2,Col3,绘画：杨道彪,
175,ROI2,Col3,77年11月1版1次64开,
175,ROI2,Col3,印数：未详定价：0.09元,
175,ROI2,Col3,市场交流价：,
175,ROI2,Col3,9品：8元,
175,ROI2,Col3,10品：15元,
175,ROI2,Col4,接电台,
175,ROI2,Col4,出版社：黑龙江人民,
175,ROI2,Col4,改编：集体,
175,ROI2,Col4,绘画：吕敬人,
175,ROI2,Col4,77年11月1版1次64开,
175,ROI2,Col4,印数：20万定价：0.07元,
175,ROI2,Col4,市场交流价：,
175,ROI2,Col4,9品：5元,
175,ROI2,Col4,10品：10元,
176,ROI1,Col1,检察官,
176,ROI1,Col1,出版社：上海人民美术,
176,ROI1,Col1,改编：彭瑞高,
176,ROI1,Col1,绘画：汪观清,
176,ROI1,Col1,82年6月1版1次64开,
176,ROI1,Col1,印数：70万定价：0.17元,
176,ROI1,Col1,市场交流价：,
176,ROI1,Col1,9品：10元,
176,ROI1,Col1,10品：20元,
176,ROI1,Col2,检察官,
176,ROI1,Col2,出版社：河北美术,
176,ROI1,Col2,改编：王良莹,
176,ROI1,Col2,绘画：石恒谟,
176,ROI1,Col2,84年5月1版1次64开,
176,ROI1,Col2,印数：29.9万定价：0.14元,
176,ROI1,Col2,市场交流价：,
176,ROI1,Col2,9品：5元,
176,ROI1,Col2,10品：10元,
176,ROI1,Col3,密林擒敌,
176,ROI1,Col3,出版社：上海人民美术,
176,ROI1,Col3,改编：钱志清,
176,ROI1,Col3,绘画：施大畏,
176,ROI1,Col3,82年10月1版1次64开,
176,ROI1,Col3,印数：50万定价：0.24元,
176,ROI1,Col3,市场交流价：,
176,ROI1,Col3,9品：15元,
176,ROI1,Col3,10品：25元,
176,ROI1,Col4,密林深处的枪声,
176,ROI1,Col4,出版社：内蒙古人民,
176,ROI1,Col4,编文：白杉,
176,ROI1,Col4,绘画：张树奇张国祥,
176,ROI1,Col4,84年2月1版1次64开,
176,ROI1,Col4,印数：41万定价：0.14元,
176,ROI1,Col4,市场交流价：,
176,ROI1,Col4,9品：3元,
176,ROI1,Col4,10品：6元,
176,ROI2,Col1,梨树沟大捷,
176,ROI2,Col1,出版社：辽宁美术,
176,ROI2,Col1,编文：王朝玉杨志远,
176,ROI2,Col1,绘画：张洪飞,
176,ROI2,Col1,79年5月1版1次64开,
176,ROI2,Col1,印数：50.06万定价：0.12元,
176,ROI2,Col1,市场交流价：,
176,ROI2,Col1,9品：5元,
176,ROI2,Col1,10品：10元,
176,ROI2,Col2,梨花湾,
176,ROI2,Col2,出版社：天津人民美术,
176,ROI2,Col2,编文：张荣春,
176,ROI2,Col2,绘画：杨淑涛,
176,ROI2,Col2,77年4月1版1次64开,
176,ROI2,Col2,印数：未详定价：0.08元,
176,ROI2,Col2,市场交流价：,
176,ROI2,Col2,9品：8元,
176,ROI2,Col2,10品：15元,
176,ROI2,Col3,黄桥决战,
176,ROI2,Col3,出版社：山东美术,
176,ROI2,Col3,改编：张振和,
176,ROI2,Col3,绘画：许震凯,
176,ROI2,Col3,85年4月1版1次64开,
176,ROI2,Col3,印数：25.28万定价：0.38元,
176,ROI2,Col3,市场交流价：,
176,ROI2,Col3,9品：5元,
176,ROI2,Col3,10品：8元,
176,ROI2,Col4,黄水大队,
176,ROI2,Col4,出版社：河南人民,
176,ROI2,Col4,改编：贾品,
176,ROI2,Col4,绘画：王宏剑,
176,ROI2,Col4,84年7月1版1次64开,
176,ROI2,Col4,印数：17.6万定价：0.30元,
176,ROI2,Col4,市场交流价：,
176,ROI2,Col4,9品：10元,
176,ROI2,Col4,10品：20元,
177,ROI1,Col1,雪原前哨,
177,ROI1,Col1,出版社：人民美术,
177,ROI1,Col1,改编：王钊,
177,ROI1,Col1,绘画：关庆留,
177,ROI1,Col1,77年5月1版1次64开,
177,ROI1,Col1,印数：100万定价：0.10元,
177,ROI1,Col1,市场交流价：,
177,ROI1,Col1,9品：15元,
177,ROI1,Col1,10品：25元,
177,ROI1,Col2,雪花飘飘,
177,ROI1,Col2,出版社：河南人民,
177,ROI1,Col2,改编：陈耀华魏忠才,
177,ROI1,Col2,绘画：吴懋祥,
177,ROI1,Col2,84年8月1版1次64开,
177,ROI1,Col2,印数：16.2万定价：0.16元,
177,ROI1,Col2,市场交流价：,
177,ROI1,Col2,9品：15元,
177,ROI1,Col2,10品：30元,
177,ROI1,Col3,雪山恩仇记,
177,ROI1,Col3,出版社：人民美术,
177,ROI1,Col3,改编：顾城,
177,ROI1,Col3,绘画：关庆留等,
177,ROI1,Col3,80年8月1版1次64开,
177,ROI1,Col3,印数：11万定价：0.16元,
177,ROI1,Col3,市场交流价：,
177,ROI1,Col3,9品：30元,
177,ROI1,Col3,10品：60元,
177,ROI1,Col4,雪山魔笛,
177,ROI1,Col4,出版社：福建人民,
177,ROI1,Col4,改编：郑子铭,
177,ROI1,Col4,绘画：翁开恩方金河,
177,ROI1,Col4,80年8月1版1次64开,
177,ROI1,Col4,印数：25.5万定价：0.10元,
177,ROI1,Col4,市场交流价：,
177,ROI1,Col4,9品：10元,
177,ROI1,Col4,10品：25元,
177,ROI2,Col1,雪夜擒敌,
177,ROI2,Col1,出版社：内蒙古人民,
177,ROI2,Col1,改编：曹积三,
177,ROI2,Col1,绘画：刘大为,
177,ROI2,Col1,79年6月1版1次64开,
177,ROI2,Col1,印数：18.68万定价：0.11元,
177,ROI2,Col1,市场交流价：,
177,ROI2,Col1,9品：5元,
177,ROI2,Col1,10品：10元,
177,ROI2,Col2,野火春风斗古城,
177,ROI2,Col2,出版社：黑龙江人民,
177,ROI2,Col2,改编：王佩家,
177,ROI2,Col2,绘画：常玉昌 张桂芝,
177,ROI2,Col2,81年1月1版1次64开,
177,ROI2,Col2,印数：6.85万定价：0.22元,
177,ROI2,Col2,市场交流价：,
177,ROI2,Col2,9品：20元,
177,ROI2,Col2,10品：40元,
177,ROI2,Col3,脚步,
177,ROI2,Col3,出版社：上海人民美术,
177,ROI2,Col3,改编：姚关虎,
177,ROI2,Col3,绘画：毛震耀,
177,ROI2,Col3,79年8月1版1次64开,
177,ROI2,Col3,印数：24万定价：0.17元,
177,ROI2,Col3,市场交流价：,
177,ROI2,Col3,9品：10元,
177,ROI2,Col3,10品：20元,
177,ROI2,Col4,猎火记,
177,ROI2,Col4,出版社：人民美术,
177,ROI2,Col4,改编：刘碧玛,
177,ROI2,Col4,绘画：李荣山刘斌,
177,ROI2,Col4,80年4月1版1次64开,
177,ROI2,Col4,印数：60万定价：0.10元,
177,ROI2,Col4,市场交流价：,
177,ROI2,Col4,9品：8元,
177,ROI2,Col4,10品：15元,
178,ROI1,Col1,阎罗号,
178,ROI1,Col1,出版社：湖南少儿,
178,ROI1,Col1,改编：武矛,
178,ROI1,Col1,绘者：王社林陈和西,
178,ROI1,Col1,85年11月1版1次64开,
178,ROI1,Col1,印数：7万定价：0.35元,
178,ROI1,Col1,市场交流价：,
178,ROI1,Col1,9品：10元,
178,ROI1,Col1,10品：20元,
178,ROI1,Col2,第七条猎狗,
178,ROI1,Col2,出版社：岭南美术,
178,ROI1,Col2,改编：陈洪冈,
178,ROI1,Col2,绘画：李全民,
178,ROI1,Col2,84年10月1版1次64开,
178,ROI1,Col2,印数：51.1万 定价：0.24元,
178,ROI1,Col2,市场交流价：,
178,ROI1,Col2,9品：5元,
178,ROI1,Col2,10品：15元,
178,ROI1,Col3,惊雷 (上下),
178,ROI1,Col3,出版社：黑龙江人民,
178,ROI1,Col3,改编：集体,
178,ROI1,Col3,绘画：集体,
178,ROI1,Col3,77年9月1版1次64开,
178,ROI1,Col3,印数：30万定价：0.20元,
178,ROI1,Col3,市场交流价：,
178,ROI1,Col3,9品：25元（全套）,
178,ROI1,Col3,10品：45元,
178,ROI1,Col4,野店,
178,ROI1,Col4,出版社：解放军文艺,
178,ROI1,Col4,改编：李培森,
178,ROI1,Col4,绘画：苗再新,
178,ROI1,Col4,84年8月1版1次64开,
178,ROI1,Col4,印数：未详定价：0.18元,
178,ROI1,Col4,市场交流价：,
178,ROI1,Col4,9品：8元,
178,ROI1,Col4,10品：15元,
178,ROI2,Col1,铜墙铁壁,
178,ROI2,Col1,出版社：天津人民美术,
178,ROI2,Col1,改编：定兴,
178,ROI2,Col1,绘画：魏志刚刘希立 等,
178,ROI2,Col1,78年4月1版1次64开,
178,ROI2,Col1,印数：未详定价：0.19元,
178,ROI2,Col1,市场交流价：,
178,ROI2,Col1,9品：10元,
178,ROI2,Col1,10品：20元,
178,ROI2,Col2,铜墙铁壁,
178,ROI2,Col2,出版社：新疆人民,
178,ROI2,Col2,编者：姚建峰,
178,ROI2,Col2,绘者：高光明,
178,ROI2,Col2,79年6月1版1次60开,
178,ROI2,Col2,印数：3.5万定价：0.09元,
178,ROI2,Col2,市场交流价：,
178,ROI2,Col2,9品：10元,
178,ROI2,Col2,10品：20元,
178,ROI2,Col3,甜岛少年,
178,ROI2,Col3,出版社：浙江人民,
178,ROI2,Col3,编者：曾成金,
178,ROI2,Col3,绘者：曾成金,
178,ROI2,Col3,77年4月1版1次60开,
178,ROI2,Col3,印数：未详定价：0.11元,
178,ROI2,Col3,市场交流价：,
178,ROI2,Col3,9品：20元,
178,ROI2,Col3,10品：30元,
178,ROI2,Col4,曹雁的故事,
178,ROI2,Col4,出版社：长江文艺,
178,ROI2,Col4,改编：吕书臣,
178,ROI2,Col4,绘画：贺敏忠,
178,ROI2,Col4,84年9月1版1次64开,
178,ROI2,Col4,印数：3.45万定价：0.18元,
178,ROI2,Col4,市场交流价：,
178,ROI2,Col4,9品：15元,
178,ROI2,Col4,10品：25元,
179,ROI1,Col1,清水河畔,
179,ROI1,Col1,出版社：辽宁人民,
179,ROI1,Col1,编文：王太宽,
179,ROI1,Col1,绘画：华延风李玉凯,
179,ROI1,Col1,77年10月1版1次64开,
179,ROI1,Col1,印数：20万定价：0.11元,
179,ROI1,Col1,市场交流价：,
179,ROI1,Col1,9品：8元,
179,ROI1,Col1,10品：15元,
179,ROI1,Col2,彩凤凰,
179,ROI1,Col2,出版社：天津人民美术,
179,ROI1,Col2,改编：张企荣,
179,ROI1,Col2,绘画：赵贵德,
179,ROI1,Col2,85年7月1版1次64开,
179,ROI1,Col2,印数：14.37万定价：0.32元,
179,ROI1,Col2,市场交流价：,
179,ROI1,Col2,9品：5元,
179,ROI1,Col2,10品：10元,
179,ROI1,Col3,望日莲,
179,ROI1,Col3,出版社：河北美术,
179,ROI1,Col3,改编：周贵良,
179,ROI1,Col3,绘画：张冰洁,
179,ROI1,Col3,83年9月1版1次64开,
179,ROI1,Col3,印数：22.5万定价：0.10元,
179,ROI1,Col3,市场交流价：,
179,ROI1,Col3,9品：4元,
179,ROI1,Col3,10品：8元,
179,ROI1,Col4,黄河飞渡,
179,ROI1,Col4,出版社：人民美术,
179,ROI1,Col4,改编：集体,
179,ROI1,Col4,绘画：陈惠冠,
179,ROI1,Col4,72年4月2版1次60开,
179,ROI1,Col4,印数：未详定价：0.14元,
179,ROI1,Col4,市场交流价：,
179,ROI1,Col4,9品：60元,
179,ROI1,Col4,10品：120元,
179,ROI2,Col1,渔女春秋,
179,ROI2,Col1,出版社：人民美术,
179,ROI2,Col1,编者：郭同江,
179,ROI2,Col1,绘画：郭同江,
179,ROI2,Col1,85年2月2版4次64开,
179,ROI2,Col1,印数：62.5万 定价：0.18元,
179,ROI2,Col1,市场交流价：,
179,ROI2,Col1,9品：20元,
179,ROI2,Col1,10品：45元,
179,ROI2,Col2,第九个售货亭,
179,ROI2,Col2,出版社：江苏美术,
179,ROI2,Col2,改编：锡明,
179,ROI2,Col2,绘画：丁红章,
179,ROI2,Col2,84年9月1版1次64开,
179,ROI2,Col2,印数：6.38万定价：0.17元,
179,ROI2,Col2,市场交流价：,
179,ROI2,Col2,9品：8元,
179,ROI2,Col2,10品：15元,
179,ROI2,Col3,假面具下的爱情,
179,ROI2,Col3,出版社：上海人民美术,
179,ROI2,Col3,改编：张企荣,
179,ROI2,Col3,绘画：徐刚,
179,ROI2,Col3,85年4月1版1次64开,
179,ROI2,Col3,印数：38.1万 定价：0.29元,
179,ROI2,Col3,市场交流价：,
179,ROI2,Col3,9品：8元,
179,ROI2,Col3,10品：15元,
179,ROI2,Col4,假面爱情,
179,ROI2,Col4,出版社：长江文艺,
179,ROI2,Col4,改编：刘泽霖,
179,ROI2,Col4,绘画：黄报之,
179,ROI2,Col4,85年1月1版1次64开,
179,ROI2,Col4,印数：46.5万定价：0.33元,
179,ROI2,Col4,市场交流价：,
179,ROI2,Col4,9品：8元,
179,ROI2,Col4,10品：15元,
180,ROI1,Col1,舜的故事,
180,ROI1,Col1,出版社：中国戏剧,
180,ROI1,Col1,改编：欢路,
180,ROI1,Col1,绘画：段伟君,
180,ROI1,Col1,85年1月1版1次64开,
180,ROI1,Col1,印数：未祥定价：0.15元,
180,ROI1,Col1,市场交流价：,
180,ROI1,Col1,9品：40元,
180,ROI1,Col1,10品：80元,
180,ROI1,Col2,貂蝉与吕布,
180,ROI1,Col2,出版社：浙江人民美术,
180,ROI1,Col2,改编：甘礼乐,
180,ROI1,Col2,绘画：徐有武徐有刚,
180,ROI1,Col2,84年7月1版1次64开,
180,ROI1,Col2,印数：23万定价：0.18元,
180,ROI1,Col2,市场交流价：,
180,ROI1,Col2,9品：35元,
180,ROI1,Col2,10品：60元,
180,ROI1,Col3,搜书院,
180,ROI1,Col3,出版社：辽宁美术,
180,ROI1,Col3,改编：李大发,
180,ROI1,Col3,绘画：杨宝恒,
180,ROI1,Col3,82年7月1版1次64开,
180,ROI1,Col3,印数：62.1万定价：0.31元,
180,ROI1,Col3,市场交流价：,
180,ROI1,Col3,9品：15元,
180,ROI1,Col3,10品：30元,
180,ROI1,Col4,强中更有强中手,
180,ROI1,Col4,出版社：岭南美术,
180,ROI1,Col4,改编：孙锦常,
180,ROI1,Col4,绘画：卢延光,
180,ROI1,Col4,84年8月1版1次64开,
180,ROI1,Col4,印数：238.1万定价：0.21元,
180,ROI1,Col4,市场交流价：,
180,ROI1,Col4,9品：5元,
180,ROI1,Col4,10品：10元,
180,ROI2,Col1,智斩权宦,
180,ROI2,Col1,出版社：江苏人民,
180,ROI2,Col1,改编：张正新,
180,ROI2,Col1,绘画：邵 劭,
180,ROI2,Col1,83年4月1版1次64开,
180,ROI2,Col1,印数：16.9万 定价：0.13元,
180,ROI2,Col1,市场交流价：,
180,ROI2,Col1,9品：10元,
180,ROI2,Col1,10品：25元,
180,ROI2,Col2,晴雯,
180,ROI2,Col2,出版社：吉林人民,
180,ROI2,Col2,编文：屈鲁,
180,ROI2,Col2,绘画：肖林,
180,ROI2,Col2,82年4月1版1次64开,
180,ROI2,Col2,印数：28.5万定价：0.15元,
180,ROI2,Col2,市场交流价：,
180,ROI2,Col2,9品：20元,
180,ROI2,Col2,10品：35元,
180,ROI2,Col3,越王勾践,
180,ROI2,Col3,出版社：浙江人民美术,
180,ROI2,Col3,改编：汤式稼,
180,ROI2,Col3,绘画：徐有武,
180,ROI2,Col3,80年5月1版1次64开,
180,ROI2,Col3,印数：125万定价：0.14元,
180,ROI2,Col3,市场交流价：,
180,ROI2,Col3,9品：10元,
180,ROI2,Col3,10品：20元,
180,ROI2,Col4,傲蕾·一兰(上下),
180,ROI2,Col4,出版社：上海人民美术,
180,ROI2,Col4,改编：周元骏,
180,ROI2,Col4,绘画：胡克文,
180,ROI2,Col4,82年1月1版1次64开,
180,ROI2,Col4,印数：40万定价：0.18元,
180,ROI2,Col4,市场交流价：,
180,ROI2,Col4,9品：60元（全套）,
180,ROI2,Col4,10品：120元,
181,ROI1,Col1,谢瑶环,
181,ROI1,Col1,出版社：辽宁美术,
181,ROI1,Col1,改编：刘光等,
181,ROI1,Col1,绘画：宗静草 宗静风,
181,ROI1,Col1,80年3月1版2次64开,
181,ROI1,Col1,印数：36万定价：0.21元,
181,ROI1,Col1,市场交流价：,
181,ROI1,Col1,9品：60元,
181,ROI1,Col1,10品：120元,
181,ROI1,Col2,谢瑶环,
181,ROI1,Col2,出版社：上海人民美术,
181,ROI1,Col2,改编：王肇岐,
181,ROI1,Col2,绘画：韩敏,
181,ROI1,Col2,83年1月1版1次64开,
181,ROI1,Col2,印数：13万定价：0.14元,
181,ROI1,Col2,市场交流价：,
181,ROI1,Col2,9品：30元,
181,ROI1,Col2,10品：80元,
181,ROI1,Col3,谢瑶环,
181,ROI1,Col3,出版社：人民美术,
181,ROI1,Col3,编文：黄钟,
181,ROI1,Col3,绘画：薛方,
181,ROI1,Col3,81年9月1版1次64开,
181,ROI1,Col3,印数：96万定价：0.15元,
181,ROI1,Col3,市场交流价：,
181,ROI1,Col3,9品：10元,
181,ROI1,Col3,10品：20元,
181,ROI1,Col4,花和尚鲁智深(上下）,
181,ROI1,Col4,出版社：辽宁美术,
181,ROI1,Col4,改编：王延海,
181,ROI1,Col4,绘画：赵明钧,
181,ROI1,Col4,85年1月1版1次64开,
181,ROI1,Col4,印数：60元定价：0.62元,
181,ROI1,Col4,市场交流价：,
181,ROI1,Col4,9品：25元（全套）,
181,ROI1,Col4,10品：35元,
181,ROI2,Col1,出版社：四川美术,
181,ROI2,Col1,改编：林林,
181,ROI2,Col1,绘画：卢延光,
181,ROI2,Col1,86年3月1版1次64开,
181,ROI2,Col1,印数：0.6万定价：0.29元,
181,ROI2,Col1,市场交流价：,
181,ROI2,Col1,9品：100元,
181,ROI2,Col1,10品：250元,
181,ROI2,Col2,棠棣之花,
181,ROI2,Col2,出版社：吉林人民,
181,ROI2,Col2,改编：张隽,
181,ROI2,Col2,绘画：邓平,
181,ROI2,Col2,81年6月1版1次64开,
181,ROI2,Col2,印数：37万定价：0.14元,
181,ROI2,Col2,市场交流价：,
181,ROI2,Col2,9品：5元,
181,ROI2,Col2,10品：10元,
181,ROI2,Col3,韩非寓言故事选,
181,ROI2,Col3,出版社：上海人民,
181,ROI2,Col3,改编：集体,
181,ROI2,Col3,绘画：颜梅华王仲清等,
181,ROI2,Col3,74年11月1版1次60开,
181,ROI2,Col3,印数：80万定价：0.07元,
181,ROI2,Col3,市场交流价：,
181,ROI2,Col3,9品：20元,
181,ROI2,Col3,10品：80元,
181,ROI2,Col4,韩非批儒故事,
181,ROI2,Col4,出版社：辽宁人民,
181,ROI2,Col4,编文：集体,
181,ROI2,Col4,绘画：李德庆等,
181,ROI2,Col4,75年1月1版2次64开,
181,ROI2,Col4,印数：100万定价：0.08元,
181,ROI2,Col4,市场交流价：,
181,ROI2,Col4,9品：20元,
181,ROI2,Col4,10品：40元,
182,ROI1,Col1,黑三角,
182,ROI1,Col1,出版社：上海人民美术,
182,ROI1,Col1,改编：缪德彰,
182,ROI1,Col1,绘画：胡震国王守中,
182,ROI1,Col1,80年3月1版1次64开,
182,ROI1,Col1,印数：50万定价：0.18元,
182,ROI1,Col1,市场交流价：,
182,ROI1,Col1,9品：20元,
182,ROI1,Col1,10品：30元,
182,ROI1,Col2,6,
182,ROI1,Col2,智胜敌舰,
182,ROI1,Col2,出版社：上海上民,
182,ROI1,Col2,改编：集体,
182,ROI1,Col2,绘画：集体,
182,ROI1,Col2,71年12月1版6次60开,
182,ROI1,Col2,印数：未详定价：0.07元,
182,ROI1,Col2,市场交流价：,
182,ROI1,Col2,9品：25元,
182,ROI1,Col2,10品：65元,
182,ROI1,Col3,智歼残匪,
182,ROI1,Col3,出版社：天津人民美术,
182,ROI1,Col3,改编：邱胜贤,
182,ROI1,Col3,绘画：邱胜贤,
182,ROI1,Col3,76年9月1版1次60开,
182,ROI1,Col3,印数：未详定价：0.10元,
182,ROI1,Col3,市场交流价：,
182,ROI1,Col3,9品：8元,
182,ROI1,Col3,10品：15元,
182,ROI1,Col4,智取粮船,
182,ROI1,Col4,出版社：江苏人民,
182,ROI1,Col4,改编：集体,
182,ROI1,Col4,绘画：集体,
182,ROI1,Col4,73年11月1版1次60开,
182,ROI1,Col4,印数：70万定价：0.11元,
182,ROI1,Col4,市场交流价：,
182,ROI1,Col4,9品：10元,
182,ROI1,Col4,10品：20元,
182,ROI2,Col1,痛击美帝纸老虎,
182,ROI2,Col1,出版社：浙江人民,
182,ROI2,Col1,编文：植人,
182,ROI2,Col1,绘画：植人,
182,ROI2,Col1,72年2月1版1次60开,
182,ROI2,Col1,印数：未详定价：0.07元,
182,ROI2,Col1,市场交流价：,
182,ROI2,Col1,9品：80元,
182,ROI2,Col1,10品：200元,
182,ROI2,Col2,痛歼美帝“王牌军”,
182,ROI2,Col2,出版社：吉林人民,
182,ROI2,Col2,改编：集体,
182,ROI2,Col2,绘画：集体,
182,ROI2,Col2,72年3月1版1次60开,
182,ROI2,Col2,印数：未详定价：0.10元,
182,ROI2,Col2,市场交流价：,
182,ROI2,Col2,9品：25元,
182,ROI2,Col2,10品：50元,
182,ROI2,Col3,毛主席的好学生焦裕禄,
182,ROI2,Col3,出版社：河南人民,
182,ROI2,Col3,改编：集体,
182,ROI2,Col3,绘画：集体,
182,ROI2,Col3,75年5月2版1次60开,
182,ROI2,Col3,印数：未详定价：0.16元,
182,ROI2,Col3,市场交流价：,
182,ROI2,Col3,9品：40元,
182,ROI2,Col3,10品：100元,
182,ROI2,Col4,琵琶声里的斗争,
182,ROI2,Col4,出版社：广东人民,
182,ROI2,Col4,改编：关铣等,
182,ROI2,Col4,绘画：关铣胡辉,
182,ROI2,Col4,75年5月1版1次60开,
182,ROI2,Col4,印数：未详定价：0.09元,
182,ROI2,Col4,市场交流价：,
182,ROI2,Col4,9品：25元,
182,ROI2,Col4,10品：50元,
183,ROI1,Col1,渡口,
183,ROI1,Col1,出版社：天津人民美术,
183,ROI1,Col1,改编：冯骥才,
183,ROI1,Col1,绘画：王公懿,
183,ROI1,Col1,75年7月1版1次60开,
183,ROI1,Col1,印数：未详定价：0.09元,
183,ROI1,Col1,市场交流价：,
183,ROI1,Col1,9品：10元,
183,ROI1,Col1,10品：20元,
183,ROI1,Col2,渡口激浪,
183,ROI1,Col2,出版社：江苏人民,
183,ROI1,Col2,改编：集体,
183,ROI1,Col2,绘画：集体,
183,ROI1,Col2,73年4月1版1次60开,
183,ROI1,Col2,印数：10万定价：0.12元,
183,ROI1,Col2,市场交流价：,
183,ROI1,Col2,9品：20元,
183,ROI1,Col2,10品：40元,
183,ROI1,Col3,渡口小艄公,
183,ROI1,Col3,出版社：人民美术,
183,ROI1,Col3,改编：万青力,
183,ROI1,Col3,绘画：王西京,
183,ROI1,Col3,73年12月1版1次64开,
183,ROI1,Col3,印数：100万定价：0.10元,
183,ROI1,Col3,市场交流价：,
183,ROI1,Col3,9品：8元,
183,ROI1,Col3,10品：20元,
183,ROI1,Col4,雁翎队,
183,ROI1,Col4,出版社：人民美术,
183,ROI1,Col4,改编：集体,
183,ROI1,Col4,绘画：集体,
183,ROI1,Col4,74年2月1版1次64开,
183,ROI1,Col4,印数：50万定价：0.16元,
183,ROI1,Col4,市场交流价：,
183,ROI1,Col4,9品：15元,
183,ROI1,Col4,10品：30元,
183,ROI2,Col1,集市锄奸记,
183,ROI2,Col1,出版社：山东人民,
183,ROI2,Col1,编文：杨新民,
183,ROI2,Col1,绘画：孙爱华,
183,ROI2,Col1,73年3月1版1次60开,
183,ROI2,Col1,印数：60万定价：0.09元,
183,ROI2,Col1,市场交流价：,
183,ROI2,Col1,9品：5元,
183,ROI2,Col1,10品：10元,
183,ROI2,Col2,琼虎,
183,ROI2,Col2,出版社：人民美术,
183,ROI2,Col2,改编：高宝生,
183,ROI2,Col2,绘画：高宝生,
183,ROI2,Col2,72年11月1版1次60开,
183,ROI2,Col2,印数：未详定价：0.10元,
183,ROI2,Col2,市场交流价：,
183,ROI2,Col2,9品：30元,
183,ROI2,Col2,10品：60元,
183,ROI2,Col3,黑鱼泡的故事,
183,ROI2,Col3,出版社：黑龙江人民,
183,ROI2,Col3,编文：江漾,
183,ROI2,Col3,绘画：梁家军金松山等,
183,ROI2,Col3,76年11月1版1次64开,
183,ROI2,Col3,印数：35万定价：0.11元,
183,ROI2,Col3,市场交流价：,
183,ROI2,Col3,9品：5元,
183,ROI2,Col3,10品：15元,
183,ROI2,Col4,0 黑子,
183,ROI2,Col4,出版社：人民美术,
183,ROI2,Col4,改编：集体,
183,ROI2,Col4,绘画：集体,
183,ROI2,Col4,74年2月1版1次64开,
183,ROI2,Col4,印数：100万定价：0.11元,
183,ROI2,Col4,市场交流价：,
183,ROI2,Col4,9品：10元,
183,ROI2,Col4,10品：20元,
183,FOOTNOTE,,,《雁翎队》有64、60开两种版本。其中60开本少见。市场全品价约100元。
183,FOOTNOTE,,,*
184,ROI1,Col1,揭投降派宋江,
184,ROI1,Col1,出版社：人民美术,
184,ROI1,Col1,改编：任梅,
184,ROI1,Col1,绘画：集体,
184,ROI1,Col1,76年6月1版1次60开,
184,ROI1,Col1,印数：100万定价：0.28元,
184,ROI1,Col1,市场交流价：,
184,ROI1,Col1,9品：200元,
184,ROI1,Col1,10品：600元,
184,ROI1,Col2,董存瑞,
184,ROI1,Col2,出版社：河北人民,
184,ROI1,Col2,改编：马辛国陈秉德,
184,ROI1,Col2,绘画：马延奎刘端等,
184,ROI1,Col2,78年12月4版1次64开,
184,ROI1,Col2,印数：30万定价：0.16元,
184,ROI1,Col2,市场交流价：,
184,ROI1,Col2,9品：25元,
184,ROI1,Col2,10品：40元,
184,ROI1,Col3,董存瑞的故事,
184,ROI1,Col3,出版社：上海人民美术,
184,ROI1,Col3,改编：林丹,
184,ROI1,Col3,绘画：侯德剑董成伟,
184,ROI1,Col3,78年12月1版2次64开,
184,ROI1,Col3,印数：65万定价：0.17元,
184,ROI1,Col3,市场交流价：,
184,ROI1,Col3,9品：10元,
184,ROI1,Col3,10品：25元,
184,ROI1,Col4,董存瑞,
184,ROI1,Col4,出版社：河北人民,
184,ROI1,Col4,改编：集体,
184,ROI1,Col4,绘画：集体,
184,ROI1,Col4,72年5月1版1次60开,
184,ROI1,Col4,印数：未详定价：0.18元,
184,ROI1,Col4,市场交流价：,
184,ROI1,Col4,9品：40元,
184,ROI1,Col4,10品：120元,
184,ROI2,Col1,铺满阳光的路,
184,ROI2,Col1,出版社：人民美术,
184,ROI2,Col1,改编：肖斌华,
184,ROI2,Col1,绘画：杨一明,
184,ROI2,Col1,75年2月1版1次64开,
184,ROI2,Col1,印数：100万定价：0.08元,
184,ROI2,Col1,市场交流价：,
184,ROI2,Col1,9品：8元,
184,ROI2,Col1,10品：15元,
184,ROI2,Col2,登攀,
184,ROI2,Col2,出版社：上海人民,
184,ROI2,Col2,改编：集体,
184,ROI2,Col2,绘画：集体,
184,ROI2,Col2,76年10月1版1次64开,
184,ROI2,Col2,印数：未详定价：0.10元,
184,ROI2,Col2,市场交流价：,
184,ROI2,Col2,9品：15元,
184,ROI2,Col2,10品：40元,
184,ROI2,Col3,鲁迅在广洲,
184,ROI2,Col3,出版社：人民美术,
184,ROI2,Col3,编文：集体,
184,ROI2,Col3,绘画：集体,
184,ROI2,Col3,76年1月1版1次60开,
184,ROI2,Col3,印数：150万定价：0.20元,
184,ROI2,Col3,市场交流价：,
184,ROI2,Col3,9品：15元,
184,ROI2,Col3,10品：30元,
184,ROI2,Col4,新老清水店,
184,ROI2,Col4,出版社：河南人民,
184,ROI2,Col4,改编：董嘉善,
184,ROI2,Col4,绘画：徐小龙,
184,ROI2,Col4,84年2月1版1次64开,
184,ROI2,Col4,印数：4.511万  定价：0.15元,
184,ROI2,Col4,市场交流价：,
184,ROI2,Col4,9品：8元,
184,ROI2,Col4,10品：15元,
185,ROI1,Col1,彭总扶我上战马,
185,ROI1,Col1,出版社：人民美术,
185,ROI1,Col1,改编：齐嘉,
185,ROI1,Col1,绘画：高泉,
185,ROI1,Col1,84年3月1版1次60开,
185,ROI1,Col1,印数：18万定价：0.11元,
185,ROI1,Col1,市场交流价：,
185,ROI1,Col1,9品：25元,
185,ROI1,Col1,10品：50元,
185,ROI1,Col2,彭德怀的故事,
185,ROI1,Col2,出版社：上海人民美术,
185,ROI1,Col2,编文：王肇歧,
185,ROI1,Col2,绘画：韩和平汪观清等,
185,ROI1,Col2,80年9月1版1次60开,
185,ROI1,Col2,印数：66万定价：0.15元,
185,ROI1,Col2,市场交流价：,
185,ROI1,Col2,9品：25元,
185,ROI1,Col2,10品：50元,
185,ROI1,Col3,彭德怀,
185,ROI1,Col3,出版社：江苏人民,
185,ROI1,Col3,编文：于平等,
185,ROI1,Col3,绘画：影雪,
185,ROI1,Col3,82年9月1版1次64开,
185,ROI1,Col3,印数：30万定价：0.15元,
185,ROI1,Col3,市场交流价：,
185,ROI1,Col3,9品：8元,
185,ROI1,Col3,10品：15元,
185,ROI1,Col4,痛苦与欢乐,
185,ROI1,Col4,出版社：上海人民美术,
185,ROI1,Col4,改编：陈镇江,
185,ROI1,Col4,绘画：陈云华王重义,
185,ROI1,Col4,80年2月1版1次64开,
185,ROI1,Col4,印数：15万定价：0.11元,
185,ROI1,Col4,市场交流价：,
185,ROI1,Col4,9品：10元,
185,ROI1,Col4,10品：20元,
185,ROI2,Col1,彭湃的故事,
185,ROI2,Col1,出版社：岭南美术,
185,ROI2,Col1,编文：卢权,
185,ROI2,Col1,绘画：杜应强曾宪龙,
185,ROI2,Col1,81年3月1版1次60开,
185,ROI2,Col1,印数：未详定价：0.28元,
185,ROI2,Col1,市场交流价：,
185,ROI2,Col1,9品：40元,
185,ROI2,Col1,10品：80元,
185,ROI2,Col2,*智破桃园堡,
185,ROI2,Col2,出版社：岭南美术,
185,ROI2,Col2,改编：谭勋等,
185,ROI2,Col2,绘画：区本泉黄穗中,
185,ROI2,Col2,81年3月1版1次60开,
185,ROI2,Col2,印数：未详定价：0.20元,
185,ROI2,Col2,市场交流价：,
185,ROI2,Col2,9品：20.元,
185,ROI2,Col2,10品：40元,
185,ROI2,Col3,智取城防图,
185,ROI2,Col3,出版社：河南人民,
185,ROI2,Col3,编文：魏世祥,
185,ROI2,Col3,绘画：秦云海,
185,ROI2,Col3,77年8月1版1次64开,
185,ROI2,Col3,印数：未详定价：0.11元,
185,ROI2,Col3,市场交流价：,
185,ROI2,Col3,9品：8元,
185,ROI2,Col3,10品：15元,
185,ROI2,Col4,悲哀的拳王,
185,ROI2,Col4,出版社：浙江人民美术,
185,ROI2,Col4,改编：竺乾华,
185,ROI2,Col4,绘画：雷德祖,
185,ROI2,Col4,80年5月1版1次64开,
185,ROI2,Col4,印数：20万定价：0.15元,
185,ROI2,Col4,市场交流价：,
185,ROI2,Col4,9品：10元,
185,ROI2,Col4,10品：20元,
185,FOOTNOTE,,,*《山乡风云录》的60开版式。另有64开本
186,ROI1,Col1,窗口,
186,ROI1,Col1,出版社：人民美术,
186,ROI1,Col1,改编：任可,
186,ROI1,Col1,绘画：中流王传义等,
186,ROI1,Col1,79年3月1版1次64开,
186,ROI1,Col1,印数：46万定价：0.08元,
186,ROI1,Col1,市场交流价：,
186,ROI1,Col1,9品：8元,
186,ROI1,Col1,10品：15元,
186,ROI1,Col2,窗口,
186,ROI1,Col2,出版社：上海人民美术,
186,ROI1,Col2,改编：蒋德生,
186,ROI1,Col2,绘画：丁亮盛,
186,ROI1,Col2,79年4月1版1次64开,
186,ROI1,Col2,印数：45万定价：0.11元,
186,ROI1,Col2,市场交流价：,
186,ROI1,Col2,9品：8元,
186,ROI1,Col2,10品：15元,
186,ROI1,Col3,湖上小八路,
186,ROI1,Col3,出版社：上海人民美术,
186,ROI1,Col3,改编：毛亮英,
186,ROI1,Col3,绘画：谌孝安,
186,ROI1,Col3,79年7月1版1次64开,
186,ROI1,Col3,印数：90万定价：0.11元,
186,ROI1,Col3,市场交流价：,
186,ROI1,Col3,9品：10元,
186,ROI1,Col3,10品：15元,
186,ROI1,Col4,湖边小暗哨,
186,ROI1,Col4,出版社：江苏人民,
186,ROI1,Col4,改编：高家驹,
186,ROI1,Col4,绘画：郭红雁,
186,ROI1,Col4,78年6月1版1次64开,
186,ROI1,Col4,印数：未详定价：0.14元,
186,ROI1,Col4,市场交流价：,
186,ROI1,Col4,9品：25元,
186,ROI1,Col4,10品：50元,
186,ROI2,Col1,朝阳沟,
186,ROI2,Col1,出版社：人民美术,
186,ROI2,Col1,改编：武耀强,
186,ROI2,Col1,绘画：刘继卣,
186,ROI2,Col1,77年8月2版2次64开,
186,ROI2,Col1,印数：100万定价：0.11元,
186,ROI2,Col1,市场交流价：,
186,ROI2,Col1,9品：150元,
186,ROI2,Col1,10品：300元,
186,ROI2,Col2,朝阳花,
186,ROI2,Col2,出版社：黑龙江美术,
186,ROI2,Col2,改编：刘广惠,
186,ROI2,Col2,绘画：施大畏,
186,ROI2,Col2,84年7月1版1次64开,
186,ROI2,Col2,印数：11.4万 定价：0.25元,
186,ROI2,Col2,市场交流价：,
186,ROI2,Col2,9品：20元,
186,ROI2,Col2,10品：40元,
186,ROI2,Col3,朝阳花,
186,ROI2,Col3,出版社：上海人民美术,
186,ROI2,Col3,编文：赵吉南,
186,ROI2,Col3,绘画：陆成法陆小弟,
186,ROI2,Col3,81年7月1版1次64开,
186,ROI2,Col3,印数：60万定价：0.19元,
186,ROI2,Col3,市场交流价：,
186,ROI2,Col3,9品：15元,
186,ROI2,Col3,10品：30元,
186,ROI2,Col4,新礼花,
186,ROI2,Col4,出版社：上海人民,
186,ROI2,Col4,改编：冯永杰,
186,ROI2,Col4,绘画：集体,
186,ROI2,Col4,77年7月1版1次64开,
186,ROI2,Col4,印数：未详定价：0.10元,
186,ROI2,Col4,市场交流价：,
186,ROI2,Col4,9品：8元,
186,ROI2,Col4,10品：20元,
187,ROI1,Col1,啼笑因缘,
187,ROI1,Col1,出版社：浙江人民美术,
187,ROI1,Col1,改编：郁如,
187,ROI1,Col1,绘画：刘国辉,
187,ROI1,Col1,81年5月1版1次64开,
187,ROI1,Col1,印数：60万定价：0.21元,
187,ROI1,Col1,市场交流价：,
187,ROI1,Col1,9品：5元,
187,ROI1,Col1,10品：10元,
187,ROI1,Col2,啼笑姻缘,
187,ROI1,Col2,出版社：湖南美术,
187,ROI1,Col2,改编：宗玉,
187,ROI1,Col2,绘画：唐源源,
187,ROI1,Col2,82年6月1版1次64开,
187,ROI1,Col2,印数：76万定价：0.13元,
187,ROI1,Col2,市场交流价：,
187,ROI1,Col2,9品：10元,
187,ROI1,Col2,10品：20元,
187,ROI1,Col3,雁鸣湖畔,
187,ROI1,Col3,出版社：黑龙江人民,
187,ROI1,Col3,改编：集体,
187,ROI1,Col3,绘画：集体,
187,ROI1,Col3,77年5月1版1次64开,
187,ROI1,Col3,印数：25万定价：0.18元,
187,ROI1,Col3,市场交流价：,
187,ROI1,Col3,9品：8元,
187,ROI1,Col3,10品：15元,
187,ROI1,Col4,雁门关伏击战,
187,ROI1,Col4,出版社：湖北美术,
187,ROI1,Col4,改编：刘伟新,
187,ROI1,Col4,绘画：劳宏必顺,
187,ROI1,Col4,89年12月1版1次64开,
187,ROI1,Col4,印数：3.5万定价：0.55元,
187,ROI1,Col4,市场交流价：,
187,ROI1,Col4,9品：5元,
187,ROI1,Col4,10品：15元,
187,ROI2,Col1,骑师与美人鱼,
187,ROI2,Col1,出版社：湖南美术,
187,ROI2,Col1,改编：林之,
187,ROI2,Col1,绘画：越非广之,
187,ROI2,Col1,86年1月1版1次64开,
187,ROI2,Col1,印数：4.48万定价：0.32元,
187,ROI2,Col1,市场交流价：,
187,ROI2,Col1,9品：5元,
187,ROI2,Col1,10品：15元,
187,ROI2,Col2,渡江侦察记,
187,ROI2,Col2,出版社：上海人民,
187,ROI2,Col2,改编：章程,
187,ROI2,Col2,绘画：顾炳鑫,
187,ROI2,Col2,77年11月1版1次64开,
187,ROI2,Col2,印数：未详定价：0.26元,
187,ROI2,Col2,市场交流价：,
187,ROI2,Col2,9品：250元,
187,ROI2,Col2,10品：600元,
187,ROI2,Col3,湘江侦察,
187,ROI2,Col3,出版社：人民美术,
187,ROI2,Col3,编文：原水,
187,ROI2,Col3,绘画：钱贵荪,
187,ROI2,Col3,84年4月2版5次64开,
187,ROI2,Col3,印数：109万定价：0.16元,
187,ROI2,Col3,市场交流价：,
187,ROI2,Col3,9品：20元,
187,ROI2,Col3,10品：40元,
187,ROI2,Col4,搭错车,
187,ROI2,Col4,出版社：广东旅游,
187,ROI2,Col4,改编：邓会光,
187,ROI2,Col4,绘画：季源业：等,
187,ROI2,Col4,85年8月1版1次64开,
187,ROI2,Col4,印数：未详定价：0.33元,
187,ROI2,Col4,市场交流价：,
187,ROI2,Col4,9品：8元,
187,ROI2,Col4,10品：15元,
187,FOOTNOTE,,,*《啼笑因缘》浙江版，标题“因”是错别字，应为“姻”。
188,ROI1,Col1,喝延河水长大的,
188,ROI1,Col1,出版社：天津人民美术,
188,ROI1,Col1,改编：李文龙,
188,ROI1,Col1,绘画：施大畏,
188,ROI1,Col1,81年1月1版1次64开,
188,ROI1,Col1,印数：3.7万定价：0.22元,
188,ROI1,Col1,市场交流价：,
188,ROI1,Col1,9品：15元,
188,ROI1,Col1,10品：35元,
188,ROI1,Col2,湘岭怒火,
188,ROI1,Col2,出版社：江苏人民,
188,ROI1,Col2,编文：张广昌,
188,ROI1,Col2,绘画：丁德邻,
188,ROI1,Col2,80年3月1版1次64开,
188,ROI1,Col2,印数：20万定价：0.13元,
188,ROI1,Col2,市场交流价：,
188,ROI1,Col2,9品：10元,
188,ROI1,Col2,10品：20元,
188,ROI1,Col3,雅克萨反击战,
188,ROI1,Col3,出版社：辽宁美术,
188,ROI1,Col3,改编：贾永盛,
188,ROI1,Col3,绘画：张永新,
188,ROI1,Col3,82年8月1版1次64开,
188,ROI1,Col3,印数：50万定价：0.20元,
188,ROI1,Col3,市场交流价：,
188,ROI1,Col3,9品：5元,
188,ROI1,Col3,10品：10元,
188,ROI1,Col4,象倌传奇,
188,ROI1,Col4,出版社：江西人民,
188,ROI1,Col4,编文：黄岭,
188,ROI1,Col4,绘画：陈水远,
188,ROI1,Col4,81年12月1版1次64开,
188,ROI1,Col4,印数：23万定价：0.20元,
188,ROI1,Col4,市场交流价：,
188,ROI1,Col4,9品：15元,
188,ROI1,Col4,10品：30元,
188,ROI2,Col1,喜哥,
188,ROI2,Col1,出版社：上海人民美术,
188,ROI2,Col1,编文：王正,
188,ROI2,Col1,绘画：余家乐,
188,ROI2,Col1,85年11月1版1次64开,
188,ROI2,Col1,印数：3万定价：0.31元,
188,ROI2,Col1,市场交流价：,
188,ROI2,Col1,9品：15元,
188,ROI2,Col1,10品：30元,
188,ROI2,Col2,韩宝山相亲,
188,ROI2,Col2,出版社：山西人民,
188,ROI2,Col2,编文：艾明,
188,ROI2,Col2,绘画：杜玉曦,
188,ROI2,Col2,84年12月1版1次64开,
188,ROI2,Col2,印数：8万定价：0.17元,
188,ROI2,Col2,市场交流价：,
188,ROI2,Col2,9品：5元,
188,ROI2,Col2,10品：10元,
188,ROI2,Col3,温钦夫镇魔记,
188,ROI2,Col3,出版社：中州书画,
188,ROI2,Col3,编文：孙法智,
188,ROI2,Col3,绘画：潘直亮,
188,ROI2,Col3,82年2月1版1次64开,
188,ROI2,Col3,印数：42.8万 定价：0.14元,
188,ROI2,Col3,市场交流价：,
188,ROI2,Col3,9品：10元,
188,ROI2,Col3,10品：20元,
188,ROI2,Col4,葫芦湾抢船,
188,ROI2,Col4,出版社：中州书画,
188,ROI2,Col4,改编：韩双东,
188,ROI2,Col4,绘画：熊孔成,
188,ROI2,Col4,83年4月1版1次64开,
188,ROI2,Col4,印数：16.1万定价：0.20元,
188,ROI2,Col4,市场交流价：,
188,ROI2,Col4,9品：15元,
188,ROI2,Col4,10品：25元,
189,ROI1,Col1,鲁迅传(一),
189,ROI1,Col1,出版社：广东人民,
189,ROI1,Col1,编文：集体,
189,ROI1,Col1,绘画：集体,
189,ROI1,Col1,77年5月1版1次60开,
189,ROI1,Col1,印数：未详定价：0.50元,
189,ROI1,Col1,市场交流价：,
189,ROI1,Col1,9品：100元（全套）,
189,ROI1,Col1,10品：200元,
189,ROI1,Col2,鲁迅传(二),
189,ROI1,Col2,出版社：广东人民,
189,ROI1,Col2,编文：张磊潘晋拔,
189,ROI1,Col2,绘画：夏晔刘启瑞,
189,ROI1,Col2,78年5月1版1次64开,
189,ROI1,Col2,印数：未详定价：0.22元,
189,ROI1,Col3,瑞普的奇遇,
189,ROI1,Col3,出版社：上海人民美术,
189,ROI1,Col3,编文：张廷琛,
189,ROI1,Col3,绘画：胡若军谌孝安,
189,ROI1,Col3,81年4月1版1次64开,
189,ROI1,Col3,印数：50万定价：0.08元,
189,ROI1,Col3,市场交流价：,
189,ROI1,Col3,9品：8元,
189,ROI1,Col3,10品：15元,
189,ROI1,Col4,猴王子,
189,ROI1,Col4,出版社：中州书画,
189,ROI1,Col4,改编：孙法智,
189,ROI1,Col4,绘画：潘直亮,
189,ROI1,Col4,83年6月1版1次64开,
189,ROI1,Col4,印数：20.4万 定价0.16元,
189,ROI1,Col4,市场交流价：,
189,ROI1,Col4,9品：8元,
189,ROI1,Col4,10品：15元,
189,ROI2,Col1,最危险的猎物,
189,ROI2,Col1,出版社：人民美术,
189,ROI2,Col1,改编：白宇,
189,ROI2,Col1,绘画：费声福,
189,ROI2,Col1,83年6月1版1次60开,
189,ROI2,Col1,印数：32万定价：0.16元,
189,ROI2,Col1,市场交流价：,
189,ROI2,Col1,9品：10元,
189,ROI2,Col1,10品：20元,
189,ROI2,Col2,最危险的猎物,
189,ROI2,Col2,出版社：重庆,
189,ROI2,Col2,改编：史策,
189,ROI2,Col2,绘画：陈昌柱朱小果,
189,ROI2,Col2,83年10月1版1次64开,
189,ROI2,Col2,印数：10万定价：0.11元,
189,ROI2,Col2,市场交流价：,
189,ROI2,Col2,9品：10元,
189,ROI2,Col2,10品：20元,
189,ROI2,Col3,新天方夜谭,
189,ROI2,Col3,出版社：上海人民美术,
189,ROI2,Col3,改编：张万鸿,
189,ROI2,Col3,绘画：郁芷芳,
189,ROI2,Col3,84年5月1版1次64开,
189,ROI2,Col3,印数：47.5万 定价：0.23元,
189,ROI2,Col3,市场交流价：,
189,ROI2,Col3,9品：5元,
189,ROI2,Col3,10品：10元,
189,ROI2,Col4,塔拉斯的火炬,
189,ROI2,Col4,出版社：吉林人民,
189,ROI2,Col4,改编：高正,
189,ROI2,Col4,绘画：潘喜良,
189,ROI2,Col4,81年6月1版1次64开,
189,ROI2,Col4,印数：35万定价：0.14元,
189,ROI2,Col4,市场交流价：,
189,ROI2,Col4,9品：10元,
189,ROI2,Col4,10品：20元,
190,ROI1,Col1,鲁滨孙飘流全集（上下）,
190,ROI1,Col1,出版社：海洋,
190,ROI1,Col1,改编：崔岩峰等,
190,ROI1,Col1,绘画：倪洪泉,
190,ROI1,Col1,85年3月1版1次64开,
190,ROI1,Col1,印数：250万定价：0.70元,
190,ROI1,Col1,市场交流价：,
190,ROI1,Col1,9品：20元（全套）,
190,ROI1,Col1,10品：30元,
190,ROI1,Col2,鲁滨逊飘流记,
190,ROI1,Col2,出版社：上海人民美术,
190,ROI1,Col2,改编：萧芦,
190,ROI1,Col2,绘画：王文瑞沃叶柳,
190,ROI1,Col2,1990年1月1版1次64开,
190,ROI1,Col2,印数：1.2万定价：1.40元,
190,ROI1,Col2,市场交流价：,
190,ROI1,Col2,9品：20元,
190,ROI1,Col2,10品：40元,
190,ROI1,Col3,鲁滨逊飘流记,
190,ROI1,Col3,出版社：河北人民,
190,ROI1,Col3,改编：李建新,
190,ROI1,Col3,绘画：黄云松,
190,ROI1,Col3,80年2月1版1次64开,
190,ROI1,Col3,印数：169万定价：0.20元,
190,ROI1,Col3,市场交流价：,
190,ROI1,Col3,9品：15元,
190,ROI1,Col3,10品：25元,
190,ROI1,Col4,悲惨世界(上下),
190,ROI1,Col4,出版社：人民美术,
190,ROI1,Col4,改编：文华,
190,ROI1,Col4,绘画：董福章,
190,ROI1,Col4,83年7月1版1次64开,
190,ROI1,Col4,印数：7.4万定价：0.26元,
190,ROI1,Col4,市场交流价：,
190,ROI1,Col4,9品：50元（全套）,
190,ROI1,Col4,10品：80元,
190,ROI2,Col1,奥德赛的故事,
190,ROI2,Col1,出版社：人民美术,
190,ROI2,Col1,改编：徐涂,
190,ROI2,Col1,绘画：庞邦本王怀庆等,
190,ROI2,Col1,84年4月1版1次60开,
190,ROI2,Col1,印数：27万定价：0.30元,
190,ROI2,Col1,市场交流价：,
190,ROI2,Col1,9品：25元,
190,ROI2,Col1,10品：50元,
190,ROI2,Col2,奥德赛,
190,ROI2,Col2,出版社：少年儿童,
190,ROI2,Col2,编文：缪德彰等,
190,ROI2,Col2,绘画：奚阿兴,
190,ROI2,Col2,83年6月1版1次64开,
190,ROI2,Col2,印数：22万定价：0.16元,
190,ROI2,Col2,市场交流价：,
190,ROI2,Col2,9品：10元,
190,ROI2,Col2,10品：25元,
190,ROI2,Col3,奥瑟罗,
190,ROI2,Col3,出版社：中国文联,
190,ROI2,Col3,改编：肖移山,
190,ROI2,Col3,绘画：梁益强窦培高,
190,ROI2,Col3,84年8月1版1次64开,
190,ROI2,Col3,印数：未详定价：0.21元,
190,ROI2,Col3,市场交流价：,
190,ROI2,Col3,9品：8元,
190,ROI2,Col3,10品：15元,
190,ROI2,Col4,棺材之谜,
190,ROI2,Col4,出版社：江西人民,
190,ROI2,Col4,编文：刘红,
190,ROI2,Col4,绘画：陈水远,
190,ROI2,Col4,81年4月1版1次64开,
190,ROI2,Col4,印数：80万定价：0.21元,
190,ROI2,Col4,市场交流价：,
190,ROI2,Col4,9品：5元,
190,ROI2,Col4,10品：8元,
191,ROI1,Col1,暑假里的故事,
191,ROI1,Col1,出版社：江苏人民,
191,ROI1,Col1,改编：王志冲,
191,ROI1,Col1,绘画：曹英义,
191,ROI1,Col1,82年11月1版1次64开,
191,ROI1,Col1,印数：20.07万定价：0.12元,
191,ROI1,Col1,市场交流价：,
191,ROI1,Col1,9品：10元,
191,ROI1,Col1,10品：20元,
191,ROI1,Col2,窦天佑打擂,
191,ROI1,Col2,出版社：河北美术,
191,ROI1,Col2,改编：大民,
191,ROI1,Col2,绘画：谢立堂,
191,ROI1,Col2,85年8月1版1次64开,
191,ROI1,Col2,印数：51万定价：0.24元,
191,ROI1,Col2,市场交流价：,
191,ROI1,Col2,9品：3元,
191,ROI1,Col2,10品：6元,
191,ROI1,Col3,出版社：天津人民美术,
191,ROI1,Col3,改编：萃娃,
191,ROI1,Col3,绘画：徐晓平,
191,ROI1,Col3,82年9月1版1次64开,
191,ROI1,Col3,印数：36.1万 定价：0.11元,
191,ROI1,Col3,市场交流价：,
191,ROI1,Col3,9品：25元,
191,ROI1,Col3,10品：50元,
191,ROI1,Col4,嵩口司,
191,ROI1,Col4,出版社：福建人民,
191,ROI1,Col4,改编：张铁民,
191,ROI1,Col4,绘画：王井,
191,ROI1,Col4,81年4月1版1次64开,
191,ROI1,Col4,印数：27万定价0.14元,
191,ROI1,Col4,市场交流价：,
191,ROI1,Col4,9品：15元,
191,ROI1,Col4,10品：35元,
191,ROI2,Col1,楚汉相争,
191,ROI2,Col1,出版社：安徽人民,
191,ROI2,Col1,编文：易进,
191,ROI2,Col1,绘画：汪家龄,
191,ROI2,Col1,84年7月1版1次64开,
191,ROI2,Col1,印数：10万定价：0.24元,
191,ROI2,Col1,市场交流价：,
191,ROI2,Col1,9品：8元,
191,ROI2,Col1,10品：15元,
191,ROI2,Col2,新站长,
191,ROI2,Col2,出版社：人民美术,
191,ROI2,Col2,改编：崔亚斌,
191,ROI2,Col2,绘画：赵宝林,
191,ROI2,Col2,74年6月1版1次64开,
191,ROI2,Col2,印数：100万定价：0.09元,
191,ROI2,Col2,市场交流价：,
191,ROI2,Col2,9品：5元,
191,ROI2,Col2,10品：15元,
191,ROI2,Col3,新来的书记,
191,ROI2,Col3,出版社：上海人民美术,
191,ROI2,Col3,改编：程锦川,
191,ROI2,Col3,绘画：谢永康,
191,ROI2,Col3,79年2月1版1次64开,
191,ROI2,Col3,印数：40万定价：0.11元,
191,ROI2,Col3,市场交流价：,
191,ROI2,Col3,9品：8元,
191,ROI2,Col3,10品：15元,
191,ROI2,Col4,煤海新歌,
191,ROI2,Col4,出版社：山西人民,
191,ROI2,Col4,编文：集体,
191,ROI2,Col4,绘画：集体,
191,ROI2,Col4,75年2月1版1次64开,
191,ROI2,Col4,印数：10万定价：0.10元,
191,ROI2,Col4,市场交流价：,
191,ROI2,Col4,9品：15元,
191,ROI2,Col4,10品：25元,
192,ROI1,Col1,新来的船工,
192,ROI1,Col1,出版社：江苏人民,
192,ROI1,Col1,改编：潘年,
192,ROI1,Col1,绘画：劳思吴放等,
192,ROI1,Col1,76年9月1版1次60开,
192,ROI1,Col1,印数：60万定价：0.11元,
192,ROI1,Col1,市场交流价：,
192,ROI1,Col1,9品：15元,
192,ROI1,Col1,10品：30元,
192,ROI1,Col2,新的战斗,
192,ROI1,Col2,出版社：上海人民,
192,ROI1,Col2,改编：集体,
192,ROI1,Col2,绘画：贺友直罗盘等,
192,ROI1,Col2,73年12月1版1次60开,
192,ROI1,Col2,印数：120万定价：0.12元,
192,ROI1,Col2,市场交流价：,
192,ROI1,Col2,9品：50元,
192,ROI1,Col2,10品：150元,
192,ROI1,Col3,新来的小石柱(上),
192,ROI1,Col3,出版社：人民体育,
192,ROI1,Col3,改编：刘含真等,
192,ROI1,Col3,绘画：高燕等,
192,ROI1,Col3,76年3月1版1次60开,
192,ROI1,Col3,印数：未详定价：0.18元,
192,ROI1,Col4,新来的小石柱(下),
192,ROI1,Col4,出版社：人民体育,
192,ROI1,Col4,改编：刘含真等,
192,ROI1,Col4,绘画：高燕等,
192,ROI1,Col4,77年2月1版1次60开,
192,ROI1,Col4,印数：未详定价：0.18元,
192,ROI1,Col4,市场交流价：,
192,ROI1,Col4,9品：60元（全套）,
192,ROI1,Col4,10品：150元,
192,ROI2,Col1,新苗茁壮,
192,ROI2,Col1,出版社：安徽人民,
192,ROI2,Col1,编文：集体,
192,ROI2,Col1,绘画：杨剑华,
192,ROI2,Col1,75年12月1版1次64开,
192,ROI2,Col1,印数：30万定价：0.13元,
192,ROI2,Col1,市场交流价：,
192,ROI2,Col1,9品：10元,
192,ROI2,Col1,10品：20元,
192,ROI2,Col2,新战场,
192,ROI2,Col2,出版社：上海人民,
192,ROI2,Col2,编文：庄大伟,
192,ROI2,Col2,绘画：胡克文,
192,ROI2,Col2,75年11月1版1次64开,
192,ROI2,Col2,印数：未详定价：0.07元,
192,ROI2,Col2,市场交流价：,
192,ROI2,Col2,9品：15元,
192,ROI2,Col2,10品：40元,
192,ROI2,Col3,新来的管理员,
192,ROI2,Col3,出版社：上海人民,
192,ROI2,Col3,编文：王金富,
192,ROI2,Col3,绘画：严启生,
192,ROI2,Col3,75年6月1版1次64开,
192,ROI2,Col3,印数：40万定价：0.07元,
192,ROI2,Col3,市场交流价：,
192,ROI2,Col3,9品：10元,
192,ROI2,Col3,10品：25元,
192,ROI2,Col4,焦裕禄一艰苦创业,
192,ROI2,Col4,出版社：人民美术,
192,ROI2,Col4,改编：集体,
192,ROI2,Col4,绘画：集体,
192,ROI2,Col4,76年10月1版1次64开,
192,ROI2,Col4,印数：100万定价：0.13元,
192,ROI2,Col4,市场交流价：,
192,ROI2,Col4,9品：25元,
192,ROI2,Col4,10品：40元,
193,ROI1,Col1,雷锋,
193,ROI1,Col1,出版社：人民美术,
193,ROI1,Col1,编文：姜维朴等,
193,ROI1,Col1,绘画：费声福等,
193,ROI1,Col1,81年4月2版2次60开,
193,ROI1,Col1,印数：50万定价：0.18元,
193,ROI1,Col1,市场交流价：,
193,ROI1,Col1,9品：20元,
193,ROI1,Col1,10品：45元,
193,ROI1,Col2,雷锋,
193,ROI1,Col2,出版社：湖南人民,
193,ROI1,Col2,改编：集体,
193,ROI1,Col2,绘画：集体,
193,ROI1,Col2,73年2月1版1次60开,
193,ROI1,Col2,印数：23万定价：0.14元,
193,ROI1,Col2,市场交流价：,
193,ROI1,Col2,9品：100元,
193,ROI1,Col2,10品：250元,
193,ROI1,Col3,雷锋,
193,ROI1,Col3,出版社：人民美术,
193,ROI1,Col3,改编：集体,
193,ROI1,Col3,绘画：集体,
193,ROI1,Col3,73年3月1版1次60开,
193,ROI1,Col3,印数：未详定价：0.07元,
193,ROI1,Col3,市场交流价：,
193,ROI1,Col3,9品：25元,
193,ROI1,Col3,10品：60元,
193,ROI1,Col4,雷锋的少年时代,
193,ROI1,Col4,出版社：人民美术,
193,ROI1,Col4,改编：刘含真,
193,ROI1,Col4,绘画：钱贵荪,
193,ROI1,Col4,73年2月2版1次64开,
193,ROI1,Col4,印数：未详定价：0.08元,
193,ROI1,Col4,市场交流价：,
193,ROI1,Col4,9品：15元,
193,ROI1,Col4,10品：40元,
193,ROI2,Col1,雷锋,
193,ROI2,Col1,出版社：江苏人民,
193,ROI2,Col1,编文：朱芸芳,
193,ROI2,Col1,绘画：汪观清,
193,ROI2,Col1,82年2月1版1次64开,
193,ROI2,Col1,印数：29万定价：0.12元,
193,ROI2,Col1,市场交流价：,
193,ROI2,Col1,9品：15元,
193,ROI2,Col1,10品：30元,
193,ROI2,Col2,塘边脚印,
193,ROI2,Col2,出版社：广东人民,
193,ROI2,Col2,编文：梁业鸿等,
193,ROI2,Col2,绘画：江恩莲,
193,ROI2,Col2,73年2月1版1次60开,
193,ROI2,Col2,印数：30万定价：0.16元,
193,ROI2,Col2,市场交流价：,
193,ROI2,Col2,9品：15元,
193,ROI2,Col2,10品：30元,
193,ROI2,Col3,塘边脚印,
193,ROI2,Col3,出版社：广东人民,
193,ROI2,Col3,编文：梁业鸿等,
193,ROI2,Col3,绘画：江恩莲,
193,ROI2,Col3,75年10月1版4次60开,
193,ROI2,Col3,印数：未详定价：0.16元,
193,ROI2,Col3,市场交流价：,
193,ROI2,Col3,9品：10元,
193,ROI2,Col3,10品：20元,
193,ROI2,Col4,塘南血泪仇,
193,ROI2,Col4,出版社：江西省新华书店,
193,ROI2,Col4,改编：集体,
193,ROI2,Col4,绘画：集体,
193,ROI2,Col4,70年10月1版1次60开,
193,ROI2,Col4,印数：未详定价：0.10元,
193,ROI2,Col4,市场交流价：,
193,ROI2,Col4,9品：100元,
193,ROI2,Col4,10品：200元,
194,ROI1,Col1,满湖冰封满湖春,
194,ROI1,Col1,出版社：上海人民,
194,ROI1,Col1,改编：集体,
194,ROI1,Col1,绘画：集体,
194,ROI1,Col1,72年8月1版1次60开,
194,ROI1,Col1,印数：未详定价：0.10元,
194,ROI1,Col1,市场交流价：,
194,ROI1,Col1,9品：15.00元,
194,ROI1,Col1,10品：30.00元,
194,ROI1,Col2,鼓手,
194,ROI1,Col2,出版社：甘肃人民,
194,ROI1,Col2,改编：曹杰,
194,ROI1,Col2,绘画：娄溥义,
194,ROI1,Col2,73年9月1版1次60开,
194,ROI1,Col2,印数：35万定价：0.10元,
194,ROI1,Col2,市场交流价：,
194,ROI1,Col2,9品：15元,
194,ROI1,Col2,10品：25元,
194,ROI1,Col3,雏鹰初飞,
194,ROI1,Col3,出版社：江苏人民,
194,ROI1,Col3,编文：王敬东,
194,ROI1,Col3,绘画：刘禾生 魏楚予,
194,ROI1,Col3,74年9月1版1次60开,
194,ROI1,Col3,印数：40万定价：0.09元,
194,ROI1,Col3,市场交流价：,
194,ROI1,Col3,9品：15元,
194,ROI1,Col3,10品：25元,
194,ROI1,Col4,雾岛尖兵,
194,ROI1,Col4,出版社：上海人民,
194,ROI1,Col4,改编：白克强,
194,ROI1,Col4,绘画：罗兴,
194,ROI1,Col4,75年11月1版1次64开,
194,ROI1,Col4,印数：未详定价：0.07元,
194,ROI1,Col4,市场交流价：,
194,ROI1,Col4,9品：10元,
194,ROI1,Col4,10品：20元,
194,ROI2,Col1,詹天佑,
194,ROI2,Col1,出版社：科普,
194,ROI2,Col1,编文：周佐愚,
194,ROI2,Col1,绘画：杨劲松,
194,ROI2,Col1,84年10月1版1次64开,
194,ROI2,Col1,印数：未详定价：0.18元,
194,ROI2,Col1,市场交流价：,
194,ROI2,Col1,9品：8元,
194,ROI2,Col1,10品：15元,
194,ROI2,Col2,詹天佑,
194,ROI2,Col2,出版社：岭南美术,
194,ROI2,Col2,编文：文政,
194,ROI2,Col2,绘画：关振旋周炳基,
194,ROI2,Col2,83年5月1版1次64开,
194,ROI2,Col2,印数：5.72万定价：0.21元,
194,ROI2,Col2,市场交流价：,
194,ROI2,Col2,9品：15元,
194,ROI2,Col2,10品：30元,
194,ROI2,Col3,詹天佑,
194,ROI2,Col3,出版社：陕西人民美术,
194,ROI2,Col3,改编：孙安文,
194,ROI2,Col3,绘画：戎鸣岐 戴敦邦,
194,ROI2,Col3,82年2月1版1次64开,
194,ROI2,Col3,印数：12.5万定价：0.13元,
194,ROI2,Col3,市场交流价：,
194,ROI2,Col3,9品：10元,
194,ROI2,Col3,10品：20元,
194,ROI2,Col4,跟踪追击,
194,ROI2,Col4,出版社：上海人民美术,
194,ROI2,Col4,改编：辛生,
194,ROI2,Col4,绘画：高 适,
194,ROI2,Col4,78年1月2版5次64开,
194,ROI2,Col4,印数：未详定价：0.15元,
194,ROI2,Col4,市场交流价：,
194,ROI2,Col4,9品：30元,
194,ROI2,Col4,10品：60元,
195,ROI1,Col1,塞上忠魂,
195,ROI1,Col1,出版社：黑龙江人民,
195,ROI1,Col1,改编：关胜武,
195,ROI1,Col1,绘画：王纯信王聪,
195,ROI1,Col1,83年3月1版1次64开,
195,ROI1,Col1,印数：18.9万定价：0.21元,
195,ROI1,Col1,市场交流价：,
195,ROI1,Col1,9品：5元,
195,ROI1,Col1,10品：10元,
195,ROI1,Col2,塞外夺宝,
195,ROI1,Col2,出版社：广东旅游,
195,ROI1,Col2,改编：蕴真,
195,ROI1,Col2,绘画：卜逸肖 琼,
195,ROI1,Col2,85年2月1版1次64开,
195,ROI1,Col2,印数：100万定价：0.28元,
195,ROI1,Col2,市场交流价：,
195,ROI1,Col2,9品：5元,
195,ROI1,Col2,10品：8元,
195,ROI1,Col3,雾都报童,
195,ROI1,Col3,出版社：浙江人民,
195,ROI1,Col3,改编：陆扬烈,
195,ROI1,Col3,绘画：张昌洵,
195,ROI1,Col3,79年2月1版1次64开,
195,ROI1,Col3,印数：80万定价：0.17元,
195,ROI1,Col3,市场交流价：,
195,ROI1,Col3,9品：10元,
195,ROI1,Col3,10品：20元,
195,ROI1,Col4,雾都报童,
195,ROI1,Col4,出版社：黑龙江人民,
195,ROI1,Col4,改编：杨明生,
195,ROI1,Col4,绘画：胡博综,
195,ROI1,Col4,79年10月1版1次64开,
195,ROI1,Col4,印数：17.8万定价：0.13元,
195,ROI1,Col4,市场交流价：,
195,ROI1,Col4,9品：8元,
195,ROI1,Col4,10品：15元,
195,ROI2,Col1,雾都十三夜,
195,ROI2,Col1,出版社：山东美术,
195,ROI2,Col1,改编：舟石,
195,ROI2,Col1,绘画：王征,
195,ROI2,Col1,84年3月1版1次64开,
195,ROI2,Col1,印数：20.9万 定价：0.20元,
195,ROI2,Col1,市场交流价：,
195,ROI2,Col1,9品：15元,
195,ROI2,Col1,10品：30元,
195,ROI2,Col2,雷雨,
195,ROI2,Col2,出版社：江苏人民,
195,ROI2,Col2,改编：沙铁军,
195,ROI2,Col2,绘画：陈贻福,
195,ROI2,Col2,82年10月1版1次64开,
195,ROI2,Col2,印数：18.5万 定价：0.23元,
195,ROI2,Col2,市场交流价：,
195,ROI2,Col2,9品：20元,
195,ROI2,Col2,10品：40元,
195,ROI2,Col3,雷雨,
195,ROI2,Col3,出版社：辽宁美术,
195,ROI2,Col3,改编：王良莹,
195,ROI2,Col3,绘画：谢京秋,
195,ROI2,Col3,82年5月1版1次64开,
195,ROI2,Col3,印数：41.2万定价：0.25元,
195,ROI2,Col3,市场交流价：,
195,ROI2,Col3,9品：5元,
195,ROI2,Col3,10品：10元,
195,ROI2,Col4,感情,
195,ROI2,Col4,出版社：安徽人民,
195,ROI2,Col4,改编：何柄章,
195,ROI2,Col4,绘画：于大武,
195,ROI2,Col4,83年12月1版1次64开,
195,ROI2,Col4,印数：8.5万定价：0.12元,
195,ROI2,Col4,市场交流价：,
195,ROI2,Col4,9品：10元,
195,ROI2,Col4,10品：20元,
196,ROI1,Col1,蓝色象鼻湖,
196,ROI1,Col1,出版社：中国少年儿童,
196,ROI1,Col1,改编：阿素,
196,ROI1,Col1,绘画：黄英浩肖田,
196,ROI1,Col1,83年7月1版1次64开,
196,ROI1,Col1,印数：未详定价：0.15元,
196,ROI1,Col1,市场交流价：,
196,ROI1,Col1,9品：10元,
196,ROI1,Col1,10品：20元,
196,ROI1,Col2,鉴湖女侠,
196,ROI1,Col2,出版社：浙江人民,
196,ROI1,Col2,改编：陆和荪,
196,ROI1,Col2,绘画：钱贵荪,
196,ROI1,Col2,79年10月1版1次64开,
196,ROI1,Col2,印数：54万定价：0.21元,
196,ROI1,Col2,市场交流价：,
196,ROI1,Col2,9品：20元,
196,ROI1,Col2,10品：50元,
196,ROI1,Col3,马半仙外传,
196,ROI1,Col3,出版社：黑龙江美术,
196,ROI1,Col3,改编：王乐群,
196,ROI1,Col3,绘画：王纯信,
196,ROI1,Col3,84年9月1版1次64开,
196,ROI1,Col3,印数：15.1万定价：0.25元,
196,ROI1,Col3,市场交流价：,
196,ROI1,Col3,9品：5元,
196,ROI1,Col3,10品：8元,
196,ROI1,Col4,榆面商人,
196,ROI1,Col4,出版社：人民美术,
196,ROI1,Col4,改编：文康,
196,ROI1,Col4,绘画：侯德剑赵建明,
196,ROI1,Col4,83年10月1版1次64开,
196,ROI1,Col4,印数：30万定价：0.11元,
196,ROI1,Col4,市场交流价：,
196,ROI1,Col4,9品：10元,
196,ROI1,Col4,10品：20元,
196,ROI2,Col1,蒙根花,
196,ROI2,Col1,出版社：上海人民美术,
196,ROI2,Col1,改编：牟怀珂,
196,ROI2,Col1,绘画：丁斌曾,
196,ROI2,Col1,81年7月1版1次64开,
196,ROI2,Col1,印数：74万定价：0.17元,
196,ROI2,Col1,市场交流价：,
196,ROI2,Col1,9品：20元,
196,ROI2,Col1,10品：50元,
196,ROI2,Col2,管电记,
196,ROI2,Col2,出版社：人民美术,
196,ROI2,Col2,编文：胡斌,
196,ROI2,Col2,绘画：胡斌,
196,ROI2,Col2,71年4月1版1次64开,
196,ROI2,Col2,印数：50万定价：0.14元,
196,ROI2,Col2,市场交流价：,
196,ROI2,Col2,9品：8元,
196,ROI2,Col2,10品：15元,
196,ROI2,Col3,新珠,
196,ROI2,Col3,出版社：福建人民,
196,ROI2,Col3,改编：秋次郎,
196,ROI2,Col3,绘画：池长尧,
196,ROI2,Col3,81年6月1版1次64开,
196,ROI2,Col3,印数：30万定价：0.26元,
196,ROI2,Col3,市场交流价：,
196,ROI2,Col3,9品：5元,
196,ROI2,Col3,10品：10元,
196,ROI2,Col4,跳来跳去的女人,
196,ROI2,Col4,出版社：上海人民美术,
196,ROI2,Col4,改编：马玲玲,
196,ROI2,Col4,绘画：柴本善,
196,ROI2,Col4,83年9月1版1次64开,
196,ROI2,Col4,印数：31.6万 定价：0.11元,
196,ROI2,Col4,市场交流价：,
196,ROI2,Col4,9品：5元,
196,ROI2,Col4,10品：10元,
197,ROI1,Col1,简爱(上),
197,ROI1,Col1,出版社：岭南美术,
197,ROI1,Col1,改编：大鲁,
197,ROI1,Col1,绘画：吴冠英,
197,ROI1,Col1,87年12月1版1次64开,
197,ROI1,Col1,印数：未详定价：0.50元,
197,ROI1,Col2,简爱(上下),
197,ROI1,Col2,出版社：辽宁美术,
197,ROI1,Col2,改编：李遵义,
197,ROI1,Col2,绘画：庞邦本,
197,ROI1,Col2,83年11月1版1次64开,
197,ROI1,Col2,印数：33.1万定价：0.40元,
197,ROI1,Col2,市场交流价：,
197,ROI1,Col2,9品：80元（全套）,
197,ROI1,Col2,10品：150元,
197,ROI1,Col3,满江红,
197,ROI1,Col3,出版社：人民美术,
197,ROI1,Col3,改编：任梅,
197,ROI1,Col3,绘画：墨浪,
197,ROI1,Col3,81年11月1版2次60开,
197,ROI1,Col3,印数：132.42万定价：0.13元,
197,ROI1,Col3,市场交流价：,
197,ROI1,Col3,9品：30元,
197,ROI1,Col3,10品：90元,
197,ROI1,Col4,满江红,
197,ROI1,Col4,出版社：河北人民,
197,ROI1,Col4,改编：张春峰,
197,ROI1,Col4,绘画：汪玉山,
197,ROI1,Col4,80年1月2版1次64开,
197,ROI1,Col4,印数：248万定价：0.10元,
197,ROI1,Col4,市场交流价：,
197,ROI1,Col4,9品：20元,
197,ROI1,Col4,10品：40元,
197,ROI2,Col1,嫦娥奔月,
197,ROI2,Col1,出版社：浙江人民美术,
197,ROI2,Col1,改编：程中岳,
197,ROI2,Col1,绘画：徐有武,
197,ROI2,Col1,81年3月1版1次64开,
197,ROI2,Col1,印数：110万定价：0.17元,
197,ROI2,Col1,市场交流价：,
197,ROI2,Col1,9品：20元,
197,ROI2,Col1,10品：40元,
197,ROI2,Col2,蔡文姬,
197,ROI2,Col2,出版社：河北美术,
197,ROI2,Col2,改编：唐开础,
197,ROI2,Col2,绘画：胡若佛,
197,ROI2,Col2,82年7月1版2次64开,
197,ROI2,Col2,印数：11.3万 定价：0.16元,
197,ROI2,Col2,市场交流价：,
197,ROI2,Col2,9品：60元,
197,ROI2,Col2,10品：180元,
197,ROI2,Col3,蔡文姬,
197,ROI2,Col3,出版社：辽宁美术,
197,ROI2,Col3,改编：吴廷官等,
197,ROI2,Col3,绘画：范志泉汪继声,
197,ROI2,Col3,79年8月1版1次64开,
197,ROI2,Col3,印数：20万定价：0.20元,
197,ROI2,Col3,市场交流价：,
197,ROI2,Col3,9品：60元,
197,ROI2,Col3,10品：180元,
197,ROI2,Col4,蔡文姬,
197,ROI2,Col4,出版社：上海人民美术,
197,ROI2,Col4,改编：李光羽,
197,ROI2,Col4,绘画：项维仁,
197,ROI2,Col4,80年9月1版1次60开,
197,ROI2,Col4,印数：50万定价：0.18元,
197,ROI2,Col4,市场交流价：,
197,ROI2,Col4,9品：80元,
197,ROI2,Col4,10品：200元,
198,ROI1,Col1,暴动,
198,ROI1,Col1,出版社：黑龙江人民,
198,ROI1,Col1,改编：张友,
198,ROI1,Col1,绘画：施大畏崔君沛 等,
198,ROI1,Col1,83年11月1版1次64开,
198,ROI1,Col1,印数：10.2万定价：0.23元,
198,ROI1,Col1,市场交流价：,
198,ROI1,Col1,9品：20元,
198,ROI1,Col1,10品：40元,
198,ROI1,Col2,翠谷鞭声,
198,ROI1,Col2,出版社：辽宁人民,
198,ROI1,Col2,编文：盛殿元,
198,ROI1,Col2,绘画：刘天民杨维华,
198,ROI1,Col2,76年5月1版1次64开,
198,ROI1,Col2,印数：30万定价：0.07元,
198,ROI1,Col2,市场交流价：,
198,ROI1,Col2,9品：8元,
198,ROI1,Col2,10品：15元,
198,ROI1,Col3,蔡永祥,
198,ROI1,Col3,出版社：浙江工农兵画报编缉部,
198,ROI1,Col3,编者：集体,
198,ROI1,Col3,绘画：集体,
198,ROI1,Col3,68年10月1版1次64开,
198,ROI1,Col3,印数：未详定价：0.06元,
198,ROI1,Col3,市场交流价：,
198,ROI1,Col3,9品：100元,
198,ROI1,Col3,10品：200元,
198,ROI1,Col4,出版社：广东人民,
198,ROI1,Col4,编文：关则驹,
198,ROI1,Col4,绘画：李昌柏,
198,ROI1,Col4,73年9月1版1次60开,
198,ROI1,Col4,印数：50万定价：0.15元,
198,ROI1,Col4,市场交流价：,
198,ROI1,Col4,9品：20元,
198,ROI1,Col4,10品：50元,
198,ROI2,Col1,静静的鱼塘,
198,ROI2,Col1,出版社：江西人民,
198,ROI2,Col1,改编：赵思政 姚义兴,
198,ROI2,Col1,绘画：姚逸之 李维山,
198,ROI2,Col1,75年11月1版1次60开,
198,ROI2,Col1,印数：30万定价：0.12元,
198,ROI2,Col1,市场交流价：,
198,ROI2,Col1,9品：20元,
198,ROI2,Col1,10品：50元,
198,ROI2,Col2,鞍钢工人王吉才,
198,ROI2,Col2,出版社：辽宁人民,
198,ROI2,Col2,改编：集体,
198,ROI2,Col2,绘画：集体,
198,ROI2,Col2,72年4月1版1次60开,
198,ROI2,Col2,印数：未详定价：0.10元,
198,ROI2,Col2,市场交流价：,
198,ROI2,Col2,9品：40元,
198,ROI2,Col2,10品：100元,
198,ROI2,Col3,滚雷英雄罗光变,
198,ROI2,Col3,出版社：上海人民,
198,ROI2,Col3,改编：集体,
198,ROI2,Col3,绘画：集体,
198,ROI2,Col3,72年4月1版1次60开,
198,ROI2,Col3,印数：未详定价：0.12元,
198,ROI2,Col3,市场交流价：,
198,ROI2,Col3,9品：40元,
198,ROI2,Col3,10品：180元,
198,ROI2,Col4,播火记（上下）,
198,ROI2,Col4,出版社：河北人民,
198,ROI2,Col4,改编：尚羡智,
198,ROI2,Col4,绘画：刘端,
198,ROI2,Col4,81年3月1版1次64开,
198,ROI2,Col4,印数：60万定价：0.45元,
198,ROI2,Col4,市场交流价：,
198,ROI2,Col4,9品：30元（全套）,
198,ROI2,Col4,10品：50元,
198,FOOTNOTE,,,（
199,ROI1,Col1,暴风骤雨(上下),
199,ROI1,Col1,出版社：上海人民美术,
199,ROI1,Col1,改编：杨根相,
199,ROI1,Col1,绘画：施大畏,
199,ROI1,Col1,81年11月1版1次64开,
199,ROI1,Col1,印数：50万定价：0.44元,
199,ROI1,Col1,市场交流价：,
199,ROI1,Col1,9品：60元（全套）,
199,ROI1,Col1,10品：150元,
199,ROI1,Col2,暴风骤雨,
199,ROI1,Col2,出版社：辽宁美术,
199,ROI1,Col2,改编：呈虹,
199,ROI1,Col2,绘画：林钧相,
199,ROI1,Col2,81年4月1版1次64开,
199,ROI1,Col2,印数：28.6万定价：0.25元,
199,ROI1,Col2,市场交流价：,
199,ROI1,Col2,9品：10元,
199,ROI1,Col2,10品：20元,
199,ROI1,Col3,暴风骤雨(上),
199,ROI1,Col3,出版社：黑龙江人民,
199,ROI1,Col3,改编：张启太,
199,ROI1,Col3,绘画：王纯信,
199,ROI1,Col3,80年1月1版1次64开,
199,ROI1,Col3,印数：6.7万定价：0.18元,
199,ROI1,Col4,暴风骤雨(下),
199,ROI1,Col4,出版社：黑龙江人民,
199,ROI1,Col4,改编：张启太,
199,ROI1,Col4,绘画：于海江,
199,ROI1,Col4,81年2月1版1次64开,
199,ROI1,Col4,印数：4.3万定价：0.13元,
199,ROI1,Col4,市场交流价：,
199,ROI1,Col4,9品：80元（全套）,
199,ROI1,Col4,10品：120元,
199,ROI2,Col1,黎明的河边,
199,ROI2,Col1,出版社：上海人民美术,
199,ROI2,Col1,改编：顾炳鑫,
199,ROI2,Col1,绘画：顾炳鑫,
199,ROI2,Col1,78年2月2版15次60开,
199,ROI2,Col1,印数：未详定价：0.11元,
199,ROI2,Col1,市场交流价：,
199,ROI2,Col1,9品：60元,
199,ROI2,Col1,10品：180元,
199,ROI2,Col2,黎明的河边,
199,ROI2,Col2,出版社：胡南少年儿童,
199,ROI2,Col2,改编：艾馨,
199,ROI2,Col2,绘画：谭尔康,
199,ROI2,Col2,84年5月1版1次64开,
199,ROI2,Col2,印数：25.3万定价：0.14元,
199,ROI2,Col2,市场交流价：,
199,ROI2,Col2,9品：8元,
199,ROI2,Col2,10品：15元,
199,ROI2,Col3,廖仲恺,
199,ROI2,Col3,出版社：福建人民,
199,ROI2,Col3,改编：柯逢,
199,ROI2,Col3,绘画：雷德祖,
199,ROI2,Col3,84年5月1版1次64开,
199,ROI2,Col3,印数：5.246万 定价：0.23元,
199,ROI2,Col3,市场交流价：,
199,ROI2,Col3,9品：25元,
199,ROI2,Col3,10品：60元,
199,ROI2,Col4,碧海长缨,
199,ROI2,Col4,出版社：广西人民,
199,ROI2,Col4,改编：郑之同,
199,ROI2,Col4,绘画：雷著华,
199,ROI2,Col4,86年8月1版1次60开,
199,ROI2,Col4,印数：25万定价：0.14元,
199,ROI2,Col4,市场交流价：,
199,ROI2,Col4,9品：30元,
199,ROI2,Col4,10品：60元,
200,ROI1,Col1,碧海丹心,
200,ROI1,Col1,出版社：上海人民美术,
200,ROI1,Col1,改编：庄宏安,
200,ROI1,Col1,绘画：徐进,
200,ROI1,Col1,83年12月2版3次60开,
200,ROI1,Col1,印数：64.5万定价：0.18元,
200,ROI1,Col1,市场交流价：,
200,ROI1,Col1,9品：50元,
200,ROI1,Col1,10品：100元,
200,ROI1,Col2,碧水扬波,
200,ROI1,Col2,出版社：天津人民美术,
200,ROI1,Col2,改编：孙文秀,
200,ROI1,Col2,绘画：刘少臣,
200,ROI1,Col2,77年8月1版1次60开,
200,ROI1,Col2,印数：未详定价：0.09元,
200,ROI1,Col2,市场交流价：,
200,ROI1,Col2,9品：5元,
200,ROI1,Col2,10品：15元,
200,ROI1,Col3,碧血丹心,
200,ROI1,Col3,出版社：长城,
200,ROI1,Col3,编文：沈玉章等,
200,ROI1,Col3,绘画：谢舒弋 等,
200,ROI1,Col3,86年3月1版1次64开,
200,ROI1,Col3,印数：未详定价：0.37元,
200,ROI1,Col3,市场交流价：,
200,ROI1,Col3,9品：5元,
200,ROI1,Col3,10品：8元,
200,ROI1,Col4,槐树庄,
200,ROI1,Col4,出版社：上海人民美术,
200,ROI1,Col4,改编：万家春,
200,ROI1,Col4,绘画：高适等,
200,ROI1,Col4,78年3月2版6次64开,
200,ROI1,Col4,印数：未详定价：0.17元,
200,ROI1,Col4,市场交流价：,
200,ROI1,Col4,9品：80元,
200,ROI1,Col4,10品：150元,
200,ROI2,Col1,渔光曲,
200,ROI2,Col1,出版社：天津人民美术,
200,ROI2,Col1,改编：小云,
200,ROI2,Col1,绘画：赵静东,
200,ROI2,Col1,79年5月1版1次60开,
200,ROI2,Col1,印数：12万定价：0.14元,
200,ROI2,Col1,市场交流价：,
200,ROI2,Col1,9品：60元,
200,ROI2,Col1,10品：150元,
200,ROI2,Col2,嘎达梅林,
200,ROI2,Col2,出版社：辽宁美术,
200,ROI2,Col2,改编：钟志诚,
200,ROI2,Col2,绘画：许勇顾莲塘等,
200,ROI2,Col2,84年8月1版1次64开,
200,ROI2,Col2,印数：10.7万定价：0.34元,
200,ROI2,Col2,市场交流价：,
200,ROI2,Col2,9品：20元,
200,ROI2,Col2,10品：40元,
200,ROI2,Col3,黎勇打豹,
200,ROI2,Col3,出版社：江苏人民,
200,ROI2,Col3,改编：姜春鸣,
200,ROI2,Col3,绘画：朱成梁,
200,ROI2,Col3,79年2月1版1次64开,
200,ROI2,Col3,印数：未详定价：0.06元,
200,ROI2,Col3,市场交流价：,
200,ROI2,Col3,9品：8元,
200,ROI2,Col3,10品：15元,
200,ROI2,Col4,瑶山密林,
200,ROI2,Col4,出版社：黑龙江美术,
200,ROI2,Col4,改编：王荣,
200,ROI2,Col4,绘画：邵子振 邵秋海,
200,ROI2,Col4,85年2月1版1次64开,
200,ROI2,Col4,印数：14.94万 定价：0.34元,
200,ROI2,Col4,市场交流价：,
200,ROI2,Col4,9品：5元,
200,ROI2,Col4,10品：10元,
201,ROI1,Col1,满山红(上下),
201,ROI1,Col1,出版社：山西人民,
201,ROI1,Col1,改编：李大发,
201,ROI1,Col1,绘画：傅琳柴山林,
201,ROI1,Col1,84年9月1版1次64开,
201,ROI1,Col1,印数：1.528万定价：0.40元,
201,ROI1,Col1,市场交流价：,
201,ROI1,Col1,9品：30元（全套）,
201,ROI1,Col1,10品：50元,
201,ROI1,Col2,毁灭,
201,ROI1,Col2,出版社：浙江人民美术,
201,ROI1,Col2,改编：陆和荪,
201,ROI1,Col2,绘画：胡振宇,
201,ROI1,Col2,84年8月1版1次64开,
201,ROI1,Col2,印数：26.5万定价：0.22元,
201,ROI1,Col2,市场交流价：,
201,ROI1,Col2,9品：15元,
201,ROI1,Col2,10品：30元,
201,ROI1,Col3,魂断蓝桥,
201,ROI1,Col3,出版社：岭南美术,
201,ROI1,Col3,改编：华士明吴湘英,
201,ROI1,Col3,绘画：黄穗中,
201,ROI1,Col3,83年2月1版1次64开,
201,ROI1,Col3,印数：36.7万定价：0.23元,
201,ROI1,Col3,市场交流价：,
201,ROI1,Col3,9品：8元,
201,ROI1,Col3,10品：15元,
201,ROI1,Col4,蔡永祥,
201,ROI1,Col4,出版社：浙江人民美术,
201,ROI1,Col4,改编：集体,
201,ROI1,Col4,绘画：集体,
201,ROI1,Col4,67年7月1版1次60开,
201,ROI1,Col4,印数：26万定价：0.12元,
201,ROI1,Col4,市场交流价：,
201,ROI1,Col4,9品：400元,
201,ROI1,Col4,10品：600元,
201,ROI2,Col1,蝴蝶兰,
201,ROI2,Col1,出版社：浙江人民美术,
201,ROI2,Col1,改编：胡,
201,ROI2,Col1,绘画：徐有武徐有刚,
201,ROI2,Col1,82年6月1版1次64开,
201,ROI2,Col1,印数：31万定价：0.17元,
201,ROI2,Col1,市场交流价：,
201,ROI2,Col1,9品：20元,
201,ROI2,Col1,10品：40元,
201,ROI2,Col2,蝴蝶兰,
201,ROI2,Col2,出版社：岭南美术,
201,ROI2,Col2,编文：洪寿仁陈韩星,
201,ROI2,Col2,绘者：卢德平,
201,ROI2,Col2,83年2月1版1次64开,
201,ROI2,Col2,印数：22.53万 定价：0.24元,
201,ROI2,Col2,市场交流价：,
201,ROI2,Col2,9品：8元,
201,ROI2,Col2,10品：15元,
201,ROI2,Col3,鲤鱼洲的枪声,
201,ROI2,Col3,出版社：天津人民美术,
201,ROI2,Col3,改编：雪兰,
201,ROI2,Col3,绘画：谷照恩,
201,ROI2,Col3,82年11月1版1次64开,
201,ROI2,Col3,印数：50.1万定价：0.13元,
201,ROI2,Col3,市场交流价：,
201,ROI2,Col3,9品：5元,
201,ROI2,Col3,10品：10元,
201,ROI2,Col4,劈浪擒敌,
201,ROI2,Col4,出版社：上海人民,
201,ROI2,Col4,改编：集体,
201,ROI2,Col4,绘画：集体,
201,ROI2,Col4,74年9月1版1次60开,
201,ROI2,Col4,印数：100万定价：0.70元,
201,ROI2,Col4,市场交流价：,
201,ROI2,Col4,9品：10元,
201,ROI2,Col4,10品：20元,
202,ROI1,Col1,糟头新兵,
202,ROI1,Col1,出版社：河北人民,
202,ROI1,Col1,编文：任书香,
202,ROI1,Col1,绘画：王同辰杜玉舟,
202,ROI1,Col1,75年1月1版1次64开,
202,ROI1,Col1,印数：50万定价：0.09元,
202,ROI1,Col1,市场交流价：,
202,ROI1,Col1,9品：8元,
202,ROI1,Col1,10品：15元,
202,ROI1,Col2,燕儿窝之夜,
202,ROI1,Col2,出版社：上海人民美术,
202,ROI1,Col2,改编：晓虹,
202,ROI1,Col2,绘画：邵劭,
202,ROI1,Col2,84年7月1版1次64开,
202,ROI1,Col2,印数：18万定价：0.17元,
202,ROI1,Col2,市场交流价：,
202,ROI1,Col2,9品：8元,
202,ROI1,Col2,10品：15元,
202,ROI1,Col3,憨儿子,
202,ROI1,Col3,出版社：长江文艺,
202,ROI1,Col3,编文：康兴龙,
202,ROI1,Col3,绘画：李邦耀,
202,ROI1,Col3,85年1月1版1次64开,
202,ROI1,Col3,印数：21万定价：0.24元,
202,ROI1,Col3,市场交流价：,
202,ROI1,Col3,9品：5元,
202,ROI1,Col3,10品：10元,
202,ROI1,Col4,薛刚反唐,
202,ROI1,Col4,出版社：河北美术,
202,ROI1,Col4,改编：张键,
202,ROI1,Col4,绘画：汪玉山等,
202,ROI1,Col4,82年6月1版2次64开,
202,ROI1,Col4,印数：146万定价：0.14元,
202,ROI1,Col4,市场交流价：,
202,ROI1,Col4,9品：15元,
202,ROI1,Col4,10品：30元,
202,ROI2,Col1,霓裳羽衣曲,
202,ROI2,Col1,出版社：福建美术,
202,ROI2,Col1,改编：高翔,
202,ROI2,Col1,绘画：陈泽山,
202,ROI2,Col1,85年5月1版1次64开,
202,ROI2,Col1,印数：17.9万 定价：0.39元,
202,ROI2,Col1,市场交流价：,
202,ROI2,Col1,9品：8元,
202,ROI2,Col1,10品：15元,
202,ROI2,Col2,穆桂英 (上下）,
202,ROI2,Col2,出版社：江苏人民,
202,ROI2,Col2,改编：文文,
202,ROI2,Col2,绘画：宗静草,
202,ROI2,Col2,81年6月1版1次64开,
202,ROI2,Col2,印数：70万定价：0.22元,
202,ROI2,Col2,市场交流价：,
202,ROI2,Col2,9品：20元（全套）,
202,ROI2,Col2,10品：35元,
202,ROI2,Col3,霍光,
202,ROI2,Col3,出版社：陕西人民美术,
202,ROI2,Col3,改编：韩季华,
202,ROI2,Col3,绘画：张景林陆小弟,
202,ROI2,Col3,84年2月1版1次64开,
202,ROI2,Col3,印数：8.4万定价：0.25元,
202,ROI2,Col3,市场交流价：,
202,ROI2,Col3,9品：8元,
202,ROI2,Col3,10品：15元,
202,ROI2,Col4,滕知县断案,
202,ROI2,Col4,出版社：吉林人民,
202,ROI2,Col4,编文：柳笙,
202,ROI2,Col4,绘画：刘端,
202,ROI2,Col4,83年8月1版1次64开,
202,ROI2,Col4,印数：22.19万定价：0.11元,
202,ROI2,Col4,市场交流价：,
202,ROI2,Col4,9品：10元,
202,ROI2,Col4,10品：30元,
203,ROI1,Col1,激浪红心,
203,ROI1,Col1,出版社：上海人民,
203,ROI1,Col1,改编：集体,
203,ROI1,Col1,绘画：集体,
203,ROI1,Col1,71年9月1版1次60开,
203,ROI1,Col1,印数：未详定价：0.11元,
203,ROI1,Col1,市场交流价：,
203,ROI1,Col1,9品：40元,
203,ROI1,Col1,10品：150元,
203,ROI1,Col2,操心,
203,ROI1,Col2,出版社：浙江人民,
203,ROI1,Col2,改编：徐迅,
203,ROI1,Col2,绘画：徐季同,
203,ROI1,Col2,74年4月1版1次60开,
203,ROI1,Col2,印数：45万定价：0.08元,
203,ROI1,Col2,市场交流价：,
203,ROI1,Col2,9品：8元,
203,ROI1,Col2,10品：20元,
203,ROI1,Col3,穆宗新,
203,ROI1,Col3,出版社：河北人民,
203,ROI1,Col3,改编：集体,
203,ROI1,Col3,绘画：李丰田,
203,ROI1,Col3,73年10月1版1次64开,
203,ROI1,Col3,印数：7万定价：0.10元,
203,ROI1,Col3,市场交流价：,
203,ROI1,Col3,9品：40元,
203,ROI1,Col3,10品：80元,
203,ROI1,Col4,燎原,
203,ROI1,Col4,出版社：人民美术,
203,ROI1,Col4,编文：叶惠元,
203,ROI1,Col4,绘画：徐加昌,
203,ROI1,Col4,80年10月2版2次60开,
203,ROI1,Col4,印数：41.5万 定价：0.27元,
203,ROI1,Col4,市场交流价：,
203,ROI1,Col4,9品：40元,
203,ROI1,Col4,10品：80元,
203,ROI2,Col1,激战崔家洼,
203,ROI2,Col1,出版社：北京,
203,ROI2,Col1,改编：石洪林,
203,ROI2,Col1,绘画：杨一明,
203,ROI2,Col1,80年3月1版1次60开,
203,ROI2,Col1,印数：未详定价：0.09元,
203,ROI2,Col1,市场交流价：,
203,ROI2,Col1,9品：5元,
203,ROI2,Col1,10品：10元,
203,ROI2,Col2,儒法治军路线斗争故事选,
203,ROI2,Col2,出版社：上海人民,
203,ROI2,Col2,改编：丁国联陈元山,
203,ROI2,Col2,绘画：罗希贤等,
203,ROI2,Col2,75年10月1版1次64开,
203,ROI2,Col2,印数：未详定价：0.09元,
203,ROI2,Col2,市场交流价：,
203,ROI2,Col2,9品：15元,
203,ROI2,Col2,10品：30元,
203,ROI2,Col3,激战夜航,
203,ROI2,Col3,出版社：福建人民,
203,ROI2,Col3,编文：集体,
203,ROI2,Col3,绘画：洪瑞生等,
203,ROI2,Col3,75年1月1版1次60开,
203,ROI2,Col3,印数：未详 定价：0.08元,
203,ROI2,Col3,市场交流价：,
203,ROI2,Col3,9品：15元,
203,ROI2,Col3,10品：35元,
203,ROI2,Col4,激战无名川(上下),
203,ROI2,Col4,出版社：辽宁美术,
203,ROI2,Col4,改编：卞福顺,
203,ROI2,Col4,绘画：冯玉太李秀玲,
203,ROI2,Col4,82年8月1版1次64开,
203,ROI2,Col4,印数：61.1万定价：0.46元,
203,ROI2,Col4,市场交流价：,
203,ROI2,Col4,9品：10元（全套),
203,ROI2,Col4,10品：20元,
204,ROI1,Col1,擎天礁擒谍,
204,ROI1,Col1,出版社：天津人民美术,
204,ROI1,Col1,改编：陈铁英,
204,ROI1,Col1,绘画：雷德祖,
204,ROI1,Col1,78年8月1版1次60开,
204,ROI1,Col1,印数：未详定价：0.15元,
204,ROI1,Col1,市场交流价：,
204,ROI1,Col1,9品：20元,
204,ROI1,Col1,10品：50元,
204,ROI1,Col2,磨坊之役,
204,ROI1,Col2,出版社：上海人民,
204,ROI1,Col2,改编：徐涂,
204,ROI1,Col2,绘画：徐芒耀,
204,ROI1,Col2,84年5月1版1次64开,
204,ROI1,Col2,印数：17.5万定价：0.16元,
204,ROI1,Col2,市场交流价：,
204,ROI1,Col2,9品：5元,
204,ROI1,Col2,10品：10元,
204,ROI1,Col3,蟋蟀,
204,ROI1,Col3,出版社：岭南美术,
204,ROI1,Col3,改编：易子,
204,ROI1,Col3,绘画：周波,
204,ROI1,Col3,81年1月1版1次64开,
204,ROI1,Col3,印数：未详定价：0.18元,
204,ROI1,Col3,市场交流价：,
204,ROI1,Col3,9品：5元,
204,ROI1,Col3,10品：8元,
204,ROI1,Col4,“镢柄”相亲记,
204,ROI1,Col4,出版社：上海人民美术,
204,ROI1,Col4,改编：刘思成,
204,ROI1,Col4,绘画：刘国辉,
204,ROI1,Col4,83年1月1版1次64开,
204,ROI1,Col4,印数：14万定价：0.13元,
204,ROI1,Col4,市场交流价：,
204,ROI1,Col4,9品：8元,
204,ROI1,Col4,10品：15元,
204,ROI2,Col1,曙光,
204,ROI2,Col1,出版社：人民美术,
204,ROI2,Col1,改编：王育生,
204,ROI2,Col1,绘画：马廷奎,
204,ROI2,Col1,79年10月1版1次64开,
204,ROI2,Col1,印数：79万定价：0.22元,
204,ROI2,Col1,市场交流价：,
204,ROI2,Col1,9品：8元,
204,ROI2,Col1,10品：15元,
204,ROI2,Col2,曙光,
204,ROI2,Col2,出版社：上海人民美术,
204,ROI2,Col2,改编：金伯,
204,ROI2,Col2,绘画：蔡超陈一文,
204,ROI2,Col2,81年3月1版1次64开,
204,ROI2,Col2,印数：59万定价：0.19元,
204,ROI2,Col2,市场交流价：,
204,ROI2,Col2,9品：15元,
204,ROI2,Col2,10品：25元,
204,ROI2,Col3,鹰岛大捷,
204,ROI2,Col3,出版社：福建人民,
204,ROI2,Col3,编文：丘兰生 三等,
204,ROI2,Col3,绘者：施友义,
204,ROI2,Col3,75年9月1版1次60开,
204,ROI2,Col3,印数：未详定价：0.16元,
204,ROI2,Col3,市场交流价：,
204,ROI2,Col3,9品：20元,
204,ROI2,Col3,10品：45元,
204,ROI2,Col4,鹰击长空,
204,ROI2,Col4,出版社：辽宁美术,
204,ROI2,Col4,编文：芮衡之,
204,ROI2,Col4,绘者：黄振永,
204,ROI2,Col4,79年9月1版1次64开,
204,ROI2,Col4,印数：45万定价：0.19元,
204,ROI2,Col4,市场交流价：,
204,ROI2,Col4,9品：15元,
204,ROI2,Col4,10品：25元,
205,ROI1,Col1,鹰拳,
205,ROI1,Col1,出版社：河北美术,
205,ROI1,Col1,改编：牛素琴张驰,
205,ROI1,Col1,绘画：何保全,
205,ROI1,Col1,84年7月1版1次64开,
205,ROI1,Col1,印数：100万定价：0.13元,
205,ROI1,Col1,市场交流价：,
205,ROI1,Col1,9品：5元,
205,ROI1,Col1,10品：10元,
205,ROI1,Col2,鹰拳,
205,ROI1,Col2,出版社：安徽人民,
205,ROI1,Col2,改编：溪水,
205,ROI1,Col2,绘画：丁世弼,
205,ROI1,Col2,83年11月1版1次64开,
205,ROI1,Col2,印数：254万定价：0.15元,
205,ROI1,Col2,市场交流价：,
205,ROI1,Col2,9品：5元,
205,ROI1,Col2,10品：8元,
205,ROI1,Col3,瞿秋白,
205,ROI1,Col3,出版社：江苏美术,
205,ROI1,Col3,编文：高煌,
205,ROI1,Col3,绘画：丁德邻朱丹,
205,ROI1,Col3,84年1月1版1次64开,
205,ROI1,Col3,印数：5.53万定价：0.28元,
205,ROI1,Col3,市场交流价：,
205,ROI1,Col3,9品：10元,
205,ROI1,Col3,10品：30元,
205,ROI1,Col4,魔鬼角的歌声,
205,ROI1,Col4,出版社：浙江人民美术,
205,ROI1,Col4,编文：白虹,
205,ROI1,Col4,绘画：梁平波,
205,ROI1,Col4,80年8月1版1次64开,
205,ROI1,Col4,印数：110万定价：0.14元,
205,ROI1,Col4,市场交流价：,
205,ROI1,Col4,9品：15元,
205,ROI1,Col4,10品：25元,
205,ROI2,Col1,魔岛之谜,
205,ROI2,Col1,出版社：江苏人民,
205,ROI2,Col1,编译：唐世民,
205,ROI2,Col1,绘画：黄英浩,
205,ROI2,Col1,81年11月1版1次64开,
205,ROI2,Col1,印数：50.1万定价：0.24元,
205,ROI2,Col1,市场交流价：,
205,ROI2,Col1,9品：20元,
205,ROI2,Col1,10品：40元,
205,ROI2,Col2,警惕的眼睛,
205,ROI2,Col2,出版社：天津人民美术,
205,ROI2,Col2,改编：毛亮英,
205,ROI2,Col2,绘画：集体,
205,ROI2,Col2,78年11月1版1次64开,
205,ROI2,Col2,印数：未详定价：0.13元,
205,ROI2,Col2,市场交流价：,
205,ROI2,Col2,9品：10元,
205,ROI2,Col2,10品：20元,
205,ROI2,Col3,赣江风雷,
205,ROI2,Col3,出版社：浙江人民美术,
205,ROI2,Col3,改编：集体,
205,ROI2,Col3,绘画：集体,
205,ROI2,Col3,71年4月1版1次60开,
205,ROI2,Col3,印数：未详定价：0.13元,
205,ROI2,Col3,市场交流价：,
205,ROI2,Col3,9品：40元,
205,ROI2,Col3,10品：100元,
205,ROI2,Col4,霸王别姬,
205,ROI2,Col4,出版社：浙江人民美术,
205,ROI2,Col4,改编：汤廷乐,
205,ROI2,Col4,绘画：赵文玉,
205,ROI2,Col4,83年1月1版1次64开,
205,ROI2,Col4,印数：22万定价：0.17元,
205,ROI2,Col4,市场交流价：,
205,ROI2,Col4,9品：5元,
205,ROI2,Col4,10品：10元,
206,ROI1,Col1,西游记,
206,ROI1,Col1,出版社：湖南美术,
206,ROI1,Col1,改编：林一本,
206,ROI1,Col1,绘画：吴国威,
206,ROI1,Col1,81年10月1版1次64开,
206,ROI1,Col1,印数：135万定价：0.16元,
206,ROI1,Col1,市场交流价：（一般2元一册）,
206,ROI1,Col1,9品：5元,
206,ROI1,Col1,10品：10元,
206,ROI1,Col2,西游记,
206,ROI1,Col2,出版社：天津人民美术,
206,ROI1,Col2,改编：徐礼娴,
206,ROI1,Col2,绘画：刘振亭,
206,ROI1,Col2,81年8月1版1次64开,
206,ROI1,Col2,印数：84万 定价：0.18元,
206,ROI1,Col3,西游记,
206,ROI1,Col3,出版社：山东人民,
206,ROI1,Col3,改编：郭子宣,
206,ROI1,Col3,绘画：周申,
206,ROI1,Col3,82年8月1版1次64开,
206,ROI1,Col3,印数：43.35万定价：0.16元,
206,ROI1,Col4,续西游记,
206,ROI1,Col4,出版社：湖北美术,
206,ROI1,Col4,改编：朱凤文,
206,ROI1,Col4,绘画：舒少华,
206,ROI1,Col4,89年5月1版1次64开,
206,ROI1,Col4,印数：10.1万定价：0.54元,
206,ROI1,Col4,市场交流价：,
206,ROI1,Col4,9品：30元（全套10册）,
206,ROI1,Col4,10品：50元,
206,ROI2,Col1,西游记,
206,ROI2,Col1,出版社：河北人民,
206,ROI2,Col1,改编：陈平夫,
206,ROI2,Col1,绘画：张鹿山,
206,ROI2,Col1,81年5月2版1次64开,
206,ROI2,Col1,印数：80万定价：0.10元,
206,ROI2,Col1,市场交流价：,
206,ROI2,Col1,9品：20元,
206,ROI2,Col1,10品：40元,
206,ROI2,Col2,西游记,
206,ROI2,Col2,出版社：河北人民,
206,ROI2,Col2,改编：卢光照,
206,ROI2,Col2,绘画：任率英,
206,ROI2,Col2,82年1月1版2次64开,
206,ROI2,Col2,印数：99万定价：0.14元,
206,ROI2,Col2,市场交流价：,
206,ROI2,Col2,9品：15元,
206,ROI2,Col2,10品：30元,
206,ROI2,Col3,西游记,
206,ROI2,Col3,出版社：上海人民美术,
206,ROI2,Col3,改编：胡遂平,
206,ROI2,Col3,绘画：夏书玉,
206,ROI2,Col3,80年10月2版9次64开,
206,ROI2,Col3,印数：237.1万 定价：0.14元,
206,ROI2,Col4,西游记,
206,ROI2,Col4,出版社：四川人民,
206,ROI2,Col4,编文：庄努槐山,
206,ROI2,Col4,绘画：叶毓中陈光镒等,
206,ROI2,Col4,83年5月1版1次64开,
206,ROI2,Col4,印数：50.37万定价：0.15元,
206,FOOTNOTE,,,东版，全套十册。九品60元，十品120元。
206,FOOTNOTE,,,种封底有红色孙悟空腾云图案。市场交流价9品100元、10品200元，《西游记》四川版
206,FOOTNOTE,,,全套20册/加
206,FOOTNOTE,,,《西游记》湖南版。全套共二十五册，其中《变法斗三仙》
206,FOOTNOTE,,,7
206,FOOTNOTE,,,较少。《西游记》
206,FOOTNOTE,,,天津版，全套十册，9品100元、10品150元。《西游记》山
206,FOOTNOTE,,,品1600元。另一种为绿色边框再版本，多见且封面及内页部分改动。该书第一版在文革前出版二十五种。《西游记》上美版，第一版共十
206,FOOTNOTE,,,《西游记》河北版，棕色边框全套共三十五种。其中《龙宫借宝》、《黑水河》为全书之筋，好品相，极少见。市场交流价9品800元、10
207,ROI1,Col1,异母兄弟,
207,ROI1,Col1,出版社：天津人民美术,
207,ROI1,Col1,编文：仓阳卿,
207,ROI1,Col1,绘画：王亦秋,
207,ROI1,Col1,82年11月1版1次64开,
207,ROI1,Col1,印数：35.1万 定价：0.13元,
207,ROI1,Col1,市场交流价：,
207,ROI1,Col1,9品：25元,
207,ROI1,Col1,10品：50元,
207,ROI1,Col2,荷花三娘子,
207,ROI1,Col2,出版社：天津人民美术,
207,ROI1,Col2,编文：江浚,
207,ROI1,Col2,绘画：吴大成,
207,ROI1,Col2,82年9月1版1次64开,
207,ROI1,Col2,印数：44.1万 定价：0.12元,
207,ROI1,Col2,市场交流价：,
207,ROI1,Col2,9品：30元,
207,ROI1,Col2,10品：60元,
207,ROI1,Col3,张洪渐,
207,ROI1,Col3,出版社：天津人民美术,
207,ROI1,Col3,改编：雷云霄,
207,ROI1,Col3,绘画：张锡武 张荣章,
207,ROI1,Col3,83年1月1版1次64开,
207,ROI1,Col3,印数：18万 定价：0.13元,
207,ROI1,Col3,市场交流价：,
207,ROI1,Col3,9品：80元,
207,ROI1,Col3,10品：150元,
207,ROI1,Col4,封三娘,
207,ROI1,Col4,出版社：天津人民美术,
207,ROI1,Col4,改编：吴秀英,
207,ROI1,Col4,绘画：刘棣等,
207,ROI1,Col4,83年1月1版1次64开,
207,ROI1,Col4,印数：19.5万 定价：0.12元,
207,ROI1,Col4,市场交流价：,
207,ROI1,Col4,9品：100元,
207,ROI1,Col4,10品：160元,
207,ROI2,Col1,小谢,
207,ROI2,Col1,出版社：天津人民美术,
207,ROI2,Col1,改编：小戈,
207,ROI2,Col1,绘画：张令涛 胡若佛,
207,ROI2,Col1,80年2月1版1次60开,
207,ROI2,Col1,印数：100万 定价：0.13元,
207,ROI2,Col1,市场交流价：,
207,ROI2,Col1,9品：15元,
207,ROI2,Col1,10品：30元,
207,ROI2,Col2,白秋练,
207,ROI2,Col2,出版社：天津人民美术,
207,ROI2,Col2,编文：张明文,
207,ROI2,Col2,绘画：颜梅华,
207,ROI2,Col2,79年12月1版1次60开,
207,ROI2,Col2,印数：100万定价：0.13元,
207,ROI2,Col2,市场交流价：,
207,ROI2,Col2,9品：15元,
207,ROI2,Col2,10品：30元,
207,ROI2,Col3,连锁,
207,ROI2,Col3,出版社：山东美术,
207,ROI2,Col3,改编：修世榕,
207,ROI2,Col3,绘画：王福增,
207,ROI2,Col3,84年4月1版1次64开,
207,ROI2,Col3,印数：18.3万定价：0.12元,
207,ROI2,Col3,市场交流价：,
207,ROI2,Col3,9品：15元,
207,ROI2,Col3,10品：30元,
207,ROI2,Col4,良缘奇曲,
207,ROI2,Col4,出版社：山东人民,
207,ROI2,Col4,改编：呆红星杨长瀛,
207,ROI2,Col4,绘画：张兆涵,
207,ROI2,Col4,82年2月1版1次64开,
207,ROI2,Col4,印数：97万定价：0.11元,
207,ROI2,Col4,市场交流价：,
207,ROI2,Col4,9品：3元,
207,ROI2,Col4,10品：5元,
207,FOOTNOTE,,,《聊斋》天津版，全套59种，除6种60开外，均为64开本。《封三娘》《张洪渐》为全书之筋。其余品种之间印量差异也较大，交流价
208,ROI1,Col1,鲁智深,
208,ROI1,Col1,出版社：人民美术,
208,ROI1,Col1,改编：高梅仪,
208,ROI1,Col1,绘画：马程,
208,ROI1,Col1,81年11月1版1次64开,
208,ROI1,Col1,印数：150万定价：0.24元,
208,ROI1,Col1,全套三十册。,
208,ROI1,Col1,9品：100元,
208,ROI1,Col1,10品：150元,
208,ROI1,Col2,生擒高太尉,
208,ROI1,Col2,出版社：浙江人民美术,
208,ROI1,Col2,改编：小路,
208,ROI1,Col2,绘画：陆成法 徐雅娥,
208,ROI1,Col2,80年3月1版1次64开,
208,ROI1,Col2,印数：32万定价：0.14元,
208,ROI1,Col2,市场交流价：,
208,ROI1,Col2,9品：20元(全套六册),
208,ROI1,Col2,10品：30元,
208,ROI1,Col3,误入白虎堂,
208,ROI1,Col3,出版社：上海人民美术,
208,ROI1,Col3,改编：阿秀阿南,
208,ROI1,Col3,绘画：颜梅华,
208,ROI1,Col3,79年4月1版1次64开,
208,ROI1,Col3,印数：100万定价：0.14元,
208,ROI1,Col3,市场交流价：,
208,ROI1,Col3,9品：15元,
208,ROI1,Col3,10品：25元,
208,ROI1,Col4,野猪林,
208,ROI1,Col4,出版社：上海人民美术,
208,ROI1,Col4,改编：赵金发,
208,ROI1,Col4,绘画：戴红倩 戴敦邦,
208,ROI1,Col4,81年7月1版1次64开,
208,ROI1,Col4,印数：156万 定价：0.13元,
208,ROI1,Col4,市场交流价：,
208,ROI1,Col4,9品：10元,
208,ROI1,Col4,10品：30元,
208,ROI2,Col1,智取生辰纲,
208,ROI2,Col1,出版社：上海人民美术,
208,ROI2,Col1,改编：丁国联,
208,ROI2,Col1,绘画：颜梅华,
208,ROI2,Col1,81年8月1版1次64开,
208,ROI2,Col1,印数：140万定价：0.16元,
208,ROI2,Col1,市场交流价：,
208,ROI2,Col1,9品：15元,
208,ROI2,Col1,10品：30元,
208,ROI2,Col2,杨志卖刀,
208,ROI2,Col2,出版社：上海人民美术,
208,ROI2,Col2,改编：吴其柔,
208,ROI2,Col2,绘画：颜梅华,
208,ROI2,Col2,85年5月1版1次64开,
208,ROI2,Col2,印数：15.6万定价：0.24元,
208,ROI2,Col2,市场交流价：,
208,ROI2,Col2,9品：50元,
208,ROI2,Col2,10品：80元,
208,ROI2,Col3,大闹五台山,
208,ROI2,Col3,出版社：上海人民美术,
208,ROI2,Col3,编文：胡雁,
208,ROI2,Col3,绘画：赵仁年,
208,ROI2,Col3,81年7月1版1次64开,
208,ROI2,Col3,印数：135万定价：0.16元,
208,ROI2,Col3,市场交流价：,
208,ROI2,Col3,9品：5元,
208,ROI2,Col3,10品：10元,
208,ROI2,Col4,宋江杀惜,
208,ROI2,Col4,出版社：上海人民美术,
208,ROI2,Col4,编文：曹欣渊,
208,ROI2,Col4,绘画：魏忠善,
208,ROI2,Col4,83年5月1版1次64开,
208,ROI2,Col4,印数：31万定价：0.13元,
208,ROI2,Col4,市场交流价：,
208,ROI2,Col4,9品：15元,
208,ROI2,Col4,10品：30元,
208,FOOTNOTE,,,上美版《水浒故事》全套13种，《闹江洲》封面有一种特殊版式，标题为白色底框(仅见)疑为错版。印刷较之一般，精良不少。仅在上海
209,ROI1,Col1,火井王伦,
209,ROI1,Col1,出版社：上海人民美术,
209,ROI1,Col1,编文：丁国联,
209,ROI1,Col1,绘画：徐正平,
209,ROI1,Col1,82年5月1版1次64开,
209,ROI1,Col1,印数：75万定价：0.13元,
209,ROI1,Col1,市场交流价：,
209,ROI1,Col1,9品：10元,
209,ROI1,Col1,10品：20元,
209,ROI1,Col2,拳打镇关西,
209,ROI1,Col2,出版社：上海人民美术,
209,ROI1,Col2,改编：丁国联,
209,ROI1,Col2,绘画：赵仁年,
209,ROI1,Col2,80年2月1版1次64开,
209,ROI1,Col2,印数：150万定价：0.12元,
209,ROI1,Col2,市场交流价：,
209,ROI1,Col2,9品：5元,
209,ROI1,Col2,10品：10元,
209,ROI1,Col3,猎虎记,
209,ROI1,Col3,出版社：上海人民美术,
209,ROI1,Col3,编文：丁国联,
209,ROI1,Col3,绘画：凌涛,
209,ROI1,Col3,81年4月1版1次64开,
209,ROI1,Col3,印数：126万定价：0.12元,
209,ROI1,Col3,市场交流价：,
209,ROI1,Col3,9品：15元,
209,ROI1,Col3,10品：25元,
209,ROI1,Col4,枷打白秀英,
209,ROI1,Col4,出版社：上海人民美术,
209,ROI1,Col4,改编：曹欣渊,
209,ROI1,Col4,绘画：庞先健,
209,ROI1,Col4,84年8月1版1次64开,
209,ROI1,Col4,印数：43.5万定价：0.16元,
209,ROI1,Col4,市场交流价：,
209,ROI1,Col4,9品：15元,
209,ROI1,Col4,10品：30元,
209,ROI2,Col1,闹江州,
209,ROI2,Col1,出版社：上海人民美术,
209,ROI2,Col1,改编：张企荣,
209,ROI2,Col1,绘画：周申,
209,ROI2,Col1,84年11月1版1次64开,
209,ROI2,Col1,印数：26.5万定价：0.25元,
209,ROI2,Col1,市场交流价：,
209,ROI2,Col1,9品：5元,
209,ROI2,Col1,10品：10元,
209,ROI2,Col2,闹江洲,
209,ROI2,Col2,出版社：上海人民美术,
209,ROI2,Col2,改编：张企荣,
209,ROI2,Col2,绘画：周申,
209,ROI2,Col2,84年11月1版1次64开,
209,ROI2,Col2,印数：26.5万定价：0.25元,
209,ROI2,Col2,无市场成交价,
209,ROI2,Col3,杀四虎,
209,ROI2,Col3,出版社：上海人民美术,
209,ROI2,Col3,改编：蔡家骏,
209,ROI2,Col3,绘画：赵仁年,
209,ROI2,Col3,84年11月1版1次64开,
209,ROI2,Col3,印数：43.6万 定价：0.16元,
209,ROI2,Col3,市场交流价：,
209,ROI2,Col3,9品：15元,
209,ROI2,Col3,10品：25元,
209,ROI2,Col4,清风寨,
209,ROI2,Col4,出版社：上海人民美术,
209,ROI2,Col4,编文：张企荣,
209,ROI2,Col4,绘画：邵鲁江 邵鲁军,
209,ROI2,Col4,83年11月1版1次64开,
209,ROI2,Col4,印数：33万定价：0.16元,
209,ROI2,Col4,市场交流价：,
209,ROI2,Col4,9品：10元,
209,ROI2,Col4,10品：20元,
209,FOOTNOTE,,,《闹江洲》一书，近期有量出现，故成交价相对前期有大幅下价。
210,ROI1,Col1,宋江,
210,ROI1,Col1,出版社：吉林人民,
210,ROI1,Col1,编文：张玉来,
210,ROI1,Col1,绘画：桑麟康,
210,ROI1,Col1,83年5月1版1次64开,
210,ROI1,Col1,印数：10.11万定价：0.63元,
210,ROI1,Col2,武松(上中下),
210,ROI1,Col2,出版社：吉林人民,
210,ROI1,Col2,编文：刘廷龄,
210,ROI1,Col2,绘画：吕世荣,
210,ROI1,Col2,81年5月1版1次64开,
210,ROI1,Col2,印数：75.251万定价：1.11元,
210,ROI1,Col3,晁盖,
210,ROI1,Col3,出版社：吉林人民,
210,ROI1,Col3,编文：张玉来,
210,ROI1,Col3,绘画：张亚力,
210,ROI1,Col3,82年10月1版1次64开,
210,ROI1,Col3,印数：24.081万定价：0.37元,
210,ROI1,Col4,卢俊义,
210,ROI1,Col4,出版社：吉林人民,
210,ROI1,Col4,编文：张艾莉,
210,ROI1,Col4,绘画：李峰山,
210,ROI1,Col4,83年1月1版1次64开,
210,ROI1,Col4,印数：22.531万定价：0.37元,
210,ROI2,Col1,陈景润,
210,ROI2,Col1,出版社：上海人民美术,
210,ROI2,Col1,著文：徐伟敏郑平,
210,ROI2,Col1,绘画：王立志,
210,ROI2,Col1,80年6月1版1次64开,
210,ROI2,Col1,印数：30万定价：0.14元,
210,ROI2,Col1,市场交流价：,
210,ROI2,Col1,9品：10元,
210,ROI2,Col1,10品：20元,
210,ROI2,Col2,李四光,
210,ROI2,Col2,出版社：上海人民美术,
210,ROI2,Col2,编文：霍达,
210,ROI2,Col2,绘画：王为政,
210,ROI2,Col2,79年3月1版1次64开,
210,ROI2,Col2,印数：70万 定价：0.19元,
210,ROI2,Col2,市场交流价：,
210,ROI2,Col2,9品：8元,
210,ROI2,Col2,10品：15元,
210,ROI2,Col3,童第周,
210,ROI2,Col3,出版社：上海人民美术,
210,ROI2,Col3,改编：理由于公介,
210,ROI2,Col3,绘画：姜荣根,
210,ROI2,Col3,80年1月1版1次64开,
210,ROI2,Col3,印数：20万定价：0.09元,
210,ROI2,Col3,市场交流价：,
210,ROI2,Col3,9品：20元,
210,ROI2,Col3,10品：40元,
210,ROI2,Col4,高士其,
210,ROI2,Col4,出版社：上海人民美术,
210,ROI2,Col4,改编：贾秉恒,
210,ROI2,Col4,绘画：桑麟康,
210,ROI2,Col4,82年7月1版1次64开,
210,ROI2,Col4,印数：10万 定价：0.14元,
210,ROI2,Col4,市场交流价：,
210,ROI2,Col4,9品：30元,
210,ROI2,Col4,10品：80元,
210,FOOTNOTE,,,《浒物》吉林版，全套11种13册，《武松》上、中、下较为少见。该书有两种版本，封不同，全套市场交流价，9品50元、10品
210,FOOTNOTE,,,《科学家的故事》
210,FOOTNOTE,,,上美版
210,FOOTNOTE,,,共出版中国科学家四种
210,FOOTNOTE,,,外国科学家一种（《伽俐略）
210,FOOTNOTE,,,其中/亨士其业
210,FOOTNOTE,,,种小贝
211,ROI1,Col1,关公,
211,ROI1,Col1,出版社：浙江人民美术,
211,ROI1,Col1,改编：侯弋戈,
211,ROI1,Col1,绘画：施大畏施其畏,
211,ROI1,Col1,84年1月1版1次64开,
211,ROI1,Col1,印数：46万定价：0.22元,
211,ROI1,Col1,市场交流价：,
211,ROI1,Col1,9品：10元,
211,ROI1,Col1,10品：20元,
211,ROI1,Col2,张飞,
211,ROI1,Col2,出版社：浙江人民美术,
211,ROI1,Col2,改编：汤式稼,
211,ROI1,Col2,绘画：徐有武 徐有刚,
211,ROI1,Col2,82年10月1版1次64开,
211,ROI1,Col2,印数：40万 定价：0.21元,
211,ROI1,Col2,市场交流价：,
211,ROI1,Col2,9品：8元,
211,ROI1,Col2,10品：15元,
211,ROI1,Col3,黄忠,
211,ROI1,Col3,出版社：浙江人民美术,
211,ROI1,Col3,改编：程中岳,
211,ROI1,Col3,绘画：崔君沛,
211,ROI1,Col3,84年7月1版1次64开,
211,ROI1,Col3,印数：16万定价：0.33元,
211,ROI1,Col3,市场交流价：,
211,ROI1,Col3,9品：25元,
211,ROI1,Col3,10品：40元,
211,ROI1,Col4,马超,
211,ROI1,Col4,出版社：浙江人民美术,
211,ROI1,Col4,编者：易寒,
211,ROI1,Col4,绘画：陈宁,
211,ROI1,Col4,84年8月1版1次64开,
211,ROI1,Col4,印数：24万定价：0.26元,
211,ROI1,Col4,市场交流价：,
211,ROI1,Col4,9品：20元,
211,ROI1,Col4,10品：30元,
211,ROI2,Col1,桃园结义,
211,ROI2,Col1,出版社：上海人民美术,
211,ROI2,Col1,编文：本社,
211,ROI2,Col1,绘画：徐正平 徐宏达,
211,ROI2,Col1,79年4月2版64开,
211,ROI2,Col1,印数：78.5万 定价：0.15元,
211,ROI2,Col1,市场交流价：,
211,ROI2,Col1,9品：300元（全套48册）,
211,ROI2,Col1,10品：600元,
211,ROI2,Col2,战宛城,
211,ROI2,Col2,出版社：上海人民美术,
211,ROI2,Col2,改编：吉志平,
211,ROI2,Col2,绘画：陈履平,
211,ROI2,Col2,87年12月1版1次64开,
211,ROI2,Col2,印数：11万定价：0.45元,
211,ROI2,Col2,市场交流价：,
211,ROI2,Col2,9品：120元（ （增补12册）,
211,ROI2,Col2,10品：250元,
211,ROI2,Col3,严氏兄弟,
211,ROI2,Col3,出版社：吉林人民,
211,ROI2,Col3,编文：何翔,
211,ROI2,Col3,绘画：王型型,
211,ROI2,Col3,84年8月1版1次64开,
211,ROI2,Col3,印数：16.5万定价：0.14元,
211,ROI2,Col3,市场交流价：,
211,ROI2,Col3,9品：5元,
211,ROI2,Col3,10品：10元,
211,ROI2,Col4,邯郸记,
211,ROI2,Col4,出版社：江苏美术,
211,ROI2,Col4,改编：雷蕾,
211,ROI2,Col4,绘画：刘昌华,
211,ROI2,Col4,84年8月1版1次64开,
211,ROI2,Col4,印数：13.75万 定价：0.17元,
211,ROI2,Col4,市场交流价：,
211,ROI2,Col4,9品：5元,
211,ROI2,Col4,10品：10元,
211,FOOTNOTE,,,仅出四种。《赵云》一书，未出版。
211,FOOTNOTE,,,浙美版《五虎上将》，
211,FOOTNOTE,,,但印量较少。《儒林外史》吉林版计划出版九种。
212,ROI1,Col1,岳飞拜师(一),
212,ROI1,Col1,出版社：福建人民,
212,ROI1,Col1,改编：金青,
212,ROI1,Col1,绘画：傅伯星耒汶阳,
212,ROI1,Col1,82年6月1版1次64开,
212,ROI1,Col1,印数：30.4万定价：0.15元,
212,ROI1,Col1,市场交流价：,
212,ROI1,Col1,9品：70元,
212,ROI1,Col1,10品：150元,
212,ROI1,Col2,周三畏赠剑(四),
212,ROI1,Col2,出版社：福建人民,
212,ROI1,Col2,编文：犁丁,
212,ROI1,Col2,绘画：王井,
212,ROI1,Col2,83年10月1版1次64开,
212,ROI1,Col2,印数：16.9万定价：0.16元,
212,ROI1,Col2,市场交流价：,
212,ROI1,Col2,9品：10元,
212,ROI1,Col2,10品：20元,
212,ROI1,Col3,邦昌献女(十一),
212,ROI1,Col3,出版社：福建人民,
212,ROI1,Col3,改编：何永魁,
212,ROI1,Col3,绘画：傅伯星,
212,ROI1,Col3,85年8月1版1次64开,
212,ROI1,Col3,印数：14.045万定价：0.26元,
212,ROI1,Col3,市场交流价：,
212,ROI1,Col3,9品：15元,
212,ROI1,Col3,10品：25元,
212,ROI1,Col4,大败金粘罕(十五),
212,ROI1,Col4,出版社：福建人民,
212,ROI1,Col4,编文：何绵山,
212,ROI1,Col4,绘画：来汶阳林云屏,
212,ROI1,Col4,85年9月1版1次64开,
212,ROI1,Col4,印数：10.6万定价：0.22元,
212,ROI1,Col4,市场交流价：,
212,ROI1,Col4,9品：40元,
212,ROI1,Col4,10品：80元,
212,ROI2,Col1,金兵入中原,
212,ROI2,Col1,出版社：辽宁美术,
212,ROI2,Col1,改编：李遵义,
212,ROI2,Col1,绘画：辛宽良,
212,ROI2,Col1,82年8月1版1次64开,
212,ROI2,Col1,印数：47.5万定价：0.25元,
212,ROI2,Col1,市场交流价：,
212,ROI2,Col1,9品：5元,
212,ROI2,Col1,10品：10元,
212,ROI2,Col2,枪桃小梁王,
212,ROI2,Col2,出版社：辽宁美术,
212,ROI2,Col2,改编：李遵义,
212,ROI2,Col2,绘画：王建 梁萍,
212,ROI2,Col2,82年8月1版1次64开,
212,ROI2,Col2,印数：48.5万定价：0.18元,
212,ROI2,Col2,市场交流价：,
212,ROI2,Col2,9品：5元,
212,ROI2,Col2,10品：10元,
212,ROI2,Col3,岳飞出世,
212,ROI2,Col3,出版社：人民美术,
212,ROI2,Col3,改编：高梅仪,
212,ROI2,Col3,绘画：刘锡永王亦秋,
212,ROI2,Col3,81年2月2版12次60开,
212,ROI2,Col3,印数：374.9万定价：0.21元,
212,ROI2,Col3,市场交流价：,
212,ROI2,Col3,9品：5元,
212,ROI2,Col3,10品：10元,
212,ROI2,Col4,岳云,
212,ROI2,Col4,出版社：人民美术,
212,ROI2,Col4,改编：高梅仪,
212,ROI2,Col4,绘画：陈光镒马英,
212,ROI2,Col4,81年6月2版5次60开,
212,ROI2,Col4,印数：351.1万定价：0.26元,
212,ROI2,Col4,市场交流价：,
212,ROI2,Col4,9品：15元,
212,ROI2,Col4,10品：30元,
212,FOOTNOTE,,,《说岳全传》福建版计划出书三十种，实际仅出版了前十五种。第一、十五分册最为少见，第二、三、四、十一册较少。全套市场交流
212,FOOTNOTE,,,全品无订锈老小
213,ROI1,Col1,洪承畴降清(二十三),
213,ROI1,Col1,出版社：上海人民美术,
213,ROI1,Col1,改编：甘礼乐,
213,ROI1,Col1,绘画：崔君沛,
213,ROI1,Col1,83年7月1版1次60开,
213,ROI1,Col1,印数：14万定价：0.23元,
213,ROI1,Col1,市场交流价：,
213,ROI1,Col1,9品：45元,
213,ROI1,Col1,10品：70元,
213,ROI1,Col2,朱仙镇(二十五),
213,ROI1,Col2,出版社：上海人民美术,
213,ROI1,Col2,改编：钱兴凤,
213,ROI1,Col2,绘画：江云,
213,ROI1,Col2,83年9月1版1次60开,
213,ROI1,Col2,印数：18.7万定价：0.23元,
213,ROI1,Col2,市场交流价：,
213,ROI1,Col2,9品：40元,
213,ROI1,Col2,10品：60元,
213,ROI1,Col3,横扫宛叶(二十),
213,ROI1,Col3,出版社：上海人民美术,
213,ROI1,Col3,改编：甘礼乐,
213,ROI1,Col3,绘画：魏忠善,
213,ROI1,Col3,83年9月1版1次60开,
213,ROI1,Col3,印数：13.55万 定价：0.23元,
213,ROI1,Col3,市场交流价：,
213,ROI1,Col3,9品：45元,
213,ROI1,Col3,10品：70元,
213,ROI1,Col4,辽海崩溃(十九),
213,ROI1,Col4,出版社：上海人民美术,
213,ROI1,Col4,改编：甘礼乐,
213,ROI1,Col4,绘画：崔君沛,
213,ROI1,Col4,82年8月1版1次60开,
213,ROI1,Col4,印数：22万 定价：0.23元,
213,ROI1,Col4,市场交流价：,
213,ROI1,Col4,9品：50元,
213,ROI1,Col4,10品：80元,
213,ROI2,Col1,水淹开封(二十六),
213,ROI2,Col1,出版社：上海人民美术,
213,ROI2,Col1,改编：杨兆林,
213,ROI2,Col1,绘画：魏忠善,
213,ROI2,Col1,85年3月1版1次60开,
213,ROI2,Col1,印数：9.3万定价：0.33元,
213,ROI2,Col1,市场交流价：,
213,ROI2,Col1,9品：60元,
213,ROI2,Col1,10品：120元,
213,ROI2,Col2,三雄聚会(十八),
213,ROI2,Col2,出版社：上海人民美术,
213,ROI2,Col2,改编：杨兆林,
213,ROI2,Col2,绘画：崔君沛,
213,ROI2,Col2,83年2月1版1次60开,
213,ROI2,Col2,印数：13.5万定价：0.23元,
213,ROI2,Col2,市场交流价：,
213,ROI2,Col2,9品：80元,
213,ROI2,Col2,10品：150元,
213,ROI2,Col3,李自成(九),
213,ROI2,Col3,出版社：江苏人民,
213,ROI2,Col3,改编：黄亦加,
213,ROI2,Col3,绘画：秀公等,
213,ROI2,Col3,80年3月1版1次60开,
213,ROI2,Col3,印数：25万定价：0.23元,
213,ROI2,Col3,市场交流价：,
213,ROI2,Col3,9品：20元,
213,ROI2,Col3,10品：35元,
213,ROI2,Col4,李自成(十),
213,ROI2,Col4,出版社：江苏人民,
213,ROI2,Col4,改编：黄亦加,
213,ROI2,Col4,绘画：秀公等,
213,ROI2,Col4,80年8月1版1次60开,
213,ROI2,Col4,印数：10万定价：0.23元,
213,ROI2,Col4,市场交流价：,
213,ROI2,Col4,9品：25元,
213,ROI2,Col4,10品：40元,
213,FOOTNOTE,,,《李自成》上美版。计划出书27种，实际出书25种，第二十四、二十七两册未出版。该套书自十八册之后，印量少。其中《三雄聚会》
213,FOOTNOTE,,,印量较少，其中第六、十两册较缺。全套市场交流价：9品150元、10品300元。
213,FOOTNOTE,,,《李自成》江苏版、全套土册
213,FOOTNOTE,,,自第五册后。
213,FOOTNOTE,,,V
214,ROI1,Col1,李自成(六）,
214,ROI1,Col1,出版社：天津人民美术,
214,ROI1,Col1,改编：定兴何溶,
214,ROI1,Col1,绘画：刘文颉张培成,
214,ROI1,Col1,81年8月1版1次64开,
214,ROI1,Col1,印数：7.8万定价：0.24元,
214,ROI1,Col1,市场交流价：,
214,ROI1,Col1,9品：20元,
214,ROI1,Col1,10品：40元,
214,ROI1,Col2,李自成(七),
214,ROI1,Col2,出版社：天津人民美术,
214,ROI1,Col2,改编：何溶定兴,
214,ROI1,Col2,绘画：陈惠冠,
214,ROI1,Col2,80年9月1版1次64开,
214,ROI1,Col2,印数：2万定价：0.21元,
214,ROI1,Col2,市场交流价：,
214,ROI1,Col2,9品：100元,
214,ROI1,Col2,10品：200元,
214,ROI1,Col3,李自成(九),
214,ROI1,Col3,出版社：天津人民美术,
214,ROI1,Col3,改编：何溶定兴,
214,ROI1,Col3,绘画：王传义中流,
214,ROI1,Col3,82年8月1版1次64开,
214,ROI1,Col3,印数：35.1万定价：0.21元,
214,ROI1,Col3,市场交流价：,
214,ROI1,Col3,9品：20元,
214,ROI1,Col3,10品：35元,
214,ROI1,Col4,李自成(十）,
214,ROI1,Col4,出版社：天津人民美术,
214,ROI1,Col4,改编：何溶定兴,
214,ROI1,Col4,绘画：戴红杰戴敦邦,
214,ROI1,Col4,82年8月1版1次64开,
214,ROI1,Col4,印数：35.1万定价：0.18元,
214,ROI1,Col4,市场交流价：,
214,ROI1,Col4,9品：20元,
214,ROI1,Col4,10品：35元,
214,ROI2,Col1,李自成 (十一),
214,ROI2,Col1,出版社：辽宁美术,
214,ROI2,Col1,改编：卞福顺,
214,ROI2,Col1,绘画：朱光玉,
214,ROI2,Col1,80年11月1版1次64开,
214,ROI2,Col1,印数：50万定价：0.13元,
214,ROI2,Col1,市场交流价：,
214,ROI2,Col1,9品：20元,
214,ROI2,Col1,10品：30元,
214,ROI2,Col2,李自成(十二),
214,ROI2,Col2,出版社：辽宁美术,
214,ROI2,Col2,改编：卞福顺,
214,ROI2,Col2,绘画：辛宽良,
214,ROI2,Col2,81年8月1版1次64开,
214,ROI2,Col2,印数：31万定价：0.24元,
214,ROI2,Col2,市场交流价：,
214,ROI2,Col2,9品：20元,
214,ROI2,Col2,10品：40元,
214,ROI2,Col3,借银(七),
214,ROI2,Col3,出版社：山东人民,
214,ROI2,Col3,改编：张剑萍,
214,ROI2,Col3,绘画：王福增,
214,ROI2,Col3,81年7月1版1次64开,
214,ROI2,Col3,印数：15万定价：0.21元,
214,ROI2,Col3,市场交流价：,
214,ROI2,Col3,9品：100元(全套),
214,ROI2,Col3,10品：150元,
214,ROI2,Col4,智取张家寨(五),
214,ROI2,Col4,出版社：陕西人民美术,
214,ROI2,Col4,改编：王永祥,
214,ROI2,Col4,绘画：钟为高裕德,
214,ROI2,Col4,81年12月1版1次64开,
214,ROI2,Col4,印数：36万定价：0.16元,
214,ROI2,Col4,市场交流价：,
214,ROI2,Col4,9品：100元（全套）,
214,ROI2,Col4,10品：160元,
214,FOOTNOTE,,,《李自成》天津版，全套十册。第、三、四分册较多见。其余较少。第七册绝少见。全套市场交流价：9品400元、10品700元。
214,FOOTNOTE,,,《李自成》辽美版，全套册。第十、一、二分册较少，有再版。
214,FOOTNOTE,,,10日400元
215,ROI1,Col1,海青天,
215,ROI1,Col1,出版社：河北人民,
215,ROI1,Col1,编文：溪海,
215,ROI1,Col1,绘画：戴敦邦王白水,
215,ROI1,Col1,81年8月1版1次64开,
215,ROI1,Col1,印数：73万 定价：0.16元,
215,ROI1,Col1,市场交流价：,
215,ROI1,Col1,9品：15元,
215,ROI1,Col1,10品：25元,
215,ROI1,Col2,包公错断狄龙案,
215,ROI1,Col2,出版社：河北美术,
215,ROI1,Col2,编文：李新娟,
215,ROI1,Col2,绘画：白庚延,
215,ROI1,Col2,83年2月1版1次64开,
215,ROI1,Col2,印数：40.3万定价：0.17元,
215,ROI1,Col2,市场交流价：,
215,ROI1,Col2,9品：20元,
215,ROI1,Col2,10品：40元,
215,ROI1,Col3,三打陶三春,
215,ROI1,Col3,出版社：河北人民,
215,ROI1,Col3,编文：于秀溪,
215,ROI1,Col3,绘画：陆新森许全群,
215,ROI1,Col3,82年2月1版1次64开,
215,ROI1,Col3,印数：88万定价：0.18元,
215,ROI1,Col3,市场交流价：,
215,ROI1,Col3,9品：20元,
215,ROI1,Col3,10品：40元,
215,ROI1,Col4,知县训虎,
215,ROI1,Col4,出版社：河北美术,
215,ROI1,Col4,编文：李明堂,
215,ROI1,Col4,绘画：童介眉,
215,ROI1,Col4,82年9月1版1次64开,
215,ROI1,Col4,印数：54.2万定价：0.14元,
215,ROI1,Col4,市场交流价：,
215,ROI1,Col4,9品：20元,
215,ROI1,Col4,10品：35元,
215,ROI2,Col1,春草闯堂,
215,ROI2,Col1,出版社：河北美术,
215,ROI2,Col1,编文：敦谦,
215,ROI2,Col1,绘画：牛双印,
215,ROI2,Col1,82年8月1版1次64开,
215,ROI2,Col1,印数：19万定价：0.18元,
215,ROI2,Col1,市场交流价：,
215,ROI2,Col1,9品：30元,
215,ROI2,Col1,10品：60元,
215,ROI2,Col2,怒斩关平,
215,ROI2,Col2,出版社：河北美术,
215,ROI2,Col2,编文：羡智,
215,ROI2,Col2,绘画：窦世魁项维仁,
215,ROI2,Col2,83年1月1版1次64开,
215,ROI2,Col2,印数：47.42万定价：0.19元,
215,ROI2,Col2,市场交流价：,
215,ROI2,Col2,9品：10元,
215,ROI2,Col2,10品：20元,
215,ROI2,Col3,宝莲灯,
215,ROI2,Col3,出版社：河北人民,
215,ROI2,Col3,编文：焦玉峰等,
215,ROI2,Col3,绘画：雷金池,
215,ROI2,Col3,81年5月1版1次64开,
215,ROI2,Col3,印数：10万定价：0.15元,
215,ROI2,Col3,市场交流价：,
215,ROI2,Col3,9品：40元,
215,ROI2,Col3,10品：80元,
215,ROI2,Col4,秦香莲,
215,ROI2,Col4,出版社：河北人民,
215,ROI2,Col4,编文：杨兆祥,
215,ROI2,Col4,绘画：罗希贤,
215,ROI2,Col4,81年2月1版1次64开,
215,ROI2,Col4,印数：24万定价：0.17元,
215,ROI2,Col4,市场交流价：,
215,ROI2,Col4,9品：15元,
215,ROI2,Col4,10品：25元,
216,ROI1,Col1,智赚合同文,
216,ROI1,Col1,出版社：天津人民美术,
216,ROI1,Col1,改编：胡玉兰,
216,ROI1,Col1,绘画：傅伯星,
216,ROI1,Col1,83年11月1版1次64开,
216,ROI1,Col1,印数：19万定价：0.12元,
216,ROI1,Col1,市场交流价：,
216,ROI1,Col1,9品：15元,
216,ROI1,Col1,10品：30元,
216,ROI1,Col2,苏小妹三难新郎,
216,ROI1,Col2,出版社：天津人民美术,
216,ROI1,Col2,改编：沙铁军,
216,ROI1,Col2,绘画：江栋梁,
216,ROI1,Col2,82年11月1版1次64开,
216,ROI1,Col2,印数：36.1万 定价：0.11元,
216,ROI1,Col2,市场交流价：,
216,ROI1,Col2,9品：30元,
216,ROI1,Col2,10品：60元,
216,ROI1,Col3,杨八郎中镖,
216,ROI1,Col3,出版社：天津人民美术,
216,ROI1,Col3,改编：徐涂,
216,ROI1,Col3,绘画：裘国骥,
216,ROI1,Col3,85年7月1版1次64开,
216,ROI1,Col3,印数：32.56万 定价：0.17元,
216,ROI1,Col3,市场交流价：,
216,ROI1,Col3,9品：10元,
216,ROI1,Col3,10品：15元,
216,ROI1,Col4,灰圈记,
216,ROI1,Col4,出版社：天津人民美术,
216,ROI1,Col4,改编：陈铁英,
216,ROI1,Col4,绘画：庞先健,
216,ROI1,Col4,85年6月1版1次64开,
216,ROI1,Col4,印数：15.1万 定价：0.22元,
216,ROI1,Col4,市场交流价：,
216,ROI1,Col4,9品：10元,
216,ROI1,Col4,10品：15元,
216,ROI2,Col1,棒打薄情郎,
216,ROI2,Col1,出版社：天津人民美术,
216,ROI2,Col1,改编：江浚,
216,ROI2,Col1,绘画：吴大成,
216,ROI2,Col1,84年3月1版1次64开,
216,ROI2,Col1,印数：28.29万 定价：0.14元,
216,ROI2,Col1,市场交流价：,
216,ROI2,Col1,9品：15元,
216,ROI2,Col1,10品：30元,
216,ROI2,Col2,打棍出箱,
216,ROI2,Col2,出版社：天津人民美术,
216,ROI2,Col2,改编：定兴,
216,ROI2,Col2,绘画：季鑫焕,
216,ROI2,Col2,83年8月1版1次64开,
216,ROI2,Col2,印数：44.2万定价：0.15元,
216,ROI2,Col2,市场交流价：,
216,ROI2,Col2,9品：5元,
216,ROI2,Col2,10品：10元,
216,ROI2,Col3,卖妙郎,
216,ROI2,Col3,出版社：天津人民美术,
216,ROI2,Col3,改编：甄光俊,
216,ROI2,Col3,绘画：张治华,
216,ROI2,Col3,85年9月1版1次64开,
216,ROI2,Col3,印数：22.26万定价：0.22元,
216,ROI2,Col3,市场交流价：,
216,ROI2,Col3,9品：5元,
216,ROI2,Col3,10品：10元,
216,ROI2,Col4,凤还巢,
216,ROI2,Col4,出版社：天津人民美术,
216,ROI2,Col4,改编：荆予,
216,ROI2,Col4,绘画：鲁衡,
216,ROI2,Col4,84年9月1版1次64开,
216,ROI2,Col4,印数：23.6万 定价：0.21元,
216,ROI2,Col4,市场交流价：,
216,ROI2,Col4,9品：30元,
216,ROI2,Col4,10品：50元,
216,FOOTNOTE,,,《传统戏曲故事》天津版，全系列共21种，未见市场有整套交易。其中《三打陶三春》种最少见，《苏妹三难新郎》、《春草闯堂》、《凤
217,ROI1,Col1,三打陶三春,
217,ROI1,Col1,出版社：天津人民美术,
217,ROI1,Col1,改编：吴同宾,
217,ROI1,Col1,绘画：于骏治,
217,ROI1,Col1,82年11月1版1次64开,
217,ROI1,Col1,印数：19.1万定价：0.13元,
217,ROI1,Col1,市场交流价：,
217,ROI1,Col1,9品：40元,
217,ROI1,Col1,10品：60元,
217,ROI1,Col2,春草闯堂,
217,ROI1,Col2,出版社：天津人民美术,
217,ROI1,Col2,改编：梦学,
217,ROI1,Col2,绘画：陆汝浩,
217,ROI1,Col2,84年4月1版1次64开,
217,ROI1,Col2,印数：15万定价：0.17元,
217,ROI1,Col2,市场交流价：,
217,ROI1,Col2,9品：20元,
217,ROI1,Col2,10品：40元,
217,ROI1,Col3,鹊桥,
217,ROI1,Col3,出版社：天津人民美术,
217,ROI1,Col3,改编：詹代尔,
217,ROI1,Col3,绘画：贾文涛,
217,ROI1,Col3,85年6月1版1次64开,
217,ROI1,Col3,印数：13.34万定价：0.21元,
217,ROI1,Col3,市场交流价：,
217,ROI1,Col3,9品：10元,
217,ROI1,Col3,10品：20元,
217,ROI1,Col4,李后还宫,
217,ROI1,Col4,出版社：天津人民美术,
217,ROI1,Col4,改编：陈国英,
217,ROI1,Col4,绘画：傅伯星等,
217,ROI1,Col4,83年11月1版1次64开,
217,ROI1,Col4,印数：42万定价：0.15元,
217,ROI1,Col4,市场交流价：,
217,ROI1,Col4,9品：10元,
217,ROI1,Col4,10品：20元,
217,ROI2,Col1,魔合罗,
217,ROI2,Col1,出版社：天津人民美术,
217,ROI2,Col1,改编：郑荣华,
217,ROI2,Col1,绘画：童介眉,
217,ROI2,Col1,84年8月1版1次64开,
217,ROI2,Col1,印数：35.2万 定价：0.19元,
217,ROI2,Col1,市场交流价：,
217,ROI2,Col1,9品：10元,
217,ROI2,Col1,10品：20元,
217,ROI2,Col2,救风尘,
217,ROI2,Col2,出版社：天津人民美术,
217,ROI2,Col2,改编：冯速,
217,ROI2,Col2,绘画：张晓飞,
217,ROI2,Col2,85年9月1版1次64开,
217,ROI2,Col2,印数：14.9万定价：0.19元,
217,ROI2,Col2,市场交流价：,
217,ROI2,Col2,9品：20元,
217,ROI2,Col2,10品：30元,
217,ROI2,Col3,望江亭,
217,ROI2,Col3,出版社：天津人民美术,
217,ROI2,Col3,编文：刘莹,
217,ROI2,Col3,绘画：李少文,
217,ROI2,Col3,85年2月1版1次64开,
217,ROI2,Col3,印数：20.5万定价：0.21元,
217,ROI2,Col3,市场交流价：,
217,ROI2,Col3,9品：5元,
217,ROI2,Col3,10品：10元,
217,ROI2,Col4,好述传,
217,ROI2,Col4,出版社：天津人民美术,
217,ROI2,Col4,改编：袁玮大,
217,ROI2,Col4,绘画：杨春瑞,
217,ROI2,Col4,84年3月1版1次64开,
217,ROI2,Col4,印数：63.7万定价：0.17元,
217,ROI2,Col4,市场交流价：,
217,ROI2,Col4,9品：5元,
217,ROI2,Col4,10品：8元,
218,ROI1,Col1,拉郎配,
218,ROI1,Col1,出版社：天津人民美术,
218,ROI1,Col1,改编：李艺林,
218,ROI1,Col1,绘者：金茗,
218,ROI1,Col1,84年3月1版1次64开,
218,ROI1,Col1,印数：32.77万 定价：0.16元,
218,ROI1,Col1,市场交流价：,
218,ROI1,Col1,9品：10元,
218,ROI1,Col1,10品：20元,
218,ROI1,Col2,绣襦记,
218,ROI1,Col2,出版社：天津人民美术,
218,ROI1,Col2,改编：潭力,
218,ROI1,Col2,绘画：徐晓平,
218,ROI1,Col2,84年7月1版1次64开,
218,ROI1,Col2,印数：23.4万 定价：0.17元,
218,ROI1,Col2,市场交流价：,
218,ROI1,Col2,9品：15元,
218,ROI1,Col2,10品：30元,
218,ROI1,Col3,包公除奸,
218,ROI1,Col3,出版社：天津人民美术,
218,ROI1,Col3,改编：毛志毅,
218,ROI1,Col3,绘画：刘建平,
218,ROI1,Col3,83年9月1版1次64开,
218,ROI1,Col3,印数：23.3万 定价：0.14元,
218,ROI1,Col3,市场交流价：,
218,ROI1,Col3,9品：10元,
218,ROI1,Col3,10品：25元,
218,ROI1,Col4,金瓶女,
218,ROI1,Col4,出版社：天津人民美术,
218,ROI1,Col4,改编：吴同宾,
218,ROI1,Col4,绘画：庞先健,
218,ROI1,Col4,83年12月1版1次64开,
218,ROI1,Col4,印数：49.4万定价：0.17元,
218,ROI1,Col4,市场交流价：,
218,ROI1,Col4,9品：5元,
218,ROI1,Col4,10品：10元,
218,ROI2,Col1,金锤将出世,
218,ROI2,Col1,出版社：内蒙古人民,
218,ROI2,Col1,改编：冯同军,
218,ROI2,Col1,绘者：董风章,
218,ROI2,Col1,84年3月1版1次64开,
218,ROI2,Col1,印数：100万定价：0.19元,
218,ROI2,Col1,市场交流价：,
218,ROI2,Col1,9品：20元(全套十六册),
218,ROI2,Col1,10品：30元,
218,ROI2,Col2,墙头马上,
218,ROI2,Col2,出版社：辽宁美术,
218,ROI2,Col2,编者：林林,
218,ROI2,Col2,绘者：刘廷相,
218,ROI2,Col2,85年10月1版1次64开,
218,ROI2,Col2,印数：3.96万定价：0.34元,
218,ROI2,Col2,市场交流价：,
218,ROI2,Col2,9品：15元,
218,ROI2,Col2,10品：30元,
218,ROI2,Col3,看钱奴,
218,ROI2,Col3,出版社：辽宁美术,
218,ROI2,Col3,改编：于玉生,
218,ROI2,Col3,绘画：郁汉羽,
218,ROI2,Col3,86年2月1版1次64开,
218,ROI2,Col3,印数：3.41万定价：0.4元,
218,ROI2,Col3,市场交流价：,
218,ROI2,Col3,9品：20元,
218,ROI2,Col3,10品：40元,
218,ROI2,Col4,救风尘,
218,ROI2,Col4,出版社：辽宁美术,
218,ROI2,Col4,改编：庄宏安,
218,ROI2,Col4,绘画：曹永,
218,ROI2,Col4,86年2月1版1次64开,
218,ROI2,Col4,印数：4.67万定价：0.34元,
218,ROI2,Col4,市场交流价：,
218,ROI2,Col4,9品：20元,
218,ROI2,Col4,10品：40元,
219,ROI1,Col1,画扇判案,
219,ROI1,Col1,出版社：浙江人民美术,
219,ROI1,Col1,改编：路平,
219,ROI1,Col1,绘画：顾炳鑫韩和平,
219,ROI1,Col1,80年11月1版1次64开,
219,ROI1,Col1,印数：30万定价：0.12元,
219,ROI1,Col1,市场交流价：,
219,ROI1,Col1,9品：10元,
219,ROI1,Col1,10品：20元,
219,ROI1,Col2,一线天,
219,ROI1,Col2,出版社：浙江人民美术,
219,ROI1,Col2,改编：路平,
219,ROI1,Col2,绘画：高志岳,
219,ROI1,Col2,80年5月1版1次64开,
219,ROI1,Col2,印数：50万定价：0.10元,
219,ROI1,Col2,市场交流价：,
219,ROI1,Col2,9品：15元,
219,ROI1,Col2,10品：30元,
219,ROI1,Col3,运木古井,
219,ROI1,Col3,出版社：浙江人民美术,
219,ROI1,Col3,改编：一兵,
219,ROI1,Col3,绘画：贺友直,
219,ROI1,Col3,82年4月1版1次64开,
219,ROI1,Col3,印数：50万定价：0.19元,
219,ROI1,Col3,市场交流价：,
219,ROI1,Col3,9品：20元,
219,ROI1,Col3,10品：40元,
219,ROI1,Col4,蚕花娘子,
219,ROI1,Col4,出版社：浙工人民美术,
219,ROI1,Col4,改编：徐飞,
219,ROI1,Col4,绘画：华三川华玲玲,
219,ROI1,Col4,81年2月1版1次64开,
219,ROI1,Col4,印数：5万定价：0.10元,
219,ROI1,Col4,市场交流价：,
219,ROI1,Col4,9品：70元,
219,ROI1,Col4,10品：150元,
219,ROI2,Col1,白蛇传,
219,ROI2,Col1,出版社：浙江人民美术,
219,ROI2,Col1,改编：徐飞,
219,ROI2,Col1,绘画：颜梅华颜志强,
219,ROI2,Col1,81年5月2版4次64开,
219,ROI2,Col1,印数：100万 定价：0.17元,
219,ROI2,Col1,市场交流价：,
219,ROI2,Col1,9品：30元,
219,ROI2,Col1,10品：60元,
219,ROI2,Col2,寻太阳,
219,ROI2,Col2,出版社：浙江人民美术,
219,ROI2,Col2,改编：申屠奇,
219,ROI2,Col2,绘画：黄膺父,
219,ROI2,Col2,79年5月1版1次60开,
219,ROI2,Col2,印数：100万定价：0.14元,
219,ROI2,Col2,市场交流价：,
219,ROI2,Col2,9品：15元,
219,ROI2,Col2,10品：30元,
219,ROI2,Col3,康熙题匾,
219,ROI2,Col3,出版社：浙江人民美术,
219,ROI2,Col3,改编：徐飞,
219,ROI2,Col3,绘画：徐有武,
219,ROI2,Col3,80年1月1版1次60开,
219,ROI2,Col3,印数：80万定价：0.10元,
219,ROI2,Col3,市场交流价：,
219,ROI2,Col3,9品：15元,
219,ROI2,Col3,10品：30元,
219,ROI2,Col4,臭秦桧,
219,ROI2,Col4,出版社：浙江人民美术,
219,ROI2,Col4,改编：路平,
219,ROI2,Col4,绘画：王耀南,
219,ROI2,Col4,80年1月1版1次60开,
219,ROI2,Col4,印数：80万定价：0.10元,
219,ROI2,Col4,市场交流价：,
219,ROI2,Col4,9品：15元,
219,ROI2,Col4,10品：30元,
219,FOOTNOTE,,,该套书中《蚕花娘子》最少。《白蛇传》
219,FOOTNOTE,,,运本大共》
220,ROI1,Col1,黑才女巧难秀才,
220,ROI1,Col1,出版社：福建人民,
220,ROI1,Col1,改编：黄群雄,
220,ROI1,Col1,绘画：卢汶刘斌昆,
220,ROI1,Col1,82年8月1版1次64开,
220,ROI1,Col1,印数：46.9万定价：0.18元,
220,ROI1,Col1,市场交流价：,
220,ROI1,Col1,9品：15元,
220,ROI1,Col1,10品：30元,
220,ROI1,Col2,仙姑献谷,
220,ROI1,Col2,出版社：福建人民,
220,ROI1,Col2,改编：洪斌,
220,ROI1,Col2,绘画：赵秀如张景林,
220,ROI1,Col2,84年9月1版1次64开,
220,ROI1,Col2,印数：23.18万定价：0.16元,
220,ROI1,Col2,市场交流价：,
220,ROI1,Col2,9品：10元,
220,ROI1,Col2,10品：20元,
220,ROI1,Col3,小蓬莱仙岛,
220,ROI1,Col3,出版社：福建人民,
220,ROI1,Col3,改编：运方,
220,ROI1,Col3,绘画：高适,
220,ROI1,Col3,82年11月1版1次64开,
220,ROI1,Col3,印数：19.45万 定价：0.15元,
220,ROI1,Col3,市场交流价：,
220,ROI1,Col3,9品：20元,
220,ROI1,Col3,10品：40元,
220,ROI1,Col4,碧梧岭麟猊相争,
220,ROI1,Col4,出版社：福建人民,
220,ROI1,Col4,改编：洪兵,
220,ROI1,Col4,绘画：高适,
220,ROI1,Col4,82年11月1版1次64开,
220,ROI1,Col4,印数：43.5万 定价：0.15元,
220,ROI1,Col4,市场交流价：,
220,ROI1,Col4,9品：50元,
220,ROI1,Col4,10品：100元,
220,ROI2,Col1,岐舌国九公显神通,
220,ROI2,Col1,出版社：福建人民,
220,ROI2,Col1,改编：邱国华芷雨,
220,ROI2,Col1,绘画：盛亮贤郑波,
220,ROI2,Col1,82年7月1版1次64开,
220,ROI2,Col1,印数：43.96万 定价：0.18元,
220,ROI2,Col1,市场交流价：,
220,ROI2,Col1,9品：50元,
220,ROI2,Col1,10品：80元,
220,ROI2,Col2,小瀛洲聚义,
220,ROI2,Col2,出版社：福建人民,
220,ROI2,Col2,改编：邱国华,
220,ROI2,Col2,绘画：徐进,
220,ROI2,Col2,82年10月1版1次64开,
220,ROI2,Col2,印数：19.35万定价：0.18元,
220,ROI2,Col2,市场交流价：,
220,ROI2,Col2,9品：25元,
220,ROI2,Col2,10品：40元,
220,ROI2,Col3,红文宴,
220,ROI2,Col3,出版社：福建人民,
220,ROI2,Col3,改编：邱国华芷雨,
220,ROI2,Col3,绘画：崔君沛林海萍,
220,ROI2,Col3,82年9月1版1次64开,
220,ROI2,Col3,印数：27.35万定价：0.14元,
220,ROI2,Col3,市场交流价：,
220,ROI2,Col3,9品：20元,
220,ROI2,Col3,10品：40元,
220,ROI2,Col4,大破迷魂阵,
220,ROI2,Col4,出版社：福建人民,
220,ROI2,Col4,改编：邱国华,
220,ROI2,Col4,绘画：罗盘何进,
220,ROI2,Col4,83年7月1版1次64开,
220,ROI2,Col4,印数：27.58万定价：0.21元,
220,ROI2,Col4,市场交流价：,
220,ROI2,Col4,9品：20元,
220,ROI2,Col4,10品：35元,
220,FOOTNOTE,,,《镜花缘》福建版，全套十一种。其中《碧梧岭麟猊相争》最少《岐舌国九公显神通》次之。
221,ROI1,Col1,滕大尹鬼断家私,
221,ROI1,Col1,出版社：福建人民,
221,ROI1,Col1,改编：林承璜,
221,ROI1,Col1,绘画：朱光玉,
221,ROI1,Col1,82年8月1版1次64开,
221,ROI1,Col1,印数：2628元定价：0.15元,
221,ROI1,Col1,市场交流价：,
221,ROI1,Col1,9品：10元,
221,ROI1,Col1,10品：20元,
221,ROI1,Col2,灌园叟晚逢仙女,
221,ROI1,Col2,出版社：福建人民,
221,ROI1,Col2,改编：卓钟霖,
221,ROI1,Col2,绘画：叶毓中,
221,ROI1,Col2,84年6月1版1次64开,
221,ROI1,Col2,印数：14.6万定价：0.19元,
221,ROI1,Col2,市场交流价：,
221,ROI1,Col2,9品：40元,
221,ROI1,Col2,10品：60元,
221,ROI1,Col3,乔太守乱点鸳鸯谱,
221,ROI1,Col3,出版社：福建人民,
221,ROI1,Col3,改编：卓夫,
221,ROI1,Col3,绘画：郑毓敏何惟明,
221,ROI1,Col3,84年5月1版1次64开,
221,ROI1,Col3,印数：20.48万定价：0.16元,
221,ROI1,Col3,市场交流价：,
221,ROI1,Col3,9品：20元,
221,ROI1,Col3,10品：35元,
221,ROI1,Col4,沈小官一鸟害七命,
221,ROI1,Col4,出版社：福建人民,
221,ROI1,Col4,改编：李玉光,
221,ROI1,Col4,绘画：朱光玉,
221,ROI1,Col4,85年4月1版1次64开,
221,ROI1,Col4,印数：32.86万定价：0.19元,
221,ROI1,Col4,市场交流价：,
221,ROI1,Col4,9品：15元,
221,ROI1,Col4,10品：25元,
221,ROI2,Col1,谢小娥智擒船上盗,
221,ROI2,Col1,出版社：岭南美术,
221,ROI2,Col1,改编：黎服兵,
221,ROI2,Col1,绘画：梁如洁,
221,ROI2,Col1,82年12月1版1次64开,
221,ROI2,Col1,印数：56.17万定：价0.17元,
221,ROI2,Col1,市场交流价：,
221,ROI2,Col1,9品：8元,
221,ROI2,Col1,10品：15元,
221,ROI2,Col2,钱秀才错占凤凰俦,
221,ROI2,Col2,出版社：岭南美术,
221,ROI2,Col2,编文：郭福平,
221,ROI2,Col2,绘画：裘国骥,
221,ROI2,Col2,84年11月1版1次64开,
221,ROI2,Col2,印数：未详定价：0.23元,
221,ROI2,Col2,市场交流价：,
221,ROI2,Col2,9品：10元,
221,ROI2,Col2,10品：15元,
221,ROI2,Col3,李升公穷邸遇侠客,
221,ROI2,Col3,出版社：岭南美术,
221,ROI2,Col3,改编：钟迈浩,
221,ROI2,Col3,绘画：邓志刚,
221,ROI2,Col3,83年1月1版1次64开,
221,ROI2,Col3,印数：58.07万定价：0.17元,
221,ROI2,Col3,市场交流价：,
221,ROI2,Col3,9品：5元,
221,ROI2,Col3,10品：10元,
221,ROI2,Col4,沈小霞相会出师表,
221,ROI2,Col4,出版社：岭南美术,
221,ROI2,Col4,改编：李实,
221,ROI2,Col4,绘画：梁如洁,
221,ROI2,Col4,85年5月1版1次64开,
221,ROI2,Col4,印数：未详定价：0.28元,
221,ROI2,Col4,市场交流价：,
221,ROI2,Col4,9品：10元,
221,ROI2,Col4,10品：15元,
221,FOOTNOTE,,,*
221,FOOTNOTE,,,白适》岭南版全套八种，其中以
221,FOOTNOTE,,,《陈御中石勘银钟案》最少贝
222,ROI1,Col1,象护与金象,
222,ROI1,Col1,出版社：甘肃人民,
222,ROI1,Col1,编文：伯里,
222,ROI1,Col1,绘画：李明强,
222,ROI1,Col1,84年5月1版1次64开,
222,ROI1,Col1,印数：12.5万定价：0.10元,
222,ROI1,Col1,市场交流价：,
222,ROI1,Col1,9品：5元,
222,ROI1,Col1,10品：10元,
222,ROI1,Col2,取宝记,
222,ROI1,Col2,出版社：甘肃人民,
222,ROI1,Col2,改编：黄英,
222,ROI1,Col2,绘画：恩广智等,
222,ROI1,Col2,84年4月1版1次64开,
222,ROI1,Col2,印数：11.1万定价：0.15元,
222,ROI1,Col2,市场交流价：,
222,ROI1,Col2,9品：25元,
222,ROI1,Col2,10品：40元,
222,ROI1,Col3,布金园,
222,ROI1,Col3,出版社：甘肃人民,
222,ROI1,Col3,改编：谢宠,
222,ROI1,Col3,绘画：戴敦邦等,
222,ROI1,Col3,84年2月1版1次64开,
222,ROI1,Col3,印数：17.1万定价：0.15元,
222,ROI1,Col3,市场交流价：,
222,ROI1,Col3,9品：10元,
222,ROI1,Col3,10品：15元,
222,ROI1,Col4,鹿母夫人,
222,ROI1,Col4,出版社：甘肃人民,
222,ROI1,Col4,改编：谢宠,
222,ROI1,Col4,绘画：薛晓林,
222,ROI1,Col4,84年4月1版1次64开,
222,ROI1,Col4,印数：10.6万定价：0.12元,
222,ROI1,Col4,市场交流价：,
222,ROI1,Col4,9品：10元,
222,ROI1,Col4,10品：20元,
222,ROI2,Col1,比丘尼遇难,
222,ROI2,Col1,出版社：甘肃人民,
222,ROI2,Col1,改编：陈仁川,
222,ROI2,Col1,绘画：任杰,
222,ROI2,Col1,84年5月1版1次64开,
222,ROI2,Col1,印数：12.5万定价：0.12元,
222,ROI2,Col1,市场交流价：,
222,ROI2,Col1,9品：15元,
222,ROI2,Col1,10品：25元,
222,ROI2,Col2,搁笔记,
222,ROI2,Col2,出版社：湖北美术,
222,ROI2,Col2,编文：曾宪均,
222,ROI2,Col2,绘画：查加伍,
222,ROI2,Col2,85年6月1版1次64开,
222,ROI2,Col2,印数：5万定价：0.16元,
222,ROI2,Col3,戏官记,
222,ROI2,Col3,出版社：湖北美术,
222,ROI2,Col3,编文：曾宪均,
222,ROI2,Col3,绘画：黄河清,
222,ROI2,Col3,85年6月1版1次64开,
222,ROI2,Col3,印数：5万定价：0.16元,
222,ROI2,Col4,驾鹤记,
222,ROI2,Col4,出版社：湖北美术,
222,ROI2,Col4,编文：曾宪均,
222,ROI2,Col4,绘画：汪国新,
222,ROI2,Col4,85年6月1版2次64开,
222,ROI2,Col4,印数：5万定价：0.18元,
222,FOOTNOTE,,,《敦煌壁画》肃版全套五种，《取宝记》最少见，《丘尼遇难》次之。
222,FOOTNOTE,,,*
222,FOOTNOTE,,,《黄鹤楼》湖北版全套五册，该书极少见，其中《镇记》、《仙枣记》最为少见另有种。全套市场交流价9品100元、
222,FOOTNOTE,,,10品200元，鲜
222,FOOTNOTE,,,*
222,FOOTNOTE,,,_交具
223,ROI1,Col1,镇火记,
223,ROI1,Col1,出版社：湖北美术,
223,ROI1,Col1,编文：曾宪均,
223,ROI1,Col1,绘画：谢智良,
223,ROI1,Col1,85年10月1版1次64开,
223,ROI1,Col1,印数：7.2万定价：0.18元,
223,ROI1,Col2,仙枣记,
223,ROI1,Col2,出版社：湖北美术,
223,ROI1,Col2,改编：曾宪均,
223,ROI1,Col2,绘画：潘仁勇,
223,ROI1,Col2,85年5月1版1次64开,
223,ROI1,Col2,印数：5.5万定价：1.25元,
223,ROI1,Col2,市场交流价：,
223,ROI1,Col2,9品：180元（全套）,
223,ROI1,Col2,10品：260元,
223,ROI1,Col3,吐金吐银的孩子,
223,ROI1,Col3,出版社：农村读物,
223,ROI1,Col3,改编：徐涂,
223,ROI1,Col3,绘画：许全群,
223,ROI1,Col3,83年1月1版1次64开,
223,ROI1,Col3,印数：19.53万定价：0.12元,
223,ROI1,Col3,市场交流价：,
223,ROI1,Col3,9品：5元,
223,ROI1,Col3,10品：15元,
223,ROI1,Col4,阿里与白鸽,
223,ROI1,Col4,出版社：农村读物,
223,ROI1,Col4,改编：李白英,
223,ROI1,Col4,绘画：江皓赵宝林,
223,ROI1,Col4,83年1月1版1次64开,
223,ROI1,Col4,印数：18.33万定价：0.12元,
223,ROI1,Col4,市场交流价：,
223,ROI1,Col4,9品：8元,
223,ROI1,Col4,10品：15元,
223,ROI2,Col1,卖树荫的故事,
223,ROI2,Col1,出版社：农村读物,
223,ROI2,Col1,编文：吴文焕,
223,ROI2,Col1,绘画：何 滨,
223,ROI2,Col1,84年3月1版1次64开,
223,ROI2,Col1,印数：未详定价：0.17元,
223,ROI2,Col1,市场交流价：,
223,ROI2,Col1,9品：15元,
223,ROI2,Col1,10品：20元,
223,ROI2,Col2,阿达尼罗,
223,ROI2,Col2,出版社：农村读物,
223,ROI2,Col2,改编：曹作锐,
223,ROI2,Col2,绘画：马程,
223,ROI2,Col2,82年6月1版1次64开,
223,ROI2,Col2,印数：40.8万定价：0.15元,
223,ROI2,Col2,市场交流价：,
223,ROI2,Col2,9品：8元,
223,ROI2,Col2,10品：15元,
223,ROI2,Col3,金沙江边石蛙村,
223,ROI2,Col3,出版社：农村读物,
223,ROI2,Col3,改编：徐涂,
223,ROI2,Col3,绘画：陈成斗,
223,ROI2,Col3,82年8月1版1次64开,
223,ROI2,Col3,印数：44.03万定价：0.12元,
223,ROI2,Col3,市场交流价：,
223,ROI2,Col3,9品：8元,
223,ROI2,Col3,10品：15元,
223,ROI2,Col4,华佗学医,
223,ROI2,Col4,出版社：农村读物,
223,ROI2,Col4,编文：思今,
223,ROI2,Col4,绘画：童介眉,
223,ROI2,Col4,83年1月1版1次64开,
223,ROI2,Col4,印数：10.03万定价：0.12元,
223,ROI2,Col4,市场交流价：,
223,ROI2,Col4,9品：15元,
223,ROI2,Col4,10品：25元,
223,FOOTNOTE,,,《民间故事》农村版全套计有十二种，《华佗学医》最少见。
224,ROI1,Col1,黄帝大战蚩尤,
224,ROI1,Col1,出版社：辽宁美术,
224,ROI1,Col1,编者：王吉祥,
224,ROI1,Col1,绘画：赵明钧,
224,ROI1,Col1,82年10月1版1次64开,
224,ROI1,Col1,印数：18.8万定价：0.17元,
224,ROI1,Col2,女娲抟土造人,
224,ROI1,Col2,出版社：辽宁美术,
224,ROI1,Col2,改编：王吉祥等,
224,ROI1,Col2,绘画：赵明钧张成思,
224,ROI1,Col2,82年10月1版1次64开,
224,ROI1,Col2,印数：19.9万定价：0.21元,
224,ROI1,Col3,后羿射日除凶,
224,ROI1,Col3,出版社：辽宁美术,
224,ROI1,Col3,改编：王吉祥,
224,ROI1,Col3,绘画：张成思,
224,ROI1,Col3,82年9月1版1次64开,
224,ROI1,Col3,印数：19.2万定价：0.16元,
224,ROI1,Col4,大禹治服洪水,
224,ROI1,Col4,出版社：辽宁美术,
224,ROI1,Col4,改编：王吉祥,
224,ROI1,Col4,绘画：赵明钧,
224,ROI1,Col4,82年9月1版1次64开,
224,ROI1,Col4,印数：15.6万定价：0.13元,
224,ROI1,Col4,市场交流价：,
224,ROI1,Col4,9品：120.00元（全套）,
224,ROI1,Col4,10品：200.00元,
224,ROI2,Col1,纸,
224,ROI2,Col1,出版社：上海人民美术,
224,ROI2,Col1,编文：姚世迦,
224,ROI2,Col1,绘画：严启生,
224,ROI2,Col1,80年7月1版1次64开,
224,ROI2,Col1,印数：20万定价：0.10元,
224,ROI2,Col1,市场交流价：,
224,ROI2,Col1,9品：15元,
224,ROI2,Col1,10品：30元,
224,ROI2,Col2,印刷,
224,ROI2,Col2,出版社：上海人民美术,
224,ROI2,Col2,编文：姚世迦,
224,ROI2,Col2,绘画：严启生,
224,ROI2,Col2,82年2月1版1次64开,
224,ROI2,Col2,印数：14万定价：0.12元,
224,ROI2,Col2,市场交流价：,
224,ROI2,Col2,9品：20元,
224,ROI2,Col2,10品：40元,
224,ROI2,Col3,指南针,
224,ROI2,Col3,出版社：上海人民美术,
224,ROI2,Col3,编文：思嘉,
224,ROI2,Col3,绘画：严启生,
224,ROI2,Col3,84年3月1版1次64开,
224,ROI2,Col3,印数：6.7万定价：0.13元,
224,ROI2,Col3,市场交流价：,
224,ROI2,Col3,9品：20元,
224,ROI2,Col3,10品：40元,
224,ROI2,Col4,火药,
224,ROI2,Col4,出版社：上海人民美术,
224,ROI2,Col4,编文：袁海庭等,
224,ROI2,Col4,绘画：严启生,
224,ROI2,Col4,85年4月1版1次64开,
224,ROI2,Col4,印数：2.7万定价：0.18元,
224,ROI2,Col4,市场交流价：,
224,ROI2,Col4,9品：50元,
224,ROI2,Col4,10品：100元,
224,FOOTNOTE,,,《远古神话》辽宁版，全套四册，有再版。
224,FOOTNOTE,,,*
224,FOOTNOTE,,,上美版，全套四册
224,FOOTNOTE,,,《四大发明》上美版，全套四册。其中《火药》极为少见。
224,FOOTNOTE,,,其中《火药》极为少见
225,ROI1,Col1,杜甫,
225,ROI1,Col1,出版社：江苏人民,
225,ROI1,Col1,编文：李荣标,
225,ROI1,Col1,绘画：贺成,
225,ROI1,Col1,80年7月1版1次64开,
225,ROI1,Col1,印数：15万定价：0.14,
225,ROI1,Col1,元市场交流价：,
225,ROI1,Col1,9品：15元,
225,ROI1,Col1,10品：40元,
225,ROI1,Col2,薛涛,
225,ROI1,Col2,出版社：江苏人民,
225,ROI1,Col2,编文：龙翔,
225,ROI1,Col2,绘画：刘芸生,
225,ROI1,Col2,83年9月1版1次64开,
225,ROI1,Col2,印数：5.4万定价：0.19元,
225,ROI1,Col2,市场交流价：,
225,ROI1,Col2,9品：30元,
225,ROI1,Col2,10品：60元,
225,ROI1,Col3,陶渊明,
225,ROI1,Col3,出版社：江苏人民,
225,ROI1,Col3,编文：苗杰,
225,ROI1,Col3,绘画：耒汶阳 耒振阳,
225,ROI1,Col3,83年7月1版1次64开,
225,ROI1,Col3,印数：3.08万定价：0.14元,
225,ROI1,Col3,市场交流价：,
225,ROI1,Col3,9品：30元,
225,ROI1,Col3,10品：60元,
225,ROI1,Col4,曹雪芹,
225,ROI1,Col4,出版社：江苏美术,
225,ROI1,Col4,编文：谭元杰,
225,ROI1,Col4,绘画：戚新国,
225,ROI1,Col4,84年6月1版1次64开,
225,ROI1,Col4,印数：6.83万定价：0.20元,
225,ROI1,Col4,市场交流价：,
225,ROI1,Col4,9品：25元,
225,ROI1,Col4,10品：40元,
225,ROI2,Col1,出版社：江苏人民,
225,ROI2,Col1,编文：许祖龙,
225,ROI2,Col1,绘画：耒汶阳 傅伯星,
225,ROI2,Col1,81年2月1版2次64开,
225,ROI2,Col1,印数：15.052万定价：0.14元,
225,ROI2,Col1,市场交流价：,
225,ROI2,Col1,9品：20元,
225,ROI2,Col1,10品：40元,
225,ROI2,Col2,出版社：江苏美术,
225,ROI2,Col2,编文：孙中晓,
225,ROI2,Col2,绘画：曾平凤金,
225,ROI2,Col2,84年10月1版1次64开,
225,ROI2,Col2,印数：13.87万定价：0.28元,
225,ROI2,Col2,市场交流价：,
225,ROI2,Col2,9品：20元,
225,ROI2,Col2,10品：50元,
225,ROI2,Col3,元稹,
225,ROI2,Col3,出版社：江苏人民,
225,ROI2,Col3,改编：李鸣球,
225,ROI2,Col3,绘画：邹越非 邹越清,
225,ROI2,Col3,83年12月1版1次64开,
225,ROI2,Col3,印数：5.35万定价：0.20元,
225,ROI2,Col3,市场交流价：,
225,ROI2,Col3,9品：20元,
225,ROI2,Col3,10品：50元,
225,ROI2,Col4,苏轼,
225,ROI2,Col4,出版社：江苏人民,
225,ROI2,Col4,编文：俞润生,
225,ROI2,Col4,绘画：迎春,
225,ROI2,Col4,81年1月1版1次64开,
225,ROI2,Col4,印数：6万定价：0.15元,
225,ROI2,Col4,市场交流价：,
225,ROI2,Col4,9品：25元,
225,ROI2,Col4,10品：50元,
225,FOOTNOTE,,,有《陆游》、《柳宗元》、《司马迁》、《李清照》、《真假王维》、《李白》。《真假王维》一书封面无“中国古代文学家”字样，但从其题材及王
225,FOOTNOTE,,,《中国古代文学家故事》各分册印量均少。尤以《梅尧臣》、《王安石》、《韩愈》、《李白》四种最少。全系列二十六种，除本书已刊出外，尚
226,ROI1,Col1,辛弃疾,
226,ROI1,Col1,出版社：江苏人民,
226,ROI1,Col1,编文：沈为宁,
226,ROI1,Col1,绘画：范思田范生福,
226,ROI1,Col1,82年6月1版1次64开,
226,ROI1,Col1,印数：10.6万定价：0.17元,
226,ROI1,Col1,市场交流价：,
226,ROI1,Col1,9品：20元,
226,ROI1,Col1,10品：40元,
226,ROI1,Col2,欧阳修,
226,ROI1,Col2,出版社：江苏人民,
226,ROI1,Col2,编文：李鸣球,
226,ROI1,Col2,绘画：贺成,
226,ROI1,Col2,83年1月1版1次64开,
226,ROI1,Col2,印数：5.87万定价：0.17元,
226,ROI1,Col2,市场交流价：,
226,ROI1,Col2,9品：30元,
226,ROI1,Col2,10品：60元,
226,ROI1,Col3,神童王勃,
226,ROI1,Col3,出版社：江苏人民,
226,ROI1,Col3,编文：刘天平,
226,ROI1,Col3,绘画：晓飞曾平,
226,ROI1,Col3,82年4月1版1次64开,
226,ROI1,Col3,印数：16.1万定价：0.10元,
226,ROI1,Col3,市场交流价：,
226,ROI1,Col3,9品：20元,
226,ROI1,Col3,10品：40元,
226,ROI1,Col4,刘禹锡,
226,ROI1,Col4,出版社：江苏人民,
226,ROI1,Col4,编文：李鸣球,
226,ROI1,Col4,绘画：孙昌茵,
226,ROI1,Col4,83年12月1版1次64开,
226,ROI1,Col4,印数：4.81万 定价：0.20元,
226,ROI1,Col4,市场交流价：,
226,ROI1,Col4,9品：20元,
226,ROI1,Col4,10品：50元,
226,ROI2,Col1,施耐庵,
226,ROI2,Col1,出版社：江苏美术,
226,ROI2,Col1,编文：张袁祥,
226,ROI2,Col1,绘画：郭荣,
226,ROI2,Col1,85年5月1版1次64开,
226,ROI2,Col1,印数：5.135万定价：0.39元,
226,ROI2,Col1,市场交流价：,
226,ROI2,Col1,9品：10元,
226,ROI2,Col1,10品：25元,
226,ROI2,Col2,初唐四杰,
226,ROI2,Col2,出版社：江苏美术,
226,ROI2,Col2,编文：吴福林,
226,ROI2,Col2,绘画：吕清华聂磊,
226,ROI2,Col2,84年9月1版1次64开,
226,ROI2,Col2,印数：10.96万定价：0.21元,
226,ROI2,Col2,市场交流价：,
226,ROI2,Col2,9品：20元,
226,ROI2,Col2,10品：40元,
226,ROI2,Col3,梅尧臣,
226,ROI2,Col3,出版社：江苏人民,
226,ROI2,Col3,编文：李鸣球,
226,ROI2,Col3,绘画：徐海鸥,
226,ROI2,Col3,83年7月1版1次64开,
226,ROI2,Col3,印数：2.48万定价：0.14元,
226,ROI2,Col3,市场交流价：,
226,ROI2,Col3,9品：50元,
226,ROI2,Col3,10品：120元,
226,ROI2,Col4,洪升,
226,ROI2,Col4,出版社：江苏美术,
226,ROI2,Col4,编文：曹晓波,
226,ROI2,Col4,绘画：朱新昌,
226,ROI2,Col4,84年3月1版1次64开,
226,ROI2,Col4,印数：7.3万定价：0.11元,
226,ROI2,Col4,市场交流价：,
226,ROI2,Col4,9品：20元,
226,ROI2,Col4,10品：40元,
227,ROI1,Col1,韩愈,
227,ROI1,Col1,出版社：江苏美术,
227,ROI1,Col1,编文：李鸣球,
227,ROI1,Col1,绘画：陈慧荪,
227,ROI1,Col1,85年3月1版1次64开,
227,ROI1,Col1,印数：3.932万定价：0.39元,
227,ROI1,Col1,市场交流价：,
227,ROI1,Col1,9品：30元,
227,ROI1,Col1,10品：50元,
227,ROI1,Col2,李商隐,
227,ROI1,Col2,出版社：江苏人民,
227,ROI1,Col2,编文：叶明,
227,ROI1,Col2,绘画：邹越清 邹越非,
227,ROI1,Col2,81年12月1版1次64开,
227,ROI1,Col2,印数：8.07万定价：0.15元,
227,ROI1,Col2,市场交流价：,
227,ROI1,Col2,9品：20元,
227,ROI1,Col2,10品：40元,
227,ROI1,Col3,王安石,
227,ROI1,Col3,出版社：江苏人民,
227,ROI1,Col3,编文：吴福林,
227,ROI1,Col3,绘画：邹越非,
227,ROI1,Col3,83年5月1版1次64开,
227,ROI1,Col3,印数：3.07万定价：0.14元,
227,ROI1,Col3,市场交流价：,
227,ROI1,Col3,9品：40元,
227,ROI1,Col3,10品：100元,
227,ROI1,Col4,杜牧,
227,ROI1,Col4,出版社：江苏人民,
227,ROI1,Col4,编文：李鸣球,
227,ROI1,Col4,绘画：来汶阳,
227,ROI1,Col4,82年10月1版1次64开,
227,ROI1,Col4,印数：9.07万定价：0.17元,
227,ROI1,Col4,市场交流价：,
227,ROI1,Col4,9品：20元,
227,ROI1,Col4,10品：40元,
227,ROI2,Col1,真假王维,
227,ROI2,Col1,出版社：江苏人民,
227,ROI2,Col1,改编：王吉祥,
227,ROI2,Col1,绘画：刘昌华,
227,ROI2,Col1,83年1月1版1次64开,
227,ROI2,Col1,印数：13万定价：0.15元,
227,ROI2,Col1,市场交流价：,
227,ROI2,Col1,9品：15元,
227,ROI2,Col1,10品：25元,
227,ROI2,Col2,朱元璋,
227,ROI2,Col2,出版社：江苏人民,
227,ROI2,Col2,编文：张震麟,
227,ROI2,Col2,绘画：汪拔如,
227,ROI2,Col2,81年6月1版1次64开,
227,ROI2,Col2,印数：33万定价：0.22元,
227,ROI2,Col2,市场交流价：,
227,ROI2,Col2,9品10元,
227,ROI2,Col2,10品：20元,
227,ROI2,Col3,海瑞,
227,ROI2,Col3,出版社：江苏人民,
227,ROI2,Col3,编文：沈为宁,
227,ROI2,Col3,绘画：刘芸生,
227,ROI2,Col3,80年3月1版1次64开,
227,ROI2,Col3,印数：30万定价：0.15元,
227,ROI2,Col3,市场交流价：,
227,ROI2,Col3,9品：15元,
227,ROI2,Col3,10品：25元,
227,ROI2,Col4,霍去病,
227,ROI2,Col4,出版社：江苏人民,
227,ROI2,Col4,编文：王海燕,
227,ROI2,Col4,绘画：白露,
227,ROI2,Col4,83年7月1版1次64开,
227,ROI2,Col4,印数：6.15万定价：0.15元,
227,ROI2,Col4,市场交流价：,
227,ROI2,Col4,9品：20元,
227,ROI2,Col4,10品：40元,
228,ROI1,Col1,嵇康,
228,ROI1,Col1,出版社：江苏美术,
228,ROI1,Col1,编文：吴福林,
228,ROI1,Col1,绘画：赵绪成,
228,ROI1,Col1,84年6月1版1次64开,
228,ROI1,Col1,印数：4.28万定价：0.13元,
228,ROI1,Col1,市场交流价：,
228,ROI1,Col1,9品：8元,
228,ROI1,Col1,10品：15元,
228,ROI1,Col2,沈石田,
228,ROI1,Col2,出版社：江苏美术,
228,ROI1,Col2,编文：任梅,
228,ROI1,Col2,绘画：贺成,
228,ROI1,Col2,84年3月1版1次64开,
228,ROI1,Col2,印数：4.97万 定价：0.15元,
228,ROI1,Col2,市场交流价：,
228,ROI1,Col2,9品：5元,
228,ROI1,Col2,10品：10元,
228,ROI1,Col3,文征明,
228,ROI1,Col3,出版社：江苏人民,
228,ROI1,Col3,编文：周景标,
228,ROI1,Col3,绘画：侯春洋,
228,ROI1,Col3,83年1月1版1次64开,
228,ROI1,Col3,印数：6.57万定价：0.14元,
228,ROI1,Col3,市场交流价：,
228,ROI1,Col3,9品：10元,
228,ROI1,Col3,10品：20元,
228,ROI1,Col4,鸡鸣寺的传说,
228,ROI1,Col4,出版社：江苏人民,
228,ROI1,Col4,编文：华士明,
228,ROI1,Col4,绘画：贺成,
228,ROI1,Col4,81年5月1版1次64开,
228,ROI1,Col4,印数：21万定价：0.23元,
228,ROI1,Col4,市场交流价：,
228,ROI1,Col4,9品：10元,
228,ROI1,Col4,10品：20元,
228,ROI2,Col1,苏东坡,
228,ROI2,Col1,出版社：岭南美术,
228,ROI2,Col1,改编：赖海晏,
228,ROI2,Col1,绘画：汪宗强,
228,ROI2,Col1,82年9月1版1次64开,
228,ROI2,Col1,印数：20.7万 定价：0.20元,
228,ROI2,Col1,市场交流价：,
228,ROI2,Col1,9品：20元,
228,ROI2,Col1,10品：40元,
228,ROI2,Col2,李白,
228,ROI2,Col2,出版社：岭南美术,
228,ROI2,Col2,改编：高风,
228,ROI2,Col2,绘画：邹莉,
228,ROI2,Col2,83年3月1版1次64开,
228,ROI2,Col2,印数：10.85万定价：0.21元,
228,ROI2,Col2,市场交流价：,
228,ROI2,Col2,9品：15元,
228,ROI2,Col2,10品：30元,
228,ROI2,Col3,陆游,
228,ROI2,Col3,出版社：岭南美术,
228,ROI2,Col3,改编：劳炯基,
228,ROI2,Col3,绘画：潘小庆王孟奇,
228,ROI2,Col3,82年3月1版1次64开,
228,ROI2,Col3,印数：未详定价：0.17元,
228,ROI2,Col3,市场交流价：,
228,ROI2,Col3,9品：20元,
228,ROI2,Col3,10品：40元,
228,ROI2,Col4,辛弃疾,
228,ROI2,Col4,出版社：岭南美术,
228,ROI2,Col4,编文：斯奋,
228,ROI2,Col4,绘画：巫治平,
228,ROI2,Col4,81年4月1版1次60开,
228,ROI2,Col4,印数：未详 定价：0.25元,
228,ROI2,Col4,市场交流价：,
228,ROI2,Col4,9品：20元,
228,ROI2,Col4,10品：40元,
228,FOOTNOTE,,,川岭南版
228,FOOTNOTE,,,全套大种
228,FOOTNOTE,,,册极为少见
228,FOOTNOTE,,,其十
229,ROI1,Col1,张衡,
229,ROI1,Col1,出版社：江苏人民,
229,ROI1,Col1,编文：安琪,
229,ROI1,Col1,绘画：郭荣,
229,ROI1,Col1,82年7月1版1次64开,
229,ROI1,Col1,印数：15.08万定价：0.15元,
229,ROI1,Col1,市场交流价：,
229,ROI1,Col1,9品：10元,
229,ROI1,Col1,10品：25元,
229,ROI1,Col2,扁鹊,
229,ROI1,Col2,出版社：江苏人民,
229,ROI1,Col2,编文：石祥等,
229,ROI1,Col2,绘画：肖平肖和,
229,ROI1,Col2,83年9月1版1次64开,
229,ROI1,Col2,印数：4.33万定价：0.19元,
229,ROI1,Col2,市场交流价：,
229,ROI1,Col2,9品：20元,
229,ROI1,Col2,10品：40元,
229,ROI1,Col3,李冰,
229,ROI1,Col3,出版社：江苏人民,
229,ROI1,Col3,编文：李荣标,
229,ROI1,Col3,绘画：徐修余,
229,ROI1,Col3,80年8月1版1次64开,
229,ROI1,Col3,印数：5万定价：0.10元,
229,ROI1,Col3,市场交流价：,
229,ROI1,Col3,9品：10元,
229,ROI1,Col3,10品：20元,
229,ROI1,Col4,鲁班,
229,ROI1,Col4,出版社：江苏人民,
229,ROI1,Col4,编文：杨本生,
229,ROI1,Col4,绘画：苏华苏家杰,
229,ROI1,Col4,79年10月1版1次64开,
229,ROI1,Col4,印数：8万定价：0.15元,
229,ROI1,Col4,市场交流价：,
229,ROI1,Col4,9品：25元,
229,ROI1,Col4,10品：50元,
229,ROI2,Col1,郑和,
229,ROI2,Col1,出版社：江苏人民,
229,ROI2,Col1,改编：沈为宁,
229,ROI2,Col1,绘画：黄贤安宣善铭,
229,ROI2,Col1,79年9月1版1次64开,
229,ROI2,Col1,印数：8万定价：0.09元,
229,ROI2,Col1,市场交流价：,
229,ROI2,Col1,9品：25元,
229,ROI2,Col1,10品：50元,
229,ROI2,Col2,玄奘,
229,ROI2,Col2,出版社：江苏人民,
229,ROI2,Col2,编文：汪青辰,
229,ROI2,Col2,绘画：龚东明,
229,ROI2,Col2,83年11月1版1次64开,
229,ROI2,Col2,印数：5.33万定价：0.18元,
229,ROI2,Col2,市场交流价,
229,ROI2,Col2,9品：20元,
229,ROI2,Col2,10品：40元,
229,ROI2,Col3,宋慈,
229,ROI2,Col3,出版社：江苏美术,
229,ROI2,Col3,编文：王宏甲,
229,ROI2,Col3,绘画：邹越非 邹越清,
229,ROI2,Col3,84年3月1版1次64开,
229,ROI2,Col3,印数：8.3万定价：0.23元,
229,ROI2,Col3,市场交流价：,
229,ROI2,Col3,9品：15元,
229,ROI2,Col3,10品：25元,
229,ROI2,Col4,祖冲之,
229,ROI2,Col4,出版社：江苏人民,
229,ROI2,Col4,编文：毛永煌,
229,ROI2,Col4,绘画：宗静草,
229,ROI2,Col4,79年2月1版1次64开,
229,ROI2,Col4,印数：35万定价：0.11元,
229,ROI2,Col4,市场交流价：,
229,ROI2,Col4,9品：5元,
229,ROI2,Col4,10品：15元,
229,FOOTNOTE,,,《科学家》江苏版，全套十三册。除本书刊出外，尚有《李时珍》、《华佗》、《沈括》、《张骞》、《毕升》。其中《毕升》一种极少见。《玄奘》
229,FOOTNOTE,,,*
230,ROI1,Col1,达尔文,
230,ROI1,Col1,出版社：人民美术,
230,ROI1,Col1,编文：张秉伦等,
230,ROI1,Col1,绘画：董福章,
230,ROI1,Col1,80年9月1版1次60开,
230,ROI1,Col1,印数：16万定价：0.24元,
230,ROI1,Col1,市场交流价：,
230,ROI1,Col1,9品：15元,
230,ROI1,Col1,10品：30元,
230,ROI1,Col2,贝尔,
230,ROI1,Col2,出版社：人民美术,
230,ROI1,Col2,编文：王秉龙,
230,ROI1,Col2,绘画：袁浩,
230,ROI1,Col2,80年8月1版1次60开,
230,ROI1,Col2,印数：30万定价：0.12元,
230,ROI1,Col2,市场交流价：,
230,ROI1,Col2,9品：10元,
230,ROI1,Col2,10品：20元,
230,ROI1,Col3,莱特兄弟,
230,ROI1,Col3,出版社：人民美术,
230,ROI1,Col3,编文：管正美,
230,ROI1,Col3,绘画：李加高宝生,
230,ROI1,Col3,82年3月1版1次60开,
230,ROI1,Col3,印数：34万定价：0.14元,
230,ROI1,Col3,市场交流价：,
230,ROI1,Col3,9品：10元,
230,ROI1,Col3,10品：20元,
230,ROI1,Col4,华佗,
230,ROI1,Col4,出版社：人民美术,
230,ROI1,Col4,编文：汪子春,
230,ROI1,Col4,绘画：朱光玉,
230,ROI1,Col4,79年5月1版1次60开,
230,ROI1,Col4,印数：100万定价：0.12元,
230,ROI1,Col4,市场交流价：,
230,ROI1,Col4,9品：15元,
230,ROI1,Col4,10品：30元,
230,ROI2,Col1,道尔顿,
230,ROI2,Col1,出版社：人民美术,
230,ROI2,Col1,编文：周嘉华,
230,ROI2,Col1,绘画：李士伋,
230,ROI2,Col1,79年9月1版1次60开,
230,ROI2,Col1,印数：80万定价：0.15元,
230,ROI2,Col1,市场交流价：,
230,ROI2,Col1,9品：10元,
230,ROI2,Col1,10品：20元,
230,ROI2,Col2,黄道婆,
230,ROI2,Col2,出版社：人民美术,
230,ROI2,Col2,编文：揭培礼,
230,ROI2,Col2,绘画：陈成斗,
230,ROI2,Col2,81年7月1版1次60开,
230,ROI2,Col2,印数：25万定价：0.12元,
230,ROI2,Col2,市场交流价：,
230,ROI2,Col2,9品：25元,
230,ROI2,Col2,10品：50元,
230,ROI2,Col3,李时珍,
230,ROI2,Col3,出版社：人民美术,
230,ROI2,Col3,编文：杨新,
230,ROI2,Col3,绘画：林镛陈文光,
230,ROI2,Col3,82年6月1版2次60开,
230,ROI2,Col3,印数：21万定价：0.15元,
230,ROI2,Col3,市场交流价：,
230,ROI2,Col3,9品：20元,
230,ROI2,Col3,10品：40元,
230,ROI2,Col4,爱因斯坦,
230,ROI2,Col4,出版社：人民美术,
230,ROI2,Col4,编文：方国汀,
230,ROI2,Col4,绘画：刘永凯,
230,ROI2,Col4,80年5月1版2次60开,
230,ROI2,Col4,印数：110万定价：0.10元,
230,ROI2,Col4,市场交流价：,
230,ROI2,Col4,9品：5元,
230,ROI2,Col4,10品：8元,
230,FOOTNOTE,,,共三十种
230,FOOTNOTE,,,人美版
230,FOOTNOTE,,,《利学家故事》
230,FOOTNOTE,,,《田甫洛夫业
230,FOOTNOTE,,,其中
230,FOOTNOTE,,,*
230,FOOTNOTE,,,中
230,FOOTNOTE,,,中
231,ROI1,Col1,王冠的秘密,
231,ROI1,Col1,出版社：人民美术,
231,ROI1,Col1,改编：周嘉华,
231,ROI1,Col1,绘画：刘永凯,
231,ROI1,Col1,79年3月1版1次60开,
231,ROI1,Col1,印数：100万定价：0.11元,
231,ROI1,Col1,市场交流价：,
231,ROI1,Col1,9品：5元,
231,ROI1,Col1,10品：10元,
231,ROI1,Col2,爱迪生,
231,ROI1,Col2,出版社：人民美术,
231,ROI1,Col2,编文：白筠,
231,ROI1,Col2,绘画：胡克礼恽南平,
231,ROI1,Col2,80年9月1版2次60开,
231,ROI1,Col2,印数：150万定价：0.23元,
231,ROI1,Col2,市场交流价：,
231,ROI1,Col2,9品：10元,
231,ROI1,Col2,10品：20元,
231,ROI1,Col3,卢瑟福,
231,ROI1,Col3,出版社：人民美术,
231,ROI1,Col3,改编：姜炳,
231,ROI1,Col3,绘画：孙贤陵 冯怀荣,
231,ROI1,Col3,79年12月1版1次60开,
231,ROI1,Col3,印数：70万定价：0.11元,
231,ROI1,Col3,市场交流价：,
231,ROI1,Col3,9品：15元,
231,ROI1,Col3,10品：25元,
231,ROI1,Col4,诺贝尔,
231,ROI1,Col4,出版社：人民美术,
231,ROI1,Col4,编文：邢润川等,
231,ROI1,Col4,绘画：袁浩方斐娜,
231,ROI1,Col4,81年5月1版1次60开,
231,ROI1,Col4,印数：24万定价：0.19元,
231,ROI1,Col4,市场交流价：,
231,ROI1,Col4,9品：20元,
231,ROI1,Col4,10品：50元,
231,ROI2,Col1,萧莱马,
231,ROI2,Col1,出版社：人民美术,
231,ROI2,Col1,编文：潘吉星,
231,ROI2,Col1,绘画：袁浩,
231,ROI2,Col1,79年7月1版1次60开,
231,ROI2,Col1,印数：80万定价：0.14元,
231,ROI2,Col1,市场交流价：,
231,ROI2,Col1,9品：10元,
231,ROI2,Col1,10品：20元,
231,ROI2,Col2,沈括,
231,ROI2,Col2,出版社：人民美术,
231,ROI2,Col2,编文：钱加婺,
231,ROI2,Col2,绘画：钱贵荪,
231,ROI2,Col2,82年2月1版1次60开,
231,ROI2,Col2,印数：16万定价：0.12元,
231,ROI2,Col2,市场交流价：,
231,ROI2,Col2,9品：15元,
231,ROI2,Col2,10品：30元,
231,ROI2,Col3,喻皓,
231,ROI2,Col3,出版社：人民美术,
231,ROI2,Col3,编文：钱加婺,
231,ROI2,Col3,绘画：来汶阳 付伯星,
231,ROI2,Col3,81年3月1版1次60开,
231,ROI2,Col3,印数：16.5万定价：0.11元,
231,ROI2,Col3,市场交流价：,
231,ROI2,Col3,9品：30元,
231,ROI2,Col3,10品：60元,
231,ROI2,Col4,勒维烈和亚当斯,
231,ROI2,Col4,出版社：人民美术,
231,ROI2,Col4,编文：刘金沂,
231,ROI2,Col4,绘画：马程,
231,ROI2,Col4,79年6月1版1次60开,
231,ROI2,Col4,印数：90万定价：0.11元,
231,ROI2,Col4,市场交流价：,
231,ROI2,Col4,9品：8元,
231,ROI2,Col4,10品：15元,
232,ROI1,Col1,铜半球的秘密,
232,ROI1,Col1,出版社：人民美术,
232,ROI1,Col1,编文：周嘉华,
232,ROI1,Col1,绘画：郭怀仁,
232,ROI1,Col1,84年1月1版1次60开,
232,ROI1,Col1,印数：11.3万定价：0.12元,
232,ROI1,Col1,市场交流价：,
232,ROI1,Col1,9品：60元,
232,ROI1,Col1,10品：100元,
232,ROI1,Col2,斯蒂芬逊,
232,ROI1,Col2,出版社：人民美术,
232,ROI1,Col2,编文：王秉龙,
232,ROI1,Col2,绘画：王秉龙,
232,ROI1,Col2,82年11月1版1次60开,
232,ROI1,Col2,印数：10万定价：0.17元,
232,ROI1,Col2,市场交流价：,
232,ROI1,Col2,9品：30元,
232,ROI1,Col2,10品：60元,
232,ROI1,Col3,伽俐略,
232,ROI1,Col3,出版社：人民美术,
232,ROI1,Col3,改编：亦名,
232,ROI1,Col3,绘画：胡克礼恽南平,
232,ROI1,Col3,78年6月2版2次60开,
232,ROI1,Col3,印数：102万定价：0.11元,
232,ROI1,Col3,市场交流价：,
232,ROI1,Col3,9品：10元,
232,ROI1,Col3,10品：20元,
232,ROI1,Col4,巴甫洛夫,
232,ROI1,Col4,出版社：人民美术,
232,ROI1,Col4,编文：余民,
232,ROI1,Col4,绘画：聂崇瑞,
232,ROI1,Col4,84年7月1版1次60开,
232,ROI1,Col4,印数：4万定价：0.21元,
232,ROI1,Col4,市场交流价：,
232,ROI1,Col4,9品：100元,
232,ROI1,Col4,10品：200元,
232,ROI2,Col1,牛顿,
232,ROI2,Col1,出版社：人民美术,
232,ROI2,Col1,编文：史青,
232,ROI2,Col1,绘画：胡克礼恽南平,
232,ROI2,Col1,80年8月1版1次60开,
232,ROI2,Col1,印数：30万定价：0.14元,
232,ROI2,Col1,市场交流价：,
232,ROI2,Col1,9品：25元,
232,ROI2,Col1,10品：50元,
232,ROI2,Col2,居里夫人,
232,ROI2,Col2,出版社：人民美术,
232,ROI2,Col2,改编：夏阳,
232,ROI2,Col2,绘画：潘晋华叶大荣,
232,ROI2,Col2,78年4月2版2次60开,
232,ROI2,Col2,印数：108万定价：0.19元,
232,ROI2,Col2,市场交流价：,
232,ROI2,Col2,9品：10元,
232,ROI2,Col2,10品：20元,
232,ROI2,Col3,罗蒙诺索夫,
232,ROI2,Col3,出版社：人民美术,
232,ROI2,Col3,改编：李光羽,
232,ROI2,Col3,绘画：胡克礼,
232,ROI2,Col3,83年12月1版1次60开,
232,ROI2,Col3,印数：30万定价：0.18元,
232,ROI2,Col3,市场交流价：,
232,ROI2,Col3,9品：30元,
232,ROI2,Col3,10品：60元,
232,ROI2,Col4,真纳和牛痘,
232,ROI2,Col4,出版社：人民美术,
232,ROI2,Col4,改编：马表,
232,ROI2,Col4,绘画：阿裘,
232,ROI2,Col4,79年6月1版1次60开,
232,ROI2,Col4,印数：95万定价：0.09元,
232,ROI2,Col4,市场交流价：,
232,ROI2,Col4,9品：3元,
232,ROI2,Col4,10品：8元,
233,ROI1,Col1,X光与伦琴,
233,ROI1,Col1,出版社：人民美术,
233,ROI1,Col1,编文：范若由,
233,ROI1,Col1,绘画：聂崇瑞,
233,ROI1,Col1,83年2月1版1次60开,
233,ROI1,Col1,印数：7.1万定价：0.13元,
233,ROI1,Col1,市场交流价：,
233,ROI1,Col1,9品：80元,
233,ROI1,Col1,10品：160元,
233,ROI1,Col2,祖冲之,
233,ROI1,Col2,出版社：人民美术,
233,ROI1,Col2,编文：叶苏,
233,ROI1,Col2,绘画：阴衍江,
233,ROI1,Col2,85年2月1版1次60开,
233,ROI1,Col2,印数：5万定价：0.38元,
233,ROI1,Col2,市场交流价：,
233,ROI1,Col2,9品：100元,
233,ROI1,Col2,10品：200元,
233,ROI1,Col3,张骞,
233,ROI1,Col3,出版社：人民美术,
233,ROI1,Col3,编文：陈绍棣,
233,ROI1,Col3,绘画：王弘力,
233,ROI1,Col3,80年3月1版1次60开,
233,ROI1,Col3,印数：66万定价：0.18元,
233,ROI1,Col3,市场交流价：,
233,ROI1,Col3,9品：40元,
233,ROI1,Col3,10品：100元,
233,ROI1,Col4,毕升,
233,ROI1,Col4,出版社：人民美术,
233,ROI1,Col4,改编：高远,
233,ROI1,Col4,绘画：谢振瓯,
233,ROI1,Col4,81年10月1版1次60开,
233,ROI1,Col4,印数：20.6万 定价：0.14元,
233,ROI1,Col4,市场交流价：,
233,ROI1,Col4,9品：40元,
233,ROI1,Col4,10品：80元,
233,ROI2,Col1,巴斯德,
233,ROI2,Col1,出版社：人民美术,
233,ROI2,Col1,编文：张润春,
233,ROI2,Col1,绘画：蒲以庄,
233,ROI2,Col1,83年12月1版1次60开,
233,ROI2,Col1,印数：7万定价：0.21元,
233,ROI2,Col1,市场交流价：,
233,ROI2,Col1,9品：30元,
233,ROI2,Col1,10品：60元,
233,ROI2,Col2,哥白尼,
233,ROI2,Col2,出版社：人民美术,
233,ROI2,Col2,编文：揭培礼,
233,ROI2,Col2,绘画：胡祖清,
233,ROI2,Col2,82年3月1版1次60开,
233,ROI2,Col2,印数：15万定价：0.18元,
233,ROI2,Col2,市场交流价：,
233,ROI2,Col2,9品：40元,
233,ROI2,Col2,10品：80元,
233,ROI2,Col3,巴士德,
233,ROI2,Col3,出版社：天津人民美术,
233,ROI2,Col3,编文：贾克刚,
233,ROI2,Col3,绘画：赵正阳,
233,ROI2,Col3,81年3月1版1次60开,
233,ROI2,Col3,印数：4.4万定价：0.12元,
233,ROI2,Col3,市场交流价：,
233,ROI2,Col3,9品：20元,
233,ROI2,Col3,10品：40元,
233,ROI2,Col4,伽里略,
233,ROI2,Col4,出版社：天津人民美术,
233,ROI2,Col4,编文：惠伊深,
233,ROI2,Col4,绘画：杨建友赵奇,
233,ROI2,Col4,80年3月1版1次64开,
233,ROI2,Col4,印数：5万定价：0.15元,
233,ROI2,Col4,市场交流价：,
233,ROI2,Col4,9品：10元,
233,ROI2,Col4,10品：20元,
234,ROI1,Col1,徐茂公退敌,
234,ROI1,Col1,出版社：福建人民,
234,ROI1,Col1,改编：潘笠翁,
234,ROI1,Col1,绘画：王 井,
234,ROI1,Col1,82年3月1版1次64开,
234,ROI1,Col1,印数：80.33万定价：0.17元,
234,ROI1,Col1,市场交流价：,
234,ROI1,Col1,9品：5元,
234,ROI1,Col1,10品：10元,
234,ROI1,Col2,罗成擒五王,
234,ROI1,Col2,出版社：福建人民,
234,ROI1,Col2,改编：冉一,
234,ROI1,Col2,绘画：施友义,
234,ROI1,Col2,82年7月1版1次64开,
234,ROI1,Col2,印数：31.1万定价：0.17元,
234,ROI1,Col2,市场交流价：,
234,ROI1,Col2,9品：15元,
234,ROI1,Col2,10品：30元,
234,ROI1,Col3,秦王入狱,
234,ROI1,Col3,出版社：福建人民,
234,ROI1,Col3,改编：犁丁,
234,ROI1,Col3,绘画：王重英、王重圭,
234,ROI1,Col3,82年8月1版1次64开,
234,ROI1,Col3,印数：30.05万定价：0.20元,
234,ROI1,Col3,市场交流价：,
234,ROI1,Col3,9品：10元,
234,ROI1,Col3,10品：20元,
234,ROI1,Col4,李世民登基,
234,ROI1,Col4,出版社：福建人民,
234,ROI1,Col4,改编：沈河娟,
234,ROI1,Col4,绘画：王井,
234,ROI1,Col4,83年5月1版1次64开,
234,ROI1,Col4,印数：32.9万定价：0.21元,
234,ROI1,Col4,市场交流价：,
234,ROI1,Col4,9品：15元,
234,ROI1,Col4,10品：30元,
234,ROI2,Col1,阿里山的传说,
234,ROI2,Col1,出版社：末来,
234,ROI2,Col1,编文：杨荔,
234,ROI2,Col1,绘画：杨思陶,
234,ROI2,Col1,83年12月1版1次64开,
234,ROI2,Col1,印数：8万定价：0.10元,
234,ROI2,Col2,浊水溪,
234,ROI2,Col2,出版社：未来,
234,ROI2,Col2,编文：杨荔,
234,ROI2,Col2,绘画：吴永良,
234,ROI2,Col2,85年5月1版1次64开,
234,ROI2,Col2,印数：12.77万定价：0.17元,
234,ROI2,Col3,姐妹山,
234,ROI2,Col3,出版社：未来,
234,ROI2,Col3,编文：杨荔,
234,ROI2,Col3,绘画：李以泰,
234,ROI2,Col3,85年5月1版1次64开,
234,ROI2,Col3,印数：12.18万定价：0.14元,
234,ROI2,Col4,秀姑山和彭佳屿,
234,ROI2,Col4,出版社：未来,
234,ROI2,Col4,编文：杨荔,
234,ROI2,Col4,绘画：邬继德,
234,ROI2,Col4,85年5月1版1次64开,
234,ROI2,Col4,印数：13.69万定价：0.17元,
234,FOOTNOTE,,,《说唐》福建版全套十册，第八、九、十分册较少。全套市场交流价：9品100元，10品200元。
234,FOOTNOTE,,,*
234,FOOTNOTE,,,*《台湾民间传说》
234,FOOTNOTE,,,全套十种
234,FOOTNOTE,,,市场交流价：
234,FOOTNOTE,,,10品180元
234,FOOTNOTE,,,9品100元
235,ROI1,Col1,呼延赞落草,
235,ROI1,Col1,出版社：福建人民,
235,ROI1,Col1,改编：张珍芬,
235,ROI1,Col1,绘画：高吟春常人,
235,ROI1,Col1,82年1月1版1次64开,
235,ROI1,Col1,印数：53.87万定价：0.18元,
235,ROI1,Col1,市场交流价：,
235,ROI1,Col1,9品：8元,
235,ROI1,Col1,10品：15元,
235,ROI1,Col2,潘仁美妒贤,
235,ROI1,Col2,出版社：福建人民,
235,ROI1,Col2,改编：王东声,
235,ROI1,Col2,绘画：王重圭常人,
235,ROI1,Col2,82年5月1版1次64开,
235,ROI1,Col2,印数：52.92万定价：0.14元,
235,ROI1,Col2,市场交流价：,
235,ROI1,Col2,9品：10元,
235,ROI1,Col2,10品：25元,
235,ROI1,Col3,宋师北征,
235,ROI1,Col3,出版社：福建人民,
235,ROI1,Col3,改编：魏德光,
235,ROI1,Col3,绘画：刘斌昆卢 汶,
235,ROI1,Col3,83年7月1版1次60开,
235,ROI1,Col3,印数：22.65万定价：0.15元,
235,ROI1,Col3,市场交流价：,
235,ROI1,Col3,9品：8元,
235,ROI1,Col3,10品：15元,
235,ROI1,Col4,杨令公归宋,
235,ROI1,Col4,出版社：福建人民,
235,ROI1,Col4,改编：碧江,
235,ROI1,Col4,绘画：庞先健张峻松,
235,ROI1,Col4,82年9月1版1次64开,
235,ROI1,Col4,印数：49.92万定价：0.13元,
235,ROI1,Col4,市场交流价：,
235,ROI1,Col4,9品：5元,
235,ROI1,Col4,10品：10元,
235,ROI2,Col1,大战瓦桥关,
235,ROI2,Col1,出版社：福建人民,
235,ROI2,Col1,改编：冉一,
235,ROI2,Col1,绘画：马方洛,
235,ROI2,Col1,82年1月1版1次64开,
235,ROI2,Col1,印数：50.42万定价：0.14元,
235,ROI2,Col1,市场交流价：,
235,ROI2,Col1,9品：8元,
235,ROI2,Col1,10品：15元,
235,ROI2,Col2,杨五郎出家,
235,ROI2,Col2,出版社：福建人民,
235,ROI2,Col2,编文：林薇,
235,ROI2,Col2,绘画：崔君沛,
235,ROI2,Col2,82年6月1版1次64开,
235,ROI2,Col2,印数：52.4万定价：0.15元,
235,ROI2,Col2,市场交流价：,
235,ROI2,Col2,9品：5元,
235,ROI2,Col2,10品：10元,
235,ROI2,Col3,杨业尽节,
235,ROI2,Col3,出版社：福建人民,
235,ROI2,Col3,改编：林薇,
235,ROI2,Col3,绘画：王振华,
235,ROI2,Col3,83年3月1版1次64开,
235,ROI2,Col3,印数：20.65万：定价0.14元,
235,ROI2,Col3,市场交流价：,
235,ROI2,Col3,9品：10元,
235,ROI2,Col3,10品：20元,
235,ROI2,Col4,六郎告御状,
235,ROI2,Col4,出版社：福建人民,
235,ROI2,Col4,改编：斯颂,
235,ROI2,Col4,绘画：高吟春 高吟冬等,
235,ROI2,Col4,83年7月1版1次64开,
235,ROI2,Col4,印数：21.25万定价：0.20元,
235,ROI2,Col4,市场交流价：,
235,ROI2,Col4,9品：5元,
235,ROI2,Col4,10品：10元,
235,FOOTNOTE,,,《杨家将演义》福建版，全套二十二册。
235,FOOTNOTE,,,*
236,ROI1,Col1,三擒孟良,
236,ROI1,Col1,出版社：福建人民,
236,ROI1,Col1,改编：文卒等,
236,ROI1,Col1,绘画：张仁康李群力,
236,ROI1,Col1,82年9月1版1次64开,
236,ROI1,Col1,印数：19.35万定价：0.16元,
236,ROI1,Col1,市场交流价：,
236,ROI1,Col1,9品：15元,
236,ROI1,Col1,10品：25元,
236,ROI1,Col2,红羊洞盗骨,
236,ROI1,Col2,出版社：福建人民,
236,ROI1,Col2,改编：卞南,
236,ROI1,Col2,绘画：何进,
236,ROI1,Col2,83年3月1版1次64开,
236,ROI1,Col2,印数：34.05万定价：0.12元,
236,ROI1,Col2,市场交流价：,
236,ROI1,Col2,9品：5元,
236,ROI1,Col2,10品：10元,
236,ROI1,Col3,焦赞锄奸,
236,ROI1,Col3,出版社：福建人民,
236,ROI1,Col3,改编：陈雄,
236,ROI1,Col3,绘画：常人高吟春,
236,ROI1,Col3,82年8月1版1次64开,
236,ROI1,Col3,印数：19.15万定价：0.19元,
236,ROI1,Col3,市场交流价：,
236,ROI1,Col3,9品：10元,
236,ROI1,Col3,10品：20元,
236,ROI1,Col4,杨延昭救驾,
236,ROI1,Col4,出版社：福建人民,
236,ROI1,Col4,改编：沈河,
236,ROI1,Col4,绘画：高适高吟春,
236,ROI1,Col4,83年12月1版1次64开,
236,ROI1,Col4,印数：28.75万定价：0.19元,
236,ROI1,Col4,市场交流价：,
236,ROI1,Col4,9品：5元,
236,ROI1,Col4,10品：15元,
236,ROI2,Col1,吕洞宾布阵,
236,ROI2,Col1,出版社：福建人民,
236,ROI2,Col1,改编：江雄,
236,ROI2,Col1,绘画：高适,
236,ROI2,Col1,83年12月1版1次64开,
236,ROI2,Col1,印数：30.35万定价：0.15元,
236,ROI2,Col1,市场交流价：,
236,ROI2,Col1,9品：5元,
236,ROI2,Col1,10品：10元,
236,ROI2,Col2,宗保破神机,
236,ROI2,Col2,出版社：福建人民,
236,ROI2,Col2,编文：江雄,
236,ROI2,Col2,绘画：高适,
236,ROI2,Col2,83年12月1版1次64开,
236,ROI2,Col2,印数：29.65万定价：0.17元,
236,ROI2,Col2,市场交流价：,
236,ROI2,Col2,9品：8元,
236,ROI2,Col2,10品：15元,
236,ROI2,Col3,穆桂英招亲,
236,ROI2,Col3,出版社：福建人民,
236,ROI2,Col3,改编：汪浪,
236,ROI2,Col3,绘画：陈光镒,
236,ROI2,Col3,83年12月1版1次64开,
236,ROI2,Col3,印数：28.35万定价：0.18元,
236,ROI2,Col3,市场交流价：,
236,ROI2,Col3,9品：25元,
236,ROI2,Col3,10品：50元,
236,ROI2,Col4,大破天门阵,
236,ROI2,Col4,出版社：福建人民,
236,ROI2,Col4,改编：陈文雄,
236,ROI2,Col4,绘画：陈光镒陈菊绘,
236,ROI2,Col4,84年10月1版1次64开,
236,ROI2,Col4,印数：20.75万定价：0.25元,
236,ROI2,Col4,市场交流价：,
236,ROI2,Col4,9品：20元,
236,ROI2,Col4,10品：40元,
237,ROI1,Col1,战九龙谷,
237,ROI1,Col1,出版社：福建人民,
237,ROI1,Col1,改编：汪春良,
237,ROI1,Col1,绘画：盛贤亮郑波,
237,ROI1,Col1,84年11月1版1次64开,
237,ROI1,Col1,印数：22.07万定价：0.24元,
237,ROI1,Col1,市场交流价：,
237,ROI1,Col1,9品：10元,
237,ROI1,Col1,10品：20元,
237,ROI1,Col2,大闹幽州城,
237,ROI1,Col2,出版社：福建人民,
237,ROI1,Col2,改编：江诗雄,
237,ROI1,Col2,绘画：林光,
237,ROI1,Col2,84年11月1版1次64开,
237,ROI1,Col2,印数：22.05万 定价：0.18元,
237,ROI1,Col2,市场交流价：,
237,ROI1,Col2,9品：10元,
237,ROI1,Col2,10品：20元,
237,ROI1,Col3,三英雄归天,
237,ROI1,Col3,出版社：福建人民,
237,ROI1,Col3,改编：卞墨,
237,ROI1,Col3,绘画：庞先健何进,
237,ROI1,Col3,84年12月1版1次64开,
237,ROI1,Col3,印数：22.37万 定价：0.15元,
237,ROI1,Col3,市场交流价：,
237,ROI1,Col3,9品：10元,
237,ROI1,Col3,10品：20元,
237,ROI1,Col4,杨宗保征西,
237,ROI1,Col4,出版社：福建人民,
237,ROI1,Col4,编文：汪春良,
237,ROI1,Col4,绘画：黄大华陈宁,
237,ROI1,Col4,85年1月1版1次64开,
237,ROI1,Col4,印数：22.47定价：0.20元,
237,ROI1,Col4,市场交流价：,
237,ROI1,Col4,9品：10元,
237,ROI1,Col4,10品：20元,
237,ROI2,Col1,十二寡妇凯归,
237,ROI2,Col1,出版社：福建人民,
237,ROI2,Col1,改编：江雄,
237,ROI2,Col1,绘画：高适,
237,ROI2,Col1,85年2月1版1次64开,
237,ROI2,Col1,印数：22.48万定价：0.19元,
237,ROI2,Col1,市场交流价：,
237,ROI2,Col1,9品：10元,
237,ROI2,Col1,10品：20元,
237,ROI2,Col2,杨禅师下山,
237,ROI2,Col2,出版社：福建人民,
237,ROI2,Col2,改编：卞南,
237,ROI2,Col2,绘画：王重圭高适,
237,ROI2,Col2,83年5月1版1次64开,
237,ROI2,Col2,印数：34.5万定价：0.14元,
237,ROI2,Col2,市场交流价：,
237,ROI2,Col2,9品：5元,
237,ROI2,Col2,10品：15元,
237,ROI2,Col3,智审潘仁美,
237,ROI2,Col3,出版社：人民美术,
237,ROI2,Col3,改编：赵建明,
237,ROI2,Col3,绘画：张令涛胡若佛,
237,ROI2,Col3,81年3月1版1次64开,
237,ROI2,Col3,印数：200万定价：0.21元,
237,ROI2,Col4,双龙会,
237,ROI2,Col4,出版社：人民美术,
237,ROI2,Col4,改编：赵建明,
237,ROI2,Col4,绘画：张令涛 胡若佛,
237,ROI2,Col4,81年4月2版6次64开,
237,ROI2,Col4,印数：256.3万定价：0.16元,
237,ROI2,Col4,市场交流价：,
237,ROI2,Col4,9品：60元（全套五册）,
237,ROI2,Col4,10品：100元,
238,ROI1,Col1,杨七郎打擂,
238,ROI1,Col1,出版社：河北美术,
238,ROI1,Col1,改编：曹治淮,
238,ROI1,Col1,绘画：刘汉宗等,
238,ROI1,Col1,83年5月1版2次64开,
238,ROI1,Col1,印数：105.8万定价：0.15元,
238,ROI1,Col1,市场交流价：,
238,ROI1,Col1,9品：60元（全二十一册）,
238,ROI1,Col1,10品：90元,
238,ROI1,Col2,金刀杨令公,
238,ROI1,Col2,出版社：中州书画社,
238,ROI1,Col2,编文：孙长江等,
238,ROI1,Col2,绘画：李维定,
238,ROI1,Col2,82年4月1版1次64开,
238,ROI1,Col2,印数：43.3万定价：0.20元,
238,ROI1,Col2,市场交流价：,
238,ROI1,Col2,9品：40元（全套十册）,
238,ROI1,Col2,10品：60元,
238,ROI1,Col3,杨业归宋,
238,ROI1,Col3,出版社：甘肃人民,
238,ROI1,Col3,改编：江南春,
238,ROI1,Col3,绘画：陈成斗陈志谦 等,
238,ROI1,Col3,83年7月1版1次64开,
238,ROI1,Col3,印数：5.506万定价：0.17元,
238,ROI1,Col3,市场交流价：,
238,ROI1,Col3,9品：60元（全套六册）,
238,ROI1,Col3,10品：100元,
238,ROI1,Col4,大破天门阵,
238,ROI1,Col4,出版社：湖南美术,
238,ROI1,Col4,改编：喻岳衡,
238,ROI1,Col4,绘画：廖正华,
238,ROI1,Col4,82年4月1版1次64开,
238,ROI1,Col4,印数：190万定价：0.13元,
238,ROI1,Col4,市场交流价：,
238,ROI1,Col4,9品：25元（全套八册）,
238,ROI1,Col4,10品：40元,
238,ROI2,Col1,史可法扬州保卫战,
238,ROI2,Col1,出版社：长江文艺,
238,ROI2,Col1,编文：叶建森,
238,ROI2,Col1,绘画：蔡宏坡,
238,ROI2,Col1,83年1月1版1次64开,
238,ROI2,Col1,印数：16.86万定价：0.16元,
238,ROI2,Col2,楚汉成皋之战,
238,ROI2,Col2,出版社：长江文艺,
238,ROI2,Col2,编文：黄建中,
238,ROI2,Col2,绘画：苏维贤,
238,ROI2,Col2,82年10月1版1次64开,
238,ROI2,Col2,印数：36万定价：0.20元,
238,ROI2,Col3,元史 忽必烈,
238,ROI2,Col3,出版社：天津人民美术,
238,ROI2,Col3,编文：李桂芬,
238,ROI2,Col3,绘画：盛元富,
238,ROI2,Col3,84年8月1版1次64开,
238,ROI2,Col3,印数：23.4万定价：0.20元,
238,ROI2,Col3,市场交流价：,
238,ROI2,Col3,9品：20元,
238,ROI2,Col3,10品：40元,
238,ROI2,Col4,宋史 正气歌,
238,ROI2,Col4,出版社：天津人民美术,
238,ROI2,Col4,编文：陈骧龙王冬,
238,ROI2,Col4,绘画：孟庆江,
238,ROI2,Col4,85年3月1版1次64开,
238,ROI2,Col4,印数：5.76万定价：0.32元,
238,ROI2,Col4,市场交流价：,
238,ROI2,Col4,9品：40元,
238,ROI2,Col4,10品：60元,
238,FOOTNOTE,,,*《元史》天津版，计划出版九种，实际出书六种，其中《忽必烈》一种较少。《宋史》天津版：全套二十种。《王安石变法》《靖康之乱》两
238,FOOTNOTE,,,种极少见，为该套书之筋。
238,FOOTNOTE,,,元，第三辑：9品60元，10品120元。《元史》第五、八、九分册极少见
239,ROI1,Col1,颜真卿与元结,
239,ROI1,Col1,出版社：河南美术,
239,ROI1,Col1,编文：乔书明,
239,ROI1,Col1,绘画：豁志,
239,ROI1,Col1,85年3月1版1次64开,
239,ROI1,Col1,印数：8.55万定价：0.25元,
239,ROI1,Col1,市场交流价：,
239,ROI1,Col1,9品：8元,
239,ROI1,Col1,10品：15元,
239,ROI1,Col2,杜康醉刘伶,
239,ROI1,Col2,出版社：中州书画社,
239,ROI1,Col2,编文：马铁军等,
239,ROI1,Col2,绘画：熊孔成,
239,ROI1,Col2,83年6月1版1次64开,
239,ROI1,Col2,印数：13.6万定价：0.10元,
239,ROI1,Col2,市场交流价：,
239,ROI1,Col2,9品：10元,
239,ROI1,Col2,10品：20元,
239,ROI1,Col3,春秋楼的故事,
239,ROI1,Col3,出版社：中州书画社,
239,ROI1,Col3,编文：刘耀中,
239,ROI1,Col3,绘画：苏西映,
239,ROI1,Col3,82年8月1版1次64开,
239,ROI1,Col3,印数：6.05万定价：0.13元,
239,ROI1,Col3,市场交流价：,
239,ROI1,Col3,9品：15元,
239,ROI1,Col3,10品：30元,
239,ROI1,Col4,繁塔,
239,ROI1,Col4,出版社：河南人民,
239,ROI1,Col4,编文：任学礼等,
239,ROI1,Col4,绘画：翟长安,
239,ROI1,Col4,84年2月1版1次64开,
239,ROI1,Col4,印数：11万定价：0.12元,
239,ROI1,Col4,市场交流价：,
239,ROI1,Col4,9品：10元,
239,ROI1,Col4,10品：20元,
239,ROI2,Col1,少林武僧,
239,ROI2,Col1,出版社：中州书画,
239,ROI2,Col1,改编：黄青,
239,ROI2,Col1,绘画：韦智仁,
239,ROI2,Col1,82年10月1版1次64开,
239,ROI2,Col1,印数：36万定价：0.20元,
239,ROI2,Col1,市场交流价：,
239,ROI2,Col1,9品：5元,
239,ROI2,Col1,10品：10元,
239,ROI2,Col2,玉杯血泪,
239,ROI2,Col2,出版社：河南美术,
239,ROI2,Col2,改编：高德欣等,
239,ROI2,Col2,绘画：刘芸生,
239,ROI2,Col2,85年3月1版1次64开,
239,ROI2,Col2,印数：33.82万定价：0.22元,
239,ROI2,Col2,市场交流价：,
239,ROI2,Col2,9品：5元,
239,ROI2,Col2,10品：10元,
239,ROI2,Col3,少林寺故事传说(一),
239,ROI2,Col3,出版社：中州书画社,
239,ROI2,Col3,改编：魏忠才等,
239,ROI2,Col3,绘画：赵国经等,
239,ROI2,Col3,83年12月1版1次64开,
239,ROI2,Col3,印数：53.8万定价：0.30元,
239,ROI2,Col4,少林寺故事传说(二),
239,ROI2,Col4,出版社：中州书画社,
239,ROI2,Col4,改编：魏忠才等,
239,ROI2,Col4,绘画：赵国经等,
239,ROI2,Col4,83年12月1版1次64开,
239,ROI2,Col4,印数：53.85万定价：0.30元,
239,ROI2,Col4,市场交流价：,
239,ROI2,Col4,9品：15元（全套）,
239,ROI2,Col4,10品：25元,
239,FOOTNOTE,,,《中卅风物志》河南版，全套已发现有十二种十三册。
239,FOOTNOTE,,,*
240,ROI1,Col1,龙门石窟故事传说,
240,ROI1,Col1,出版社：中州书画社,
240,ROI1,Col1,改编：张若愚,
240,ROI1,Col1,绘画：段文斌等,
240,ROI1,Col1,82年12月1版2次64开,
240,ROI1,Col1,印数：10.03万定价：0.33元,
240,ROI1,Col1,市场交流价：,
240,ROI1,Col1,9品：10元,
240,ROI1,Col1,10品：20元,
240,ROI1,Col2,绿珠坠楼,
240,ROI1,Col2,出版社：河北人民,
240,ROI1,Col2,编文：路继贤,
240,ROI1,Col2,绘画：朱连威,
240,ROI1,Col2,84年8月1版1次64开,
240,ROI1,Col2,印数：28.7万定价：0.20元,
240,ROI1,Col2,市场交流价：,
240,ROI1,Col2,9品：10元,
240,ROI1,Col2,10品：15元,
240,ROI1,Col3,白马寺故事传说,
240,ROI1,Col3,出版社：河南人民,
240,ROI1,Col3,编文：张若愚等,
240,ROI1,Col3,绘画：苏西映,
240,ROI1,Col3,84年4月1版1次64开,
240,ROI1,Col3,印数：9.3万定价：0.20元,
240,ROI1,Col3,市场交流价：,
240,ROI1,Col3,9品：15元,
240,ROI1,Col3,10品：20元,
240,ROI1,Col4,柴荣治国,
240,ROI1,Col4,出版社：河南美术,
240,ROI1,Col4,编文：陈昌国,
240,ROI1,Col4,绘画：秦云海,
240,ROI1,Col4,85年2月1版1次64开,
240,ROI1,Col4,印数：9.18万定价：0.22元,
240,ROI1,Col4,市场交流价：,
240,ROI1,Col4,9品：10元,
240,ROI1,Col4,10品：20元,
240,ROI2,Col1,铁仙鹤救灾,
240,ROI2,Col1,出版社：河南美术,
240,ROI2,Col1,编文：邱德镜,
240,ROI2,Col1,绘画：杨再华,
240,ROI2,Col1,85年6月1版1次64开,
240,ROI2,Col1,印数：14.52万定价：0.17元,
240,ROI2,Col1,市场交流价：,
240,ROI2,Col1,9品：15元,
240,ROI2,Col1,10品：30元,
240,ROI2,Col2,秦穆公霸业,
240,ROI2,Col2,出版社：广西人民,
240,ROI2,Col2,编文：远祁,
240,ROI2,Col2,绘画：韦智仁闭克,
240,ROI2,Col2,84年1月1版1次64开,
240,ROI2,Col2,印数：7.15万定价：0.18元,
240,ROI2,Col3,黄帝战蚩尤,
240,ROI2,Col3,出版社：广西人民,
240,ROI2,Col3,编文：袁川,
240,ROI2,Col3,绘画：二龙文忠,
240,ROI2,Col3,82年12月1版1次64开,
240,ROI2,Col3,印数：14.28万定价：0.18元,
240,ROI2,Col4,金瓯缺,
240,ROI2,Col4,出版社：福建人民,
240,ROI2,Col4,改编：庄宏安,
240,ROI2,Col4,绘画：谌孝安庞先健等,
240,ROI2,Col4,85年2月1版1次64开,
240,ROI2,Col4,印数：29.68万定价：0.25元,
240,ROI2,Col4,市场交流价：,
240,ROI2,Col4,9品：15.00元（全套五册）,
240,ROI2,Col4,10品：25.00元,
240,FOOTNOTE,,,*
241,ROI1,Col1,挺进两湖,
241,ROI1,Col1,出版社：江苏人民,
241,ROI1,Col1,编文：刘文英,
241,ROI1,Col1,绘画：秀公等,
241,ROI1,Col1,78年9月1版1次64开,
241,ROI1,Col1,印数：未详定价：0.07元,
241,ROI1,Col2,碧血溅常州,
241,ROI1,Col2,出版社：江苏人民,
241,ROI1,Col2,编文：村晓,
241,ROI1,Col2,绘画：丁德邻张德俊,
241,ROI1,Col2,81年6月1版1次64开,
241,ROI1,Col2,印数：58万定价：0.13元,
241,ROI1,Col3,血溅大渡河,
241,ROI1,Col3,出版社：江苏人民,
241,ROI1,Col3,编文：李源,
241,ROI1,Col3,绘画：马建邦,
241,ROI1,Col3,83年11月1版1次64开,
241,ROI1,Col3,印数：20.4万定价：0.20元,
241,ROI1,Col4,姑苏丹心,
241,ROI1,Col4,出版社：江苏人民,
241,ROI1,Col4,编文：村晓,
241,ROI1,Col4,绘画：陆廷栋,
241,ROI1,Col4,81年1月1版1次64开,
241,ROI1,Col4,印数：14万定价：0.20元,
241,ROI2,Col1,陈玉成战六合,
241,ROI2,Col1,出版社：江苏人民,
241,ROI2,Col1,编文：陶和之等,
241,ROI2,Col1,绘画：范生福,
241,ROI2,Col1,81年1月1版1次64开,
241,ROI2,Col1,印数：15万定价：0.09元,
241,ROI2,Col2,建都天京,
241,ROI2,Col2,出版社：江苏人民,
241,ROI2,Col2,编文：村晓,
241,ROI2,Col2,绘画：陆廷栋,
241,ROI2,Col2,80年1月1版1次64开,
241,ROI2,Col2,印数：22万定价：0.12元,
241,ROI2,Col3,天京忠魂,
241,ROI2,Col3,出版社：江苏美术,
241,ROI2,Col3,编文：春笑,
241,ROI2,Col3,绘画：丁德邻,
241,ROI2,Col3,84年6月1版1次64开,
241,ROI2,Col3,印数：12.9万定价：0.25元,
241,ROI2,Col4,天京锄奸记,
241,ROI2,Col4,出版社：江苏人民,
241,ROI2,Col4,编文：郭存孝,
241,ROI2,Col4,绘画：陆廷栋,
241,ROI2,Col4,79年4月1版1次64开,
241,ROI2,Col4,印数：60万定价：0.13元,
241,FOOTNOTE,,,江苏版《太平天国故事》全套九册。市场交流，9品全套100元，全品220元。
241,FOOTNOTE,,,其中《血溅大渡河》《姑苏丹心》《建都天京》《天京忠魂》
241,FOOTNOTE,,,*
242,ROI1,Col1,血战九江,
242,ROI1,Col1,出版社：江苏人民,
242,ROI1,Col1,编文：顾宜林,
242,ROI1,Col1,绘画：魏鸿蕴,
242,ROI1,Col1,82年8月1版1次64开,
242,ROI1,Col1,印数：35.1万 定价0.15元,
242,ROI1,Col1,市场交流价：,
242,ROI1,Col1,9品：元,
242,ROI1,Col1,10品：元,
242,ROI1,Col2,中国古代科学家（上集）,
242,ROI1,Col2,出版社：上海人民美术,
242,ROI1,Col2,编文：李光羽等,
242,ROI1,Col2,绘画：颜梅华韩伍等,
242,ROI1,Col2,77年12月1版1次64开,
242,ROI1,Col2,印数：未详定价：0.17元,
242,ROI1,Col3,中国古代科学家（下集）,
242,ROI1,Col3,出版社：上海人民美术,
242,ROI1,Col3,编文：李光羽等,
242,ROI1,Col3,绘画：刘旦宅陈光镒等,
242,ROI1,Col3,77年12月1版1次64开,
242,ROI1,Col3,印数：未详定价：0.17元,
242,ROI1,Col3,市场交流价：,
242,ROI1,Col3,9品：30元（上下）,
242,ROI1,Col3,10品：80元,
242,ROI1,Col4,中国古代科学家（续集）,
242,ROI1,Col4,出版社：上海人民美术,
242,ROI1,Col4,改编：李光羽等,
242,ROI1,Col4,绘画：贺友直施大畏等,
242,ROI1,Col4,80年5月1版1次64开,
242,ROI1,Col4,印数：60万定价：0.16元,
242,ROI1,Col4,市场交流价：,
242,ROI1,Col4,9品：30元,
242,ROI1,Col4,10品：60元,
242,ROI2,Col1,三国故事（上中下）,
242,ROI2,Col1,出版社：河北美术,
242,ROI2,Col1,改编：雪岗,
242,ROI2,Col1,绘画：曾平张晓飞,
242,ROI2,Col1,83年12月1版1次64开,
242,ROI2,Col1,印数：15.8万定价：0.60元,
242,ROI2,Col1,市场交流价：,
242,ROI2,Col1,9品：40元,
242,ROI2,Col1,10品：60元,
242,ROI2,Col2,战国故事 （上中下）,
242,ROI2,Col2,出版社：河北美术,
242,ROI2,Col2,改编：王玉良等,
242,ROI2,Col2,绘画：刘汉宗等,
242,ROI2,Col2,83年1月1版1次64开,
242,ROI2,Col2,印数：17.9万定价：0.66元,
242,ROI2,Col2,市场交流价：,
242,ROI2,Col2,9品：40元,
242,ROI2,Col2,10品：60元,
242,ROI2,Col3,春秋故事(上中下),
242,ROI2,Col3,出版社：河北美术,
242,ROI2,Col3,改编：梁占山,
242,ROI2,Col3,绘画：季源业等,
242,ROI2,Col3,83年9月1版1次64开,
242,ROI2,Col3,印数：10.5万 定价：0.66元,
242,ROI2,Col3,市场交流价：,
242,ROI2,Col3,9品：40元,
242,ROI2,Col3,10品：60元,
242,ROI2,Col4,秦西汉故事（上中下）,
242,ROI2,Col4,出版社：河北美术,
242,ROI2,Col4,改编：张建辉,
242,ROI2,Col4,绘画：季源业等,
242,ROI2,Col4,83年12月1版1次64开,
242,ROI2,Col4,印数：13.3万定价：0.20元,
242,ROI2,Col4,市场交流价：,
242,ROI2,Col4,9品：元,
242,ROI2,Col4,10品：元,
242,FOOTNOTE,,,*
243,ROI1,Col1,鸿门宴,
243,ROI1,Col1,出版社：人民美术,
243,ROI1,Col1,改编：肖进,
243,ROI1,Col1,绘画：高适,
243,ROI1,Col1,84年3月1版1次64开,
243,ROI1,Col1,印数：44万定价：0.11元,
243,ROI1,Col1,市场交流价：,
243,ROI1,Col1,9品：8元,
243,ROI1,Col1,10品：15元,
243,ROI1,Col2,从大禹到夏桀,
243,ROI1,Col2,出版社：人民美术,
243,ROI1,Col2,改编：徐涂,
243,ROI1,Col2,绘画：戴仁,
243,ROI1,Col2,85年2月1版1次64开,
243,ROI1,Col2,印数：10万定价：0.25元,
243,ROI1,Col2,市场交流价：,
243,ROI1,Col2,9品：20元,
243,ROI1,Col2,10品：40元,
243,ROI1,Col3,楚霸王,
243,ROI1,Col3,出版社：人民美术,
243,ROI1,Col3,改编：许岱,
243,ROI1,Col3,绘画：周春才,
243,ROI1,Col3,84年10月1版1次64开,
243,ROI1,Col3,印数：19万定价：0.36元,
243,ROI1,Col3,市场交流价：,
243,ROI1,Col3,9品：20元,
243,ROI1,Col3,10品：40元,
243,ROI1,Col4,飞将军,
243,ROI1,Col4,出版社：人民美术,
243,ROI1,Col4,改编：张非,
243,ROI1,Col4,绘画：赵华胜,
243,ROI1,Col4,83年6月1版1次64开,
243,ROI1,Col4,印数：34万定价：0.09元,
243,ROI1,Col4,市场交流价：,
243,ROI1,Col4,9品：8元,
243,ROI1,Col4,10品：15元,
243,ROI2,Col1,陈胜吴广,
243,ROI2,Col1,出版社：人民美术,
243,ROI2,Col1,改编：石山,
243,ROI2,Col1,绘画：于大武,
243,ROI2,Col1,83年10月1版1次64开,
243,ROI2,Col1,印数：30万定价：0.12元,
243,ROI2,Col1,市场交流价：,
243,ROI2,Col1,9品：10元,
243,ROI2,Col1,10品：20元,
243,ROI2,Col2,文天祥,
243,ROI2,Col2,出版社：人民美术,
243,ROI2,Col2,改编：曼玲,
243,ROI2,Col2,绘画：孟庆江,
243,ROI2,Col2,84年12月1版1次64开,
243,ROI2,Col2,印数：15万定价：0.19元,
243,ROI2,Col2,市场交流价：,
243,ROI2,Col2,9品：10元,
243,ROI2,Col2,10品：20元,
243,ROI2,Col3,班超,
243,ROI2,Col3,出版社：人民美术,
243,ROI2,Col3,改编：杨兆祥等,
243,ROI2,Col3,绘画：杨文仁尹宇,
243,ROI2,Col3,83年12月1版1次64开,
243,ROI2,Col3,印数：17.2万定价：0.15元,
243,ROI2,Col3,市场交流价：,
243,ROI2,Col3,9品：10元,
243,ROI2,Col3,10品：20元,
243,ROI2,Col4,武王伐纣,
243,ROI2,Col4,出版社：人民美术,
243,ROI2,Col4,改编：张以英,
243,ROI2,Col4,绘画：桑麟康,
243,ROI2,Col4,83年2月1版1次64开,
243,ROI2,Col4,印数：19万定价：0.14元,
243,ROI2,Col4,市场交流价：,
243,ROI2,Col4,9品：8元,
243,ROI2,Col4,10品：15元,
243,FOOTNOTE,,,《中国历史故事》人美版，全套二十五册。其中《从大禹到夏桀》《楚霸王》《商朝的故事》较少见。
243,FOOTNOTE,,,*
243,FOOTNOTE,,,9
244,ROI1,Col1,夷陵之战,
244,ROI1,Col1,出版社：上海人民美术,
244,ROI1,Col1,编文：费成康,
244,ROI1,Col1,绘画：施大畏,
244,ROI1,Col1,78年8月1版1次60开,
244,ROI1,Col1,印数：未详定价：0.15元,
244,ROI1,Col1,市场交流价：,
244,ROI1,Col1,9品：15元,
244,ROI1,Col1,10品：30元,
244,ROI1,Col2,成皋之战,
244,ROI1,Col2,出版社：上海人民美术,
244,ROI1,Col2,编文：林林,
244,ROI1,Col2,绘画：瞿谷寒,
244,ROI1,Col2,80年2月1版1次60开,
244,ROI1,Col2,印数：90万定价：0.14元,
244,ROI1,Col2,市场交流价：,
244,ROI1,Col2,9品：15元,
244,ROI1,Col2,10品：30元,
244,ROI1,Col3,赤壁之战,
244,ROI1,Col3,出版社：上海人民美术,
244,ROI1,Col3,编文：浦增元等,
244,ROI1,Col3,绘画：徐正平凌涛,
244,ROI1,Col3,79年5月1版1次60开,
244,ROI1,Col3,印数：80万定价：0.14元,
244,ROI1,Col3,市场交流价：,
244,ROI1,Col3,9品：15元,
244,ROI1,Col3,10品：30元,
244,ROI1,Col4,淝水之战,
244,ROI1,Col4,出版社：上海人民美术,
244,ROI1,Col4,编改：黎文,
244,ROI1,Col4,绘画：邹越非,
244,ROI1,Col4,79年1月1版1次60开,
244,ROI1,Col4,印数：70万定价：0.13元,
244,ROI1,Col4,市场交流价：,
244,ROI1,Col4,9品：20元,
244,ROI1,Col4,10品：40元,
244,ROI2,Col1,官渡之战,
244,ROI2,Col1,出版社：上海人民美术,
244,ROI2,Col1,编文：费成康,
244,ROI2,Col1,绘画：贺友直徐纯中,
244,ROI2,Col1,80年3月1版1次60开,
244,ROI2,Col1,印数：90万定价：0.16元,
244,ROI2,Col1,市场交流价：,
244,ROI2,Col1,9品：20元,
244,ROI2,Col1,10品：40元,
244,ROI2,Col2,瓦岗军,
244,ROI2,Col2,出版社：江苏人民,
244,ROI2,Col2,改编：许祖良,
244,ROI2,Col2,绘画：秀公晓雁,
244,ROI2,Col2,77年11月1版1次64开,
244,ROI2,Col2,印数：未详定价：0.07元,
244,ROI2,Col2,市场交流价：,
244,ROI2,Col2,9品：15元,
244,ROI2,Col2,10品：25元,
244,ROI2,Col3,方腊传,
244,ROI2,Col3,出版社：江苏人民,
244,ROI2,Col3,编文：聂秀功等,
244,ROI2,Col3,绘画：聂秀功章茂连等,
244,ROI2,Col3,77年11月1版1次64开,
244,ROI2,Col3,印数：未详定价：0.12元,
244,ROI2,Col3,市场交流价：,
244,ROI2,Col3,9品：10元,
244,ROI2,Col3,10品：25元,
244,ROI2,Col4,李闯王,
244,ROI2,Col4,出版社：江苏人民,
244,ROI2,Col4,改编：章茂连,
244,ROI2,Col4,绘画：聂秀公,
244,ROI2,Col4,77年11月1版1次64开,
244,ROI2,Col4,印数：未详定价：0.10元,
244,ROI2,Col4,市场交流价：,
244,ROI2,Col4,9品：15元,
244,ROI2,Col4,10品：30元,
245,ROI1,Col1,水灌晋阳,
245,ROI1,Col1,出版社：上海人民美术,
245,ROI1,Col1,改编：王星北,
245,ROI1,Col1,绘画：李云德,
245,ROI1,Col1,83年10月2版3次64开,
245,ROI1,Col1,印数：21.3万定价：0.16元,
245,ROI1,Col1,市场交流价：,
245,ROI1,Col1,9品：40元,
245,ROI1,Col1,10品：70元,
245,ROI1,Col2,崔庆专权,
245,ROI1,Col2,出版社：上海人民美术,
245,ROI1,Col2,改编：潘勤孟,
245,ROI1,Col2,绘画：周申,
245,ROI1,Col2,83年3月1版1次64开,
245,ROI1,Col2,印数：14万定价：0.13元,
245,ROI1,Col2,市场交流价：,
245,ROI1,Col2,9品：40元,
245,ROI1,Col2,10品：60元,
245,ROI1,Col3,卧薪尝胆,
245,ROI1,Col3,出版社：上海人民美术,
245,ROI1,Col3,改编：董子畏,
245,ROI1,Col3,绘画：陆华,
245,ROI1,Col3,84年3月4版1次64开,
245,ROI1,Col3,印数：10.4万定价：0.15元,
245,ROI1,Col3,市场交流价：,
245,ROI1,Col3,9品：30元,
245,ROI1,Col3,10品：50元,
245,ROI1,Col4,勾践称霸,
245,ROI1,Col4,出版社：上海人民美术,
245,ROI1,Col4,改编：董子畏,
245,ROI1,Col4,绘画：陆华,
245,ROI1,Col4,84年1月1版1次64开,
245,ROI1,Col4,印数：11.4万定价：0.16元,
245,ROI1,Col4,市场交流价：,
245,ROI1,Col4,9品：30元,
245,ROI1,Col4,10品：60元,
245,ROI2,Col1,齐桓称霸,
245,ROI2,Col1,出版社：上海人民美术,
245,ROI2,Col1,改编：潘勤孟,
245,ROI2,Col1,绘画：黄全昌,
245,ROI2,Col1,83年5月1版1次64开,
245,ROI2,Col1,印数：14.3万定价：0.15元,
245,ROI2,Col1,市场交流价：,
245,ROI2,Col1,9品：20元,
245,ROI2,Col1,10品：35元,
245,ROI2,Col2,六国封相,
245,ROI2,Col2,出版社：上海人民美术,
245,ROI2,Col2,改编：胡雁,
245,ROI2,Col2,绘画：王立志,
245,ROI2,Col2,83年1月1版1次64开,
245,ROI2,Col2,印数：13.5万定价：0.15元,
245,ROI2,Col2,市场交流价：,
245,ROI2,Col2,9品：40元,
245,ROI2,Col2,10品：60元,
245,ROI2,Col3,2,
245,ROI2,Col3,陈胜王,
245,ROI2,Col3,出版社：上海人民美术,
245,ROI2,Col3,编文：林林,
245,ROI2,Col3,绘画：戴敦邦,
245,ROI2,Col3,83年3月2版5次60开,
245,ROI2,Col3,印数：31.2万定价：0.19元,
245,ROI2,Col4,指鹿为马,
245,ROI2,Col4,出版社：上海人民美术,
245,ROI2,Col4,编文：林林,
245,ROI2,Col4,绘画：马方路,
245,ROI2,Col4,83年4月2版7次60开,
245,ROI2,Col4,印数：41.8万定价：0.17元,
245,ROI2,Col4,市场交流价：,
245,ROI2,Col4,9品：150元（全套）,
245,ROI2,Col4,10品：250元,
245,FOOTNOTE,,,《东周列国故事》上美版，全套五十册。本书选登六种为缺本，其余极多，一般市场交流价在二元一册。
245,FOOTNOTE,,,*
245,FOOTNOTE,,,《西汉演义
245,FOOTNOTE,,,上羊版金套一
246,ROI1,Col1,智断合同文,
246,ROI1,Col1,出版社：中州书画社,
246,ROI1,Col1,编文：王亚东,
246,ROI1,Col1,绘画：诚琳,
246,ROI1,Col1,82年3月1版1次64开,
246,ROI1,Col1,印数：43.3万 定价：0.16元,
246,ROI1,Col1,市场交流价：,
246,ROI1,Col1,9品：5元,
246,ROI1,Col1,10品：10元,
246,ROI1,Col2,智斩鲁斋郎,
246,ROI1,Col2,出版社：河南人民,
246,ROI1,Col2,改编：庄宏安,
246,ROI1,Col2,绘画：杨杰,
246,ROI1,Col2,84年3月1版1次64开,
246,ROI1,Col2,印数：26.22万定价：0.16元,
246,ROI1,Col2,市场交流价：,
246,ROI1,Col2,9品：10元,
246,ROI1,Col2,10品：20元,
246,ROI1,Col3,灰阑记,
246,ROI1,Col3,出版社：河南人民,
246,ROI1,Col3,改编：甘礼乐,
246,ROI1,Col3,绘画：王群,
246,ROI1,Col3,84年3月1版1次64开,
246,ROI1,Col3,印数：25万定价：0.17元,
246,ROI1,Col3,市场交流价：,
246,ROI1,Col3,9品：5元,
246,ROI1,Col3,10品：10元,
246,ROI1,Col4,铡郭槐,
246,ROI1,Col4,出版社：中州书画社,
246,ROI1,Col4,编文：金阳平,
246,ROI1,Col4,绘画：刘斌昆张广力,
246,ROI1,Col4,82年10月1版1次64开,
246,ROI1,Col4,印数：30.2万定价：0.17元,
246,ROI1,Col4,市场交流价：,
246,ROI1,Col4,9品：10元,
246,ROI1,Col4,10品：20元,
246,ROI2,Col1,双钉冤,
246,ROI2,Col1,出版社：河南人民,
246,ROI2,Col1,改编：王亚东,
246,ROI2,Col1,绘画：桑国振马樯,
246,ROI2,Col1,84年5月1版1次64开,
246,ROI2,Col1,印数：37.28万定价：0.17元,
246,ROI2,Col1,市场交流价：,
246,ROI2,Col1,9品：5元,
246,ROI2,Col1,10品：10元,
246,ROI2,Col2,四漆屏案,
246,ROI2,Col2,出版社：上海人民美术,
246,ROI2,Col2,改编：易乙,
246,ROI2,Col2,绘画：叶雄汪洋等,
246,ROI2,Col2,91年1月1版1次64开,
246,ROI2,Col2,印数：未详定价5.55元,
246,ROI2,Col2,市场交流价：,
246,ROI2,Col2,9品：80元（全套）,
246,ROI2,Col2,10品：120元,
246,ROI2,Col3,两屈秦王,
246,ROI2,Col3,出版社：岭南美术,
246,ROI2,Col3,编文：宋扬,
246,ROI2,Col3,绘画：侯中曦,
246,ROI2,Col3,82年1月1版1次64开,
246,ROI2,Col3,印数：未详定价：0.17元,
246,ROI2,Col3,市场交流价：,
246,ROI2,Col3,9品：30元（全套）,
246,ROI2,Col3,10品：50元,
246,ROI2,Col4,说唐,
246,ROI2,Col4,出版社：湖南美术,
246,ROI2,Col4,改编：文昊,
246,ROI2,Col4,绘画：姜堃,
246,ROI2,Col4,83年6月1版2次64开,
246,ROI2,Col4,印数：42万定价：0.16元,
246,ROI2,Col4,市场交流价：,
246,ROI2,Col4,9品：20元（全六册）,
246,ROI2,Col4,10品：30元,
246,FOOTNOTE,,,《包公故事》河南版，全套十册。《智斩鲁斋郎》《铡郭槐》两种较少见。
246,FOOTNOTE,,,*
247,ROI1,Col1,纣王无道,
247,ROI1,Col1,出版社：浙江人民美术,
247,ROI1,Col1,改编：王益砾,
247,ROI1,Col1,绘画：戴敦邦谢春彦等,
247,ROI1,Col1,84年3月1版2次64开,
247,ROI1,Col1,印数：145万定价：0.21元,
247,ROI1,Col1,市场交流价：,
247,ROI1,Col1,9品：15元,
247,ROI1,Col1,10品：25元,
247,ROI1,Col2,飞虎反商归周,
247,ROI1,Col2,出版社：浙江人民美术,
247,ROI1,Col2,改编：王益砾,
247,ROI1,Col2,绘画：戴敦邦谢春彦等,
247,ROI1,Col2,84年1月1版2次64开,
247,ROI1,Col2,印数：145万定价：0.22元,
247,ROI1,Col2,市场交流价：,
247,ROI1,Col2,9品：15元,
247,ROI1,Col2,10品：25元,
247,ROI1,Col3,闻太师西征,
247,ROI1,Col3,出版社：浙江人民美术,
247,ROI1,Col3,改编：王益砾,
247,ROI1,Col3,绘画：谢春彦王中秀等,
247,ROI1,Col3,84年3月1版1次64开,
247,ROI1,Col3,印数：47万定价：0.18元,
247,ROI1,Col3,市场交流价：,
247,ROI1,Col3,9品：25元,
247,ROI1,Col3,10品：40元,
247,ROI1,Col4,纣师大败,
247,ROI1,Col4,出版社：浙江人民美术,
247,ROI1,Col4,改编：王益砾,
247,ROI1,Col4,绘画：谢春彦王中秀,
247,ROI1,Col4,84年3月1版1次64开,
247,ROI1,Col4,印数：47万定价：0.18元,
247,ROI1,Col4,市场交流价：,
247,ROI1,Col4,9品：30元,
247,ROI1,Col4,10品：50元,
247,ROI2,Col1,武王伐纣,
247,ROI2,Col1,出版社：浙江人民美术,
247,ROI2,Col1,改编：王益砾,
247,ROI2,Col1,绘画：谢春彦王中秀等,
247,ROI2,Col1,84年3月1版1次64开,
247,ROI2,Col1,印数：47万定价：0.17元,
247,ROI2,Col1,市场交流价：,
247,ROI2,Col1,9品：35元,
247,ROI2,Col1,10品：60元,
247,ROI2,Col2,灭商封神,
247,ROI2,Col2,出版社：浙江人民美术,
247,ROI2,Col2,改编：王益砾,
247,ROI2,Col2,绘画：谢春彦王中秀等,
247,ROI2,Col2,84年4月1版1次64开,
247,ROI2,Col2,印数：47万定价：0.16元,
247,ROI2,Col2,市场交流价：,
247,ROI2,Col2,9品：30元,
247,ROI2,Col2,10品：50元,
247,ROI2,Col3,哪吒出世,
247,ROI2,Col3,出版社：天津人民美术,
247,ROI2,Col3,改编：陈国英,
247,ROI2,Col3,绘画：刘振亭,
247,ROI2,Col3,82年3月1版1次64开,
247,ROI2,Col3,印数：143.3万定价：0.15元,
247,ROI2,Col3,市场交流价：,
247,ROI2,Col3,9品：5元,
247,ROI2,Col3,10品：10元,
247,ROI2,Col4,土行孙,
247,ROI2,Col4,出版社：天津人民美术,
247,ROI2,Col4,改编：励艺夫,
247,ROI2,Col4,绘画：马寒松,
247,ROI2,Col4,82年3月1版1次64开,
247,ROI2,Col4,印数：157.1万定价：0.18元,
247,ROI2,Col4,市场交流价：,
247,ROI2,Col4,9品：10元,
247,ROI2,Col4,10品：15元,
247,FOOTNOTE,,,《封神演义》浙江版，全套六册。后四册印量少。
247,FOOTNOTE,,,*
248,ROI1,Col1,杨戬除四魔,
248,ROI1,Col1,出版社：人民美术,
248,ROI1,Col1,改编：周老韧,
248,ROI1,Col1,绘画：赵隆义韩亚洲,
248,ROI1,Col1,85年8月1版1次64开,
248,ROI1,Col1,印数：40万,
248,ROI1,Col1,市场交流价：,
248,ROI1,Col1,9品：30元（全套十五册）,
248,ROI1,Col1,10品：60元,
248,ROI1,Col2,纣王宠妲己,
248,ROI1,Col2,出版社：人民美术,
248,ROI1,Col2,改编：紫辰,
248,ROI1,Col2,绘画：孟庆江,
248,ROI1,Col2,85年8月1版1次64开,
248,ROI1,Col2,印数：40万,
248,ROI1,Col3,计害皇后,
248,ROI1,Col3,出版社：江西人民,
248,ROI1,Col3,改编：云天,
248,ROI1,Col3,绘画：陈宁,
248,ROI1,Col3,81年8月1版1次64开,
248,ROI1,Col3,印数：50万定价：0.18元,
248,ROI1,Col3,市场交流价：,
248,ROI1,Col3,9品：40元（全套）,
248,ROI1,Col3,10品：50元,
248,ROI1,Col4,黄飞虎斗妖,
248,ROI1,Col4,出版社：少年儿童,
248,ROI1,Col4,改编：水登,
248,ROI1,Col4,绘画：庞先健,
248,ROI1,Col4,82年8月1版1次64开,
248,ROI1,Col4,印数：50.5万定价：0.09元,
248,ROI1,Col4,市场交流价：,
248,ROI1,Col4,9品：140元（全套）,
248,ROI1,Col4,10品：220元,
248,ROI2,Col1,群魔闹金山,
248,ROI2,Col1,出版社：四川美术,
248,ROI2,Col1,改编：牵牵,
248,ROI2,Col1,绘画：张大川,
248,ROI2,Col1,85年8月1版1次64开,
248,ROI2,Col1,印数：10万,
248,ROI2,Col1,市场交流价：,
248,ROI2,Col1,9品：60元（全套十二册）,
248,ROI2,Col1,10品：100元,
248,ROI2,Col2,追捕乾坤鼠,
248,ROI2,Col2,出版社：天津人民美术,
248,ROI2,Col2,改编：何强等,
248,ROI2,Col2,绘画：李正平董凤章,
248,ROI2,Col2,85年9月1版1次64开,
248,ROI2,Col2,印数：20万定价：0.30元,
248,ROI2,Col2,市场交流价：,
248,ROI2,Col2,9品：60元（全套十二册）,
248,ROI2,Col2,10品：80元,
248,ROI2,Col3,假帝君显圣,
248,ROI2,Col3,出版社：中国曲艺,
248,ROI2,Col3,改编：严岩,
248,ROI2,Col3,绘画：谢艺逸云,
248,ROI2,Col3,85年2月1版1次64开,
248,ROI2,Col3,印数：未详定价：0.26元,
248,ROI2,Col3,市场交流价：,
248,ROI2,Col3,9品：5元,
248,ROI2,Col3,10品：8元,
248,ROI2,Col4,商人谋国,
248,ROI2,Col4,出版社：辽宁美术,
248,ROI2,Col4,改编：祥文,
248,ROI2,Col4,绘画：张成思王弘力,
248,ROI2,Col4,83年4月1版1次64开,
248,ROI2,Col4,印数：29.9万定价：0.18元,
248,ROI2,Col4,市场交流价：,
248,ROI2,Col4,9品：220元（全套二十六册）,
248,ROI2,Col4,10品：320元,
248,FOOTNOTE,,,《封神榜人物故事》少儿版，全套十二册。其中《土行孙盗宝》最少见，《哪吒下山》次之。《土行孙盗宝》9品25元、全品40元。《哪咤
248,FOOTNOTE,,,*
249,ROI1,Col1,振臂一呼,
249,ROI1,Col1,出版社：上海人民美术,
249,ROI1,Col1,编文：杨兆林等,
249,ROI1,Col1,绘画：施大畏等,
249,ROI1,Col1,82年4月1版1次60开,
249,ROI1,Col1,印数：30万定价：0.16元,
249,ROI1,Col1,市场交流价：,
249,ROI1,Col1,9品：8元,
249,ROI1,Col1,10品：15元,
249,ROI1,Col2,礼贤下士,
249,ROI1,Col2,出版社：上海人民美术,
249,ROI1,Col2,编文：吴添汗等,
249,ROI1,Col2,绘画：陆华等,
249,ROI1,Col2,82年12月1版1次60开,
249,ROI1,Col2,印数：18万定价：0.18元,
249,ROI1,Col2,市场交流价：,
249,ROI1,Col2,9品：20元,
249,ROI1,Col2,10品：40元,
249,ROI1,Col3,黄袍加身,
249,ROI1,Col3,出版社：上海人民美术,
249,ROI1,Col3,编文：钱兴凤等,
249,ROI1,Col3,绘画：卢延光等,
249,ROI1,Col3,80年8月1版1次60开,
249,ROI1,Col3,印数：21万定价：0.17元,
249,ROI1,Col3,市场交流价：,
249,ROI1,Col3,9品：20元,
249,ROI1,Col3,10品：40元,
249,ROI1,Col4,卖剑买牛,
249,ROI1,Col4,出版社：上海人民美术,
249,ROI1,Col4,编文：钱兴凤,
249,ROI1,Col4,绘画：张新国等,
249,ROI1,Col4,82年11月1版1次60开,
249,ROI1,Col4,印数：21万定价：0.17元,
249,ROI1,Col4,市场交流价：,
249,ROI1,Col4,9品：15元,
249,ROI1,Col4,10品：25元,
249,ROI2,Col1,覆水难收,
249,ROI2,Col1,出版社：上海人民美术,
249,ROI2,Col1,编文：杨兆林,
249,ROI2,Col1,绘画：徐恒瑜等,
249,ROI2,Col1,83年2月1版1次60开,
249,ROI2,Col1,印数：17万定价：0.19元,
249,ROI2,Col1,市场交流价：,
249,ROI2,Col1,9品：25元,
249,ROI2,Col1,10品：35元,
249,ROI2,Col2,一饭千金,
249,ROI2,Col2,出版社：上海人民美术,
249,ROI2,Col2,编文：甘礼乐,
249,ROI2,Col2,绘画：杜滋龄等,
249,ROI2,Col2,83年2月1版1次60开,
249,ROI2,Col2,印数：17万定价：0.16元,
249,ROI2,Col2,市场交流价：,
249,ROI2,Col2,9品：20元,
249,ROI2,Col2,10品：35元,
249,ROI2,Col3,近水楼台,
249,ROI2,Col3,出版社：上海人民美术,
249,ROI2,Col3,编文：仓阳卿等,
249,ROI2,Col3,绘画：李世南等,
249,ROI2,Col3,83年3月1版1次60开,
249,ROI2,Col3,印数：13.8万定价：0.16元,
249,ROI2,Col3,市场交流价：,
249,ROI2,Col3,9品：30元,
249,ROI2,Col3,10品：50元,
249,ROI2,Col4,听人穿鼻,
249,ROI2,Col4,出版社：上海人民美术,
249,ROI2,Col4,编文：张晖等,
249,ROI2,Col4,绘画：谷安等,
249,ROI2,Col4,79年2月1版1次60开,
249,ROI2,Col4,印数：13.3万定价：0.17元,
249,ROI2,Col4,市场交流价：,
249,ROI2,Col4,9品：30元,
249,ROI2,Col4,10品：50元,
249,FOOTNOTE,,,*《中国成语故事》上美版。全套四十五册，印量先后逐渐减少。其中《近水楼台》、《听人穿鼻》两种最少。全套9品，600元、全品1000
249,FOOTNOTE,,,*
250,ROI1,Col1,中国诗歌故事(一),
250,ROI1,Col1,出版社：上海人民美术,
250,ROI1,Col1,编文：王国安,
250,ROI1,Col1,绘画：李世南等,
250,ROI1,Col1,81年7月1版1次64开,
250,ROI1,Col1,印数：38万定价：0.14元,
250,ROI1,Col1,市场交流价：,
250,ROI1,Col1,9品：8元,
250,ROI1,Col1,10品：15元,
250,ROI1,Col2,中国诗歌故事(七),
250,ROI1,Col2,出版社：上海人民美术,
250,ROI1,Col2,编文：王国安等,
250,ROI1,Col2,绘画：顾炳鑫等,
250,ROI1,Col2,83年11月1版1次64开,
250,ROI1,Col2,印数：8.1万定价：0.19元,
250,ROI1,Col2,市场交流价：,
250,ROI1,Col2,9品：15元,
250,ROI1,Col2,10品：30元,
250,ROI1,Col3,中国诗歌故事（九）,
250,ROI1,Col3,出版社：上海人民美术,
250,ROI1,Col3,编文：仓阳卿等,
250,ROI1,Col3,绘画：贾德江等,
250,ROI1,Col3,84年8月1版1次64开,
250,ROI1,Col3,印数：8万定价：0.24元,
250,ROI1,Col3,市场交流价：,
250,ROI1,Col3,9品：15元,
250,ROI1,Col3,10品：30元,
250,ROI1,Col4,中国诗歌故事（十四）,
250,ROI1,Col4,出版社：上海人民美术,
250,ROI1,Col4,编文：仓阳卿等,
250,ROI1,Col4,绘画：李世南等,
250,ROI1,Col4,85年5月1版1次64开,
250,ROI1,Col4,印数：3.9万定价：0.40元,
250,ROI1,Col4,市场交流价：,
250,ROI1,Col4,9品：30元,
250,ROI1,Col4,10品：50元,
250,ROI2,Col1,中国成语寓言故事,
250,ROI2,Col1,出版社：陕西人民美术,
250,ROI2,Col1,编文：邹洪根,
250,ROI2,Col1,绘画：高民生施大畏等,
250,ROI2,Col1,80年8月1版1次64开,
250,ROI2,Col1,印数：8万定价：0.38元,
250,ROI2,Col1,市场交流价：,
250,ROI2,Col1,9品：元,
250,ROI2,Col1,10品：元,
250,ROI2,Col2,梦中求官,
250,ROI2,Col2,出版社：上海人民美术,
250,ROI2,Col2,改编：潘礼训,
250,ROI2,Col2,绘画：林伟成等,
250,ROI2,Col2,88年8月1版1次64开,
250,ROI2,Col2,印数：6.53万定价：0.47元,
250,ROI2,Col2,市场交流价：,
250,ROI2,Col2,9品：40元,
250,ROI2,Col2,10品：60元,
250,ROI2,Col3,古代笑话 (之六),
250,ROI2,Col3,出版社：安徽人民,
250,ROI2,Col3,编文：张文忠王林,
250,ROI2,Col3,绘画：王新伦张瓒明等,
250,ROI2,Col3,84年6月1版1次64开,
250,ROI2,Col3,印数：28万定价：0.19元,
250,ROI2,Col3,市场交流价：,
250,ROI2,Col3,9品：5元,
250,ROI2,Col3,10品：10元,
250,ROI2,Col4,笑画 (之三),
250,ROI2,Col4,出版社：广东人民,
250,ROI2,Col4,编文：艾鸣黄永东等,
250,ROI2,Col4,绘画：林墉陈树斌等,
250,ROI2,Col4,80年5月1版1次64开,
250,ROI2,Col4,印数：未详定价：0.12元,
250,ROI2,Col4,市场交流价：,
250,ROI2,Col4,9品：150元（全套）,
250,ROI2,Col4,10品：220元,
250,FOOTNOTE,,,《中国诗歌故事》上美版。全套十四册，第一、二册较多。第十四分册最少见。全套市场交流价，9品，250元，全品500元。
250,FOOTNOTE,,,*
250,FOOTNOTE,,,*
250,FOOTNOTE,,,最后三分册
250,FOOTNOTE,,,坚64开本
250,FOOTNOTE,,,《笑话》岭南版
250,FOOTNOTE,,,全套十二册
251,ROI1,Col1,特殊身份的警官,
251,ROI1,Col1,出版社：福建人民,
251,ROI1,Col1,改编：由尹佳,
251,ROI1,Col1,绘画：仁康重义等,
251,ROI1,Col1,84年6月1版1次64开,
251,ROI1,Col1,印数：16.646万,
251,ROI1,Col1,市场交流价：,
251,ROI1,Col1,9品：25元（全套三册）,
251,ROI1,Col1,10品：40元,
251,ROI1,Col2,特派员虎口脱险,
251,ROI1,Col2,出版社：黑龙江人民,
251,ROI1,Col2,改编：王荣辉,
251,ROI1,Col2,绘画：崔君沛于业广,
251,ROI1,Col2,84年3月1版1次64开,
251,ROI1,Col2,印数：28.1万定价：0.22元,
251,ROI1,Col2,市场交流价：,
251,ROI1,Col2,9品：5元,
251,ROI1,Col2,10品：8元,
251,ROI1,Col3,特殊身份的警官,
251,ROI1,Col3,出版社：湖南美术,
251,ROI1,Col3,编文：姚自豪毛一昌,
251,ROI1,Col3,绘画：斐向春,
251,ROI1,Col3,83年2月1版1次64开,
251,ROI1,Col3,印数：50万,
251,ROI1,Col3,市场交流价：,
251,ROI1,Col3,9品：20元（全套三册）,
251,ROI1,Col3,10品：30元,
251,ROI1,Col4,特殊身份的警官,
251,ROI1,Col4,出版社：少年儿童,
251,ROI1,Col4,编文：张斌,
251,ROI1,Col4,绘画：谌孝安,
251,ROI1,Col4,82年12月1版1次64开,
251,ROI1,Col4,印数：70.5万定价：0.15元,
251,ROI1,Col4,市场交流价：,
251,ROI1,Col4,9品：8元,
251,ROI1,Col4,10品：15元,
251,ROI2,Col1,特殊巡官,
251,ROI2,Col1,出版社：吉林人民,
251,ROI2,Col1,编文：张艾莉,
251,ROI2,Col1,绘画：钱生发古寅,
251,ROI2,Col1,83年5月1版2次64开,
251,ROI2,Col1,印数：63.209万,
251,ROI2,Col1,市场交流价：,
251,ROI2,Col1,9品：40元（全套六册）,
251,ROI2,Col1,10品：60元,
251,ROI2,Col2,特殊的巡长,
251,ROI2,Col2,出版社：江苏人民,
251,ROI2,Col2,编文：毛亮英,
251,ROI2,Col2,绘画：丁德邻,
251,ROI2,Col2,83年1月1版1次64开,
251,ROI2,Col2,印数：27万定价：0.27元,
251,ROI2,Col2,市场交流价：,
251,ROI2,Col2,9品：10元,
251,ROI2,Col2,10品：20元,
251,ROI2,Col3,特殊身份的警官,
251,ROI2,Col3,出版社：岭南美术,
251,ROI2,Col3,改编：杨鹏南,
251,ROI2,Col3,绘画：崔海邓枚,
251,ROI2,Col3,84年6月1版1次64开,
251,ROI2,Col3,印数：10万定价：0.27元,
251,ROI2,Col3,市场交流价：,
251,ROI2,Col3,9品：8元,
251,ROI2,Col3,10品：15元,
251,ROI2,Col4,特殊身份的警官,
251,ROI2,Col4,出版社：天津人民美术,
251,ROI2,Col4,编文：薛炎文,
251,ROI2,Col4,绘画：杨于复,
251,ROI2,Col4,83年3月1版1次64开,
251,ROI2,Col4,印数：24万定价：0.64元,
251,ROI2,Col4,市场交流价：,
251,ROI2,Col4,9品：30元（全四册）,
251,ROI2,Col4,10品：45元,
252,ROI1,Col1,特殊的战场,
252,ROI1,Col1,出版社：人民美术,
252,ROI1,Col1,编文：王海燕,
252,ROI1,Col1,绘画：罗希贤,
252,ROI1,Col1,85年3月1版1次64开,
252,ROI1,Col1,印数：26万定价：0.44元,
252,ROI1,Col1,市场交流价：,
252,ROI1,Col1,9品：8元,
252,ROI1,Col1,10品：20元,
252,ROI1,Col2,农奴戟（一）,
252,ROI1,Col2,出版社：天津人民美术,
252,ROI1,Col2,编文：钟令定兴,
252,ROI1,Col2,绘画：赵兵凯张安武等,
252,ROI1,Col2,78年5月1版1次64开,
252,ROI1,Col2,印数：未详定价：0.16元,
252,ROI1,Col2,市场交流价：,
252,ROI1,Col2,9品：10元,
252,ROI1,Col2,10品：20元,
252,ROI1,Col3,农奴戟（二）,
252,ROI1,Col3,出版社：天津人民美术,
252,ROI1,Col3,改编：钟龄定 兴,
252,ROI1,Col3,绘画：赵兵凯张安武等,
252,ROI1,Col3,78年9月1版1次64开,
252,ROI1,Col3,印数：未详定价：0.17元,
252,ROI1,Col3,市场交流价：,
252,ROI1,Col3,9品：20元,
252,ROI1,Col3,10品：30元,
252,ROI1,Col4,农奴戟（三）,
252,ROI1,Col4,出版社：天津人民美术,
252,ROI1,Col4,编文：钟龄定兴,
252,ROI1,Col4,绘画：赵兵凯张安武等,
252,ROI1,Col4,79年6月1版1次64开,
252,ROI1,Col4,印数：10万定价：0.17元,
252,ROI1,Col4,市场交流价：,
252,ROI1,Col4,9品：30元,
252,ROI1,Col4,10品：50元,
252,ROI2,Col1,北山英烈传,
252,ROI2,Col1,出版社：岭南美术,
252,ROI2,Col1,改编：刘抒,
252,ROI2,Col1,绘画：周时等,
252,ROI2,Col1,84年6月1版1次64开,
252,ROI2,Col1,印数：93.2万定价：0.27元,
252,ROI2,Col1,市场交流价：,
252,ROI2,Col1,9品：8元,
252,ROI2,Col1,10品：15元,
252,ROI2,Col2,水勇英烈传,
252,ROI2,Col2,出版社：岭南美术,
252,ROI2,Col2,改编：袁润澄,
252,ROI2,Col2,绘画：赖征云,
252,ROI2,Col2,83年8月1版1次64开,
252,ROI2,Col2,印数：31.8万定价：0.28元,
252,ROI2,Col2,市场交流价：,
252,ROI2,Col2,9品：10元,
252,ROI2,Col2,10品：20元,
252,ROI2,Col3,五指山传奇,
252,ROI2,Col3,出版社：岭南美术,
252,ROI2,Col3,改编：吴之,
252,ROI2,Col3,绘画：蔡仰颜蔡枫,
252,ROI2,Col3,84年6月1版1次64开,
252,ROI2,Col3,印数：48.26万定价：0.27元,
252,ROI2,Col3,市场交流价：,
252,ROI2,Col3,9品：8元,
252,ROI2,Col3,10品：15元,
252,ROI2,Col4,双枪女将,
252,ROI2,Col4,出版社：岭南美术,
252,ROI2,Col4,改编：林书鉴,
252,ROI2,Col4,绘画：侯中曦李洁华,
252,ROI2,Col4,83年10月1版1次64开,
252,ROI2,Col4,印数：117万定价：0.26元,
252,ROI2,Col4,市场交流价：,
252,ROI2,Col4,9品：5元,
252,ROI2,Col4,10品：10元,
253,ROI1,Col1,智歼“中山狼”,
253,ROI1,Col1,出版社：吉林人民,
253,ROI1,Col1,编文：曲延钧,
253,ROI1,Col1,绘画：郑凯军,
253,ROI1,Col1,85年4月1版1次64开,
253,ROI1,Col1,印数：7.94万定价：0.34元,
253,ROI1,Col2,解放古城,
253,ROI1,Col2,出版社：吉林人民,
253,ROI1,Col2,编文：曲延钧,
253,ROI1,Col2,绘画：郑凯军,
253,ROI1,Col2,85年4月1版1次64开,
253,ROI1,Col2,印数：32.5万定价：0.34元,
253,ROI1,Col2,市场交流价：,
253,ROI1,Col2,9品：60元（全套四册）,
253,ROI1,Col2,10品：100元,
253,ROI1,Col3,战斗在九938.2高地,
253,ROI1,Col3,出版社：辽宁美术,
253,ROI1,Col3,编文：嘉迅,
253,ROI1,Col3,绘画：刘铁泉,
253,ROI1,Col3,84年8月1版1次60开,
253,ROI1,Col3,印数：66.4万定价：0.15元,
253,ROI1,Col3,市场交流价：,
253,ROI1,Col3,9品：8元,
253,ROI1,Col3,10品：15元,
253,ROI1,Col4,轿岩山上的红旗,
253,ROI1,Col4,出版社：辽宁美术,
253,ROI1,Col4,改编：邢国兴,
253,ROI1,Col4,绘画：高向阳,
253,ROI1,Col4,84年8月1版1次64开,
253,ROI1,Col4,印数：46.8万 定价：0.15元,
253,ROI1,Col4,市场交流价：,
253,ROI1,Col4,9品：8元,
253,ROI1,Col4,10品：15元,
253,ROI2,Col1,奇袭乌龙镇,
253,ROI2,Col1,出版社：甘肃人民,
253,ROI2,Col1,改编：安可君,
253,ROI2,Col1,绘画：陈知新孟庆江,
253,ROI2,Col1,84年7月1版1次64开,
253,ROI2,Col1,印数：48.9万定价：0.15元,
253,ROI2,Col1,市场交流价：,
253,ROI2,Col1,9品：40元（全套六册）,
253,ROI2,Col1,10品：60元,
253,ROI2,Col2,奇袭乌龙镇,
253,ROI2,Col2,出版社：黑龙江美术,
253,ROI2,Col2,改编：沈沫,
253,ROI2,Col2,绘画：王威王恒东,
253,ROI2,Col2,85年11月1版1次64开,
253,ROI2,Col2,印数：3.8万定价：0.38元,
253,ROI2,Col2,市场交流价：,
253,ROI2,Col2,9品：30元（全套三册）,
253,ROI2,Col2,10品：50元,
253,ROI2,Col3,乱世风云,
253,ROI2,Col3,出版社：湖北美术,
253,ROI2,Col3,改编：赵祥汉,
253,ROI2,Col3,绘画：查加伍,
253,ROI2,Col3,89年4月1版1次64开,
253,ROI2,Col3,印数：4.5万,
253,ROI2,Col3,市场交流价：,
253,ROI2,Col3,9品：60元（全套六册）,
253,ROI2,Col3,10品：100元,
253,ROI2,Col4,昨天的战争,
253,ROI2,Col4,出版社：辽宁美术,
253,ROI2,Col4,改编：刘维仁,
253,ROI2,Col4,绘画：王晋泰,
253,ROI2,Col4,82年8月1版1次64开,
253,ROI2,Col4,印数：16.2万定价：0.24元,
253,ROI2,Col4,市场交流价：,
253,ROI2,Col4,9品：20元（全套三册）,
253,ROI2,Col4,10品：30元,
253,FOOTNOTE,,,《古城游击队》全套四册，三、四分册少见，尤以第三册为全套之筋。
253,FOOTNOTE,,,*
254,ROI1,Col1,智破桃园堡,
254,ROI1,Col1,出版社：岭南美术,
254,ROI1,Col1,改编：谭勋王帆,
254,ROI1,Col1,绘画：区本泉黄穗中,
254,ROI1,Col1,84年4月1版2次64开,
254,ROI1,Col1,印数：116.8万定价：0.25元,
254,ROI1,Col1,市场交流价：,
254,ROI1,Col1,9品：10元,
254,ROI1,Col1,10品：20元,
254,ROI1,Col2,攻打那横山,
254,ROI1,Col2,出版社：岭南美术,
254,ROI1,Col2,改编：王帆荣一得等,
254,ROI1,Col2,绘画：洪斯文区本泉等,
254,ROI1,Col2,84年5月1版2次64开,
254,ROI1,Col2,印数：73万定价：0.24元,
254,ROI1,Col2,市场交流价：,
254,ROI1,Col2,9品：10元,
254,ROI1,Col2,10品：25元,
254,ROI1,Col3,反正前后,
254,ROI1,Col3,出版社：江苏人民,
254,ROI1,Col3,改编：荀修翰,
254,ROI1,Col3,绘画：钱生发罗希贤,
254,ROI1,Col3,82年9月1版1次64开,
254,ROI1,Col3,印数：12万定价：0.17元,
254,ROI1,Col4,革命春秋,
254,ROI1,Col4,出版社：江苏美术,
254,ROI1,Col4,改编：荀修翰,
254,ROI1,Col4,绘画：钱生发叶 雄,
254,ROI1,Col4,85年5月1版1次64开,
254,ROI1,Col4,印数：5.96万定价：0.32元,
254,ROI1,Col4,市场交流价：,
254,ROI1,Col4,9品：80元（全套）,
254,ROI1,Col4,10品：150元,
254,ROI2,Col1,大刀记（五）,
254,ROI2,Col1,出版社：辽宁美术,
254,ROI2,Col1,改编：褚明灿黄岭,
254,ROI2,Col1,绘画：陈永远,
254,ROI2,Col1,81年10月1版1次64开,
254,ROI2,Col1,印数：76万定价：0.90元,
254,ROI2,Col1,市场交流价：,
254,ROI2,Col1,9品：40元（全套五册）,
254,ROI2,Col1,10品：60元,
254,ROI2,Col2,野火春风斗古城（上）,
254,ROI2,Col2,出版社：河北美格,
254,ROI2,Col2,改编：戈兵,
254,ROI2,Col2,绘画：马廷奎马铭,
254,ROI2,Col2,81年6月1版1次64开,
254,ROI2,Col2,印数：61万定价：0.44元,
254,ROI2,Col2,市场交流价：,
254,ROI2,Col2,9品：20元（全套二册）,
254,ROI2,Col2,10品：30元,
254,ROI2,Col3,曹州大捷,
254,ROI2,Col3,出版社：安徽人民,
254,ROI2,Col3,改编：戚宏王正,
254,ROI2,Col3,绘画：陈光华,
254,ROI2,Col3,83年12月1版1次64开,
254,ROI2,Col3,印数：40.8万定价：0.15元,
254,ROI2,Col4,遵王殒阵,
254,ROI2,Col4,出版社：安徽人民,
254,ROI2,Col4,改编：戚宏王正,
254,ROI2,Col4,绘画：陈光华王家龄,
254,ROI2,Col4,83年11月1版1次64开,
254,ROI2,Col4,印数：40.8万定价：0.15元,
254,ROI2,Col4,市场交流价：,
254,ROI2,Col4,9品：40元（全套五册）,
254,ROI2,Col4,10品：60元,
254,FOOTNOTE,,,*
255,ROI1,Col1,夜幕下的哈尔滨（上）,
255,ROI1,Col1,出版社：浙江少年儿童,
255,ROI1,Col1,改编：士心,
255,ROI1,Col1,绘画：陈云华等,
255,ROI1,Col1,85年6月1版1次64开,
255,ROI1,Col1,印数：13.4万定价：0.39元,
255,ROI1,Col2,夜幕下的哈尔滨（下）,
255,ROI1,Col2,出版社：浙江少年儿童,
255,ROI1,Col2,改编：士心,
255,ROI1,Col2,绘画：王重圭等,
255,ROI1,Col2,85年6月1版1次64开,
255,ROI1,Col2,印数：13.4万定价：0.39元,
255,ROI1,Col2,市场交流价：,
255,ROI1,Col2,9品：20元（全套）,
255,ROI1,Col2,10品：30元,
255,ROI1,Col3,夜幕下的哈尔滨,
255,ROI1,Col3,出版社：天津人民美术,
255,ROI1,Col3,改编：方为,
255,ROI1,Col3,绘画：百石卜慧华等,
255,ROI1,Col3,85年6月1版1次64开,
255,ROI1,Col3,印数：57.9万定价：1.80元,
255,ROI1,Col3,市场交流价：,
255,ROI1,Col3,9品：20元（全六册）,
255,ROI1,Col3,10品：30元,
255,ROI1,Col4,夜幕下的哈尔滨（上）,
255,ROI1,Col4,出版社：辽宁美术,
255,ROI1,Col4,改编：祥文,
255,ROI1,Col4,绘画：辛宽良 王百顺,
255,ROI1,Col4,85年1月1版1次64开,
255,ROI1,Col4,印数：51.2万定价：0.81元,
255,ROI1,Col4,市场交流价：,
255,ROI1,Col4,9品：30元（全套）,
255,ROI1,Col4,10品：45元,
255,ROI2,Col1,夜幕下的哈尔滨（上）,
255,ROI2,Col1,出版社：湖南美术,
255,ROI2,Col1,改编：刘书军,
255,ROI2,Col1,绘画：刘如凯,
255,ROI2,Col1,85年4月1版1次64开,
255,ROI2,Col1,印数：33万定价：0.54元,
255,ROI2,Col1,市场交流价：,
255,ROI2,Col1,9品：20元（全二册）,
255,ROI2,Col1,10品：30元,
255,ROI2,Col2,夜幕下的哈尔滨,
255,ROI2,Col2,出版社：黑龙江美术,
255,ROI2,Col2,改编：唐风宽,
255,ROI2,Col2,绘画：孙恰明 翁家澎,
255,ROI2,Col2,84年8月1版1次64开,
255,ROI2,Col2,印数：68.1万,
255,ROI2,Col2,市场交流价：,
255,ROI2,Col2,9品：30元（全套）,
255,ROI2,Col2,10品：40元,
255,ROI2,Col3,新儿女英雄传（下）,
255,ROI2,Col3,X,
255,ROI2,Col3,出版社：辽宁美术,
255,ROI2,Col3,改编：于凡,
255,ROI2,Col3,绘画：翟万英,
255,ROI2,Col3,82年8月1版1次64开,
255,ROI2,Col3,印数：80万定价：0.74元,
255,ROI2,Col3,市场交流价：,
255,ROI2,Col3,9品：20元（全二册）,
255,ROI2,Col3,10品：30元,
255,ROI2,Col4,新儿女英雄传（下）,
255,ROI2,Col4,出版社：天津人民美术,
255,ROI2,Col4,改编：毛志毅,
255,ROI2,Col4,绘画：赵兵凯赵千红,
255,ROI2,Col4,82年11月1版1次64开,
255,ROI2,Col4,印数：23.1万定价：0.30元,
255,ROI2,Col4,市场交流价：,
255,ROI2,Col4,9品：25元（全二册）,
255,ROI2,Col4,10品：40元,
256,ROI1,Col1,冲破封锁线,
256,ROI1,Col1,出版社：天津人民美术,
256,ROI1,Col1,改编：震钦世春,
256,ROI1,Col1,绘画：季源业季津业,
256,ROI1,Col1,84年4月1版1次64开,
256,ROI1,Col1,印数：72万定价：0.19元,
256,ROI1,Col2,血战八大集,
256,ROI1,Col2,出版社：天津人民美术,
256,ROI1,Col2,改编：震钦世 春,
256,ROI1,Col2,绘画：季源业季津业,
256,ROI1,Col2,84年3月1版1次64开,
256,ROI1,Col2,印数：72万定价：0.16元,
256,ROI1,Col3,智斗桃花岛,
256,ROI1,Col3,出版社：天津人民美术,
256,ROI1,Col3,改编：震钦世春,
256,ROI1,Col3,绘画：季源业季津业,
256,ROI1,Col3,84年9月1版1次64开,
256,ROI1,Col3,印数：47万定价：0.32元,
256,ROI1,Col3,市场交流价：,
256,ROI1,Col3,9品：30元（全套三册）,
256,ROI1,Col3,10品：50元,
256,ROI1,Col4,海湾风暴（上下）,
256,ROI1,Col4,出版社：云南人民,
256,ROI1,Col4,改编：浅草,
256,ROI1,Col4,绘画：雷似祖 雷宪祖,
256,ROI1,Col4,85年10月1版1次64开,
256,ROI1,Col4,印数：1.5万定价：0.72元,
256,ROI1,Col4,市场交流价：,
256,ROI1,Col4,9品：25元,
256,ROI1,Col4,10品：35元,
256,ROI2,Col1,黑店遇海匪,
256,ROI2,Col1,出版社：陕西人民,
256,ROI2,Col1,改编：贺惠群董为民,
256,ROI2,Col1,绘画：贺惠群,
256,ROI2,Col1,85年5月1版1次64开,
256,ROI2,Col1,印数：35.3万定价：0.34元,
256,ROI2,Col2,诱敌入草滩,
256,ROI2,Col2,出版社：陕西人民美术,
256,ROI2,Col2,改编：贺惠群董为民,
256,ROI2,Col2,绘画：贺惠群,
256,ROI2,Col2,85年1月1版1次64开,
256,ROI2,Col2,印数：35.3万定价：0.34元,
256,ROI2,Col2,市场交流价：,
256,ROI2,Col2,9品：25元（全二册）,
256,ROI2,Col2,10品：40元,
256,ROI2,Col3,血染桃花岛,
256,ROI2,Col3,出版社：人民美术,
256,ROI2,Col3,编文：许岱招明,
256,ROI2,Col3,绘画：侯德剑等,
256,ROI2,Col3,85年6月1版1次64开,
256,ROI2,Col3,印数：4万定价：0.37元,
256,ROI2,Col3,市场交流价：,
256,ROI2,Col3,9品：40元（全三册）,
256,ROI2,Col3,10品：70元,
256,ROI2,Col4,海啸,
256,ROI2,Col4,出版社：浙江人民美术,
256,ROI2,Col4,改编：谷达,
256,ROI2,Col4,绘画：张卫民,
256,ROI2,Col4,84年12月1版1次64开,
256,ROI2,Col4,印数：34万定价：0.39元,
256,ROI2,Col4,市场交流价：,
256,ROI2,Col4,9品：25元,
256,ROI2,Col4,10品：40元,
256,FOOTNOTE,,,.
257,ROI1,Col1,孤胆英雄,
257,ROI1,Col1,出版社：黑龙江美术,
257,ROI1,Col1,改编：曾昭仁,
257,ROI1,Col1,绘画：陈有吉,
257,ROI1,Col1,85年2月1版1次64开,
257,ROI1,Col1,印数：10.1万定价：0.28元,
257,ROI1,Col2,巧布迷阵,
257,ROI1,Col2,出版社：黑龙江美术,
257,ROI1,Col2,改编：杜春雷,
257,ROI1,Col2,绘画：乔长义孙福林,
257,ROI1,Col2,84年5月1版1次64开,
257,ROI1,Col2,印数：27.35万定价：0.25元,
257,ROI1,Col3,肖飞买药,
257,ROI1,Col3,出版社：黑龙江人民,
257,ROI1,Col3,改编：刘梦山,
257,ROI1,Col3,绘画：于凤超,
257,ROI1,Col3,84年7月1版1次64开,
257,ROI1,Col3,印数：59.8万定价：0.26元,
257,ROI1,Col4,闪战歼敌,
257,ROI1,Col4,出版社：黑龙江美术,
257,ROI1,Col4,改编：王吉厚赵永森,
257,ROI1,Col4,绘画：孙明,
257,ROI1,Col4,84年7月1版1次64开,
257,ROI1,Col4,印数：61万定价：0.26元,
257,ROI1,Col4,市场交流价：,
257,ROI1,Col4,9品：90元（全套）,
257,ROI1,Col4,10品：150元,
257,ROI2,Col1,烈火金钢,
257,ROI2,Col1,出版社：天津人民美术,
257,ROI2,Col1,改编：益文,
257,ROI2,Col1,绘画：刘建平尚金声,
257,ROI2,Col1,84年7月1版1次64开,
257,ROI2,Col1,印数：51万定价：0.19元,
257,ROI2,Col1,市场交流价：,
257,ROI2,Col1,9品：60元（全套）,
257,ROI2,Col1,10品：120元,
257,ROI2,Col2,烈火金钢,
257,ROI2,Col2,出版社：河北美术,
257,ROI2,Col2,改编：竹石,
257,ROI2,Col2,绘画：马廷奎马铭,
257,ROI2,Col2,84年12月1版1次64开,
257,ROI2,Col2,印数：23.5万定价：0.27元,
257,ROI2,Col2,市场交流价：,
257,ROI2,Col2,9品：25元（全套）,
257,ROI2,Col2,10品：40元,
257,ROI2,Col3,烈火金钢,
257,ROI2,Col3,出版社：辽宁美术,
257,ROI2,Col3,改编：戴英,
257,ROI2,Col3,绘画：李永志,
257,ROI2,Col3,84年4月1版1次64开,
257,ROI2,Col3,印数：89.85万定价：0.26元,
257,ROI2,Col3,市场交流价：,
257,ROI2,Col3,9品：20元（全套）,
257,ROI2,Col3,10品：30元,
257,ROI2,Col4,烈火金钢,
257,ROI2,Col4,出版社：浙江人民美术,
257,ROI2,Col4,改编：沈彤,
257,ROI2,Col4,绘画：曾成金,
257,ROI2,Col4,84年4月1版1次64开,
257,ROI2,Col4,印数：62万定价：0.28元,
257,ROI2,Col4,市场交流价：,
257,ROI2,Col4,9品：15元,
257,ROI2,Col4,10品：25元,
257,FOOTNOTE,,,《烈火金刚》黑龙江版，全套七册。天津版全套五册。河北版，全套四册。辽宁版，全套三册。
257,FOOTNOTE,,,*
258,ROI1,Col1,林海雪原（中）,
258,ROI1,Col1,出版社：辽宁美术,
258,ROI1,Col1,改编：南原,
258,ROI1,Col1,绘画：赵明钧,
258,ROI1,Col1,84年7月1版2次64开,
258,ROI1,Col1,印数：79万定价：0.28元,
258,ROI1,Col1,市场交流价：,
258,ROI1,Col1,9品：40元（全三册）,
258,ROI1,Col1,10品：60元,
258,ROI1,Col2,林海雪原（二）,
258,ROI1,Col2,出版社：上海人民美术,
258,ROI1,Col2,改编：王星北,
258,ROI1,Col2,绘画：罗兴王亦秋,
258,ROI1,Col2,78年3月2版1次60开,
258,ROI1,Col2,印数：未详定价：0.13元,
258,ROI1,Col2,市场交流价：,
258,ROI1,Col2,9品：40元（全五册）,
258,ROI1,Col2,10品：100元,
258,ROI1,Col3,铁道游击队（二）,
258,ROI1,Col3,出版社：上海人民美术,
258,ROI1,Col3,改编：董子畏,
258,ROI1,Col3,绘画：丁斌曾韩和平,
258,ROI1,Col3,78年2月2版1次60开,
258,ROI1,Col3,印数：未详定价：0.17元,
258,ROI1,Col3,市场交流价：,
258,ROI1,Col3,9品：90元（全十册）,
258,ROI1,Col3,10品：200元,
258,ROI1,Col4,潜龙风云(一）,
258,ROI1,Col4,出版社：吉林美术,
258,ROI1,Col4,编文：王恩国,
258,ROI1,Col4,绘画：戴成友,
258,ROI1,Col4,85年6月1版1次64开,
258,ROI1,Col4,印数：6.37万定价：0.35元,
258,ROI1,Col4,市场交流价：,
258,ROI1,Col4,9品：60元（全套）,
258,ROI1,Col4,10品：100元,
258,ROI2,Col1,鸦片战争演义,
258,ROI2,Col1,出版社：农村读物,
258,ROI2,Col1,编文：辛大明,
258,ROI2,Col1,绘画：郭怀仁栗华,
258,ROI2,Col1,85年8月1版1次64开,
258,ROI2,Col1,印数：未详定价：0.35元,
258,ROI2,Col1,市场交流价：,
258,ROI2,Col1,9品：40元（全套）,
258,ROI2,Col1,10品：60元,
258,ROI2,Col2,西沙海战,
258,ROI2,Col2,出版社：海洋,
258,ROI2,Col2,编文：祝武,
258,ROI2,Col2,绘画：滕英杰隋自更,
258,ROI2,Col2,83年4月1版1次64开,
258,ROI2,Col2,印数：未详定价：0.20元,
258,ROI2,Col2,市场交流价：,
258,ROI2,Col2,9品：80元（全十册）,
258,ROI2,Col2,10品：100元,
258,ROI2,Col3,火烧据点,
258,ROI2,Col3,出版社：福建人民,
258,ROI2,Col3,改编：祝自明,
258,ROI2,Col3,绘画：潘小庆卢浩,
258,ROI2,Col3,80年9月1版1次64开,
258,ROI2,Col3,印数：31万定价：0.16元,
258,ROI2,Col3,市场交流价：,
258,ROI2,Col3,9品：40元（全三册）,
258,ROI2,Col3,10品：60元,
258,ROI2,Col4,红色街垒,
258,ROI2,Col4,出版社：广东人民,
258,ROI2,Col4,改编：王何,
258,ROI2,Col4,绘画：陆佳,
258,ROI2,Col4,84年9月1版1次64开,
258,ROI2,Col4,印数：未详定价：0.24元,
258,FOOTNOTE,,,冻环画库》
258,FOOTNOTE,,,广东版
258,FOOTNOTE,,,山店大一
259,ROI1,Col1,白毛女,
259,ROI1,Col1,出版社：上海人民,
259,ROI1,Col1,编文：集体,
259,ROI1,Col1,绘画：集体,
259,ROI1,Col1,71年9月1版1次60开,
259,ROI1,Col1,印数：未详定价：0.18元,
259,ROI1,Col1,市场交流价：,
259,ROI1,Col1,9品：200元,
259,ROI1,Col1,10品：600元,
259,ROI1,Col2,红色娘子军,
259,ROI1,Col2,出版社：上海人民,
259,ROI1,Col2,编文：集体,
259,ROI1,Col2,绘画：集体,
259,ROI1,Col2,71年1月1版1次60开,
259,ROI1,Col2,印数：未详定价：0.17元,
259,ROI1,Col2,市场交流价：,
259,ROI1,Col2,9品：180元,
259,ROI1,Col2,10品：400元,
259,ROI1,Col3,红灯记,
259,ROI1,Col3,出版社：上海市出版革命组,
259,ROI1,Col3,编文：集体,
259,ROI1,Col3,绘画：集体,
259,ROI1,Col3,70年9月1版1次60开,
259,ROI1,Col3,印数：未详 定价：0.18元,
259,ROI1,Col3,市场交流价：,
259,ROI1,Col3,9品：250元,
259,ROI1,Col3,10品：600元,
259,ROI1,Col4,沙家浜,
259,ROI1,Col4,出版社：上海人民,
259,ROI1,Col4,编文：集体,
259,ROI1,Col4,绘画：集体,
259,ROI1,Col4,71年6月1版1次60开,
259,ROI1,Col4,印数：未详 定价：0.21元,
259,ROI1,Col4,市场交流价：,
259,ROI1,Col4,9品：250元,
259,ROI1,Col4,10品：600元,
259,ROI2,Col1,9 智取威虎山,
259,ROI2,Col1,出版社：上海市出版革命组,
259,ROI2,Col1,改编：集体,
259,ROI2,Col1,绘画：集体,
259,ROI2,Col1,70年5月1版1次60开,
259,ROI2,Col1,印数：未详定价：0.20元,
259,ROI2,Col1,市场交流价：,
259,ROI2,Col1,9品：250元,
259,ROI2,Col1,10品：700元,
259,ROI2,Col2,海港,
259,ROI2,Col2,出版社：上海人民,
259,ROI2,Col2,改编：王良莹,
259,ROI2,Col2,绘画：潘晋华等,
259,ROI2,Col2,73年12月1版1次60开,
259,ROI2,Col2,印数：50万定价：0.19元,
259,ROI2,Col2,市场交流价：,
259,ROI2,Col2,9品：300元,
259,ROI2,Col2,10品：700元,
259,ROI2,Col3,龙江颂,
259,ROI2,Col3,出版社：上海人民,
259,ROI2,Col3,改编：周云发王良莹,
259,ROI2,Col3,绘画：邹越非钱生发等,
259,ROI2,Col3,74年9月1版1次60开,
259,ROI2,Col3,印数：300万定价：0.18元,
259,ROI2,Col3,市场交流价：,
259,ROI2,Col3,9品：300元,
259,ROI2,Col3,10品：800元,
259,ROI2,Col4,奇袭白虎团,
259,ROI2,Col4,出版社：山东人民,
259,ROI2,Col4,改编：集体,
259,ROI2,Col4,绘画：集体,
259,ROI2,Col4,72年3月1版1次60开,
259,ROI2,Col4,印数：未详定价：0.20元,
259,ROI2,Col4,市场交流价：,
259,ROI2,Col4,9品：250元,
259,ROI2,Col4,10品：600元,
260,ROI1,Col1,红灯记,
260,ROI1,Col1,出版社：人民美术,
260,ROI1,Col1,改编：集体,
260,ROI1,Col1,绘画：集体,
260,ROI1,Col1,71年5月1版1次60开,
260,ROI1,Col1,印数：未详定价：0.20元,
260,ROI1,Col1,市场交流价：,
260,ROI1,Col1,9品：150元,
260,ROI1,Col1,10品：350元,
260,ROI1,Col2,红灯记,
260,ROI1,Col2,出版社：中国人民解放军,
260,ROI1,Col2,编文：集体,
260,ROI1,Col2,绘画：集体,
260,ROI1,Col2,71年2月1版1次60开,
260,ROI1,Col2,印数：未详 无定价,
260,ROI1,Col2,市场交流价：,
260,ROI1,Col2,9品：180元,
260,ROI1,Col2,10品：400元,
260,ROI1,Col3,红色娘子军,
260,ROI1,Col3,出版社：浙江人民,
260,ROI1,Col3,编文：集体,
260,ROI1,Col3,绘画：集体,
260,ROI1,Col3,71年3月1版1次60开,
260,ROI1,Col3,印数：未详定价：0.12元,
260,ROI1,Col3,市场交流价：,
260,ROI1,Col3,9品：150元,
260,ROI1,Col3,10品：300元,
260,ROI1,Col4,海港,
260,ROI1,Col4,出版社：天津人民美术,
260,ROI1,Col4,编文：集体,
260,ROI1,Col4,绘画：集体,
260,ROI1,Col4,73年8月1版1次60开,
260,ROI1,Col4,印数：未详定价：0.18元,
260,ROI1,Col4,市场交流价：,
260,ROI1,Col4,9品：180元,
260,ROI1,Col4,10品：400元,
260,ROI2,Col1,智取威虎山,
260,ROI2,Col1,出版社：广东人民,
260,ROI2,Col1,编文：集体,
260,ROI2,Col1,绘画：集体,
260,ROI2,Col1,70年5月1版1次60开,
260,ROI2,Col1,印数：未详定价：0.33元,
260,ROI2,Col1,市场交流价：,
260,ROI2,Col1,9品：350元,
260,ROI2,Col1,10品：1000元,
260,ROI2,Col2,平原作战,
260,ROI2,Col2,出版社：上海人民,
260,ROI2,Col2,改编：庄宏安,
260,ROI2,Col2,绘画：施大畏等,
260,ROI2,Col2,76年4月1版1次64开,
260,ROI2,Col2,印数：未详定价：0.17元,
260,ROI2,Col2,市场交流价：,
260,ROI2,Col2,9品：150元,
260,ROI2,Col2,10品：350元,
260,ROI2,Col3,白毛女,
260,ROI2,Col3,出版社：天津人民,
260,ROI2,Col3,改编：集体,
260,ROI2,Col3,绘画：集体,
260,ROI2,Col3,71年2月1版1次60开,
260,ROI2,Col3,印数：未详定价：0.17元,
260,ROI2,Col3,市场交流价：,
260,ROI2,Col3,9品：150元,
260,ROI2,Col3,10品：300元,
260,ROI2,Col4,白毛女,
260,ROI2,Col4,出版社：河北人民,
260,ROI2,Col4,改编：集体,
260,ROI2,Col4,绘画：集体,
260,ROI2,Col4,71年12月1版1次60开,
260,ROI2,Col4,印数：未详定价：0.16元,
260,ROI2,Col4,市场交流价：,
260,ROI2,Col4,9品：200元,
260,ROI2,Col4,10品：350元,
261,ROI1,Col1,红骨烈火,
261,ROI1,Col1,出版社：江苏人民,
261,ROI1,Col1,编文：陆苇,
261,ROI1,Col1,绘画：龚东明,
261,ROI1,Col1,82年5月1版1次64开,
261,ROI1,Col1,印数：64.1万定价：0.11元,
261,ROI1,Col1,市场交流价：,
261,ROI1,Col1,9品：10元,
261,ROI1,Col1,10品：20元,
261,ROI1,Col2,坚贞不屈,
261,ROI1,Col2,出版社：江苏人民,
261,ROI1,Col2,编文：张震麟,
261,ROI1,Col2,绘画：金立德,
261,ROI1,Col2,82年4月1版1次64开,
261,ROI1,Col2,印数：20.6万定价：0.14元,
261,ROI1,Col2,市场交流价：,
261,ROI1,Col2,9品：15元,
261,ROI1,Col2,10品：25元,
261,ROI1,Col3,韶山青松,
261,ROI1,Col3,出版社：江苏人民,
261,ROI1,Col3,编文：曾立平,
261,ROI1,Col3,绘画：钱生发邹越非,
261,ROI1,Col3,79年4月1版1次64开,
261,ROI1,Col3,印数：19万定价：0.13元,
261,ROI1,Col3,市场交流价：,
261,ROI1,Col3,9品：15元,
261,ROI1,Col3,10品：25元,
261,ROI1,Col4,女中英烈,
261,ROI1,Col4,出版社：江苏美术,
261,ROI1,Col4,编文：蔡之湘,
261,ROI1,Col4,绘画：吴元奎,
261,ROI1,Col4,84年6月1版1次64开,
261,ROI1,Col4,印数：11.7万定价：0.22元,
261,ROI1,Col4,市场交流价：,
261,ROI1,Col4,9品：20元,
261,ROI1,Col4,10品：40元,
261,ROI2,Col1,女中豪杰,
261,ROI2,Col1,出版社：江苏美术,
261,ROI2,Col1,改编：赖祥,
261,ROI2,Col1,绘画：朱黎黎,
261,ROI2,Col1,85年2月1版1次64开,
261,ROI2,Col1,印数：16.88万定价：0.29元,
261,ROI2,Col1,市场交流价：,
261,ROI2,Col1,9品：20元,
261,ROI2,Col1,10品：40元,
261,ROI2,Col2,只要主义真,
261,ROI2,Col2,出版社：上海人民美术,
261,ROI2,Col2,改编：刘贞子等,
261,ROI2,Col2,绘画：叶雄等,
261,ROI2,Col2,83年3月1版1次64开,
261,ROI2,Col2,印数：12万定价：0.12元,
261,ROI2,Col2,市场交流价：,
261,ROI2,Col2,9品：10元,
261,ROI2,Col2,10品：20元,
261,ROI2,Col3,大江歌罢掉头东,
261,ROI2,Col3,出版社：上海人民美术,
261,ROI2,Col3,改编：郁馥华等,
261,ROI2,Col3,绘画：胡志荣等,
261,ROI2,Col3,84年12月1版1次64开,
261,ROI2,Col3,印数：10万定价：0.27元,
261,ROI2,Col3,市场交流价：,
261,ROI2,Col3,9品：10元,
261,ROI2,Col3,10品：20元,
261,ROI2,Col4,囚歌,
261,ROI2,Col4,出版社：上海人民美术,
261,ROI2,Col4,编文：姚胥隆等 .,
261,ROI2,Col4,绘画：冯正梁张培础等,
261,ROI2,Col4,84年8月1版1次64开,
261,ROI2,Col4,印数：5.9万定价：0.18元,
261,ROI2,Col4,市场交流价：,
261,ROI2,Col4,9品：20元,
261,ROI2,Col4,10品：30元,
261,FOOTNOTE,,,《雨花台革命烈士故事》，应在十种左右，具体未详。
261,FOOTNOTE,,,*
261,FOOTNOTE,,,合套四四
262,ROI1,Col1,0 邱少云,
262,ROI1,Col1,出版社：上海人民,
262,ROI1,Col1,改编：集体,
262,ROI1,Col1,绘画：集体,
262,ROI1,Col1,71年7月1版1次60开,
262,ROI1,Col1,印数：未详定价：0.12元,
262,ROI1,Col1,市场交流价：,
262,ROI1,Col1,9品：80元,
262,ROI1,Col1,10品：200元,
262,ROI1,Col2,罗盛教,
262,ROI1,Col2,出版社：上海人民,
262,ROI1,Col2,编文：陈梅鼎,
262,ROI1,Col2,绘画：集体,
262,ROI1,Col2,73年7月1版1次60开,
262,ROI1,Col2,印数：120万定价：0.13元,
262,ROI1,Col2,市场交流价：,
262,ROI1,Col2,9品：80元,
262,ROI1,Col2,10品：180元,
262,ROI1,Col3,杨根思,
262,ROI1,Col3,出版社：上海人民,
262,ROI1,Col3,编文：集体,
262,ROI1,Col3,绘画：集体,
262,ROI1,Col3,72年3月1版1次60开,
262,ROI1,Col3,印数：未详定价：0.12元,
262,ROI1,Col3,市场交流价：,
262,ROI1,Col3,9品：80元,
262,ROI1,Col3,10品：180元,
262,ROI1,Col4,7,
262,ROI1,Col4,黄继光,
262,ROI1,Col4,6,
262,ROI1,Col4,出版社：上海人民,
262,ROI1,Col4,编文：集体,
262,ROI1,Col4,绘画：集体,
262,ROI1,Col4,70年10月1版1次60开,
262,ROI1,Col4,印数：未详定价：0.16元,
262,ROI1,Col4,市场交流价：,
262,ROI1,Col4,9品：100元,
262,ROI1,Col4,10品：250元,
262,ROI2,Col1,刘英俊,
262,ROI2,Col1,出版社：上海人民,
262,ROI2,Col1,编文：集体,
262,ROI2,Col1,绘画：集体,
262,ROI2,Col1,71年9月1版1次60开,
262,ROI2,Col1,印数：未详定价：0.11元,
262,ROI2,Col1,市场交流价：,
262,ROI2,Col1,9品：100元,
262,ROI2,Col1,10品：300元,
262,ROI2,Col2,杨连第,
262,ROI2,Col2,出版社：上海人民,
262,ROI2,Col2,编文：王成荣,
262,ROI2,Col2,绘画：毛震耀,
262,ROI2,Col2,75年5月1版1次64开,
262,ROI2,Col2,印数：60万定价：0.11元,
262,ROI2,Col2,市场交流价：,
262,ROI2,Col2,9品：30元,
262,ROI2,Col2,10品：100元,
262,ROI2,Col3,捣狼窝,
262,ROI2,Col3,出版社：上海人民美术,
262,ROI2,Col3,改编：可蒙,
262,ROI2,Col3,绘画：汪绚秋,
262,ROI2,Col3,84年5月2版4次64开,
262,ROI2,Col3,印数：86万定价：0.25元,
262,ROI2,Col4,破敌堡,
262,ROI2,Col4,出版社：上海人民美术,
262,ROI2,Col4,改编：可蒙,
262,ROI2,Col4,绘画：汪绚秋,
262,ROI2,Col4,84年2月2版4次64开,
262,ROI2,Col4,印数：84万定价：0.23元,
262,ROI2,Col4,市场交流价：,
262,ROI2,Col4,9品：80元（全套四册）,
262,ROI2,Col4,10品：150元,
263,ROI1,Col1,瞿秋白,
263,ROI1,Col1,出版社：安徽人民,
263,ROI1,Col1,编文：任其钟,
263,ROI1,Col1,绘画：林加冰贝家骧,
263,ROI1,Col1,84年5月1版1次64开,
263,ROI1,Col1,印数：12万定价：0.24元,
263,ROI1,Col1,市场交流价：,
263,ROI1,Col1,9品：10元,
263,ROI1,Col1,10品：25元,
263,ROI1,Col2,大地的女儿,
263,ROI1,Col2,出版社：安徽人民,
263,ROI1,Col2,编文：李大发,
263,ROI1,Col2,绘画：王永强,
263,ROI1,Col2,84年5月1版1次64开,
263,ROI1,Col2,印数：16万定价：0.17元,
263,ROI1,Col2,市场交流价：,
263,ROI1,Col2,9品：10元,
263,ROI1,Col2,10品：20元,
263,ROI1,Col3,汉皋碧血,
263,ROI1,Col3,出版社：安徽人民,
263,ROI1,Col3,编文：张体文,
263,ROI1,Col3,绘画：乐明祥,
263,ROI1,Col3,83年7月1版1次64开,
263,ROI1,Col3,印数：未详定价：0.14元,
263,ROI1,Col3,市场交流价：,
263,ROI1,Col3,9品：10元,
263,ROI1,Col3,10品：15元,
263,ROI1,Col4,跃马扬刀,
263,ROI1,Col4,出版社：安徽人民,
263,ROI1,Col4,编文：路志纯,
263,ROI1,Col4,绘画：陈光华,
263,ROI1,Col4,83年7月1版1次64开,
263,ROI1,Col4,印数：未详定价：0.14元,
263,ROI1,Col4,市场交流价：,
263,ROI1,Col4,9品：20元,
263,ROI1,Col4,10品：30元,
263,ROI2,Col1,智擒“独眼龙”,
263,ROI2,Col1,出版社：安徽人民,
263,ROI2,Col1,编文：刘天平杜之训,
263,ROI2,Col1,绘画：葛志仁,
263,ROI2,Col1,84年1月1版1次64开,
263,ROI2,Col1,印数：53万定价：0.15元,
263,ROI2,Col1,市场交流价：,
263,ROI2,Col1,9品：15元,
263,ROI2,Col1,10品：30元,
263,ROI2,Col2,不畏冷枪的战士,
263,ROI2,Col2,出版社：安徽美术,
263,ROI2,Col2,编文：吴一文,
263,ROI2,Col2,绘画：张瑞林沈林,
263,ROI2,Col2,85年3月1版1次64开,
263,ROI2,Col2,印数：8万定价：0.28元,
263,ROI2,Col2,市场交流价：,
263,ROI2,Col2,9品：20元,
263,ROI2,Col2,10品：40元,
263,ROI2,Col3,敌后武工队,
263,ROI2,Col3,出版社：天津人民美术,
263,ROI2,Col3,改编：集体,
263,ROI2,Col3,绘画：集体,
263,ROI2,Col3,73年1月1版1次64开,
263,ROI2,Col3,印数：未详定价：0.13元,
263,ROI2,Col3,市场交流价：,
263,ROI2,Col3,9品：90元（全五册）,
263,ROI2,Col3,10品：200元,
263,ROI2,Col4,敌后武工队,
263,ROI2,Col4,出版社：辽宁美术,
263,ROI2,Col4,改编：颜枫,
263,ROI2,Col4,绘画：王玉良周恩连,
263,ROI2,Col4,82年6月1版1次64开,
263,ROI2,Col4,印数：98万定价：0.25元,
263,ROI2,Col4,市场交流价：,
263,ROI2,Col4,9品：20元（全三册）,
263,ROI2,Col4,10品：30元,
263,FOOTNOTE,,,《革命先辈故事丛书》共六种。
263,FOOTNOTE,,,*
264,ROI1,Col1,桐柏英雄(上),
264,ROI1,Col1,出版社：江西人民,
264,ROI1,Col1,改编：石上流,
264,ROI1,Col1,绘画：陈水远,
264,ROI1,Col1,74年12月1版1次60开,
264,ROI1,Col1,印数：80万定价：0.20元,
264,ROI1,Col2,桐柏英雄 (中),
264,ROI1,Col2,出版社：江西人民,
264,ROI1,Col2,改编：石上流,
264,ROI1,Col2,绘画：陈水远,
264,ROI1,Col2,75年5月1版1次60开,
264,ROI1,Col2,印数：80万定价：0.21元,
264,ROI1,Col3,桐柏英雄(下),
264,ROI1,Col3,出版社：江西人民,
264,ROI1,Col3,编文：石上流,
264,ROI1,Col3,绘画：陈水运,
264,ROI1,Col3,75年11月1版1次60开,
264,ROI1,Col3,印数：80万定价：0.21元,
264,ROI1,Col3,市场交流价：,
264,ROI1,Col3,9品：180元（全套）,
264,ROI1,Col3,10品：300元,
264,ROI1,Col4,桐柏英雄,
264,ROI1,Col4,出版社：天津人民美术,
264,ROI1,Col4,改编：定兴,
264,ROI1,Col4,绘画：叶永森等,
264,ROI1,Col4,76年6月1版1次64开,
264,ROI1,Col4,印数：未详定价：0.17元,
264,ROI1,Col4,市场交流价：,
264,ROI1,Col4,9品：80元（全套）,
264,ROI1,Col4,10品：150元,
264,ROI2,Col1,沸腾的群山(一),
264,ROI2,Col1,出版社：人民美术,
264,ROI2,Col1,改编：李兴柞,
264,ROI2,Col1,绘画：吴富佳蔡国栋,
264,ROI2,Col1,73年9月1版1次64开,
264,ROI2,Col1,印数：100万定价：0.19元,
264,ROI2,Col1,市场交流价：,
264,ROI2,Col1,9品：20元,
264,ROI2,Col1,10品：40元,
264,ROI2,Col2,0,
264,ROI2,Col2,沸腾的群山（二）,
264,ROI2,Col2,出版社：人民美术,
264,ROI2,Col2,编文：李兴柞,
264,ROI2,Col2,绘画：吴富佳蔡国栋,
264,ROI2,Col2,75年3月1版1次64开,
264,ROI2,Col2,印数：30万定价：0.18元,
264,ROI2,Col2,市场交流价：,
264,ROI2,Col2,9品：10元,
264,ROI2,Col2,10品：20元,
264,ROI2,Col3,沸腾的群山(三）,
264,ROI2,Col3,出版社：人民美术,
264,ROI2,Col3,改编：李兴柞,
264,ROI2,Col3,绘画：吴富佳蔡国栋,
264,ROI2,Col3,78年8月1版1次64开,
264,ROI2,Col3,印数：89万定价：0.17元,
264,ROI2,Col3,市场交流价：,
264,ROI2,Col3,9品：25元,
264,ROI2,Col3,10品：50元,
264,ROI2,Col4,沸腾的群山,
264,ROI2,Col4,出版社：吉林人民,
264,ROI2,Col4,改编：集体,
264,ROI2,Col4,绘画：集体,
264,ROI2,Col4,73年4月1版1次64开,
264,ROI2,Col4,印数：181万定价：0.18元,
264,ROI2,Col4,市场交流价：,
264,ROI2,Col4,9品：15元,
264,ROI2,Col4,10品：30元,
265,ROI1,Col1,山乡巨变(一),
265,ROI1,Col1,出版社：上海人民,
265,ROI1,Col1,改编：董子畏,
265,ROI1,Col1,绘画：贺友直,
265,ROI1,Col1,78年6月2版8次64开,
265,ROI1,Col1,印数：未详定价：0.16元,
265,ROI1,Col2,山乡巨变（二）,
265,ROI1,Col2,出版社：上海人民美术,
265,ROI1,Col2,改编：董子畏,
265,ROI1,Col2,绘画：贺友直,
265,ROI1,Col2,78年6月2版7次64开,
265,ROI1,Col2,印数：未详定价：0.15元,
265,ROI1,Col3,山乡巨变(三),
265,ROI1,Col3,出版社：上海人民美术,
265,ROI1,Col3,改编：董子畏,
265,ROI1,Col3,绘画：贺友直,
265,ROI1,Col3,78年6月2版7次64开,
265,ROI1,Col3,印数：未详定价：0.14元,
265,ROI1,Col3,市场交流价：,
265,ROI1,Col3,9品：280元（全套）,
265,ROI1,Col3,10品：600元,
265,ROI1,Col4,红日,
265,ROI1,Col4,出版社：上海人民美术,
265,ROI1,Col4,编文：王星北,
265,ROI1,Col4,绘画：汪观清,
265,ROI1,Col4,78年9月2版8次64开,
265,ROI1,Col4,印数：102.5万定价：0.16元,
265,ROI1,Col4,市场交流价：,
265,ROI1,Col4,9品：60元（全四册）,
265,ROI1,Col4,10品：120元,
265,ROI2,Col1,艳阳天（一）,
265,ROI2,Col1,出版社：人民美术,
265,ROI2,Col1,改编：集体,
265,ROI2,Col1,绘画：集体,
265,ROI2,Col1,75年9月1版2次64开,
265,ROI2,Col1,印数：未详定价：0.17元,
265,ROI2,Col1,市场交流价：,
265,ROI2,Col1,9品：15元,
265,ROI2,Col1,10品：30元,
265,ROI2,Col2,艳阳天 (四),
265,ROI2,Col2,出版社：人民美术,
265,ROI2,Col2,改编：曼玲,
265,ROI2,Col2,绘画：集体,
265,ROI2,Col2,76年12月1版1次64开,
265,ROI2,Col2,印数：100万定价：0.13元,
265,ROI2,Col2,市场交流价：,
265,ROI2,Col2,9品：30元,
265,ROI2,Col2,10品：60元,
265,ROI2,Col3,金光大道（一）,
265,ROI2,Col3,出版社：人民美术,
265,ROI2,Col3,改编：集体,
265,ROI2,Col3,绘画：集体,
265,ROI2,Col3,72年9月1版1次64开,
265,ROI2,Col3,印数:未详 定价：0.15元,
265,ROI2,Col3,市场交流价：,
265,ROI2,Col3,9品：15元,
265,ROI2,Col3,10品：30元,
265,ROI2,Col4,金光大道 (四）,
265,ROI2,Col4,出版社：人民美术,
265,ROI2,Col4,改编：集体,
265,ROI2,Col4,绘画：集体,
265,ROI2,Col4,77年3月1版1次64开,
265,ROI2,Col4,印数：100万 定价：0.17元,
265,ROI2,Col4,市场交流价：,
265,ROI2,Col4,9品：30元,
265,ROI2,Col4,10品：60元,
265,FOOTNOTE,,,当大道均为四品
265,FOOTNOTE,,,四八四都小工箱
265,FOOTNOTE,,,八
266,ROI1,Col1,筑路,
266,ROI1,Col1,出版社：湖南少年儿童,
266,ROI1,Col1,改编：墨雨,
266,ROI1,Col1,绘画：郝嘉贤,
266,ROI1,Col1,83年4月1版1次64开,
266,ROI1,Col1,印数：3万定价：0.13元,
266,ROI1,Col1,市场交流价：,
266,ROI1,Col1,9品：15元,
266,ROI1,Col1,10品：20元,
266,ROI1,Col2,大渡河畔英雄多,
266,ROI1,Col2,出版社：湖南少年儿童,
266,ROI1,Col2,改编：木叶,
266,ROI1,Col2,绘画：曾泽强曾树松,
266,ROI1,Col2,83年7月1版1次64开,
266,ROI1,Col2,印数：8.5万定价：0.12元,
266,ROI1,Col2,市场交流价：,
266,ROI1,Col2,9品：10元,
266,ROI1,Col2,10品：15元,
266,ROI1,Col3,故乡,
266,ROI1,Col3,出版社：湖南少年儿童,
266,ROI1,Col3,改编：周介华晓螺,
266,ROI1,Col3,绘画：贺大田李儒光,
266,ROI1,Col3,83年5月1版1次64开,
266,ROI1,Col3,印数：5万定价：0.13元,
266,ROI1,Col3,市场交流价：,
266,ROI1,Col3,9品：15元,
266,ROI1,Col3,10品：20元,
266,ROI1,Col4,从百草园到三味书屋,
266,ROI1,Col4,出版社：湖南少年儿童,
266,ROI1,Col4,编文：真奇木叶,
266,ROI1,Col4,绘画：张冶华等,
266,ROI1,Col4,83年4月1版1次64开,
266,ROI1,Col4,印数：5.5万定价：0.14元,
266,ROI1,Col4,市场交流价：,
266,ROI1,Col4,9品：15元,
266,ROI1,Col4,10品：20元,
266,ROI2,Col1,母亲,
266,ROI2,Col1,出版社：湖南少年儿童,
266,ROI2,Col1,改编：姚天元段道德,
266,ROI2,Col1,绘画：杨敦仪易能,
266,ROI2,Col1,83年5月1版1次64开,
266,ROI2,Col1,印数：11万定价：0.16元,
266,ROI2,Col1,市场交流价：,
266,ROI2,Col1,9品：10元,
266,ROI2,Col1,10品：15元,
266,ROI2,Col2,最后一课,
266,ROI2,Col2,出版社：湖南少年儿童,
266,ROI2,Col2,改编：石平,
266,ROI2,Col2,绘画：左汉中,
266,ROI2,Col2,83年1月1版1次64开,
266,ROI2,Col2,印数：4.8万定价：0.11元,
266,ROI2,Col2,市场交流价：,
266,ROI2,Col2,9品：10元,
266,ROI2,Col2,10品：20元,
266,ROI2,Col3,多收了三五斗,
266,ROI2,Col3,出版社：湖南少年儿童,
266,ROI2,Col3,改编：石平,
266,ROI2,Col3,绘画：任家蓁,
266,ROI2,Col3,83年8月1版1次64开,
266,ROI2,Col3,印数：3.5万定价：0.11元,
266,ROI2,Col3,市场交流价：,
266,ROI2,Col3,9品：15元,
266,ROI2,Col3,10品：25元,
266,ROI2,Col4,挺进报,
266,ROI2,Col4,出版社：湖南少年儿童,
266,ROI2,Col4,改编：木叶,
266,ROI2,Col4,绘画：谢竹秋等,
266,ROI2,Col4,83年9月1版1次64开,
266,ROI2,Col4,印数：4.5万定价：0.10元,
266,ROI2,Col4,市场交流价：,
266,ROI2,Col4,9品：10元,
266,ROI2,Col4,10品：20元,
267,ROI1,Col1,潘虎,
267,ROI1,Col1,出版社：湖南少年儿童,
267,ROI1,Col1,改编：贺建文,
267,ROI1,Col1,绘画：贺萱华,
267,ROI1,Col1,84年4月1版1次64开,
267,ROI1,Col1,印数：20.3万定价：0.13元,
267,ROI1,Col1,市场交流价：,
267,ROI1,Col1,9品：10元,
267,ROI1,Col1,10品：15元,
267,ROI1,Col2,我的叔叔于勒,
267,ROI1,Col2,出版社：湖南少年儿童,
267,ROI1,Col2,编文：霜林杨河,
267,ROI1,Col2,绘画：罗苍诗等,
267,ROI1,Col2,83年8月1版1次64开,
267,ROI1,Col2,印数：1.6万定价：0.18元,
267,ROI1,Col2,市场交流价：,
267,ROI1,Col2,9品：20元,
267,ROI1,Col2,10品：40元,
267,ROI1,Col3,木兰诗,
267,ROI1,Col3,出版社：湖南少年儿童,
267,ROI1,Col3,改编：邱昶,
267,ROI1,Col3,绘画：曹小卉,
267,ROI1,Col3,83年7月1版1次64开,
267,ROI1,Col3,印数：4.3万定价：0.10元,
267,ROI1,Col3,市场交流价：,
267,ROI1,Col3,9品：10元,
267,ROI1,Col3,10品：20元,
267,ROI1,Col4,花木兰,
267,ROI1,Col4,出版社：天津人民美术,
267,ROI1,Col4,改编：惠伊深,
267,ROI1,Col4,绘画：杨淑涛,
267,ROI1,Col4,80年9月1版1次64开,
267,ROI1,Col4,印数：10万 定价：0.19元,
267,ROI1,Col4,市场交流价：,
267,ROI1,Col4,9品：10元,
267,ROI1,Col4,10品：20元,
267,ROI2,Col1,二六七号牢房,
267,ROI2,Col1,出版社：天津人民美术,
267,ROI2,Col1,改编：王时一,
267,ROI2,Col1,绘画：张洪年,
267,ROI2,Col1,80年9月1版1次64开,
267,ROI2,Col1,印数：4万定价：0.09元,
267,ROI2,Col1,市场交流价：,
267,ROI2,Col1,9品：8元,
267,ROI2,Col1,10品：15元,
267,ROI2,Col2,我的叔叔于勒,
267,ROI2,Col2,出版社：天津人民美术,
267,ROI2,Col2,改编：靳蓉,
267,ROI2,Col2,绘画：孙为民,
267,ROI2,Col2,80年9月1版1次64开,
267,ROI2,Col2,印数：4万定价：0.11元,
267,ROI2,Col2,市场交流价：,
267,ROI2,Col2,9品：15元,
267,ROI2,Col2,10品：30元,
267,ROI2,Col3,最后一课,
267,ROI2,Col3,出版社：天津人民美术,
267,ROI2,Col3,改编：张国信,
267,ROI2,Col3,绘画：白敬周,
267,ROI2,Col3,80年11月1版1次64开,
267,ROI2,Col3,印数：3万定价：0.13元,
267,ROI2,Col3,市场交流价：,
267,ROI2,Col3,9品：20元,
267,ROI2,Col3,10品：40元,
267,ROI2,Col4,筑路,
267,ROI2,Col4,出版社：天津人民美术,
267,ROI2,Col4,改编：王承华,
267,ROI2,Col4,绘画：雷德祖,
267,ROI2,Col4,80年9月1版1次64开,
267,ROI2,Col4,印数：6万定价：0.14元,
267,ROI2,Col4,市场交流价：,
267,ROI2,Col4,9品：20元,
267,ROI2,Col4,10品：35元,
268,ROI1,Col1,故乡,
268,ROI1,Col1,出版社：天津人民美术,
268,ROI1,Col1,改编：张国信,
268,ROI1,Col1,绘画：孙为民 赵雁朝,
268,ROI1,Col1,80年10月1版1次64开,
268,ROI1,Col1,印数：6万定价：0.12元,
268,ROI1,Col1,市场交流价：,
268,ROI1,Col1,9品：15元,
268,ROI1,Col1,10品：30元,
268,ROI1,Col2,范进中举,
268,ROI1,Col2,出版社：天津人民美术,
268,ROI1,Col2,改编：张国信,
268,ROI1,Col2,绘画：季源业,
268,ROI1,Col2,80年8月1版1次64开,
268,ROI1,Col2,印数：30万定价：0.11元,
268,ROI1,Col2,市场交流价：,
268,ROI1,Col2,9品：5元,
268,ROI1,Col2,10品：10元,
268,ROI1,Col3,鲁迅在仙台,
268,ROI1,Col3,出版社：辽宁美术,
268,ROI1,Col3,改编：代学,
268,ROI1,Col3,绘画：高向阳,
268,ROI1,Col3,83年3月1版1次64开,
268,ROI1,Col3,印数：6.4万定价：0.11元,
268,ROI1,Col3,市场交流价：,
268,ROI1,Col3,9品：10元,
268,ROI1,Col3,10品：20元,
268,ROI1,Col4,廉颇与蔺相如,
268,ROI1,Col4,出版社：辽宁美术,
268,ROI1,Col4,改编：张月华,
268,ROI1,Col4,绘画：陈全胜,
268,ROI1,Col4,83年11月1版1次64开,
268,ROI1,Col4,印数：6.4万定价：0.19元,
268,ROI1,Col4,市场交流价：,
268,ROI1,Col4,9品：10元,
268,ROI1,Col4,10品：20元,
268,ROI2,Col1,狼牙山五壮士,
268,ROI2,Col1,出版社：辽宁美术,
268,ROI2,Col1,改编：纪思,
268,ROI2,Col1,绘画：房英魁,
268,ROI2,Col1,84年3月1版1次64开,
268,ROI2,Col1,印数：37.95万 定价：0.11元,
268,ROI2,Col1,市场交流价：,
268,ROI2,Col1,9品：5元,
268,ROI2,Col1,10品：10元,
268,ROI2,Col2,河伯娶媳妇,
268,ROI2,Col2,出版社：辽宁美术,
268,ROI2,Col2,改编：何成,
268,ROI2,Col2,绘画：石庆寅,
268,ROI2,Col2,83年3月1版1次64开,
268,ROI2,Col2,印数：8.55万定价：0.11元,
268,ROI2,Col2,市场交流价：,
268,ROI2,Col2,9品：10元,
268,ROI2,Col2,10品：20元,
268,ROI2,Col3,草船借箭,
268,ROI2,Col3,出版社：辽宁美术,
268,ROI2,Col3,改编：何泥,
268,ROI2,Col3,绘画：吴春有,
268,ROI2,Col3,83年4月1版1次64开,
268,ROI2,Col3,印数：17.2万定价：0.12元,
268,ROI2,Col3,市场交流价：,
268,ROI2,Col3,9品：5元,
268,ROI2,Col3,10品：10元,
268,ROI2,Col4,渔夫和金鱼的故事,
268,ROI2,Col4,出版社：辽宁美术,
268,ROI2,Col4,改编：华文,
268,ROI2,Col4,绘画：王文倩张宝才,
268,ROI2,Col4,83年1月1版1次64开,
268,ROI2,Col4,印数：9.1万定价：0.08元,
268,ROI2,Col4,市场交流价：,
268,ROI2,Col4,9品：8元,
268,ROI2,Col4,10品：15元,
269,ROI1,Col1,白求恩在中国,
269,ROI1,Col1,出版社：辽宁美术,
269,ROI1,Col1,编文：钟志诚,
269,ROI1,Col1,绘画：许荣初等,
269,ROI1,Col1,83年3月1版1次64开,
269,ROI1,Col1,印数：2万定价：0.11元,
269,ROI1,Col1,市场交流价：,
269,ROI1,Col1,9品：10元,
269,ROI1,Col1,10品：20元,
269,ROI1,Col2,伟大的友谊,
269,ROI1,Col2,出版社：辽宁美术,
269,ROI1,Col2,改编：吴庆先杨纯青,
269,ROI1,Col2,绘画：孟昭胜,
269,ROI1,Col2,83年4月1版1次64开,
269,ROI1,Col2,印数：7.9万定价：0.18元,
269,ROI1,Col2,市场交流价：,
269,ROI1,Col2,9品：15元,
269,ROI1,Col2,10品：25元,
269,ROI1,Col3,火烧赤壁,
269,ROI1,Col3,出版社：辽宁美术,
269,ROI1,Col3,改编：何泥,
269,ROI1,Col3,绘画：张成胜,
269,ROI1,Col3,85年8月1版1次64开,
269,ROI1,Col3,印数：4.385万 定价：0.27元,
269,ROI1,Col3,市场交流价：,
269,ROI1,Col3,9品：5元,
269,ROI1,Col3,10品：10元,
269,ROI1,Col4,红罗女,
269,ROI1,Col4,出版社：辽宁美术,
269,ROI1,Col4,改编：彦芳,
269,ROI1,Col4,绘画：邸维忠,
269,ROI1,Col4,85年10月1版1次64开,
269,ROI1,Col4,印数：2.3万定价：0.18元,
269,ROI1,Col4,市场交流价：,
269,ROI1,Col4,9品：15元,
269,ROI1,Col4,10品：25元,
269,ROI2,Col1,三九一高地伏击战,
269,ROI2,Col1,出版社：辽宁美术,
269,ROI2,Col1,改编：文刃,
269,ROI2,Col1,绘画：李恩源,
269,ROI2,Col1,85年6月1版1次64开,
269,ROI2,Col1,印数：59.3万定价：0.28元,
269,ROI2,Col1,市场交流价：,
269,ROI2,Col1,9品：5元,
269,ROI2,Col1,10品：10元,
269,ROI2,Col2,狱中斗争,
269,ROI2,Col2,出版社：辽宁美术,
269,ROI2,Col2,改编：由之,
269,ROI2,Col2,绘画：张鸿伟,
269,ROI2,Col2,85年1月1版1次64开,
269,ROI2,Col2,印数：26.1万定价：0.16元,
269,ROI2,Col2,市场交流价：,
269,ROI2,Col2,9品：8元,
269,ROI2,Col2,10品：15元,
269,ROI2,Col3,列宁的故事,
269,ROI2,Col3,出版社：辽宁美术,
269,ROI2,Col3,改编：彦芳,
269,ROI2,Col3,绘画：阎义春,
269,ROI2,Col3,84年3月1版1次64开,
269,ROI2,Col3,印数：7万定价：012元,
269,ROI2,Col3,市场交流价：,
269,ROI2,Col3,9品：15元,
269,ROI2,Col3,10品：25元,
269,ROI2,Col4,朱德的故事,
269,ROI2,Col4,出版社：辽宁美术,
269,ROI2,Col4,改编：何泥,
269,ROI2,Col4,绘画：张力,
269,ROI2,Col4,83年11月1版1次64开,
269,ROI2,Col4,印数：5.15万定价：0.15元,
269,ROI2,Col4,市场交流价：,
269,ROI2,Col4,9品：15元,
269,ROI2,Col4,10品：25元,
270,ROI1,Col1,楚英,
270,ROI1,Col1,出版社：上海人民,
270,ROI1,Col1,改编：集体,
270,ROI1,Col1,绘画：集体,
270,ROI1,Col1,76年4月1版1次64开,
270,ROI1,Col1,印数：未详定价：0.10元,
270,ROI1,Col1,市场交流价：,
270,ROI1,Col1,9品：20元,
270,ROI1,Col1,10品：40元,
270,ROI1,Col2,麦收之前,
270,ROI1,Col2,出版社：上海人民,
270,ROI1,Col2,改编：山菊英,
270,ROI1,Col2,绘画：庄根生,
270,ROI1,Col2,75年9月1版1次64开,
270,ROI1,Col2,印数：未详定价：0.09元,
270,ROI1,Col2,市场交流价：,
270,ROI1,Col2,9品：15元,
270,ROI1,Col2,10品：30元,
270,ROI1,Col3,“银花”朵朵开,
270,ROI1,Col3,出版社：上海人民,
270,ROI1,Col3,改编：潘阿虎,
270,ROI1,Col3,绘画：王仲清,
270,ROI1,Col3,75年7月1版1次64开,
270,ROI1,Col3,印数：未详定价：0.07元,
270,ROI1,Col3,市场交流价：,
270,ROI1,Col3,9品：15元,
270,ROI1,Col3,10品：30元,
270,ROI1,Col4,映山红,
270,ROI1,Col4,出版社：上海人民,
270,ROI1,Col4,编文：胡雁,
270,ROI1,Col4,绘画：汪绚秋,
270,ROI1,Col4,75年5月1版1次64开,
270,ROI1,Col4,印数：40万定价：0.10元,
270,ROI1,Col4,市场交流价：,
270,ROI1,Col4,9品：20元,
270,ROI1,Col4,10品：40元,
270,ROI2,Col1,牧马姑娘,
270,ROI2,Col1,出版社：上海人民,
270,ROI2,Col1,改编：黄文玉,
270,ROI2,Col1,绘画：陈国强,
270,ROI2,Col1,75年6月1版1次64开,
270,ROI2,Col1,印数：50万 定价：0.08元,
270,ROI2,Col1,市场交流价：,
270,ROI2,Col1,9品：15元,
270,ROI2,Col1,10品：30元,
270,ROI2,Col2,“农垦68”,
270,ROI2,Col2,出版社：上海人民,
270,ROI2,Col2,编文：林静墨,
270,ROI2,Col2,绘画：集体,
270,ROI2,Col2,75年11月1版1次64开,
270,ROI2,Col2,印数：未详定价：0.07元,
270,ROI2,Col2,市场交流价：,
270,ROI2,Col2,9品：30元,
270,ROI2,Col2,10品：60元,
270,ROI2,Col3,丁敢闯,
270,ROI2,Col3,出版社：上海人民,
270,ROI2,Col3,编文：董德兴,
270,ROI2,Col3,绘画：刘新愚姜一凯,
270,ROI2,Col3,75年10月1版1次64开,
270,ROI2,Col3,印数：未详定价：0.09元,
270,ROI2,Col3,市场交流价：,
270,ROI2,Col3,9品：15元,
270,ROI2,Col3,10品：30元,
270,ROI2,Col4,组织委员,
270,ROI2,Col4,出版社：上海人民,
270,ROI2,Col4,改编：陈祖言,
270,ROI2,Col4,绘画：李绍然,
270,ROI2,Col4,75年11月1版1次64开,
270,ROI2,Col4,印数：未详定价：0.08元,
270,ROI2,Col4,市场交流价：,
270,ROI2,Col4,9品：20元,
270,ROI2,Col4,10品：40元,
271,ROI1,Col1,火红的青春,
271,ROI1,Col1,出版社：上海人民,
271,ROI1,Col1,编文：集体,
271,ROI1,Col1,绘画：王健尔罗步臻,
271,ROI1,Col1,73年11月1版1次60开,
271,ROI1,Col1,印数：60万定价：0.07元,
271,ROI1,Col1,市场交流价：,
271,ROI1,Col1,9品：20元,
271,ROI1,Col1,10品：50元,
271,ROI1,Col2,浪尖上的歌声,
271,ROI1,Col2,出版社：上海人民,
271,ROI1,Col2,编文：钱佩衡,
271,ROI1,Col2,绘画：集体,
271,ROI1,Col2,74年3月1版1次60开,
271,ROI1,Col2,印数：120万定价：0.07元,
271,ROI1,Col2,市场交流价：,
271,ROI1,Col2,9品：20元,
271,ROI1,Col2,10品：60元,
271,ROI1,Col3,驯鹿记,
271,ROI1,Col3,出版社：上海人民,
271,ROI1,Col3,编文：薛荣明,
271,ROI1,Col3,绘画：罗盘,
271,ROI1,Col3,74年11月1版1次60开,
271,ROI1,Col3,印数：50万定价：0.08元,
271,ROI1,Col3,市场交流价：,
271,ROI1,Col3,9品：20元,
271,ROI1,Col3,10品：50元,
271,ROI1,Col4,朝霞,
271,ROI1,Col4,出版社：上海人民,
271,ROI1,Col4,编文：史汉富,
271,ROI1,Col4,绘画：集体,
271,ROI1,Col4,74年6月1版1次60开,
271,ROI1,Col4,印数：200万定价：0.09元,
271,ROI1,Col4,市场交流价：,
271,ROI1,Col4,9品：30元,
271,ROI1,Col4,10品：80元,
271,ROI2,Col1,新松屯的后代,
271,ROI2,Col1,出版社：上海人民,
271,ROI2,Col1,改编：陈可雄,
271,ROI2,Col1,绘画：谷长,
271,ROI2,Col1,74年2月1版1次60开,
271,ROI2,Col1,印数：120万定价：0.08元,
271,ROI2,Col1,市场交流价：,
271,ROI2,Col1,9品：20元,
271,ROI2,Col1,10品：60元,
271,ROI2,Col2,延安的种子,
271,ROI2,Col2,出版社：上海人民,
271,ROI2,Col2,编文：华彤,
271,ROI2,Col2,绘画：徐纯中,
271,ROI2,Col2,74年12月1版1次60开,
271,ROI2,Col2,印数：150万定价：0.12元,
271,ROI2,Col2,市场交流价：,
271,ROI2,Col2,9品：20元,
271,ROI2,Col2,10品：60元,
271,ROI2,Col3,0,
271,ROI2,Col3,森林曲,
271,ROI2,Col3,出版社：上海人民,
271,ROI2,Col3,改编：陈梅鼎,
271,ROI2,Col3,绘画：群力,
271,ROI2,Col3,74年11月1版1次60开,
271,ROI2,Col3,印数：60万定价：0.09元,
271,ROI2,Col3,市场交流价：,
271,ROI2,Col3,9品：15元,
271,ROI2,Col3,10品：30元,
271,ROI2,Col4,森林曲,
271,ROI2,Col4,出版社：上海人民,
271,ROI2,Col4,改编：陈梅鼎,
271,ROI2,Col4,绘画：群力,
271,ROI2,Col4,74年11月1版1次60开,
271,ROI2,Col4,印数：60万定价：0.09元,
271,ROI2,Col4,市场交流价：,
271,ROI2,Col4,9品：100元,
271,ROI2,Col4,10品：250元,
271,FOOTNOTE,,,“广阔无地”字样老
271,FOOTNOTE,,,U查林曲封面有
271,FOOTNOTE,,,极少贝
272,ROI1,Col1,平原枪声(三),
272,ROI1,Col1,出版社：辽宁美术,
272,ROI1,Col1,改编：方林,
272,ROI1,Col1,绘画：齐林家等,
272,ROI1,Col1,82年10月1版1次64开,
272,ROI1,Col1,印数：101万定价：0.23元,
272,ROI1,Col1,市场交流价：,
272,ROI1,Col1,9品：20元（全套四册）,
272,ROI1,Col1,10品：40元,
272,ROI1,Col2,平原枪声(五),
272,ROI1,Col2,出版社：天津人民美术,
272,ROI1,Col2,改编：辛冰,
272,ROI1,Col2,绘画：谷照恩李重新,
272,ROI1,Col2,85年7月1版1次64开,
272,ROI1,Col2,印数：148万定价：0.40元,
272,ROI1,Col2,市场交流价：,
272,ROI1,Col2,9品：30元（全五册）,
272,ROI1,Col2,10品：50元,
272,ROI1,Col3,平原枪声(一),
272,ROI1,Col3,出版社：河北美术,
272,ROI1,Col3,改编：曹治淮,
272,ROI1,Col3,绘画：段秀苍,
272,ROI1,Col3,84年12月1版1次64开,
272,ROI1,Col3,印数：24万定价：0.24元,
272,ROI1,Col3,市场交流价：,
272,ROI1,Col3,9品：20元（全四册）,
272,ROI1,Col3,10品：30元,
272,ROI1,Col4,平原枪声,
272,ROI1,Col4,出版社：天津人民美术,
272,ROI1,Col4,编文：集体,
272,ROI1,Col4,绘画：集体,
272,ROI1,Col4,73年9月2版1次64开,
272,ROI1,Col4,印数：未详定价：0.14元,
272,ROI1,Col4,市场交流价：,
272,ROI1,Col4,9品：30.00元,
272,ROI1,Col4,10品：80.00元,
272,ROI2,Col1,连心锁,
272,ROI2,Col1,出版社：天津人民美术,
272,ROI2,Col1,改编：金灼,
272,ROI2,Col1,绘图：刘世铎等,
272,ROI2,Col1,77年9月1版1次64开,
272,ROI2,Col1,印数：未详定价：0.13元,
272,ROI2,Col1,市场交流价：,
272,ROI2,Col1,9品：80元（全五册）,
272,ROI2,Col1,10品：160元,
272,ROI2,Col2,连心锁,
272,ROI2,Col2,出版社：安徽人民,
272,ROI2,Col2,改编：唐吉福,
272,ROI2,Col2,绘画：董大昆等,
272,ROI2,Col2,75年6月1版1次64开,
272,ROI2,Col2,印数：未详定价：0.19元,
272,ROI2,Col2,市场交流价：,
272,ROI2,Col2,9品：60元（全三册）,
272,ROI2,Col2,10品：120元,
272,ROI2,Col3,连心锁,
272,ROI2,Col3,出版社：辽宁美术,
272,ROI2,Col3,改编：柏石山,
272,ROI2,Col3,绘画：李永志,
272,ROI2,Col3,79年10月1版1次64开,
272,ROI2,Col3,印数：12万定价：0.21元,
272,ROI2,Col3,市场交流价：,
272,ROI2,Col3,9品：40元（全二册）,
272,ROI2,Col3,10品：60元,
272,ROI2,Col4,连心锁,
272,ROI2,Col4,出版社：山西人民,
272,ROI2,Col4,改编：安塞,
272,ROI2,Col4,绘画：陈军,
272,ROI2,Col4,85年6月2版1次64开,
272,ROI2,Col4,印数：11.8万定价：0.28元,
272,ROI2,Col4,市场交流价：,
272,ROI2,Col4,9品：25元（全二册）,
272,ROI2,Col4,10品：40元,
273,ROI1,Col1,海盗（上）,
273,ROI1,Col1,出版社：湖南美术,
273,ROI1,Col1,改编：新吾,
273,ROI1,Col1,绘画：陈之学,
273,ROI1,Col1,85年5月1版1次64开,
273,ROI1,Col1,印数：48.8万定价：0.28元,
273,ROI1,Col2,海盗（下）,
273,ROI1,Col2,出版社：湖南美术,
273,ROI1,Col2,改编：新吾,
273,ROI1,Col2,绘画：王振华,
273,ROI1,Col2,85年5月1版1次64开,
273,ROI1,Col2,印数：48.8万定价：0.28元,
273,ROI1,Col2,市场交流价：,
273,ROI1,Col2,9品：10元（全套）,
273,ROI1,Col2,10品：15元,
273,ROI1,Col3,海盗(上),
273,ROI1,Col3,出版社：江苏美术,
273,ROI1,Col3,改编：王双恩,
273,ROI1,Col3,绘画：侯德剑等,
273,ROI1,Col3,85年4月1版1次64开,
273,ROI1,Col3,印数：14.71万定价：0.41元,
273,ROI1,Col3,市场交流价：,
273,ROI1,Col3,9品：20元（全二册）,
273,ROI1,Col3,10品：30元,
273,ROI1,Col4,海盗,
273,ROI1,Col4,出版社：黑龙江美术,
273,ROI1,Col4,改编：高铁林,
273,ROI1,Col4,绘画：马小娟刘亚军,
273,ROI1,Col4,85年9月1版1次64开,
273,ROI1,Col4,印数：5.21万定价：0.40元,
273,ROI1,Col4,市场交流价：,
273,ROI1,Col4,9品：25元（全五册）,
273,ROI1,Col4,10品：35元,
273,ROI2,Col1,吕梁英雄传(上),
273,ROI2,Col1,出版社：黑龙江人民,
273,ROI2,Col1,改编：王力军,
273,ROI2,Col1,绘画：史殿生,
273,ROI2,Col1,79年3月1版1次64开,
273,ROI2,Col1,印数：35万定价：0.21元,
273,ROI2,Col1,市场交流价：,
273,ROI2,Col1,9品：35元（全二册）,
273,ROI2,Col1,10品：50元,
273,ROI2,Col2,吕梁英雄传(一),
273,ROI2,Col2,出版社：山西人民,
273,ROI2,Col2,改编：江舟,
273,ROI2,Col2,绘画：张明堂等,
273,ROI2,Col2,80年3月1版1次64开,
273,ROI2,Col2,印数：104.5万定价：0.22元,
273,ROI2,Col2,市场交流价：,
273,ROI2,Col2,9品：20元（全四册）,
273,ROI2,Col2,10品：30元,
273,ROI2,Col3,吕梁英雄传,
273,ROI2,Col3,出版社：上海人民美术,
273,ROI2,Col3,改编：王释非,
273,ROI2,Col3,绘画：魏忠善金稼仿等,
273,ROI2,Col3,85年7月1版1次64开,
273,ROI2,Col3,印数：19万定价：0.37元,
273,ROI2,Col3,市场交流价：,
273,ROI2,Col3,9品：80元（全八册）,
273,ROI2,Col3,10品：130元,
273,ROI2,Col4,吕梁英雄传,
273,ROI2,Col4,出版社：天津人民美术,
273,ROI2,Col4,改编：王承华张国信,
273,ROI2,Col4,绘画：季源业季津业,
273,ROI2,Col4,79年10月1版1次64开,
273,ROI2,Col4,印数：15万定价：0.20元,
273,ROI2,Col4,市场交流价：,
273,ROI2,Col4,9品：30元,
273,ROI2,Col4,10品：60元,
274,ROI1,Col1,女英雄谢氏娇,
274,ROI1,Col1,出版社：人民美术,
274,ROI1,Col1,编文：林错等,
274,ROI1,Col1,绘画：林锴等,
274,ROI1,Col1,71年1月2版2次60开,
274,ROI1,Col1,印数：未详定价：0.07元,
274,ROI1,Col1,市场交流价：,
274,ROI1,Col1,9品：30元,
274,ROI1,Col1,10品：60元,
274,ROI1,Col2,巧袭列车,
274,ROI1,Col2,出版社：人民美术,
274,ROI1,Col2,编文：徐加昌,
274,ROI1,Col2,绘画：关庆留,
274,ROI1,Col2,72年8月2版1次60开,
274,ROI1,Col2,印数：未详定价：0.08元,
274,ROI1,Col2,市场交流价：,
274,ROI1,Col2,9品：40元,
274,ROI1,Col2,10品：80元,
274,ROI1,Col3,越南英雄阮文追,
274,ROI1,Col3,出版社：人民美术,
274,ROI1,Col3,改编：集体,
274,ROI1,Col3,绘画：集体,
274,ROI1,Col3,71年10月2版1次60开,
274,ROI1,Col3,印数：未详定价：0.10元,
274,ROI1,Col3,市场交流价：,
274,ROI1,Col3,9品：40元,
274,ROI1,Col3,10品：100元,
274,ROI1,Col4,阵地“六姐妹”,
274,ROI1,Col4,出版社：人民美术,
274,ROI1,Col4,改编：赵一唐等,
274,ROI1,Col4,绘画：赵一唐等,
274,ROI1,Col4,71年12月2版2次60开,
274,ROI1,Col4,印数：未详定价：0.08元,
274,ROI1,Col4,市场交流价：,
274,ROI1,Col4,9品：30元,
274,ROI1,Col4,10品：60元,
274,ROI2,Col1,石匠工人闯新路,
274,ROI2,Col1,出版社：上海人民,
274,ROI2,Col1,改编：集体,
274,ROI2,Col1,绘画：集体,
274,ROI2,Col1,70年12月1版1次60开,
274,ROI2,Col1,印数：未详定价：0.06元,
274,ROI2,Col1,市场交流价：,
274,ROI2,Col1,9品：40元,
274,ROI2,Col1,10品：100元,
274,ROI2,Col2,赤胆红心绘新图,
274,ROI2,Col2,出版社：上海人民,
274,ROI2,Col2,编文：集体,
274,ROI2,Col2,绘画：集体,
274,ROI2,Col2,71年1月1版1次60开,
274,ROI2,Col2,印数：未详定价：0.08元,
274,ROI2,Col2,市场交流价：,
274,ROI2,Col2,9品：40元,
274,ROI2,Col2,10品：120元,
274,ROI2,Col3,穷棒子精神万岁,
274,ROI2,Col3,出版社：上海市出版革命组,
274,ROI2,Col3,改编：集体,
274,ROI2,Col3,绘画：集体,
274,ROI2,Col3,70年9月1版1次60开,
274,ROI2,Col3,印数：未详定价：0.09元,
274,ROI2,Col3,市场交流价：,
274,ROI2,Col3,9品：50元,
274,ROI2,Col3,10品：150元,
274,ROI2,Col4,自力更生奏凯歌,
274,ROI2,Col4,出版社：上海市出版革命组,
274,ROI2,Col4,改编：集体,
274,ROI2,Col4,绘画：集体,
274,ROI2,Col4,70年9月1版1次60开,
274,ROI2,Col4,印数：未详定价：0.07元,
274,ROI2,Col4,市场交流价：,
274,ROI2,Col4,9品：50元,
274,ROI2,Col4,10品：150元,
274,FOOTNOTE,,,亮于随即恢复为“上海人民出版社”的另外两个品种。总体上，较为少见的仅《穷棒子精神万岁》一种。
275,ROI1,Col1,岩龙和小明,
275,ROI1,Col1,出版社：上海人民,
275,ROI1,Col1,编文：杨美清,
275,ROI1,Col1,绘画：孙愚,
275,ROI1,Col1,76年7月1版1次64开,
275,ROI1,Col1,印数：未详定价：0.07元,
275,ROI1,Col1,市场交流价：,
275,ROI1,Col1,9品：30元,
275,ROI1,Col1,10品：60元,
275,ROI1,Col2,小海蛟,
275,ROI1,Col2,出版社：上海人民,
275,ROI1,Col2,改编：林萱,
275,ROI1,Col2,绘画：孙愚,
275,ROI1,Col2,75年4月1版1次64开,
275,ROI1,Col2,印数：50万定价：0.06元,
275,ROI1,Col2,市场交流价：,
275,ROI1,Col2,9品：25元,
275,ROI1,Col2,10品：50元,
275,ROI1,Col3,智斗,
275,ROI1,Col3,出版社：上海人民,
275,ROI1,Col3,改编：牟怀柯,
275,ROI1,Col3,绘画：吕敬人,
275,ROI1,Col3,76年12月1版1次64开,
275,ROI1,Col3,印数：未详定价：0.06元,
275,ROI1,Col3,市场交流价：,
275,ROI1,Col3,9品：25元,
275,ROI1,Col3,10品：50元,
275,ROI1,Col4,阿勇,
275,ROI1,Col4,出版社：上海人民,
275,ROI1,Col4,改编：张欣之金坚,
275,ROI1,Col4,绘画：徐志文,
275,ROI1,Col4,75年4月1版1次64开,
275,ROI1,Col4,印数：50万定价：0.06元,
275,ROI1,Col4,市场交流价：,
275,ROI1,Col4,9品：30元,
275,ROI1,Col4,10品：60元,
275,ROI2,Col1,0,
275,ROI2,Col1,英勇机智的红小兵,
275,ROI2,Col1,出版社：上海人民,
275,ROI2,Col1,编文：集体,
275,ROI2,Col1,绘画：张景祥,
275,ROI2,Col1,71年5月1版1次60开,
275,ROI2,Col1,印数：未详定价：0.09元,
275,ROI2,Col1,市场交流价：,
275,ROI2,Col1,9品：50元,
275,ROI2,Col1,10品：150元,
275,ROI2,Col2,小英雄戴碧蓉,
275,ROI2,Col2,出版社：上海人民,
275,ROI2,Col2,改编：集体,
275,ROI2,Col2,绘画：集体,
275,ROI2,Col2,71年7月1版1次60开,
275,ROI2,Col2,印数：未详定价：0.10元,
275,ROI2,Col2,市场交流价：,
275,ROI2,Col2,9品：50元,
275,ROI2,Col2,10品：150元,
275,ROI2,Col3,警惕,
275,ROI2,Col3,出版社：上海人民,
275,ROI2,Col3,改编：缪德彰邬显良,
275,ROI2,Col3,绘画：严启生孔兴甫,
275,ROI2,Col3,73年8月1版1次60开,
275,ROI2,Col3,印数：65万定价：0.10元,
275,ROI2,Col3,市场交流价：,
275,ROI2,Col3,9品：50元,
275,ROI2,Col3,10品：120元,
275,ROI2,Col4,图唐卡门王陵秘辛,
275,ROI2,Col4,出版社：花城出版,
275,ROI2,Col4,改编：闪居良,
275,ROI2,Col4,绘画：姬德顺,
275,ROI2,Col4,84年7月1版1次64开,
275,ROI2,Col4,印数：未详定价：0.16元,
275,ROI2,Col4,市场交流价：,
275,ROI2,Col4,9品：5元,
275,ROI2,Col4,10品：8元,
276,ROI1,Col1,子夜(上),
276,ROI1,Col1,出版社：上海人民美术,
276,ROI1,Col1,改编：大鲁,
276,ROI1,Col1,绘画：叶 雄,
276,ROI1,Col1,85年11月1版1次64开,
276,ROI1,Col1,印数：5万定价：0.42元,
276,ROI1,Col2,子夜(下),
276,ROI1,Col2,出版社：上海人民美术,
276,ROI1,Col2,改编：大鲁,
276,ROI1,Col2,绘画：叶 雄,
276,ROI1,Col2,85年11月1版1次64开,
276,ROI1,Col2,印数：5万定价：0.43元,
276,ROI1,Col2,市场交流价：,
276,ROI1,Col2,9品：120元（全套）,
276,ROI1,Col2,10品：300元,
276,ROI1,Col3,上海的早晨(一),
276,ROI1,Col3,出版社：上海人民美术,
276,ROI1,Col3,编文：吴文焕,
276,ROI1,Col3,绘画：冯远,
276,ROI1,Col3,85年11月1版1次64开,
276,ROI1,Col3,印数：3.7万定价：0.33元,
276,ROI1,Col4,上海的早晨(二),
276,ROI1,Col4,出版社：上海人民美术,
276,ROI1,Col4,改编：吴文焕,
276,ROI1,Col4,绘画：冯远,
276,ROI1,Col4,85年9月1版1次64开,
276,ROI1,Col4,印数：3.7万定价：0.37元,
276,ROI1,Col4,市场交流价：,
276,ROI1,Col4,9品：70元（全二册）,
276,ROI1,Col4,10品：150元,
276,ROI2,Col1,盟誓(一),
276,ROI2,Col1,O,
276,ROI2,Col1,出版社：上海人民美术,
276,ROI2,Col1,改编：庄宏安,
276,ROI2,Col1,绘画：冯正樑赵延平,
276,ROI2,Col1,85年12月1版1次64开,
276,ROI2,Col1,印数：5万定价：0.28元,
276,ROI2,Col2,热血（二）,
276,ROI2,Col2,出版社：上海人民美术,
276,ROI2,Col2,改编：庄宏安,
276,ROI2,Col2,绘画：冯正樑赵延平,
276,ROI2,Col2,85年12月1版1次64开,
276,ROI2,Col2,印数：5万定价：0.28元,
276,ROI2,Col3,0 夜深沉(三),
276,ROI2,Col3,出版社：上海人民美术,
276,ROI2,Col3,改编：庄宏安,
276,ROI2,Col3,绘画：冯正樑赵延平,
276,ROI2,Col3,85年12月1版1次64开,
276,ROI2,Col3,印数：5万定价：0.35元,
276,ROI2,Col3,市场交流价：,
276,ROI2,Col3,9品：90元（全三册）,
276,ROI2,Col3,10品：180元,
276,ROI2,Col4,家,
276,ROI2,Col4,出版社：上海人民美术,
276,ROI2,Col4,改编：赵吉南,
276,ROI2,Col4,绘画：侯德剑沈启鹏,
276,ROI2,Col4,85年3月1版1次64开,
276,ROI2,Col4,印数：7.4万定价：0.49元,
276,ROI2,Col4,市场交流价：,
276,ROI2,Col4,9品：50元,
276,ROI2,Col4,10品：120元,
277,ROI1,Col1,二月,
277,ROI1,Col1,出版社：上海人民美术,
277,ROI1,Col1,改编：王良莹,
277,ROI1,Col1,绘画：盛增祥,
277,ROI1,Col1,84年5月1版1次64开,
277,ROI1,Col1,印数：16.5万定价：0.23元,
277,ROI1,Col1,市场交流价：,
277,ROI1,Col1,9品：30元,
277,ROI1,Col1,10品：60元,
277,ROI1,Col2,家,
277,ROI1,Col2,出版社：人民美术,
277,ROI1,Col2,编文：高铁林王力军,
277,ROI1,Col2,绘画：博综等,
277,ROI1,Col2,82年11月1版1次64开,
277,ROI1,Col2,印数：27万定价：0.32元,
277,ROI1,Col2,市场交流价：,
277,ROI1,Col2,9品：30元,
277,ROI1,Col2,10品：80元,
277,ROI1,Col3,春,
277,ROI1,Col3,出版社：人民美术,
277,ROI1,Col3,编文：高铁林王力军,
277,ROI1,Col3,绘画：杨雨青等,
277,ROI1,Col3,85年8月1版1次64开,
277,ROI1,Col3,印数：6.5万定价：0.59元,
277,ROI1,Col3,市场交流价：,
277,ROI1,Col3,9品：30元,
277,ROI1,Col3,10品：80元,
277,ROI1,Col4,秋,
277,ROI1,Col4,出版社：人民美术,
277,ROI1,Col4,改编：高铁林王力军,
277,ROI1,Col4,绘画：杨雨青等,
277,ROI1,Col4,85年8月1版1次64开,
277,ROI1,Col4,印数：6.6万定价：0.59元,
277,ROI1,Col4,市场交流价：,
277,ROI1,Col4,9品：30元,
277,ROI1,Col4,10品：80元,
277,ROI2,Col1,佳富筹金,
277,ROI2,Col1,出版社：长江文艺,
277,ROI2,Col1,改编：郑桂兰,
277,ROI2,Col1,绘画：汪国新,
277,ROI2,Col1,83年8月1版1次64开,
277,ROI2,Col1,印数：21.3万定价：0.22元,
277,ROI2,Col1,市场交流价：,
277,ROI2,Col1,9品：15元,
277,ROI2,Col1,10品：30元,
277,ROI2,Col2,李明进川,
277,ROI2,Col2,出版社：长江文艺,
277,ROI2,Col2,改编：郑桂兰,
277,ROI2,Col2,绘画：汪国新,
277,ROI2,Col2,84年3月1版1次64开,
277,ROI2,Col2,印数：22.6万定价：0.27元,
277,ROI2,Col2,市场交流价：,
277,ROI2,Col2,9品：20元,
277,ROI2,Col2,10品：40元,
277,ROI2,Col3,巧斗袍哥,
277,ROI2,Col3,出版社：湖北美术,
277,ROI2,Col3,改编：郑桂兰,
277,ROI2,Col3,绘画：汪国新,
277,ROI2,Col3,85年5月1版1次64开,
277,ROI2,Col3,印数：14.5万定价：0.36元,
277,ROI2,Col3,市场交流价：,
277,ROI2,Col3,9品：25元,
277,ROI2,Col3,10品：50元,
277,ROI2,Col4,血溅津门,
277,ROI2,Col4,出版社：天津人民美术,
277,ROI2,Col4,改编：剑青,
277,ROI2,Col4,绘画：刘建平尚金生,
277,ROI2,Col4,83年6月1版1次64开,
277,ROI2,Col4,印数：76.5万定价：0.16元,
277,ROI2,Col4,市场交流价：,
277,ROI2,Col4,9品：80元（全六册）,
277,ROI2,Col4,10品：150元,
277,FOOTNOTE,,,《家》人美版，多见于北方，而在南方，则要少于其它两种。
278,ROI1,Col1,红宝石,
278,ROI1,Col1,出版社：山东美术,
278,ROI1,Col1,改编：严厉,
278,ROI1,Col1,绘画：邹越非,
278,ROI1,Col1,84年7月1版1次64开,
278,ROI1,Col1,印数：5.2万定价：0.15元,
278,ROI1,Col1,市场交流价：,
278,ROI1,Col1,9品：8元,
278,ROI1,Col1,10品：15元,
278,ROI1,Col2,松花姑娘,
278,ROI1,Col2,出版社：山东美术,
278,ROI1,Col2,改编：尹其超,
278,ROI1,Col2,绘画：黄大华,
278,ROI1,Col2,84年7月1版1次64开,
278,ROI1,Col2,印数：4.4万定价：0.17元,
278,ROI1,Col2,市场交流价：,
278,ROI1,Col2,9品：10元,
278,ROI1,Col2,10品：20元,
278,ROI1,Col3,瓜园轶事,
278,ROI1,Col3,出版社：湖南美术,
278,ROI1,Col3,改编：李侃,
278,ROI1,Col3,绘画：王诚龙,
278,ROI1,Col3,84年6月1版1次64开,
278,ROI1,Col3,印数：7.9万定价：0.21元,
278,ROI1,Col3,市场交流价：,
278,ROI1,Col3,9品：10元,
278,ROI1,Col3,10品：20元,
278,ROI1,Col4,流泪的红蜡烛,
278,ROI1,Col4,出版社：湖南美术,
278,ROI1,Col4,改编：碧青,
278,ROI1,Col4,绘画：刘斌昆裴向春,
278,ROI1,Col4,84年10月1版1次64开,
278,ROI1,Col4,印数：19.1万定价：0.21元,
278,ROI1,Col4,市场交流价：,
278,ROI1,Col4,9品：10元,
278,ROI1,Col4,10品：20元,
278,ROI2,Col1,生老病死,
278,ROI2,Col1,出版社：湖南美术,
278,ROI2,Col1,改编：石山,
278,ROI2,Col1,绘画：蒋太禄,
278,ROI2,Col1,83年10月1版1次64开,
278,ROI2,Col1,印数：4.8万定价：0.13元,
278,ROI2,Col1,市场交流价：,
278,ROI2,Col1,9品：10元,
278,ROI2,Col1,10品：20元,
278,ROI2,Col2,朝阳沟内传,
278,ROI2,Col2,出版社：湖南美术,
278,ROI2,Col2,改编：竹马,
278,ROI2,Col2,绘画：张治华,
278,ROI2,Col2,83年10月1版1次64开,
278,ROI2,Col2,印数：5.6万定价：0.18元,
278,ROI2,Col2,市场交流价：,
278,ROI2,Col2,9品：15元,
278,ROI2,Col2,10品：30元,
278,ROI2,Col3,杀敌勇士,
278,ROI2,Col3,出版社：吉林人民,
278,ROI2,Col3,编文：童心,
278,ROI2,Col3,绘画：耿新洋,
278,ROI2,Col3,83年1月1版1次64开,
278,ROI2,Col3,印数：40.9万定价：0.10元,
278,ROI2,Col3,市场交流价：,
278,ROI2,Col3,9品：5元,
278,ROI2,Col3,10品：10元,
278,ROI2,Col4,虎胆群英,
278,ROI2,Col4,出版社：吉林人民,
278,ROI2,Col4,编文：童心,
278,ROI2,Col4,绘画：孙德明,
278,ROI2,Col4,83年1月1版1次64开,
278,ROI2,Col4,印数：40.31万定价：0.13元,
278,ROI2,Col4,市场交流价：,
278,ROI2,Col4,9品：5元,
278,ROI2,Col4,10品：10元,
279,ROI1,Col1,西沙儿女一正气篇,
279,ROI1,Col1,出版社：北京人民,
279,ROI1,Col1,改编：集体,
279,ROI1,Col1,绘画：林墉等,
279,ROI1,Col1,75年1月1版1次60开,
279,ROI1,Col1,印数：未详定价：0.15元,
279,ROI1,Col1,市场交流价：,
279,ROI1,Col1,9品：25元,
279,ROI1,Col1,10品：60元,
279,ROI1,Col2,西沙儿女一奇志篇,
279,ROI1,Col2,出版社：北京人民,
279,ROI1,Col2,改编：集体,
279,ROI1,Col2,绘画：林墉等,
279,ROI1,Col2,75年5月1版1次60开,
279,ROI1,Col2,印数：未详定价：0.19元,
279,ROI1,Col2,市场交流价：,
279,ROI1,Col2,9品：30元,
279,ROI1,Col2,10品：90元,
279,ROI1,Col3,西沙儿女一正气篇,
279,ROI1,Col3,出版社：人民美术,
279,ROI1,Col3,改编：集体,
279,ROI1,Col3,绘画：林墉等,
279,ROI1,Col3,76年2月1版1次64开,
279,ROI1,Col3,印数：100万定价：0.14元,
279,ROI1,Col3,市场交流价：,
279,ROI1,Col3,9品：20元,
279,ROI1,Col3,10品：40元,
279,ROI1,Col4,西沙儿女一奇志篇,
279,ROI1,Col4,出版社：人民美术,
279,ROI1,Col4,改编：集体,
279,ROI1,Col4,绘画：林墉等,
279,ROI1,Col4,76年2月1版1次64开,
279,ROI1,Col4,印数：100万定价：0.18元,
279,ROI1,Col4,市场交流价：,
279,ROI1,Col4,9品：20元,
279,ROI1,Col4,10品：40元,
279,ROI2,Col1,西沙儿女一正气篇（上）,
279,ROI2,Col1,出版社：黑龙江人民,
279,ROI2,Col1,改编：梅声,
279,ROI2,Col1,绘画：侯国良等,
279,ROI2,Col1,75年10月1版1次64开,
279,ROI2,Col1,印数：60万定价：0.15元,
279,ROI2,Col2,西沙儿女一正气篇（下）,
279,ROI2,Col2,出版社：黑龙江人民,
279,ROI2,Col2,改编：梅文,
279,ROI2,Col2,绘画：侯国良等,
279,ROI2,Col2,76年6月1版1次64开,
279,ROI2,Col2,印数：60万定价：0.11元,
279,ROI2,Col2,市场交流价：,
279,ROI2,Col2,9品：60元（全套）,
279,ROI2,Col2,10品：120元,
279,ROI2,Col3,万山红遍(上),
279,ROI2,Col3,出版社：江苏人民,
279,ROI2,Col3,改编：贾玉书,
279,ROI2,Col3,绘画：李苇成刘二刚,
279,ROI2,Col3,79年2月1版1次64开,
279,ROI2,Col3,印数：40万定价：0.17元,
279,ROI2,Col3,市场交流价：,
279,ROI2,Col3,9品：20元（全三册）,
279,ROI2,Col3,10品：30元,
279,ROI2,Col4,万山红遍(下）,
279,ROI2,Col4,出版社：辽宁美术,
279,ROI2,Col4,改编：邹向前,
279,ROI2,Col4,绘画：钟文斌,
279,ROI2,Col4,83年12月1版1次64开,
279,ROI2,Col4,印数：44.3万定价：0.30元,
279,ROI2,Col4,市场交流价：,
279,ROI2,Col4,9品：15元（全二册）,
279,ROI2,Col4,10品：20元,
280,ROI1,Col1,黄兴,
280,ROI1,Col1,出版社：人民美术,
280,ROI1,Col1,编者：伍杰,
280,ROI1,Col1,绘者：刘启端,
280,ROI1,Col1,83年12月1版1次60开,
280,ROI1,Col1,印数：12万定价：0.22元,
280,ROI1,Col1,市场交流价：,
280,ROI1,Col1,9品：40元,
280,ROI1,Col1,10品：70元,
280,ROI1,Col2,彭湃,
280,ROI1,Col2,出版社：人民美术,
280,ROI1,Col2,编者：王曼杨永,
280,ROI1,Col2,绘者：刘启端潘晋拔,
280,ROI1,Col2,80年2月1版1次60开,
280,ROI1,Col2,印数：80万定价：0.25元,
280,ROI1,Col2,市场交流价：,
280,ROI1,Col2,9品：30元,
280,ROI1,Col2,10品：50元,
280,ROI1,Col3,陕甘星火,
280,ROI1,Col3,出版社：人民美术,
280,ROI1,Col3,改编：刘艺青冬,
280,ROI1,Col3,绘者：李振坤,
280,ROI1,Col3,84年12月1版1次60开,
280,ROI1,Col3,印数：13万定价：0.37元,
280,ROI1,Col3,市场交流价：,
280,ROI1,Col3,9品：40元,
280,ROI1,Col3,10品：60元,
280,ROI1,Col3,市场交流价：9品60元、10品100元。,
280,ROI1,Col4,方志敏,
280,ROI1,Col4,出版社：人民美术,
280,ROI1,Col4,编者：杨际萱,
280,ROI1,Col4,绘者：蔡超等,
280,ROI1,Col4,80年10月1版1次60开,
280,ROI1,Col4,印数：41万定价：0.17元,
280,ROI1,Col4,市场交流价：,
280,ROI1,Col4,9品：30元,
280,ROI1,Col4,10品：60元,
280,ROI2,Col1,叶挺,
280,ROI2,Col1,出版社：人民美术,
280,ROI2,Col1,编者：马菊英等,
280,ROI2,Col1,绘者：潘晋拔刘启端,
280,ROI2,Col1,82年6月1版1次60开,
280,ROI2,Col1,印数：57万定价：0.24元,
280,ROI2,Col1,市场交流价：,
280,ROI2,Col1,9品：25元,
280,ROI2,Col1,10品：40元,
280,ROI2,Col2,0 红岩,
280,ROI2,Col2,出版社：上海人民美术,
280,ROI2,Col2,改编：可蒙,
280,ROI2,Col2,绘画：韩和平罗盘,
280,ROI2,Col2,80年8月1版1次60开,
280,ROI2,Col2,印数：20万定价：0.18元,
280,ROI2,Col2,市场交流价：,
280,ROI2,Col2,9品：160元（全八册）,
280,ROI2,Col2,10品：300元,
280,ROI2,Col3,考验,
280,ROI2,Col3,出版社：四川人民,
280,ROI2,Col3,改编：陈正杰,
280,ROI2,Col3,绘画：袁吉中,
280,ROI2,Col3,80年4月1版1次60开,
280,ROI2,Col3,印数：59万定价：0.12元,
280,ROI2,Col3,市场交流价：,
280,ROI2,Col3,9品：20元,
280,ROI2,Col3,10品：40元,
280,ROI2,Col4,战斗的青春(五),
280,ROI2,Col4,出版社：天津人民美术,
280,ROI2,Col4,改编：辛冰,
280,ROI2,Col4,绘画：辛 冰,
280,ROI2,Col4,82年8月1版1次64开,
280,ROI2,Col4,印数：46.1万定价：0.18元,
280,ROI2,Col4,市场交流价：,
280,ROI2,Col4,9品：120元（全套五册）,
280,ROI2,Col4,10品：200元,
280,FOOTNOTE,,,《老一辈革命家》人美版。其中《廖仲凯》最少见。
281,ROI1,Col1,孙中山(上),
281,ROI1,Col1,出版社：上海人民美术,
281,ROI1,Col1,编文：迟森,
281,ROI1,Col1,绘画：王征,
281,ROI1,Col1,81年9月1版1次64开,
281,ROI1,Col1,印数：30万定价：0.17元,
281,ROI1,Col1,市场交流价：,
281,ROI1,Col1,9品：10元,
281,ROI1,Col1,10品：20元,
281,ROI1,Col2,孙中山(下),
281,ROI1,Col2,出版社：上海人民美术,
281,ROI1,Col2,编文：迟森,
281,ROI1,Col2,绘画：王征,
281,ROI1,Col2,82年10月1版1次64开,
281,ROI1,Col2,印数：23万定价：0.17元,
281,ROI1,Col2,市场交流价：,
281,ROI1,Col2,9品：20元,
281,ROI1,Col2,10品：40元,
281,ROI1,Col3,袁世凯窃国记（上）,
281,ROI1,Col3,出版社：上海人民美术,
281,ROI1,Col3,编文：吴其柔,
281,ROI1,Col3,绘画：胡志荣,
281,ROI1,Col3,81年9月1版1次64开,
281,ROI1,Col3,印数：30万定价：0.17元,
281,ROI1,Col3,市场交流价：,
281,ROI1,Col3,9品：10元,
281,ROI1,Col3,10品：20元,
281,ROI1,Col4,袁世凯窃国记（下）,
281,ROI1,Col4,出版社：上海人民美术,
281,ROI1,Col4,编文：吴其柔,
281,ROI1,Col4,绘画：胡志荣,
281,ROI1,Col4,83年9月1版1次64开,
281,ROI1,Col4,印数：21.5万 定价：0.19元,
281,ROI1,Col4,市场交流价：,
281,ROI1,Col4,9品：20元,
281,ROI1,Col4,10品：40元,
281,ROI2,Col1,天京之变,
281,ROI2,Col1,出版社：上海人民美术,
281,ROI2,Col1,编文：李遵义,
281,ROI2,Col1,绘画：康济,
281,ROI2,Col1,85年5月1版1次64开,
281,ROI2,Col1,印数：9万定价：0.29元,
281,ROI2,Col1,市场交流价：,
281,ROI2,Col1,9品：25.00元,
281,ROI2,Col1,10品：50.00元,
281,ROI2,Col2,谭嗣同就义,
281,ROI2,Col2,出版社：上海人民美术,
281,ROI2,Col2,编文：唐卫寰吴其柔,
281,ROI2,Col2,绘画：杨春瑞肖玉,
281,ROI2,Col2,84年11月1版1次64开,
281,ROI2,Col2,印数：18.8万定价：0.30元,
281,ROI2,Col2,市场交流价：,
281,ROI2,Col2,9品：20元,
281,ROI2,Col2,10品：40元,
281,ROI2,Col3,武昌起义,
281,ROI2,Col3,出版社：上海人民美术,
281,ROI2,Col3,改编：林林,
281,ROI2,Col3,绘画：康 济赵隆义,
281,ROI2,Col3,82年2月1版1次64开,
281,ROI2,Col3,印数：80万定价：0.20元,
281,ROI2,Col3,市场交流价：,
281,ROI2,Col3,9品：15元,
281,ROI2,Col3,10品：30元,
281,ROI2,Col4,林则徐,
281,ROI2,Col4,出版社：上海人民美术,
281,ROI2,Col4,编文：庄葳,
281,ROI2,Col4,绘画：盛元龙,
281,ROI2,Col4,85年5月1版1次64开,
281,ROI2,Col4,印数：2.75万定价：0.40元,
281,ROI2,Col4,市场交流价：,
281,ROI2,Col4,9品：25元,
281,ROI2,Col4,10品：50元,
282,ROI1,Col1,刘永福和黑旗军,
282,ROI1,Col1,出版社：上海人民美术,
282,ROI1,Col1,编文：张企荣,
282,ROI1,Col1,绘画：齐亚明,
282,ROI1,Col1,85年6月1版1次64开,
282,ROI1,Col1,印数：7.3万定价：0.33元,
282,ROI1,Col1,市场交流价：,
282,ROI1,Col1,9品：20元,
282,ROI1,Col1,10品：35元,
282,ROI1,Col2,蔡锷,
282,ROI1,Col2,出版社：上海人民美术,
282,ROI1,Col2,编文：杨忠椿,
282,ROI1,Col2,绘画：罗希贤,
282,ROI1,Col2,84年5月1版1次64开,
282,ROI1,Col2,印数：21.8万 定价：0.27元,
282,ROI1,Col2,市场交流价：,
282,ROI1,Col2,9品：20元,
282,ROI1,Col2,10品：40元,
282,ROI1,Col3,慈禧罪恶史,
282,ROI1,Col3,出版社：上海人民美术,
282,ROI1,Col3,编文：金伯,
282,ROI1,Col3,绘画：马方路陆华,
282,ROI1,Col3,84年4月1版1次64开,
282,ROI1,Col3,印数：50.3万定价：0.37元,
282,ROI1,Col3,市场交流价：,
282,ROI1,Col3,9品：25元,
282,ROI1,Col3,10品：50元,
282,ROI1,Col4,李大钊,
282,ROI1,Col4,出版社：上海人民美术,
282,ROI1,Col4,编文：贾秉恒,
282,ROI1,Col4,绘画：殷恩光,
282,ROI1,Col4,85年5月1版1次64开,
282,ROI1,Col4,印数：2.9万定价：0.46元,
282,ROI1,Col4,市场交流价：,
282,ROI1,Col4,9品：50元,
282,ROI1,Col4,10品：120元,
282,ROI2,Col1,大战乌龙山,
282,ROI2,Col1,出版社：广西人民,
282,ROI2,Col1,改编：李平,
282,ROI2,Col1,绘画：陈水远,
282,ROI2,Col1,83年6月1版1次64开,
282,ROI2,Col1,印数：54.8万定价：0.17元,
282,ROI2,Col1,市场交流价：,
282,ROI2,Col1,9品：5元,
282,ROI2,Col1,10品：15元,
282,ROI2,Col2,奇袭鹰头山,
282,ROI2,Col2,出版社：广西美术,
282,ROI2,Col2,编文：闭立群,
282,ROI2,Col2,绘画：闭克,
282,ROI2,Col2,95年4月1版1次64开,
282,ROI2,Col2,印数：2.03万定价：2.15元,
282,ROI2,Col2,市场交流价：,
282,ROI2,Col2,9品：5元,
282,ROI2,Col2,10品：10元,
282,ROI2,Col3,辛亥风云录(五),
282,ROI2,Col3,出版社：湖南少年儿童,
282,ROI2,Col3,改编：张永,
282,ROI2,Col3,绘画：冯椒生,
282,ROI2,Col3,84年2月1版1次64开,
282,ROI2,Col3,印数：39.1万定价：0.24元,
282,ROI2,Col4,辛亥风云录(六),
282,ROI2,Col4,出版社：湖南省少年儿童,
282,ROI2,Col4,改编：张永,
282,ROI2,Col4,绘画：郦渊达真,
282,ROI2,Col4,84年8月1版1次64开,
282,ROI2,Col4,印数：39.1万定价：0.22元,
282,ROI2,Col4,市场交流价：,
282,ROI2,Col4,9品：40元（全六册）,
282,ROI2,Col4,10品：60元,
282,FOOTNOTE,,,《中国近代史故事》上美版，该系列共十种十二册。《李大钊》一种，极少。
283,ROI1,Col1,智杀土豪,
283,ROI1,Col1,出版社：江西人民,
283,ROI1,Col1,改编：谢发根,
283,ROI1,Col1,绘画：岗阳波,
283,ROI1,Col1,80年7月1版1次64开,
283,ROI1,Col1,印数：20万定价：0.13元,
283,ROI1,Col1,市场交流价：,
283,ROI1,Col1,9品：10元,
283,ROI1,Col1,10品：20元,
283,ROI1,Col2,神统手,
283,ROI1,Col2,出版社：江西人民,
283,ROI1,Col2,编写：集体,
283,ROI1,Col2,绘画：胡永生,
283,ROI1,Col2,78年4月1版1次64开,
283,ROI1,Col2,印数：10万定价：0.12元,
283,ROI1,Col2,市场交流价：,
283,ROI1,Col2,9品：30元,
283,ROI1,Col2,10品：60元,
283,ROI1,Col3,智闯险关,
283,ROI1,Col3,出版社：江西人民,
283,ROI1,Col3,编文：毕必成周兴发,
283,ROI1,Col3,绘画：李维山,
283,ROI1,Col3,79年11月1版1次64开,
283,ROI1,Col3,印数：25万定价：0.16元,
283,ROI1,Col3,市场交流价：,
283,ROI1,Col3,9品：10元,
283,ROI1,Col3,10品：20元,
283,ROI1,Col4,霞庄烽火,
283,ROI1,Col4,出版社：江西人民,
283,ROI1,Col4,编文：李有保徐振华,
283,ROI1,Col4,绘画：肖鸽鸥赛 明,
283,ROI1,Col4,79年12月1版1次64开,
283,ROI1,Col4,印数：10万定价：0.14元,
283,ROI1,Col4,市场交流价：,
283,ROI1,Col4,9品：15元,
283,ROI1,Col4,10品：30元,
283,ROI2,Col1,修械所的故事,
283,ROI2,Col1,出版社：江西人民,
283,ROI2,Col1,编文：刘丹,
283,ROI2,Col1,绘画：徐东林,
283,ROI2,Col1,76年6月1版1次64开,
283,ROI2,Col1,印数：20万定价：0.13元,
283,ROI2,Col1,市场交流价：,
283,ROI2,Col1,9品：20元,
283,ROI2,Col1,10品：40元,
283,ROI2,Col2,夜袭石湖镇,
283,ROI2,Col2,出版社：江西人民,
283,ROI2,Col2,编文：王光明,
283,ROI2,Col2,绘画：周晓群,
283,ROI2,Col2,75年10月1版1次64开,
283,ROI2,Col2,印数：80万定价：0.12元,
283,ROI2,Col2,市场交流价：,
283,ROI2,Col2,9品：5元,
283,ROI2,Col2,10品：10元,
283,ROI2,Col3,凤嫂,
283,ROI2,Col3,出版社：江西人民,
283,ROI2,Col3,编文：黄河浪,
283,ROI2,Col3,绘画：戴光华,
283,ROI2,Col3,78年10月1版1次64开,
283,ROI2,Col3,印数：20万定价：0.12元,
283,ROI2,Col3,市场交流价：,
283,ROI2,Col3,9品：20元,
283,ROI2,Col3,10品：40元,
283,ROI2,Col4,虎口夺盐,
283,ROI2,Col4,出版社：江西人民,
283,ROI2,Col4,改编：彭新争,
283,ROI2,Col4,绘画：戴光华,
283,ROI2,Col4,76年3月1版1次64开,
283,ROI2,Col4,印数：60万定价：0.13元,
283,ROI2,Col4,市场交流价：,
283,ROI2,Col4,9品：5元,
283,ROI2,Col4,10品：10元,
283,FOOTNOTE,,,《江西革命历史斗争》系列，出版时间跨渡较大，故难收集完整。经不完全统计，全部应在二十五种左右，仅供参考。
284,ROI1,Col1,女赤卫队员,
284,ROI1,Col1,出版社：江西人民,
284,ROI1,Col1,编文：王树华,
284,ROI1,Col1,绘画：罗干才,
284,ROI1,Col1,78年7月1版1次64开,
284,ROI1,Col1,印数：20万定价：0.13元,
284,ROI1,Col1,市场交流价：,
284,ROI1,Col1,9品：20元,
284,ROI1,Col1,10品：40元,
284,ROI1,Col2,捕狼记,
284,ROI1,Col2,出版社：江西人民,
284,ROI1,Col2,编文：王先艳,
284,ROI1,Col2,绘画：陆军,
284,ROI1,Col2,79年11月1版1次64开,
284,ROI1,Col2,印数：16万定价：0.11元,
284,ROI1,Col2,市场交流价：,
284,ROI1,Col2,9品：30元,
284,ROI1,Col2,10品：50元,
284,ROI1,Col3,南国烽烟,
284,ROI1,Col3,出版社：江西人民,
284,ROI1,Col3,编文：罗旋,
284,ROI1,Col3,绘画：刘世群等,
284,ROI1,Col3,80年6月1版1次64开,
284,ROI1,Col3,印数：10万定价：0.20元,
284,ROI1,Col3,市场交流价：,
284,ROI1,Col3,9品：10元,
284,ROI1,Col3,10品：20元,
284,ROI1,Col4,0,
284,ROI1,Col4,枪震古城,
284,ROI1,Col4,出版社：江西人民,
284,ROI1,Col4,编文：周崇坡,
284,ROI1,Col4,绘画：汤云鹤,
284,ROI1,Col4,77年12月1版1次64开,
284,ROI1,Col4,印数：50万定价：0.18元,
284,ROI1,Col4,市场交流价：,
284,ROI1,Col4,9品：5元,
284,ROI1,Col4,10品：10元,
284,ROI2,Col1,8,
284,ROI2,Col1,龙门暴动,
284,ROI2,Col1,出版社：江西人民,
284,ROI2,Col1,编文：胡启,
284,ROI2,Col1,绘画：罗干才,
284,ROI2,Col1,77年5月1版1次64开,
284,ROI2,Col1,印数：60万定价：0.18元,
284,ROI2,Col1,市场交流价：,
284,ROI2,Col1,9品：5元,
284,ROI2,Col1,10品：10元,
284,ROI2,Col2,铜豆子,
284,ROI2,Col2,出版社：江西人民,
284,ROI2,Col2,改编：邱恒聪,
284,ROI2,Col2,绘画：汤云鹤,
284,ROI2,Col2,79年12月1版1次64开,
284,ROI2,Col2,印数：10万定价：0.15元,
284,ROI2,Col2,市场交流价：,
284,ROI2,Col2,9品：25元,
284,ROI2,Col2,10品：50元,
284,ROI2,Col3,八一风暴,
284,ROI2,Col3,出版社：江西人民,
284,ROI2,Col3,编文：集体,
284,ROI2,Col3,绘画：集集,
284,ROI2,Col3,77年7月1版次64开,
284,ROI2,Col3,印数：40万定价：0.19元,
284,ROI2,Col3,市场交流价：,
284,ROI2,Col3,9品：15元,
284,ROI2,Col3,10品：30元,
284,ROI2,Col4,关东响马,
284,ROI2,Col4,出版社：湖南美术,
284,ROI2,Col4,编文：示珺冯源,
284,ROI2,Col4,绘画：杜春,
284,ROI2,Col4,87年6月1版次64开,
284,ROI2,Col4,印数：3.5万,
284,ROI2,Col4,市场交流价：,
284,ROI2,Col4,9品：30元（全套五册）,
284,ROI2,Col4,10品：50元,
285,ROI1,Col1,从水手到囚徒,
285,ROI1,Col1,出版社：辽宁美术,
285,ROI1,Col1,改编：西巩,
285,ROI1,Col1,绘画：胡克礼恽南平,
285,ROI1,Col1,81年5月1版1次64开,
285,ROI1,Col1,印数：75万定价：0.20元,
285,ROI1,Col1,市场交流价：,
285,ROI1,Col1,9品：8元,
285,ROI1,Col1,10品：15元,
285,ROI1,Col2,秘密窟的宝藏,
285,ROI1,Col2,出版社：辽宁美术,
285,ROI1,Col2,改编：丁巩,
285,ROI1,Col2,绘画：胡克礼恽南平,
285,ROI1,Col2,81年5月1版1次64开,
285,ROI1,Col2,印数：74.8万定价：0.22元,
285,ROI1,Col2,市场交流价：,
285,ROI1,Col2,9品：8元,
285,ROI1,Col2,10品：15元,
285,ROI1,Col3,罗马狂欢节,
285,ROI1,Col3,出版社：辽宁美术,
285,ROI1,Col3,改编：丁巩,
285,ROI1,Col3,绘画：胡克礼恽南平,
285,ROI1,Col3,81年8月1版1次64开,
285,ROI1,Col3,印数：19.5万定价：0.22元,
285,ROI1,Col3,市场交流价：,
285,ROI1,Col3,9品：20元,
285,ROI1,Col3,10品：30元,
285,ROI1,Col4,巴黎的恩怨,
285,ROI1,Col4,出版社：辽宁美术,
285,ROI1,Col4,改编：丁巩,
285,ROI1,Col4,绘画：胡克礼恽南平,
285,ROI1,Col4,81年8月1版1次64开,
285,ROI1,Col4,印数：44万定价：0.22元,
285,ROI1,Col4,市场交流价：,
285,ROI1,Col4,9品：15元,
285,ROI1,Col4,10品：25元,
285,ROI2,Col1,恐怖的晚餐会,
285,ROI2,Col1,出版社：辽宁美术,
285,ROI2,Col1,改编：丁巩,
285,ROI2,Col1,绘画：容淑铭,
285,ROI2,Col1,82年3月1版1次64开,
285,ROI2,Col1,印数：35.1万定价：0.22元,
285,ROI2,Col1,市场交流价：,
285,ROI2,Col1,9品：15元,
285,ROI2,Col1,10品：30元,
285,ROI2,Col2,两起谋杀案,
285,ROI2,Col2,出版社：辽宁美术,
285,ROI2,Col2,改编：丁巩,
285,ROI2,Col2,绘画：胡克礼恽南平,
285,ROI2,Col2,82年6月1版1次64开,
285,ROI2,Col2,印数：46.3万定价：0.23元,
285,ROI2,Col2,市场交流价：,
285,ROI2,Col2,9品：15元,
285,ROI2,Col2,10品：30元,
285,ROI2,Col3,决斗,
285,ROI2,Col3,出版社：辽宁美术,
285,ROI2,Col3,改编：丁巩,
285,ROI2,Col3,绘画：胡克礼恽南平,
285,ROI2,Col3,82年11月1版1次64开,
285,ROI2,Col3,印数：12.55万定价：0.22元,
285,ROI2,Col3,市场交流价：,
285,ROI2,Col3,9品：20元,
285,ROI2,Col3,10品：40元,
285,ROI2,Col4,少女的命运,
285,ROI2,Col4,出版社：辽宁美术,
285,ROI2,Col4,改编：丁巩,
285,ROI2,Col4,绘画：胡克礼恽南平,
285,ROI2,Col4,83年3月1版1次64开,
285,ROI2,Col4,印数：15.5万定价：0.22元,
285,ROI2,Col4,市场交流价：,
285,ROI2,Col4,9品：20元,
285,ROI2,Col4,10品：40元,
285,FOOTNOTE,,,、《基督山伯舜》辽美版，全套九册。
286,ROI1,Col1,复仇与宽恕,
286,ROI1,Col1,出版社：辽宁美术,
286,ROI1,Col1,改编：丁巩,
286,ROI1,Col1,绘画：胡克礼恽南平,
286,ROI1,Col1,83年9月1版1次64开,
286,ROI1,Col1,印数：17.4万定价：0.23元,
286,ROI1,Col1,市场交流价：,
286,ROI1,Col1,9品：20元,
286,ROI1,Col1,10品：40元,
286,ROI1,Col2,基度山伯爵(上),
286,ROI1,Col2,出版社：湖北人民,
286,ROI1,Col2,改编：沙铁军朱敏霞,
286,ROI1,Col2,绘画：刘希立,
286,ROI1,Col2,80年9月1版1次64开,
286,ROI1,Col2,印数：10万定价：0.28元,
286,ROI1,Col3,基度山伯爵(中),
286,ROI1,Col3,出版社：湖北人民,
286,ROI1,Col3,改编：沙铁军朱敏霞,
286,ROI1,Col3,绘画：刘希立,
286,ROI1,Col3,81年7月1版1次64开,
286,ROI1,Col3,印数：11.45万定价：0.29元,
286,ROI1,Col4,基度山伯爵(下),
286,ROI1,Col4,出版社：湖北人民,
286,ROI1,Col4,改编：沙铁军朱敏霞,
286,ROI1,Col4,绘画：刘希立方兴,
286,ROI1,Col4,82年11月1版1次64开,
286,ROI1,Col4,印数：5.52万定价：0.29元,
286,ROI1,Col4,市场交流价：,
286,ROI1,Col4,9品：100元（全三册）,
286,ROI1,Col4,10品：180元,
286,ROI2,Col1,基度山恩仇记(一),
286,ROI2,Col1,出版社：安徽人民,
286,ROI2,Col1,改编：李大发,
286,ROI2,Col1,绘画：孙愚,
286,ROI2,Col1,80年10月1版1次64开,
286,ROI2,Col1,印数：未详定价：0.36元,
286,ROI2,Col2,基度山恩仇记(二),
286,ROI2,Col2,出版社：安徽人民,
286,ROI2,Col2,改编：李大发,
286,ROI2,Col2,绘画：孙愚,
286,ROI2,Col2,81年5月1版1次64开,
286,ROI2,Col2,印数：未详定价：0.30元,
286,ROI2,Col2,市场交流价：,
286,ROI2,Col2,9品：60元（全二册）,
286,ROI2,Col2,10品：100元,
286,ROI2,Col3,基度山恩仇记(五),
286,ROI2,Col3,出版社：江苏人民,
286,ROI2,Col3,改编：苗杰,
286,ROI2,Col3,绘画：袁峰,
286,ROI2,Col3,81年12月1版1次64开,
286,ROI2,Col3,印数：42.57万定价：0.19元,
286,ROI2,Col3,市场交流价：,
286,ROI2,Col3,9品：70元（全套）,
286,ROI2,Col3,10品：120元,
286,ROI2,Col4,人猿泰山,
286,ROI2,Col4,出版社：浙江人民美术,
286,ROI2,Col4,改编：吴山晓文,
286,ROI2,Col4,绘画：黄云松等,
286,ROI2,Col4,85年11月1版1次64开,
286,ROI2,Col4,印数：10万,
286,ROI2,Col4,市场交流价：,
286,ROI2,Col4,9品：60元（全套八册）,
286,ROI2,Col4,10品：100元,
286,FOOTNOTE,,,席山因仇记》
286,FOOTNOTE,,,安徽版
286,FOOTNOTE,,,仅出版第一
286,FOOTNOTE,,,册二
286,FOOTNOTE,,,较之一般64开水
286,FOOTNOTE,,,开本特别
287,ROI1,Col1,伯尔斯通的悲剧,
287,ROI1,Col1,出版社：朝花美术,
287,ROI1,Col1,改编：赵福全,
287,ROI1,Col1,绘画：刘宜,
287,ROI1,Col1,85年5月1版1次64开,
287,ROI1,Col1,印数：10万定价：0.35元,
287,ROI1,Col1,市场交流价：,
287,ROI1,Col1,9品：8元,
287,ROI1,Col1,10品：15元,
287,ROI1,Col2,花斑索命带,
287,ROI1,Col2,出版社：岭南美术,
287,ROI1,Col2,改编：吴文焕,
287,ROI1,Col2,绘画：潘鸿海刘小平,
287,ROI1,Col2,82年1月1版1次64开,
287,ROI1,Col2,印数：未详定价：0.20元,
287,ROI1,Col2,市场交流价：,
287,ROI1,Col2,9品：5元,
287,ROI1,Col2,10品：10元,
287,ROI1,Col3,血字的研字,
287,ROI1,Col3,出版社：吉林人民,
287,ROI1,Col3,改编：刘笑,
287,ROI1,Col3,绘画：陈长贵,
287,ROI1,Col3,81年6月1版1次64开,
287,ROI1,Col3,印数：63.142万定价：0.18元,
287,ROI1,Col3,市场交流价：,
287,ROI1,Col3,9品：5元,
287,ROI1,Col3,10品：8元,
287,ROI1,Col4,大侦探福尔摩斯（五）,
287,ROI1,Col4,出版社：中国民间文艺,
287,ROI1,Col4,改编：汪爱珠,
287,ROI1,Col4,绘画：郑波,
287,ROI1,Col4,85年4月1版1次64开,
287,ROI1,Col4,印数：未详定价：0.28元,
287,ROI1,Col4,市场交流价：,
287,ROI1,Col4,9品：5元,
287,ROI1,Col4,10品：8元,
287,ROI2,Col1,血字的研究,
287,ROI2,Col1,出版社：江苏人民,
287,ROI2,Col1,改编：李敏媛孙剑影,
287,ROI2,Col1,绘画：杨晓晖,
287,ROI2,Col1,81年11月1版1次64开,
287,ROI2,Col1,印数：96万定价：0.19元,
287,ROI2,Col1,市场交流价：,
287,ROI2,Col1,9品：5元,
287,ROI2,Col1,10品：10元,
287,ROI2,Col2,巴斯克维尔的猎犬,
287,ROI2,Col2,出版社：四川人民,
287,ROI2,Col2,改编：张世恭,
287,ROI2,Col2,绘画：张文永,
287,ROI2,Col2,81年3月1版1次64开,
287,ROI2,Col2,印数：45.5万定价：0.26元,
287,ROI2,Col2,市场交流价：,
287,ROI2,Col2,9品：15元,
287,ROI2,Col2,10品：25元,
287,ROI2,Col3,巴斯克维尔的猎犬,
287,ROI2,Col3,出版社：浙江人民美术,
287,ROI2,Col3,改编：韩幼文,
287,ROI2,Col3,绘画：黄云松,
287,ROI2,Col3,79年9月1版1次64开,
287,ROI2,Col3,印数：110万定价：0.17元,
287,ROI2,Col3,市场交流价：,
287,ROI2,Col3,9品：5元,
287,ROI2,Col3,10品：10元,
287,ROI2,Col4,巴斯克维尔的猎犬,
287,ROI2,Col4,出版社：云南人民,
287,ROI2,Col4,编文：汪援越,
287,ROI2,Col4,绘画：叶雄洪钟奇,
287,ROI2,Col4,98年3月1版1次64开,
287,ROI2,Col4,印数：11万定价：5.70元,
287,ROI2,Col4,市场交流价：,
287,ROI2,Col4,9品：15元,
287,ROI2,Col4,10品：30元,
288,ROI1,Col1,卡尔曼,
288,ROI1,Col1,出版社：天津人民美术,
288,ROI1,Col1,改编：王文韶,
288,ROI1,Col1,绘画：杨逸麟,
288,ROI1,Col1,81年11月1版1次64开,
288,ROI1,Col1,印数：18.1万定价：0.20元,
288,ROI1,Col1,市场交流价：,
288,ROI1,Col1,9品：15元,
288,ROI1,Col1,10品：25元,
288,ROI1,Col2,西孟的爸爸,
288,ROI1,Col2,出版社：天津人民美术,
288,ROI1,Col2,改编：韩旭,
288,ROI1,Col2,绘画：张美玲,
288,ROI1,Col2,84年6月1版1次64开,
288,ROI1,Col2,印数：17.3万定价：0.17元,
288,ROI1,Col2,市场交流价：,
288,ROI1,Col2,9品：10元,
288,ROI1,Col2,10品：20元,
288,ROI1,Col3,夜总会上,
288,ROI1,Col3,出版社：天津人民美术,
288,ROI1,Col3,改编：刘亚君 ,
288,ROI1,Col3,绘画：杨逸麟,
288,ROI1,Col3,81年1月1版1次64开,
288,ROI1,Col3,印数：17.5万 定价：0.10元,
288,ROI1,Col3,市场交流价：,
288,ROI1,Col3,9品：10元,
288,ROI1,Col3,10品：20元,
288,ROI1,Col4,复活,
288,ROI1,Col4,出版社：天津人民美术,
288,ROI1,Col4,改编：陈玉刚,
288,ROI1,Col4,绘画：颜铁良,
288,ROI1,Col4,83年6月1版1次64开,
288,ROI1,Col4,印数：26.69万定价：0.25,
288,ROI1,Col4,市场交流价：,
288,ROI1,Col4,9品：15元,
288,ROI1,Col4,10品：30元,
288,ROI2,Col1,蝮蛇,
288,ROI2,Col1,出版社：天津人民美术,
288,ROI2,Col1,改编：国磊兴,
288,ROI2,Col1,绘画：曹勇,
288,ROI2,Col1,85年1月1版1次64开,
288,ROI2,Col1,印数：32.02万定价：0.30元,
288,ROI2,Col1,市场交流价：,
288,ROI2,Col1,9品：15元,
288,ROI2,Col1,10品：30元,
288,ROI2,Col2,夏倍上校,
288,ROI2,Col2,出版社：天津人民美术,
288,ROI2,Col2,改编：刘颖,
288,ROI2,Col2,绘画：徐友声,
288,ROI2,Col2,85年7月1版1次60开,
288,ROI2,Col2,印数：16.76万定价：0.30元,
288,ROI2,Col2,市场交流价：,
288,ROI2,Col2,9品：15元,
288,ROI2,Col2,10品：30元,
288,ROI2,Col3,项链,
288,ROI2,Col3,出版社：天津人民美术,
288,ROI2,Col3,改编：韩旭,
288,ROI2,Col3,绘画：高燕谭晓春,
288,ROI2,Col3,84年7月1版1次64开,
288,ROI2,Col3,印数：14.5万定价：0.16元,
288,ROI2,Col3,市场交流价：,
288,ROI2,Col3,9品：20元,
288,ROI2,Col3,10品：30元,
288,ROI2,Col4,毁灭,
288,ROI2,Col4,出版社：天津人民美术,
288,ROI2,Col4,改编：水世戴,
288,ROI2,Col4,绘画：董福章,
288,ROI2,Col4,80年10月1版1次64开,
288,ROI2,Col4,印数：21万定价：0.23元,
288,ROI2,Col4,市场交流价：,
288,ROI2,Col4,9品：15元,
288,ROI2,Col4,10品：30元,
288,FOOTNOTE,,,、《外国文学名著》天津版，共二十六种二十七册。其中《钦差大臣》、《伪君子》《上尉的女儿》最为少见。
289,ROI1,Col1,上尉的女儿,
289,ROI1,Col1,出版社：天津人民美术,
289,ROI1,Col1,改编：孙锦常,
289,ROI1,Col1,绘画：杨恺力 杨逸麟,
289,ROI1,Col1,84年9月1版1次64开,
289,ROI1,Col1,印数：14.6万定价：0.34元,
289,ROI1,Col1,市场交流价：,
289,ROI1,Col1,9品：25元,
289,ROI1,Col1,10品：50元,
289,ROI1,Col2,羊脂球,
289,ROI1,Col2,出版社：天津人民美术,
289,ROI1,Col2,改编：韩旭,
289,ROI1,Col2,绘画：王肇达,
289,ROI1,Col2,82年8月1版1次64开,
289,ROI1,Col2,印数：35.1万定价：0.15元,
289,ROI1,Col2,市场交流价：,
289,ROI1,Col2,9品：10元,
289,ROI1,Col2,10品：15元,
289,ROI1,Col3,沙恭达罗,
289,ROI1,Col3,出版社：天津人民美术,
289,ROI1,Col3,改编：徐礼娴,
289,ROI1,Col3,绘画：韩书力,
289,ROI1,Col3,83年8月1版1次64开,
289,ROI1,Col3,印数：19.4万定价：0.18元,
289,ROI1,Col3,市场交流价：,
289,ROI1,Col3,9品：20元,
289,ROI1,Col3,10品：40元,
289,ROI1,Col4,俘虏,
289,ROI1,Col4,出版社：天津人民美术,
289,ROI1,Col4,改编：韩旭,
289,ROI1,Col4,绘画：李永文,
289,ROI1,Col4,82年3月1版1次64开,
289,ROI1,Col4,印数：53.9万定价：0.14元,
289,ROI1,Col4,市场交流价：,
289,ROI1,Col4,9品：10元,
289,ROI1,Col4,10品：15元,
289,ROI2,Col1,伪君子,
289,ROI2,Col1,出版社：天津人民美术,
289,ROI2,Col1,改编：庄宏安,
289,ROI2,Col1,绘画：杨逸麟 杨恺力,
289,ROI2,Col1,82年3月1版1次64开,
289,ROI2,Col1,印数：10万定价：0.20元,
289,ROI2,Col1,市场交流价：,
289,ROI2,Col1,9品：35元,
289,ROI2,Col1,10品：60元,
289,ROI2,Col2,跳来跳去的女人,
289,ROI2,Col2,出版社：天津人民美术,
289,ROI2,Col2,改编：魏世刚,
289,ROI2,Col2,绘画：赵隆义孙愚,
289,ROI2,Col2,84年2月1版1次64开,
289,ROI2,Col2,印数：33.85万定价：0.13元,
289,ROI2,Col2,市场交流价：,
289,ROI2,Col2,9品：5元,
289,ROI2,Col2,10品：10元,
289,ROI2,Col3,母亲,
289,ROI2,Col3,出版社：天津人民美术,
289,ROI2,Col3,改编：袁玮大,
289,ROI2,Col3,绘画：罗兴,
289,ROI2,Col3,82年11月1版1次64开,
289,ROI2,Col3,印数：10.1万定价：0.23元,
289,ROI2,Col3,市场交流价：,
289,ROI2,Col3,9品：20元,
289,ROI2,Col3,10品：40元,
289,ROI2,Col4,阴谋与爱情,
289,ROI2,Col4,出版社：天津人民美术,
289,ROI2,Col4,改编：江浚,
289,ROI2,Col4,绘画：谭晓春,
289,ROI2,Col4,84年5月1版1次64开,
289,ROI2,Col4,印数：25万定价：0.21元,
289,ROI2,Col4,市场交流价：,
289,ROI2,Col4,9品：20元,
289,ROI2,Col4,10品：40元,
290,ROI1,Col1,巴黎圣母院,
290,ROI1,Col1,出版社：天津人民美术,
290,ROI1,Col1,改编：何青,
290,ROI1,Col1,绘画：杨逸麟,
290,ROI1,Col1,80年2月1版1次64开,
290,ROI1,Col1,印数：55万定价：0.26元,
290,ROI1,Col1,市场交流价：,
290,ROI1,Col1,9品： 元,
290,ROI1,Col1,10品： 元,
290,ROI1,Col2,法妮娜·法尼尼,
290,ROI1,Col2,出版社：天津人民美术,
290,ROI1,Col2,改编：詹岱尔,
290,ROI1,Col2,绘画：陆世斌,
290,ROI1,Col2,83年6月1版1次64开,
290,ROI1,Col2,印数：15.797万定价：0.11元,
290,ROI1,Col2,市场交流价：,
290,ROI1,Col2,9品：10元,
290,ROI1,Col2,10品：20元,
290,ROI1,Col3,断手人,
290,ROI1,Col3,出版社：天津人民美术,
290,ROI1,Col3,改编：王东,
290,ROI1,Col3,绘画：王秉龙,
290,ROI1,Col3,84年4月1版1次64开,
290,ROI1,Col3,印数：31.6万定价：0.15元,
290,ROI1,Col3,市场交流价：,
290,ROI1,Col3,9品：10元,
290,ROI1,Col3,10品：20元,
290,ROI1,Col4,黑郁金香,
290,ROI1,Col4,出版社：天津人民美术,
290,ROI1,Col4,改编：阎为民,
290,ROI1,Col4,绘画：管齐骏,
290,ROI1,Col4,83年5月1版1次64开,
290,ROI1,Col4,印数：18.7万定价：0.16元,
290,ROI1,Col4,市场交流价：,
290,ROI1,Col4,9品：10元,
290,ROI1,Col4,10品：20元,
290,ROI2,Col1,威尼斯商人,
290,ROI2,Col1,出版社：天津人民美术,
290,ROI2,Col1,改编：王汝兰,
290,ROI2,Col1,绘画：张美玲高责生,
290,ROI2,Col1,83年5月1版1次64开,
290,ROI2,Col1,印数：5.427万定价：0.16元,
290,ROI2,Col1,市场交流价：,
290,ROI2,Col1,9品：20元,
290,ROI2,Col1,10品：40元,
290,ROI2,Col2,木木,
290,ROI2,Col2,出版社：天津人民美术,
290,ROI2,Col2,改编：虹光,
290,ROI2,Col2,绘画：沈汉武,
290,ROI2,Col2,81年3月1版1次64开,
290,ROI2,Col2,印数：10.2万定价：0.11元,
290,ROI2,Col2,市场交流价：,
290,ROI2,Col2,9品：15元,
290,ROI2,Col2,10品：30元,
290,ROI2,Col3,钦差大臣,
290,ROI2,Col3,出版社：天津人民美术,
290,ROI2,Col3,改编：章晶,
290,ROI2,Col3,绘画：邓柯,
290,ROI2,Col3,84年4月1版1次64开,
290,ROI2,Col3,印数：10.4万定价：0.24元,
290,ROI2,Col3,市场交流价：,
290,ROI2,Col3,9品：40元,
290,ROI2,Col3,10品：80元,
290,ROI2,Col4,驿站长,
290,ROI2,Col4,出版社：天津人民美术,
290,ROI2,Col4,改编：贾克刚,
290,ROI2,Col4,绘画：张安武,
290,ROI2,Col4,81年2月1版1次64开,
290,ROI2,Col4,印数：14万定价：0.11元,
290,ROI2,Col4,市场交流价：,
290,ROI2,Col4,9品：40元,
290,ROI2,Col4,10品：80元,
291,ROI1,Col1,九三年（上）,
291,ROI1,Col1,出版社：天津人民美术,
291,ROI1,Col1,改编：赵侃,
291,ROI1,Col1,绘画：杨逸麟,
291,ROI1,Col1,81年8月1版1次64开,
291,ROI1,Col1,印数：63万定价：0.20元,
291,ROI1,Col1,市场交流价：,
291,ROI1,Col1,9品：15元（全二册）,
291,ROI1,Col1,10品：30元,
291,ROI1,Col2,三剑客,
291,ROI1,Col2,出版社：黑龙江美术,
291,ROI1,Col2,改编：唯青,
291,ROI1,Col2,绘画：黄永松,
291,ROI1,Col2,85年2月1版1次64开,
291,ROI1,Col2,印数：37.52万定价：0.34元,
291,ROI1,Col2,市场交流价：,
291,ROI1,Col2,9品：30元（全三册）,
291,ROI1,Col2,10品：60元,
291,ROI1,Col3,林肯,
291,ROI1,Col3,出版社：人民美术,
291,ROI1,Col3,改编：周嘉华,
291,ROI1,Col3,绘画：汪晓曙,
291,ROI1,Col3,85年2月1版1次64开,
291,ROI1,Col3,印数：5万定价：0.46元,
291,ROI1,Col3,市场交流价：,
291,ROI1,Col3,9品：30元,
291,ROI1,Col3,10品：60元,
291,ROI1,Col4,拿破仑传,
291,ROI1,Col4,出版社：人民美术,
291,ROI1,Col4,改编：王一宁,
291,ROI1,Col4,绘画：雷德祖 雷似祖,
291,ROI1,Col4,83年9月1版1次64开,
291,ROI1,Col4,印数：30万定价：0.31元,
291,ROI1,Col4,市场交流价：,
291,ROI1,Col4,9品：20元,
291,ROI1,Col4,10品：35元,
291,ROI2,Col1,钦差大臣,
291,ROI2,Col1,出版社：上海人民美术,
291,ROI2,Col1,改编：褚伯承,
291,ROI2,Col1,绘画：田大军,
291,ROI2,Col1,82年8月1版1次64开,
291,ROI2,Col1,印数：26万定价：0.19元,
291,ROI2,Col1,市场交流价：,
291,ROI2,Col1,9品：30元,
291,ROI2,Col1,10品：50元,
291,ROI2,Col2,欧罗巴,
291,ROI2,Col2,出版社：上海人民美术,
291,ROI2,Col2,改编：王克恩,
291,ROI2,Col2,绘画：王伟民,
291,ROI2,Col2,85年12月1版1次64开,
291,ROI2,Col2,印数：1.47万定价：0.18元,
291,ROI2,Col2,市场交流价：,
291,ROI2,Col2,9品：30元,
291,ROI2,Col2,10品：60元,
291,ROI2,Col3,市长的报应,
291,ROI2,Col3,出版社：岭南美术,
291,ROI2,Col3,改编：周金灼,
291,ROI2,Col3,绘画：黄增立,
291,ROI2,Col3,84年6月1版1次64开,
291,ROI2,Col3,印数：50.66万定价：0.22元,
291,ROI2,Col3,市场交流价：,
291,ROI2,Col3,9品：5元,
291,ROI2,Col3,10品：10元,
291,ROI2,Col4,寻找快活幸福的人,
291,ROI2,Col4,出版社：岭南美术,
291,ROI2,Col4,改编：余蜀,
291,ROI2,Col4,绘画：林滨帆,
291,ROI2,Col4,84年9月1版1次64开,
291,ROI2,Col4,印数：32.36万定价：0.28元,
291,ROI2,Col4,市场交流价：,
291,ROI2,Col4,9品：8元,
291,ROI2,Col4,10品：15元,
291,FOOTNOTE,,,《欧罗巴》是上美版，“希腊神话”
291,FOOTNOTE,,,印量极少
291,FOOTNOTE,,,套书之筋
292,ROI1,Col1,斯巴达克思,
292,ROI1,Col1,出版社：黑龙江人民,
292,ROI1,Col1,改编：吴一声,
292,ROI1,Col1,绘画：柳公和,
292,ROI1,Col1,80年8月1版1次64开,
292,ROI1,Col1,印数：13万定价：0.24元,
292,ROI1,Col1,市场交流价：,
292,ROI1,Col1,9品：20元,
292,ROI1,Col1,10品：40元,
292,ROI1,Col2,斯巴达克思（二）,
292,ROI1,Col2,出版社：广西人民,
292,ROI1,Col2,改编：李宝靖,
292,ROI1,Col2,绘画：雷德祖,
292,ROI1,Col2,80年6月1版1次64开,
292,ROI1,Col2,印数：27.25万定价：0.23元,
292,ROI1,Col3,斯巴达克思（三）,
292,ROI1,Col3,出版社：广西人民,
292,ROI1,Col3,改编：李宝靖,
292,ROI1,Col3,绘画：雷德祖,
292,ROI1,Col3,81年4月1版1次64开,
292,ROI1,Col3,印数：43万定价：0.20元,
292,ROI1,Col4,斯巴达克思（四）,
292,ROI1,Col4,出版社：广西人民,
292,ROI1,Col4,改编：李宝靖,
292,ROI1,Col4,绘画：雷德祖,
292,ROI1,Col4,82年5月1版1次64开,
292,ROI1,Col4,印数：23.05万定价：0.31元,
292,ROI1,Col4,市场交流价：,
292,ROI1,Col4,9品：100元（全四册）,
292,ROI1,Col4,10品：150元,
292,ROI2,Col1,斯巴达克思,
292,ROI2,Col1,出版社：浙江人民,
292,ROI2,Col1,编文：马丛文杭景秋,
292,ROI2,Col1,绘画：郑毓敏,
292,ROI2,Col1,79年9月1版1次64开,
292,ROI2,Col1,印数：70万定价：0.14元,
292,ROI2,Col1,市场交流价：,
292,ROI2,Col1,9品：8元,
292,ROI2,Col1,10品：15元,
292,ROI2,Col2,阿耳戈英雄历险记,
292,ROI2,Col2,出版社：天津人民美术,
292,ROI2,Col2,改编：陈国英,
292,ROI2,Col2,绘画：庞邦本,
292,ROI2,Col2,84年6月1版1次64开,
292,ROI2,Col2,印数：23.53万定价：0.26元,
292,ROI2,Col2,市场交流价：,
292,ROI2,Col2,9品：10元,
292,ROI2,Col2,10品：20元,
292,ROI2,Col3,忒修斯的故事,
292,ROI2,Col3,出版社：天津人民美术,
292,ROI2,Col3,改编：小戈,
292,ROI2,Col3,绘画：徐锡林,
292,ROI2,Col3,84年3月1版1次64开,
292,ROI2,Col3,印数：18.3万定价：0.19元,
292,ROI2,Col3,市场交流价：,
292,ROI2,Col3,9品：15元,
292,ROI2,Col3,10品：30元,
292,ROI2,Col4,伊里亚特,
292,ROI2,Col4,出版社：天津人民美术,
292,ROI2,Col4,编文：沈尧定,
292,ROI2,Col4,绘画：张胜,
292,ROI2,Col4,83年6月1版1次64开,
292,ROI2,Col4,印数：20.49万定价：0.25元,
292,ROI2,Col4,市场交流价：,
292,ROI2,Col4,9品：15元,
292,ROI2,Col4,10品：30元,
292,FOOTNOTE,,,《斯巴达克思》广西人民版，全四册。其中第四册最少。
292,FOOTNOTE,,,F用达克思》浙江版
292,FOOTNOTE,,,仅出版上册
292,FOOTNOTE,,,共出版五册
292,FOOTNOTE,,,天津版
292,FOOTNOTE,,,/杀腊神话
293,ROI1,Col1,无事生非,
293,ROI1,Col1,出版社：上海人民美术,
293,ROI1,Col1,改编：褚伯承,
293,ROI1,Col1,绘画：姜荣根,
293,ROI1,Col1,84年5月1版1次64开,
293,ROI1,Col1,印数：24.6万定价：0.22元,
293,ROI1,Col1,市场交流价：,
293,ROI1,Col1,9品：5元,
293,ROI1,Col1,10品：10元,
293,ROI1,Col2,李尔王,
293,ROI1,Col2,出版社：上海人民美术,
293,ROI1,Col2,改编：李白英,
293,ROI1,Col2,绘画：江云,
293,ROI1,Col2,82年3月1版1次64开,
293,ROI1,Col2,印数：70万定价：0.21元,
293,ROI1,Col2,市场交流价：,
293,ROI1,Col2,9品：5元,
293,ROI1,Col2,10品：10元,
293,ROI1,Col3,我的大学,
293,ROI1,Col3,出版社：上海人民美术,
293,ROI1,Col3,改编：冯若梅,
293,ROI1,Col3,绘画：贝家骧,
293,ROI1,Col3,81年11月1版1次64开,
293,ROI1,Col3,印数：49万定价：0.31元,
293,ROI1,Col3,市场交流价：,
293,ROI1,Col3,9品：60元（全三册）,
293,ROI1,Col3,10品：100元,
293,ROI1,Col4,0,
293,ROI1,Col4,童年,
293,ROI1,Col4,出版社：人民美术,
293,ROI1,Col4,改编：集体,
293,ROI1,Col4,绘画：董洪元,
293,ROI1,Col4,72年9月2版3次60开,
293,ROI1,Col4,印数：未详定价：0.14元,
293,ROI1,Col4,市场交流价：,
293,ROI1,Col4,9品：30元（全三册）,
293,ROI1,Col4,10品：60元,
293,ROI2,Col1,大卫·科波菲尔,
293,ROI2,Col1,出版社：上海人民美术,
293,ROI2,Col1,改编：范若由,
293,ROI2,Col1,绘画：徐学初,
293,ROI2,Col1,83年9月1版1次64开,
293,ROI2,Col1,印数：25.3万定价：0.20元,
293,ROI2,Col1,市场交流价：,
293,ROI2,Col1,9品：30元（全三册）,
293,ROI2,Col1,10品：60元,
293,ROI2,Col2,战争与和平,
293,ROI2,Col2,出版社：河南美术,
293,ROI2,Col2,改编：王国忠,
293,ROI2,Col2,绘画：许明耀,
293,ROI2,Col2,市场交流价：,
293,ROI2,Col2,9品：50元（全套）,
293,ROI2,Col2,10品：80元,
293,ROI2,Col3,战争与和平,
293,ROI2,Col3,出版社：浙江人民美术,
293,ROI2,Col3,改编：管白宇,
293,ROI2,Col3,绘画：黄云松,
293,ROI2,Col3,83年1月1版1次64开,
293,ROI2,Col3,印数：36万定价：0.23元,
293,ROI2,Col3,市场交流价：,
293,ROI2,Col3,9品：40元（全三册）,
293,ROI2,Col3,10品：70元,
293,ROI2,Col4,战争风云,
293,ROI2,Col4,出版社：朝花美术,
293,ROI2,Col4,改编：冀风,
293,ROI2,Col4,绘画：吴安,
293,ROI2,Col4,85年5月1版1次64开,
293,ROI2,Col4,印数：22万定价：0.35元,
293,ROI2,Col4,市场交流价：,
293,ROI2,Col4,9品：40元（全八册）,
293,ROI2,Col4,10品：60元,
294,ROI1,Col1,罗蒙诺索夫,
294,ROI1,Col1,出版社：江西人民,
294,ROI1,Col1,编文：王丽英,
294,ROI1,Col1,绘画：江云,
294,ROI1,Col1,83年12月1版1次64开,
294,ROI1,Col1,印数：3.28万定价：0.20元,
294,ROI1,Col1,市场交流价：,
294,ROI1,Col1,9品：10元,
294,ROI1,Col1,10品：20元,
294,ROI1,Col2,探险家,
294,ROI1,Col2,出版社：江西人民,
294,ROI1,Col2,编文：康文明,
294,ROI1,Col2,绘画：钟莲生,
294,ROI1,Col2,85年2月1版1次64开,
294,ROI1,Col2,印数：4.78万定价：0.30元,
294,ROI1,Col2,市场交流价：,
294,ROI1,Col2,9品：15元,
294,ROI1,Col2,10品：20元,
294,ROI1,Col3,诗人涅克拉索夫,
294,ROI1,Col3,出版社：江西人民,
294,ROI1,Col3,编文：沈和年等,
294,ROI1,Col3,绘画：刘希立,
294,ROI1,Col3,84年4月1版1次64开,
294,ROI1,Col3,印数：2.7万定价：0.13元,
294,ROI1,Col3,市场交流价：,
294,ROI1,Col3,9品：20元,
294,ROI1,Col3,10品：30元,
294,ROI1,Col4,数学神童一高斯,
294,ROI1,Col4,出版社：江西人民,
294,ROI1,Col4,编文：李洛漠顾锡宁,
294,ROI1,Col4,绘画：史俊吴吉仁,
294,ROI1,Col4,85年2月1版1次64开,
294,ROI1,Col4,印数：3.63万定价：0.20元,
294,ROI1,Col4,市场交流价：,
294,ROI1,Col4,9品：15元,
294,ROI1,Col4,10品：30元,
294,ROI2,Col1,杰克·伦敦,
294,ROI2,Col1,出版社：江苏人民,
294,ROI2,Col1,编文：樊培绪,
294,ROI2,Col1,绘画：陈守义,
294,ROI2,Col1,83年4月1版1次64开,
294,ROI2,Col1,印数：2.6万定价：0.21元,
294,ROI2,Col1,市场交流价：,
294,ROI2,Col1,9品：20元,
294,ROI2,Col1,10品：50元,
294,ROI2,Col2,普希金,
294,ROI2,Col2,出版社：江苏人民,
294,ROI2,Col2,编文：叶明波宁,
294,ROI2,Col2,绘画：邬烈炎,
294,ROI2,Col2,83年1月1版1次64开,
294,ROI2,Col2,印数：5.07万定价：0.15元,
294,ROI2,Col2,市场交流价：,
294,ROI2,Col2,9品：25元,
294,ROI2,Col2,10品：40元,
294,ROI2,Col3,列·托尔斯泰,
294,ROI2,Col3,出版社：江苏美术,
294,ROI2,Col3,编文：文荔,
294,ROI2,Col3,绘画：顾乐夫,
294,ROI2,Col3,85年2月1版1次64开,
294,ROI2,Col3,印数：3.9万定价：0.39元,
294,ROI2,Col3,市场交流价：,
294,ROI2,Col3,9品：20元,
294,ROI2,Col3,10品：40元,
294,ROI2,Col4,中国古人勤学的故事,
294,ROI2,Col4,出版社：长江文艺,
294,ROI2,Col4,改编：陈志远,
294,ROI2,Col4,绘画：李井涛,
294,ROI2,Col4,84年4月1版1次64开,
294,ROI2,Col4,印数：8.3万定价：0.31元,
294,ROI2,Col4,市场交流价：,
294,ROI2,Col4,9品：10元,
294,ROI2,Col4,10品：20元,
294,FOOTNOTE,,,《名人近少年故事》江西版，一般均少见，出版品种的确切数字未知。
294,FOOTNOTE,,,《外国文学家的故事》江苏版
294,FOOTNOTE,,,另有一种
294,FOOTNOTE,,,较名贝
294,FOOTNOTE,,,/田尔支
295,ROI1,Col1,火烧迦太基,
295,ROI1,Col1,出版社：海洋,
295,ROI1,Col1,改编：雪迎,
295,ROI1,Col1,绘画：徐锡林,
295,ROI1,Col1,85年6月1版1次64开,
295,ROI1,Col1,印数：未详定价：0.30元,
295,ROI1,Col1,市场交流价：,
295,ROI1,Col1,9品：15元,
295,ROI1,Col1,10品：20元,
295,ROI1,Col2,王牌艇长的覆灭,
295,ROI1,Col2,出版社：海洋,
295,ROI1,Col2,改编：白岩峰,
295,ROI1,Col2,绘画：陶欣,
295,ROI1,Col2,85年3月1版1次64开,
295,ROI1,Col2,印数：未详定价：0.15元,
295,ROI1,Col2,市场交流价：,
295,ROI1,Col2,9品：8元,
295,ROI1,Col2,10品：15元,
295,ROI1,Col3,击沉阿锡尼亚号,
295,ROI1,Col3,出版社：海洋,
295,ROI1,Col3,改编：黄明鲁,
295,ROI1,Col3,绘画：张宏葆,
295,ROI1,Col3,85年3月1版1次64开,
295,ROI1,Col3,印数：未详定价：0.15元,
295,ROI1,Col3,市场交流价：,
295,ROI1,Col3,9品：8元,
295,ROI1,Col3,10品：15元,
295,ROI1,Col4,英荷海战,
295,ROI1,Col4,出版社：海洋,
295,ROI1,Col4,改编：王流,
295,ROI1,Col4,绘画：韩明智,
295,ROI1,Col4,85年3月1版1次64开,
295,ROI1,Col4,印数：未详定价：0.30元,
295,ROI1,Col4,市场交流价：,
295,ROI1,Col4,9品：5元,
295,ROI1,Col4,10品：10元,
295,ROI2,Col1,日俄大海战,
295,ROI2,Col1,出版社：海洋,
295,ROI2,Col1,改编：鲁燕,
295,ROI2,Col1,绘画：马坚,
295,ROI2,Col1,85年3月1版1次64开,
295,ROI2,Col1,印数：未详定价：0.25元,
295,ROI2,Col1,市场交流价：,
295,ROI2,Col1,9品：8元,
295,ROI2,Col1,10品：15元,
295,ROI2,Col2,攻击塔兰托,
295,ROI2,Col2,出版社：海洋,
295,ROI2,Col2,改编：宛翊,
295,ROI2,Col2,绘画：李鸣鸣,
295,ROI2,Col2,85年3月1版1次64开,
295,ROI2,Col2,印数：未详定价：0.20元,
295,ROI2,Col2,市场交流价：,
295,ROI2,Col2,9品：10元,
295,ROI2,Col2,10品：20元,
295,ROI2,Col3,抗击海盗的印第安人,
295,ROI2,Col3,出版社：海洋,
295,ROI2,Col3,改编：李德恩,
295,ROI2,Col3,绘画：晓可,
295,ROI2,Col3,85年2月1版1次64开,
295,ROI2,Col3,印数：未详定价：0.40元,
295,ROI2,Col3,市场交流价：,
295,ROI2,Col3,9品：8元,
295,ROI2,Col3,10品：20元,
295,ROI2,Col4,塞万提斯与勒邦德海战,
295,ROI2,Col4,出版社：海洋,
295,ROI2,Col4,改编：李恩德,
295,ROI2,Col4,绘画：埃·蒂略斯,
295,ROI2,Col4,84年2月1版1次60开,
295,ROI2,Col4,印数：未详定价：0.45元,
295,ROI2,Col4,市场交流价：,
295,ROI2,Col4,9品：20元,
295,ROI2,Col4,10品：40元,
295,FOOTNOTE,,,《外国海战故事》全套十六种。
296,ROI1,Col1,神腿,
296,ROI1,Col1,出版社：人民体育,
296,ROI1,Col1,改编：姚玉霞石友权,
296,ROI1,Col1,绘画：姜吉维等,
296,ROI1,Col1,84年9月1版1次64开,
296,ROI1,Col1,印数：117万定价：0.32元,
296,ROI1,Col1,市场交流价：,
296,ROI1,Col1,9品：5元,
296,ROI1,Col1,10品：15元,
296,ROI1,Col2,明天就要决赛,
296,ROI1,Col2,出版社：人民体育,
296,ROI1,Col2,改编：陆刃,
296,ROI1,Col2,绘画：舒少华,
296,ROI1,Col2,83年3月1版1次64开,
296,ROI1,Col2,印数：14.6万定价：0.22元,
296,ROI1,Col2,市场交流价：,
296,ROI1,Col2,9品：15元,
296,ROI1,Col2,10品：30元,
296,ROI1,Col3,铁脚女中锋,
296,ROI1,Col3,出版社：人民体育,
296,ROI1,Col3,编文：庄之明,
296,ROI1,Col3,绘画：王金泰,
296,ROI1,Col3,84年7月1版1次64开,
296,ROI1,Col3,印数：21.7万定价：0.19元,
296,ROI1,Col3,市场交流价：,
296,ROI1,Col3,9品：10元,
296,ROI1,Col3,10品：20元,
296,ROI1,Col4,偷拳,
296,ROI1,Col4,出版社：人民体育,
296,ROI1,Col4,改编：贺书昌赵玉昌,
296,ROI1,Col4,绘画：姜吉维等,
296,ROI1,Col4,83年10月1版1次64开,
296,ROI1,Col4,印数：160万定价：0.18元,
296,ROI1,Col4,市场交流价：,
296,ROI1,Col4,9品：10元（全三册）,
296,ROI1,Col4,10品：15元,
296,ROI2,Col1,火的战车,
296,ROI2,Col1,出版社：人民体育,
296,ROI2,Col1,改编：郑文侠,
296,ROI2,Col1,绘画：吴以达马果,
296,ROI2,Col1,84年11月1版1次64开,
296,ROI2,Col1,印数：12.3万定价：0.34元,
296,ROI2,Col1,市场交流价：,
296,ROI2,Col1,9品：20元,
296,ROI2,Col1,10品：40元,
296,ROI2,Col2,球星的悲剧,
296,ROI2,Col2,出版社：人民体育,
296,ROI2,Col2,编文：东霞,
296,ROI2,Col2,绘画：李锦德等,
296,ROI2,Col2,84年1月1版1次64开,
296,ROI2,Col2,印数：33万定价：0.17元,
296,ROI2,Col2,市场交流价：,
296,ROI2,Col2,9品：15元,
296,ROI2,Col2,10品：30元,
296,ROI2,Col3,神秘的星星(上下),
296,ROI2,Col3,出版社：中国文联,
296,ROI2,Col3,编文：埃尔热,
296,ROI2,Col3,绘画：埃尔热,
296,ROI2,Col3,84年12月1版1次64开,
296,ROI2,Col3,印数：未详定价：0.40元,
296,ROI2,Col3,市场交流价：,
296,ROI2,Col3,9品：15元,
296,ROI2,Col3,10品：25元,
296,ROI2,Col4,蓝莲花（上下）,
296,ROI2,Col4,出版社：中国文联,
296,ROI2,Col4,改编：埃尔热,
296,ROI2,Col4,绘画：埃尔热,
296,ROI2,Col4,84年12月1版1次64开,
296,ROI2,Col4,印数：未详定价：0.40元,
296,ROI2,Col4,市场交流价：,
296,ROI2,Col4,9品：50元,
296,ROI2,Col4,10品：80元,
297,ROI1,Col1,悲惨世界(二),
297,ROI1,Col1,出版社：浙江人民美术,
297,ROI1,Col1,改编：张定华陆和荪,
297,ROI1,Col1,绘画：张定华,
297,ROI1,Col1,81年2月1版1次64开,
297,ROI1,Col1,印数：80万定价：0.18元,
297,ROI1,Col1,市场交流价：,
297,ROI1,Col1,9品：8元,
297,ROI1,Col1,10品：20元,
297,ROI1,Col2,悲惨世界(三),
297,ROI1,Col2,出版社：浙江人民美术,
297,ROI1,Col2,改编：张定华陆和荪,
297,ROI1,Col2,绘画：张定华,
297,ROI1,Col2,82年6月1版1次64开,
297,ROI1,Col2,印数：2.6万定价：0.19元,
297,ROI1,Col2,市场交流价：,
297,ROI1,Col2,9品：20元,
297,ROI1,Col2,10品：40元,
297,ROI1,Col3,悲惨世界(四),
297,ROI1,Col3,出版社：浙江人民美术,
297,ROI1,Col3,改编：张定华陆和荪,
297,ROI1,Col3,绘画：张定华,
297,ROI1,Col3,83年3月1版1次64开,
297,ROI1,Col3,印数：7.8万定价：0.18元,
297,ROI1,Col3,市场交流价：,
297,ROI1,Col3,9品：20元,
297,ROI1,Col3,10品：50元,
297,ROI1,Col4,世界七大奇迹的故事,
297,ROI1,Col4,出版社：上海人民美术,
297,ROI1,Col4,编文：周元骏,
297,ROI1,Col4,绘画：罗兴罗平,
297,ROI1,Col4,82年1月1版1次64开,
297,ROI1,Col4,印数：1.05万 定价：0.15元,
297,ROI1,Col4,市场交流价：,
297,ROI1,Col4,9品：80元,
297,ROI1,Col4,10品：160元,
297,ROI2,Col1,华盛顿,
297,ROI2,Col1,出版社：上海人民美术,
297,ROI2,Col1,编文：余志森,
297,ROI2,Col1,绘画：贝家骧,
297,ROI2,Col1,84年6月1版1次64开,
297,ROI2,Col1,印数：15.5万定价：0.26元,
297,ROI2,Col1,市场交流价：,
297,ROI2,Col1,9品：5元,
297,ROI2,Col1,10品：10元,
297,ROI2,Col2,女英雄贞德,
297,ROI2,Col2,出版社：上海人民美术,
297,ROI2,Col2,改编：余志森 裘愉发,
297,ROI2,Col2,绘画：罗 兴,
297,ROI2,Col2,84年6月1版1次64开,
297,ROI2,Col2,印数：20.7万定价：0.24元,
297,ROI2,Col2,市场交流价：,
297,ROI2,Col2,9品：15元,
297,ROI2,Col2,10品：30元,
297,ROI2,Col3,拿破仑,
297,ROI2,Col3,出版社：上海人民美术,
297,ROI2,Col3,编文：李大发,
297,ROI2,Col3,绘画：徐福德,
297,ROI2,Col3,84年6月1版1次64开,
297,ROI2,Col3,印数：15.5万定价：0.30元,
297,ROI2,Col3,市场交流价：,
297,ROI2,Col3,9品：10元,
297,ROI2,Col3,10品：20元,
297,ROI2,Col4,巴尔扎克,
297,ROI2,Col4,出版社：上海人民美术,
297,ROI2,Col4,编文：吴炳伟,
297,ROI2,Col4,绘画：丁军,
297,ROI2,Col4,84年6月1版1次64开,
297,ROI2,Col4,印数：16.2万定价：0.20元,
297,ROI2,Col4,市场交流价：,
297,ROI2,Col4,9品：15元,
297,ROI2,Col4,10品：30元,
297,FOOTNOTE,,,《悲惨世界》浙美版，全套四册。第三、四分册少见。
297,FOOTNOTE,,,《世界历史故事》
297,FOOTNOTE,,,上美版
297,FOOTNOTE,,,共出版五种
297,FOOTNOTE,,,其中
297,FOOTNOTE,,,《世思七大奇迹的故事业
297,FOOTNOTE,,,口
297,FOOTNOTE,,,极小
298,ROI1,Col1,范滂,
298,ROI1,Col1,出版社：上海人民美术,
298,ROI1,Col1,编文：仓阳卿,
298,ROI1,Col1,绘画：卢辅声,
298,ROI1,Col1,82年10月1版1次64开,
298,ROI1,Col1,印数：21.5万 定价：0.13元,
298,ROI1,Col1,市场交流价：,
298,ROI1,Col1,9品：20元,
298,ROI1,Col1,10品：40元,
298,ROI1,Col2,赵充国,
298,ROI1,Col2,出版社：上海人民美术,
298,ROI1,Col2,编文：王释非,
298,ROI1,Col2,绘画：姚延林,
298,ROI1,Col2,83年3月1版1次60开,
298,ROI1,Col2,印数：16.5万定价：0.13元,
298,ROI1,Col2,市场交流价：,
298,ROI1,Col2,9品：10元,
298,ROI1,Col2,10品：20元,
298,ROI1,Col3,李固,
298,ROI1,Col3,出版社：上海人民美术,
298,ROI1,Col3,编文：李剑雄,
298,ROI1,Col3,绘画：瞿谷寒,
298,ROI1,Col3,83年5月1版1次64开,
298,ROI1,Col3,印数：14.5万定价：0.14元,
298,ROI1,Col3,市场交流价：,
298,ROI1,Col3,9品：10元,
298,ROI1,Col3,10品：20元,
298,ROI1,Col4,柳宗元,
298,ROI1,Col4,出版社：上海人民美术,
298,ROI1,Col4,编文：王水照,
298,ROI1,Col4,绘画：张纪平倪绍勇,
298,ROI1,Col4,84年3月1版1次64开,
298,ROI1,Col4,印数：8.8万定价：0.21元,
298,ROI1,Col4,市场交流价：,
298,ROI1,Col4,9品：20元,
298,ROI1,Col4,10品：40元,
298,ROI2,Col1,关汉卿,
298,ROI2,Col1,出版社：上海人民美术,
298,ROI2,Col1,编文：王国安,
298,ROI2,Col1,绘画：卢辅圣,
298,ROI2,Col1,84年1月1版1次64开,
298,ROI2,Col1,印数：7.5万定价：0.15元,
298,ROI2,Col1,市场交流价：,
298,ROI2,Col1,9品：25元,
298,ROI2,Col1,10品：50元,
298,ROI2,Col2,辛弃疾,
298,ROI2,Col2,出版社：上海人民美术,
298,ROI2,Col2,编文：俞沛铭,
298,ROI2,Col2,绘画：吴山明刘国辉,
298,ROI2,Col2,85年3月1版1次64开,
298,ROI2,Col2,印数：5.2万定价：0.26元,
298,ROI2,Col2,市场交流价：,
298,ROI2,Col2,9品：25元,
298,ROI2,Col2,10品：50元,
298,ROI2,Col3,苏武,
298,ROI2,Col3,出版社：上海人民美术,
298,ROI2,Col3,编文：陆士达,
298,ROI2,Col3,绘画：张新国,
298,ROI2,Col3,82年9月1版1次64开,
298,ROI2,Col3,印数：21万定价：0.13元,
298,ROI2,Col3,市场交流价：,
298,ROI2,Col3,9品：15元,
298,ROI2,Col3,10品：30元,
298,ROI2,Col4,市场交流价：,
298,ROI2,Col4,9品：30元（全套二册）,
298,ROI2,Col4,10品：50元,
298,ROI2,Col4,上美版“历史人物”封面没有文,
298,ROI2,Col4,字标识，但整体装桢设计统一，,
298,ROI2,Col4,使人一目了然。,
299,ROI1,Col1,宝玉瞒赃,
299,ROI1,Col1,0,
299,ROI1,Col1,出版社：上海人民美术,
299,ROI1,Col1,改编：徐哨,
299,ROI1,Col1,绘画：汪继声汪溪,
299,ROI1,Col1,82年12月1版1次64开,
299,ROI1,Col1,印数：43.5万定价：0.23元,
299,ROI1,Col1,市场交流价：,
299,ROI1,Col1,9品：10元,
299,ROI1,Col1,10品：20元,
299,ROI1,Col2,红楼二尤,
299,ROI1,Col2,出版社：上海人民美术,
299,ROI1,Col2,改编：黄奕加,
299,ROI1,Col2,绘画：项维仁,
299,ROI1,Col2,82年12月1版1次64开,
299,ROI1,Col2,印数：70万定价：0.33元,
299,ROI1,Col2,市场交流价：,
299,ROI1,Col2,9品：15元,
299,ROI1,Col2,10品：30元,
299,ROI1,Col3,巧姐避祸,
299,ROI1,Col3,出版社：上海人民美术,
299,ROI1,Col3,改编：潘勤孟,
299,ROI1,Col3,绘画：丁世弼,
299,ROI1,Col3,82年11月1版1次64开,
299,ROI1,Col3,印数：56万定价：0.21元,
299,ROI1,Col3,市场交流价：,
299,ROI1,Col3,9品：15元,
299,ROI1,Col3,10品：30元,
299,ROI1,Col4,宝玉出走,
299,ROI1,Col4,出版社：上海人民美术,
299,ROI1,Col4,改编：竺少华,
299,ROI1,Col4,绘画：丁世弼,
299,ROI1,Col4,82年9月1版1次64开,
299,ROI1,Col4,印数：60万定价：0.21元,
299,ROI1,Col4,市场交流价：,
299,ROI1,Col4,9品：15元,
299,ROI1,Col4,10品：30元,
299,ROI2,Col1,计赚蒋巡府,
299,ROI2,Col1,出版社：天津人民美术,
299,ROI2,Col1,编文：根毅,
299,ROI2,Col1,绘画：徐进,
299,ROI2,Col1,84年7月1版1次64开,
299,ROI2,Col1,印数：29.2万定价：0.17元,
299,ROI2,Col1,市场交流价：,
299,ROI2,Col1,9品：10元,
299,ROI2,Col1,10品：20元,
299,ROI2,Col2,丫小姐,
299,ROI2,Col2,出版社：天津人民美术,
299,ROI2,Col2,编文：根毅,
299,ROI2,Col2,绘画：童介眉,
299,ROI2,Col2,81年8月1版1次64开,
299,ROI2,Col2,印数：35.1万定价：0.12元,
299,ROI2,Col2,市场交流价：,
299,ROI2,Col2,9品：10元,
299,ROI2,Col2,10品：20元,
299,ROI2,Col3,比箭夺婚,
299,ROI2,Col3,再生缘之一,
299,ROI2,Col4,再生缘,
299,ROI2,Col4,出版社：中国文联,
299,ROI2,Col4,编文：许金国,
299,ROI2,Col4,绘画：苏西映,
299,ROI2,Col4,84年12月1版1次64开,
299,ROI2,Col4,印数：未详,
299,ROI2,Col4,市场交流价：,
299,ROI2,Col4,9品：100元 （全套十册）,
299,ROI2,Col4,10品：200元,
300,ROI1,Col1,夜闯九曲沙,
300,ROI1,Col1,出版社：广东人民,
300,ROI1,Col1,编文：余松岩,
300,ROI1,Col1,绘画：黄剑培黄国宏,
300,ROI1,Col1,75年7月1版1次60开,
300,ROI1,Col1,印数：未详定价：0.14元,
300,ROI1,Col1,市场交流价：,
300,ROI1,Col1,9品：30元,
300,ROI1,Col1,10品：50元,
300,ROI1,Col2,龙潭桥,
300,ROI1,Col2,出版社：广东人民,
300,ROI1,Col2,编文：郭华,
300,ROI1,Col2,绘画：余树泽,
300,ROI1,Col2,76年3月1版1次60开,
300,ROI1,Col2,印数：未详定价：0.11元,
300,ROI1,Col2,市场交流价：,
300,ROI1,Col2,9品：25元,
300,ROI1,Col2,10品：40元,
300,ROI1,Col3,三斗地头蛇,
300,ROI1,Col3,出版社：广东人民,
300,ROI1,Col3,编文：集体,
300,ROI1,Col3,绘画：集体,
300,ROI1,Col3,76年6月1版1次60开,
300,ROI1,Col3,印数：未详定价：0.12元,
300,ROI1,Col3,市场交流价：,
300,ROI1,Col3,9品：20元,
300,ROI1,Col3,10品：40元,
300,ROI1,Col4,虎口歼敌,
300,ROI1,Col4,出版社：广东人民,
300,ROI1,Col4,编文：吴就同,
300,ROI1,Col4,绘画：黄家恒,
300,ROI1,Col4,76年6月1版1次60开,
300,ROI1,Col4,印数：未详定价：0.10元,
300,ROI1,Col4,市场交流价：,
300,ROI1,Col4,9品：25元,
300,ROI1,Col4,10品：45元,
300,ROI2,Col1,电闪雷鸣,
300,ROI2,Col1,出版社：广东人民,
300,ROI2,Col1,编文：杨光伟,
300,ROI2,Col1,绘画：梁祥华尘,
300,ROI2,Col1,76年3月1版1次60开,
300,ROI2,Col1,印数：未详定价：0.12元,
300,ROI2,Col1,市场交流价：,
300,ROI2,Col1,9品：25元,
300,ROI2,Col1,10品：50元,
300,ROI2,Col2,南海歼匪,
300,ROI2,Col2,出版社：广东人民,
300,ROI2,Col2,编文：杨光伟,
300,ROI2,Col2,绘画：梁祥华尘,
300,ROI2,Col2,76年3月1版1次60开,
300,ROI2,Col2,印数：未详定价：0.12元,
300,ROI2,Col2,市场交流价：,
300,ROI2,Col2,9品：20元,
300,ROI2,Col2,10品：40元,
300,ROI2,Col3,堡垒户,
300,ROI2,Col3,出版社：广东人民,
300,ROI2,Col3,编文：龙奇,
300,ROI2,Col3,绘画：苏家杰等,
300,ROI2,Col3,75年12月1版1次60开,
300,ROI2,Col3,印数：未详定价：0.15元,
300,ROI2,Col3,市场交流价：,
300,ROI2,Col3,9品：20元,
300,ROI2,Col3,10品：40元,
300,ROI2,Col4,智袭敌据点,
300,ROI2,Col4,出版社：广东人民,
300,ROI2,Col4,编文：胡杨,
300,ROI2,Col4,绘画：集体,
300,ROI2,Col4,77年7月1版1次60开,
300,ROI2,Col4,印数：未详定价：0.10元,
300,ROI2,Col4,市场交流价：,
300,ROI2,Col4,9品：20元,
300,ROI2,Col4,10品：40元,
301,ROI1,Col1,狮峰湾,
301,ROI1,Col1,出版社：广东人民,
301,ROI1,Col1,编文：舒国文符丙钦,
301,ROI1,Col1,绘画：蔡心朱国治,
301,ROI1,Col1,75年5月1版1次60开,
301,ROI1,Col1,印数：未详定价：0.13元,
301,ROI1,Col1,市场交流价：,
301,ROI1,Col1,9品：25元,
301,ROI1,Col1,10品：50元,
301,ROI1,Col2,铁道勇士,
301,ROI1,Col2,出版社：广东人民,
301,ROI1,Col2,编文：文政,
301,ROI1,Col2,绘画：黄穗中,
301,ROI1,Col2,76年10月1版1次60开,
301,ROI1,Col2,印数：未详定价：0.13元,
301,ROI1,Col2,市场交流价：,
301,ROI1,Col2,9品：25元,
301,ROI1,Col2,10品：50元,
301,ROI1,Col3,牛市的战斗,
301,ROI1,Col3,出版社：广东人民,
301,ROI1,Col3,编文：奋永,
301,ROI1,Col3,绘画：李昌柏,
301,ROI1,Col3,76年6月1版1次60开,
301,ROI1,Col3,印数：未详定价：0.11元,
301,ROI1,Col3,市场交流价：,
301,ROI1,Col3,9品：30元,
301,ROI1,Col3,10品：60元,
301,ROI1,Col4,接电台,
301,ROI1,Col4,出版社：广东人民,
301,ROI1,Col4,编文：振华罗秋,
301,ROI1,Col4,绘画：区焕礼吴奕正,
301,ROI1,Col4,77年8月1版1次60开,
301,ROI1,Col4,印数：未详定价：0.15元,
301,ROI1,Col4,市场交流价：,
301,ROI1,Col4,9品：20元,
301,ROI1,Col4,10品：40元,
301,ROI2,Col1,农军初战,
301,ROI2,Col1,出版社：广东人民,
301,ROI2,Col1,编文：周详,
301,ROI2,Col1,绘画：郝学军,
301,ROI2,Col1,78年11月1版1次64开,
301,ROI2,Col1,印数：未详定价：0.09元,
301,ROI2,Col1,市场交流价：,
301,ROI2,Col1,9品：25元,
301,ROI2,Col1,10品：50元,
301,ROI2,Col2,虎穴锄奸,
301,ROI2,Col2,出版社：广东人民,
301,ROI2,Col2,编文：黄甘牛,
301,ROI2,Col2,绘画：沈军等,
301,ROI2,Col2,78年9月1版1次64开,
301,ROI2,Col2,印数：未详定价：0.08元,
301,ROI2,Col2,市场交流价：,
301,ROI2,Col2,9品：20元,
301,ROI2,Col2,10品：40元,
301,ROI2,Col3,打狗岭,
301,ROI2,Col3,出版社：广东人民,
301,ROI2,Col3,编文：江育光,
301,ROI2,Col3,绘画：韦智仁,
301,ROI2,Col3,75年5月1版1次60开,
301,ROI2,Col3,印数：未详定价：0.15元,
301,ROI2,Col3,市场交流价：,
301,ROI2,Col3,9品：25元,
301,ROI2,Col3,10品：50元,
301,ROI2,Col4,龙舟战鼓,
301,ROI2,Col4,出版社：广东人民,
301,ROI2,Col4,改编：祁炎培卢炽成,
301,ROI2,Col4,绘画：司徒勤参等,
301,ROI2,Col4,76年6月1版1次60开,
301,ROI2,Col4,印数：未详定价：0.11元,
301,ROI2,Col4,市场交流价：,
301,ROI2,Col4,9品：30元,
301,ROI2,Col4,10品：60元,
